NDIME= 2
NELEM= 11689
9 3250 3251 1675 3252 0
9 3250 1493 3253 3251 1
9 3251 3253 875 3254 2
9 3255 3256 1667 3257 3
9 1586 3258 3259 3260 4
9 3261 3262 1465 3263 5
9 3264 3265 1591 3266 6
9 3269 3267 1569 3268 7
9 1050 3270 3271 3272 8
9 3273 3266 1591 3274 9
9 3268 3275 587 3276 10
9 3269 3268 3276 2609 11
9 1489 3277 3278 3279 12
9 1379 3280 3281 3282 13
9 481 3283 3282 3284 14
9 3285 3286 1876 3287 15
9 3290 3288 1458 3289 16
9 3291 3292 1312 3293 17
9 3294 3295 1446 3296 18
9 3297 3298 1469 3289 19
9 467 3299 3300 3301 20
9 1358 3302 3303 3304 21
9 3305 3306 2124 3307 22
9 3305 3307 3308 1244 23
9 1499 3309 3310 3311 24
9 1205 3312 3313 3314 25
9 799 3315 3316 3317 26
9 665 3320 3321 3322 27
9 3323 3324 1837 3325 28
9 3326 3327 2232 3328 29
9 3320 1369 3329 3321 30
9 3321 3329 725 3330 31
9 3322 3321 3330 1372 32
9 618 3331 3332 3333 33
9 3334 3335 1771 3336 34
9 3337 3338 2909 3339 35
9 1292 3340 3341 3342 36
9 3345 3343 1236 3344 37
9 3346 3347 1563 3348 38
9 3349 5402 2606 3350 39
9 3351 3352 2087 3353 40
9 767 3354 3355 3356 41
9 3354 1392 3357 3355 42
9 3355 3357 852 3358 43
9 3356 3355 3358 1742 44
9 737 3359 3360 3361 45
9 511 3362 3363 3364 46
9 3367 3365 644 3366 47
9 3368 3369 1598 3370 48
9 3373 3371 433 3372 49
9 721 3374 3370 3375 50
9 3359 1291 3293 3360 51
9 3360 3293 1312 3376 52
9 3361 3360 3376 3084 53
9 3377 3378 1470 3379 54
9 1566 3380 3381 3382 55
9 3383 3384 1628 3385 56
9 3388 3386 1163 3387 57
9 3309 714 3389 3310 58
9 3310 3389 1649 3390 59
9 3311 3310 3390 1957 60
9 3393 3391 1455 3392 61
9 3392 3394 879 3395 62
9 3393 3392 3395 1730 63
9 3396 3397 1873 3398 64
9 3399 3400 2728 3401 65
9 3404 3402 688 3403 66
9 3407 3405 1576 3406 67
9 3408 3409 1707 3410 68
9 3413 3411 426 3412 69
9 3415 3364 1962 3414 70
9 1162 3416 3417 3418 71
9 3419 3420 1850 3421 72
9 3422 3423 2595 3424 73
9 3425 3426 1531 3427 74
9 3428 3429 1953 3430 75
9 1582 3431 3432 3433 76
9 3434 3435 1424 3436 77
9 1315 3437 3438 3439 78
9 3258 3440 1066 3441 79
9 3259 3258 3441 2434 80
9 3444 3442 1153 3443 81
9 3400 3399 3446 745 82
9 3401 1076 3445 3399 83
9 3399 3445 1963 3446 84
9 3447 3448 1876 3286 85
9 3451 3449 517 3450 86
9 3452 3453 1394 3454 87
9 3457 3455 1274 3456 88
9 3458 3459 1757 3456 89
9 3460 3461 1687 3462 90
9 3465 3463 984 3464 91
9 3466 3467 1334 3468 92
9 3469 1830 2909 3338 93
9 3472 3470 1492 3471 94
9 739 3473 3433 3474 95
9 3475 3476 1409 3477 96
9 3480 3478 488 3479 97
9 3347 3346 3482 695 98
9 3348 4247 3481 3346 99
9 3346 3481 2488 3482 100
9 1224 3483 3484 3485 101
9 3486 3487 2411 3488 102
9 3489 3490 2871 3491 103
9 728 3492 3480 3493 104
9 3478 3480 3492 1352 105
9 3479 1414 3493 3480 106
9 3494 3485 1536 3495 107
9 1359 3496 3497 3498 108
9 3499 3500 1473 3501 109
9 3502 3503 1338 3504 110
9 3507 3505 487 3506 111
9 3509 3508 1359 3498 112
9 3497 1362 3509 3498 113
9 3510 3511 2402 3512 114
9 3513 3514 1729 3515 115
9 3517 3371 1084 3516 116
9 3520 3518 1329 3519 117
9 677 3521 3522 3523 118
9 718 3524 3525 3526 119
9 3527 3528 3012 3529 120
9 3530 3531 3035 3532 121
9 3533 3534 1457 3535 122
9 1454 3536 3537 3538 123
9 3541 3539 996 3540 124
9 3542 3543 2232 3327 125
9 3546 3544 631 3545 126
9 1660 3547 3548 3549 127
9 3550 3551 1511 3552 128
9 3553 3554 1511 3551 129
9 3555 3556 2952 3557 130
9 3558 3559 1449 3560 131
9 3563 3561 903 3562 132
9 3564 3549 2451 3565 133
9 461 3566 3567 3568 134
9 1167 3569 3570 3571 135
9 1283 3430 3572 3573 136
9 513 3574 3571 3575 137
9 3570 2413 3575 3571 138
9 3576 3405 2403 3577 139
9 3580 3578 608 3579 140
9 3583 3581 1132 3582 141
9 348 349 3472 3584 142
9 3470 3472 349 350 143
9 3471 1918 3584 3472 144
9 3333 3332 3586 1898 145
9 3331 1375 3585 3332 146
9 3332 3585 2780 3586 147
9 3589 3587 445 3588 148
9 3561 3563 3591 1445 149
9 3562 2118 3590 3563 150
9 3563 3590 2841 3591 151
9 3592 3593 2507 3594 152
9 3536 2342 3595 3537 153
9 3537 3595 1031 3596 154
9 3538 3537 3596 3212 155
9 1444 3597 3598 3599 156
9 3600 3601 1868 3602 157
9 630 3603 3604 3605 158
9 3604 3606 1058 3607 159
9 3605 3604 3607 2309 160
9 3609 3608 1126 3602 161
9 1558 3610 3388 3611 162
9 3386 3388 3610 749 163
9 3387 3202 3611 3388 164
9 1197 3612 3613 3614 165
9 3617 3615 1472 3616 166
9 3618 3619 2871 3490 167
9 675 3620 3621 3531 168
9 3622 3623 2336 3624 169
9 1247 3625 3626 3556 170
9 1203 3627 3628 3629 171
9 3632 3630 1360 3631 172
9 3633 3634 2547 3588 173
9 3637 3635 1717 3636 174
9 3638 3257 1667 3639 175
9 3477 1201 3640 3475 176
9 3475 3640 2675 3641 177
9 3559 3558 3643 452 178
9 3560 1183 3642 3558 179
9 3558 3642 2554 3643 180
9 3646 3644 483 3645 181
9 816 3647 3648 3649 182
9 3645 3650 1559 3651 183
9 3646 3645 3651 1996 184
9 1310 3652 3653 3654 185
9 1349 3655 3656 3657 186
9 3658 3659 2035 3660 187
9 3468 646 3661 3466 188
9 3466 3661 3121 3662 189
9 3663 3664 2107 3665 190
9 3666 3667 2488 3481 191
9 3668 3669 2183 3670 192
9 1504 3671 3672 3673 193
9 3449 3451 3675 1410 194
9 3451 3674 2401 3675 195
9 3257 3638 3677 1104 196
9 3639 453 3676 3638 197
9 3638 3676 1681 3677 198
9 3679 3384 758 3678 199
9 3680 3681 2391 3682 200
9 3551 3550 3684 1289 201
9 3552 728 3683 3550 202
9 3550 3683 3116 3684 203
9 3686 3411 1116 3685 204
9 3543 3542 3688 1232 205
9 3327 615 3687 3542 206
9 3542 3687 2840 3688 207
9 3556 3555 3690 1247 208
9 3557 775 3689 3555 209
9 3555 3689 2919 3690 210
9 3693 3691 653 3692 211
9 644 3365 3694 3695 212
9 1193 3696 3697 3698 213
9 800 3699 3700 3701 214
9 3700 3702 394 3703 215
9 3701 3700 3703 1769 216
9 3704 3705 1506 3706 217
9 3709 3707 456 3708 218
9 3599 3598 3710 1693 219
9 3710 3598 767 3356 220
9 3713 3711 729 3712 221
9 3716 3714 1290 3715 222
9 3717 3718 1590 3719 223
9 1767 3720 3424 3721 224
9 3422 3424 3720 1204 225
9 3722 3723 2845 3724 226
9 1173 3524 3725 3726 227
9 3728 3377 1131 3727 228
9 3729 3719 1590 3730 229
9 608 3731 3732 3733 230
9 3734 3735 1930 3736 231
9 3350 1101 3737 3349 232
9 3349 3737 1826 3738 233
9 3370 3374 3612 1197 234
9 3374 3739 1741 3612 235
9 3724 1301 3740 3722 236
9 3722 3740 407 3741 237
9 3744 3742 1038 3743 238
9 3416 717 3745 3417 239
9 3417 3745 1181 3746 240
9 3627 671 3747 3628 241
9 3628 3747 1231 3748 242
9 3629 3628 3748 2741 243
9 3751 3749 471 3750 244
9 3752 3753 2569 3754 245
9 1599 3755 3756 3757 246
9 1034 3758 3751 3759 247
9 3749 3751 3758 1446 248
9 3750 2208 3759 3751 249
9 531 3760 3761 3762 250
9 3763 3764 1997 3380 251
9 3765 3766 2342 3536 252
9 3760 1348 3767 3761 253
9 3761 3767 894 3768 254
9 3762 3761 3768 1957 255
9 3770 3655 1349 3769 256
9 3714 3716 3772 661 257
9 3715 2101 3771 3716 258
9 3716 3771 2620 3772 259
9 3528 3527 3774 586 260
9 3529 1109 3773 3527 261
9 3527 3773 2017 3774 262
9 3775 3478 1352 3769 263
9 3777 355 356 3776 264
9 968 3778 3779 3780 265
9 3781 3782 1374 3783 266
9 2858 3784 3785 3786 267
9 1230 3787 3788 3789 268
9 1168 3790 3791 3792 269
9 3778 1587 3793 3779 270
9 3779 3793 668 3794 271
9 3780 3779 3794 1630 272
9 3795 3792 1923 3796 273
9 644 3695 3797 3798 274
9 2443 3799 3800 3801 275
9 3804 3802 1507 3803 276
9 3666 573 3805 3667 277
9 3805 3806 2488 3667 278
9 3807 3808 2522 3809 279
9 3810 3811 1390 3812 280
9 3267 3813 722 3814 281
9 3815 3816 1808 3817 282
9 3818 3819 1853 3820 283
9 3819 3818 3737 1101 284
9 3820 730 3821 3818 285
9 3818 3821 1826 3737 286
9 1917 3822 3804 3823 287
9 3802 3804 3822 418 288
9 3803 2296 3823 3804 289
9 472 3824 3825 3826 290
9 3335 3334 3819 1101 291
9 3336 553 3827 3334 292
9 3334 3827 1853 3819 293
9 591 3828 3829 3830 294
9 3695 1513 3831 3797 295
9 3797 3831 1042 3832 296
9 3798 3797 3832 2171 297
9 3655 693 3833 3656 298
9 3656 3833 1527 3834 299
9 3657 3656 3834 2288 300
9 1526 3835 3836 3837 301
9 1354 3838 3839 3840 302
9 3652 63 64 3653 303
9 3653 64 65 3841 304
9 3654 3653 3841 2350 305
9 536 3842 3840 3843 306
9 3839 2287 3843 3840 307
9 3844 3439 1376 3845 308
9 3846 3847 1592 3848 309
9 540 3849 3465 3850 310
9 3463 3465 3849 1617 311
9 3464 2070 3850 3465 312
9 3851 3852 1434 3344 313
9 3853 3854 2056 3855 314
9 779 3856 3848 3857 315
9 3858 3859 1654 3860 316
9 1435 3861 3862 3863 317
9 519 3864 3865 3866 318
9 1135 3867 3863 3868 319
9 3862 2563 3868 3863 320
9 3681 3680 3870 1108 321
9 3682 775 3869 3680 322
9 3680 3869 2334 3870 323
9 3602 1126 3871 3600 324
9 3600 3871 1928 3872 325
9 3256 3255 3874 658 326
9 3257 1104 3873 3255 327
9 3255 3873 2397 3874 328
9 3875 3568 2703 3876 329
9 458 3877 3878 3879 330
9 3881 5 6 3880 331
9 382 383 3881 3882 332
9 5 3881 383 0 333
9 3880 1860 3882 3881 334
9 286 287 3883 3884 335
9 3885 3886 2499 3887 336
9 602 3888 3889 3890 337
9 3891 3892 2513 3893 338
9 3896 3894 1207 3895 339
9 3899 3897 1155 3898 340
9 3902 3900 1072 3901 341
9 1846 3903 3520 3904 342
9 3518 3520 3903 787 343
9 3519 2035 3904 3520 344
9 3905 3906 1426 3907 345
9 1029 3908 3580 3909 346
9 3579 2568 3909 3580 347
9 156 157 3910 3911 348
9 3784 1193 3698 3785 349
9 3785 3698 1467 3912 350
9 3786 3785 3912 2983 351
9 1504 3673 3913 3914 352
9 3916 230 231 3915 353
9 3919 3917 1010 3918 354
9 3921 3511 662 3920 355
9 3924 3922 1336 3923 356
9 3925 3926 1562 3927 357
9 1304 3928 3929 3930 358
9 3926 3931 681 3932 359
9 3799 430 3933 3800 360
9 3933 3934 2617 3800 361
9 3816 3815 3936 1140 362
9 3817 559 3935 3815 363
9 3815 3935 2987 3936 364
9 3900 3902 3937 1816 365
9 3937 3902 1921 3938 366
9 572 3939 3940 3941 367
9 1285 3942 3943 3940 368
9 3941 3940 3943 2020 369
9 3946 3944 1262 3945 370
9 3692 3948 1371 3949 371
9 3693 3692 3949 1629 372
9 3950 3951 2257 3952 373
9 3853 3855 3954 506 374
9 3855 3953 2399 3954 375
9 475 3696 3955 3956 376
9 1280 3957 3958 3959 377
9 3961 3409 857 3960 378
9 1195 3962 3963 3964 379
9 1111 3888 3965 1822 380
9 3966 3742 1930 3967 381
9 3363 3362 3969 1448 382
9 3969 3362 511 3968 383
9 3970 3971 2090 3972 384
9 3975 3973 1213 3974 385
9 3978 3976 478 3977 386
9 3981 3979 421 3980 387
9 852 3982 3969 3358 388
9 3968 1742 3358 3969 389
9 1194 3983 3984 3985 390
9 3988 3986 1188 3987 391
9 3990 3989 1246 3491 392
9 3992 3509 1362 3991 393
9 3993 3994 2225 3995 394
9 3996 3997 1479 3991 395
9 3998 3999 1510 4000 396
9 823 4001 3279 4002 397
9 3278 1790 4002 3279 398
9 4005 4003 388 4004 399
9 4006 4007 2386 4008 400
9 4009 4010 2781 4011 401
9 3459 3458 4013 486 402
9 3456 1274 4012 3458 403
9 3458 4012 3015 4013 404
9 4006 1178 4014 4007 405
9 4014 4015 2386 4007 406
9 4018 4016 1305 4017 407
9 1140 3318 4019 4020 408
9 3319 390 4019 3318 409
9 1403 4021 4022 4023 410
9 4024 4025 2167 4026 411
9 4027 4028 1474 4029 412
9 1208 4030 4031 4032 413
9 3302 340 341 3303 414
9 3303 341 342 4033 415
9 3304 3303 4033 1585 416
9 1210 4034 4035 4036 417
9 3658 1550 4037 3659 418
9 3659 4037 537 4038 419
9 3343 3345 4040 594 420
9 3344 1434 4039 3345 421
9 3345 4039 3067 4040 422
9 3420 3419 4042 1182 423
9 3419 4041 1588 4042 424
9 1540 4043 4044 4045 425
9 3810 3812 3753 1278 426
9 3812 4046 2569 3753 427
9 4047 4048 2274 4049 428
9 4050 4042 1588 4051 429
9 4047 4049 4053 713 430
9 4049 4052 3122 4053 431
9 4054 3454 1394 4055 432
9 3419 688 3858 4041 433
9 3860 1170 4056 3858 434
9 3858 4056 1588 4041 435
9 4057 4058 1844 3647 436
9 4059 4060 2158 4061 437
9 3864 1524 4062 3865 438
9 3865 4062 1071 4063 439
9 3866 3865 4063 2278 440
9 4064 4065 1680 4066 441
9 1215 4067 4068 4069 442
9 4071 4072 2072 4073 443
9 4074 3649 1961 4075 444
9 3342 3341 4077 1806 445
9 3340 435 4076 3341 446
9 3341 4076 2506 4077 447
9 4078 4079 1827 4080 448
9 4081 4082 2890 4083 449
9 4084 4085 1839 4086 450
9 4087 4086 1839 4088 451
9 4042 4050 4090 1182 452
9 4051 502 4089 4050 453
9 4050 4089 2446 4090 454
9 1239 4091 4092 3262 455
9 4095 4093 387 4094 456
9 4096 4097 2087 3352 457
9 519 3866 4098 4082 458
9 1206 4099 3583 4100 459
9 3581 3583 4099 595 460
9 3582 2463 4100 3583 461
9 1211 4101 4102 4103 462
9 2434 4104 4105 3259 463
9 3260 3259 4105 2866 464
9 3486 3488 4107 1216 465
9 3488 4106 3186 4107 466
9 1574 4108 3539 4573 467
9 3270 1840 4109 3271 468
9 3271 4109 429 4110 469
9 3272 3271 4110 2358 470
9 4111 4112 1572 4113 471
9 1011 4114 3594 4115 472
9 3592 3594 4114 1762 473
9 4116 4117 1945 4118 474
9 4121 4119 957 4120 475
9 748 4122 4123 4124 476
9 4126 4125 1481 4118 477
9 411 4127 4121 4128 478
9 4119 4121 4127 1659 479
9 4131 4129 1124 4130 480
9 614 4132 4131 4133 481
9 4129 4131 4132 1737 482
9 4130 2064 4133 4131 483
9 4134 4135 2993 4136 484
9 723 4137 4138 4139 485
9 4140 4141 2671 4142 486
9 4145 4143 917 4144 487
9 4146 4147 1601 4148 488
9 4150 4149 1331 4055 489
9 1313 4151 3826 4152 490
9 3825 2143 4152 3826 491
9 4153 4154 1647 4155 492
9 4156 4157 1774 4158 493
9 607 4159 4018 4160 494
9 4016 4018 4159 1760 495
9 4017 3207 4160 4018 496
9 4161 4162 1774 4157 497
9 3308 4163 2361 4164 498
9 4167 4165 1040 4166 499
9 4060 4059 4169 1119 500
9 4169 4059 716 4168 501
9 3423 3422 4170 657 502
9 4170 3422 1204 3427 503
9 416 4171 4167 4172 504
9 4165 4167 4171 1606 505
9 4166 2048 4172 4167 506
9 4173 4174 3021 4175 507
9 4178 4176 1425 4177 508
9 176 177 4024 4179 509
9 4025 4024 177 178 510
9 4026 1418 4179 4024 511
9 4180 4181 2318 4182 512
9 4183 4184 2318 4181 513
9 1126 3608 4185 4186 514
9 4189 4187 1745 4188 515
9 23 24 3990 4190 516
9 3989 3990 24 25 517
9 3491 2871 4190 3990 518
9 4028 4027 3748 1231 519
9 4029 612 4191 4027 520
9 4027 4191 2741 3748 521
9 1163 3386 4192 4193 522
9 3501 1158 4194 3499 523
9 3499 4194 2294 4195 524
9 4196 4187 2075 4197 525
9 4198 4199 1727 4200 526
9 4201 4202 1955 4203 527
9 4204 4203 1955 4205 528
9 3878 4206 1156 4207 529
9 3879 3878 4207 2492 530
9 396 4136 4208 4209 531
9 1208 4210 4211 5538 532
9 4212 4213 2787 4214 533
9 4215 3670 2183 4216 534
9 4217 4218 3215 4219 535
9 4220 4221 2382 4222 536
9 3792 3795 4223 1168 537
9 3796 594 3809 3795 538
9 3795 3809 2522 4223 539
9 573 3666 4224 4225 540
9 3481 4247 4224 3666 541
9 189 190 4178 4226 542
9 4176 4178 190 191 543
9 4177 2426 4226 4178 544
9 3983 601 4227 3984 545
9 3984 4227 1212 4228 546
9 1546 4229 4005 4230 547
9 4003 4005 4229 1269 548
9 4004 3062 4230 4005 549
9 1256 4231 4232 4233 550
9 2134 4234 3952 4235 551
9 1234 3398 4237 4238 552
9 4239 3635 2032 4240 553
9 3957 259 260 3958 554
9 3958 260 261 4241 555
9 3959 3958 4241 2649 556
9 364 365 4242 3998 557
9 3999 3998 4242 1299 558
9 4243 4244 2242 4245 559
9 3348 4246 2700 4247 560
9 4248 3782 1307 4095 561
9 4094 2913 4248 4095 562
9 4249 4011 2781 4250 563
9 3438 3437 4251 512 564
9 3437 11293 3175 4251 565
9 560 4252 3919 4253 566
9 3917 3919 4252 1832 567
9 3918 1999 4253 3919 568
9 4254 4255 2093 4256 569
9 4258 4006 450 4257 570
9 4259 4260 2867 4261 571
9 4259 1296 4262 4260 572
9 4262 4263 2867 4260 573
9 4214 1365 4264 4212 574
9 4264 4265 2702 4212 575
9 1347 4145 4266 4267 576
9 3262 3261 4269 1239 577
9 3261 4268 2790 4269 578
9 4271 4270 2893 4219 579
9 820 4272 3709 4273 580
9 3707 3709 4272 1567 581
9 3708 1629 4273 3709 582
9 717 3416 4274 4275 583
9 3806 3805 4277 1186 584
9 4277 3805 573 4276 585
9 4279 4278 1186 4277 586
9 4276 2394 4279 4277 587
9 4011 4249 4281 1125 588
9 4250 569 4280 4249 589
9 4249 4280 2333 4281 590
9 884 4282 4283 4284 591
9 4285 4286 1572 4112 592
9 4287 4288 1955 4289 593
9 4290 4291 2137 4292 594
9 4294 3581 595 4293 595
9 423 4295 4296 4297 596
9 1354 4298 4299 4300 597
9 4301 4302 2931 4303 598
9 4306 4304 558 4305 599
9 4073 571 4307 4071 600
9 4071 4307 2165 4308 601
9 1295 3502 4309 4310 602
9 4311 4312 2195 4313 603
9 3325 899 4314 3323 604
9 3323 4314 1326 4315 605
9 3324 3323 4315 1818 606
9 4101 4316 1556 4317 607
9 478 4318 4319 3977 608
9 4320 4310 1768 4321 609
9 4324 4322 527 4323 610
9 4327 4325 1859 4326 611
9 776 4328 4324 4329 612
9 4322 4324 4328 1235 613
9 4323 1811 4329 4324 614
9 4330 4331 2010 4332 615
9 368 369 4333 4334 616
9 3327 3326 4336 615 617
9 3328 1184 4335 3326 618
9 3326 4335 2723 4336 619
9 4339 4337 1222 4338 620
9 3837 3836 4341 1717 621
9 3836 4340 2589 4341 622
9 1472 4342 4343 3616 623
9 811 4344 4345 4346 624
9 581 4347 4348 4349 625
9 3809 594 4040 3807 626
9 3807 4040 3067 4350 627
9 4254 384 4351 4255 628
9 4255 4351 1333 4352 629
9 3620 1290 3714 3621 630
9 3621 3714 661 4353 631
9 3531 3621 4353 3035 632
9 4347 1445 4354 4348 633
9 4354 4355 1636 4348 634
9 4356 3410 1707 4357 635
9 652 4358 4359 4360 636
9 4363 4361 863 4362 637
9 4364 4365 2913 4094 638
9 612 4366 4363 4367 639
9 4362 2016 4367 4363 640
9 4368 4369 2913 4365 641
9 4370 4371 1412 3631 642
9 903 4372 4373 3562 643
9 4374 4375 1975 4376 644
9 3840 3842 4298 1354 645
9 4174 4173 4378 1201 646
9 4175 1817 4377 4173 647
9 4173 4377 2039 4378 648
9 3612 1741 4379 3613 649
9 3613 4379 546 4380 650
9 3614 3613 4380 1950 651
9 4383 4381 1189 4382 652
9 4384 4385 2110 4386 653
9 4389 4387 858 4388 654
9 1290 3620 4390 4391 655
9 4393 4392 1182 4090 656
9 4396 4394 826 4395 657
9 4397 4398 3102 4399 658
9 4400 4401 2104 4402 659
9 3410 4356 4207 1156 660
9 4357 840 4403 4356 661
9 4356 4403 2492 4207 662
9 4404 4405 1833 4406 663
9 4407 4408 1646 4409 664
9 4410 4411 1750 4412 665
9 1149 4410 4413 4414 666
9 4412 563 4413 4410 667
9 4387 4389 4416 1636 668
9 4388 2130 4415 4389 669
9 4389 4415 3013 4416 670
9 4407 4409 4417 1553 671
9 4417 4409 1646 4418 672
9 4419 4420 2269 4421 673
9 4154 4153 4423 1152 674
9 4155 639 4422 4153 675
9 4153 4422 2140 4423 676
9 4424 4425 2254 4426 677
9 588 4427 4428 4429 678
9 4430 4431 2032 4432 679
9 1188 4433 4434 3987 680
9 124 125 3924 4435 681
9 3922 3924 125 126 682
9 3923 2177 4435 3924 683
9 4434 4433 4437 705 684
9 4437 4433 1188 4436 685
9 786 4438 4439 4440 686
9 4384 1483 4441 4385 687
9 4385 4441 2655 4442 688
9 4427 1262 3944 4428 689
9 4428 3944 851 4443 690
9 4429 4428 4443 2085 691
9 3409 3408 4445 857 692
9 3410 1156 4444 3408 693
9 3408 4444 2194 4445 694
9 793 3790 4446 4447 695
9 4450 4448 549 4449 696
9 4453 4451 1421 4452 697
9 3348 1563 4454 4246 698
9 4246 4454 426 4455 699
9 4406 1135 3868 4404 700
9 4404 3868 2563 4456 701
9 3265 3264 4458 443 702
9 3266 1164 4457 3264 703
9 3264 4457 2216 4458 704
9 4459 4460 7592 4461 705
9 2683 4462 4463 4464 706
9 4462 1061 4465 4463 707
9 4465 4466 2862 4463 708
9 3266 3273 4468 1164 709
9 3274 706 4467 3273 710
9 3273 4467 1783 4468 711
9 4471 4469 1715 4470 712
9 4472 4473 1706 4474 713
9 536 4475 4476 3842 714
9 4298 3842 4476 2013 715
9 4477 4478 2395 4479 716
9 3338 3337 4481 756 717
9 3339 1138 4480 3337 718
9 3337 4480 1969 4481 719
9 157 158 4482 3910 720
9 3910 4482 2264 4483 721
9 1138 4137 4484 4375 722
9 4487 4485 2429 4486 723
9 4375 4374 4480 1138 724
9 4374 4488 1969 4480 725
9 453 3639 4489 4490 726
9 4492 3544 1209 4491 727
9 4493 4152 2143 4494 728
9 4495 4474 1706 4496 729
9 3570 3569 4498 912 730
9 3569 4497 2209 4498 731
9 4499 4500 1538 4501 732
9 4141 4140 4502 458 733
9 4142 1149 4402 4140 734
9 4140 4402 2104 4502 735
9 4453 4452 4504 2066 736
9 4504 4452 1421 4503 737
9 4505 4506 2749 4507 738
9 4509 4199 861 4508 739
9 1818 4510 4511 3324 740
9 4512 4513 1805 4514 741
9 4515 4516 2012 4517 742
9 4518 3757 2771 4519 743
9 810 4520 4521 4522 744
9 4523 4524 1952 4525 745
9 3562 4373 4527 2118 746
9 4372 1543 4526 4373 747
9 4373 4526 2778 4527 748
9 4528 4399 3102 4529 749
9 1304 4530 4531 4532 750
9 3295 3294 4534 757 751
9 3296 1143 4533 3294 752
9 3294 4533 2378 4534 753
9 4291 4290 3506 487 754
9 4292 1360 4535 4290 755
9 4290 4535 1529 3506 756
9 1360 3630 4536 4535 757
9 4537 4538 2020 3943 758
9 469 3972 4539 4540 759
9 3419 3421 3403 688 760
9 1054 4541 3407 4542 761
9 3405 3407 4541 2403 762
9 3406 2950 4542 3407 763
9 4543 4544 1952 4524 764
9 4516 4515 4546 865 765
9 4517 1157 4545 4515 766
9 4515 4545 2128 4546 767
9 587 4547 4396 4548 768
9 4395 1951 4548 4396 769
9 1355 3521 4549 4550 770
9 4289 1165 4551 4287 771
9 4287 4551 1764 4552 772
9 4553 3784 2858 4554 773
9 4555 4556 3066 4557 774
9 4560 4558 797 4559 775
9 4136 2993 4561 4208 776
9 4208 4561 1271 4562 777
9 4209 4208 4562 3043 778
9 4520 1690 4563 4521 779
9 4521 4563 1151 4564 780
9 4522 4521 4564 2542 781
9 4426 834 4565 4424 782
9 4424 4565 2162 4566 783
9 4567 4568 1545 4569 784
9 4571 3745 717 4570 785
9 3267 1275 4572 3813 786
9 3813 4572 1574 4573 787
9 1233 4574 4575 9113 788
9 4577 4476 1413 4576 789
9 4578 4579 1574 4572 790
9 1333 4351 4552 4580 791
9 4287 4552 4351 384 792
9 4583 4584 1590 4585 793
9 4583 1463 4586 4584 794
9 4586 3730 1590 4584 795
9 1227 3665 4587 4588 796
9 4590 4440 1916 4589 797
9 412 4591 4592 4593 798
9 1136 4594 4595 4596 799
9 4556 4555 4598 1147 800
9 4557 807 4597 4555 801
9 4555 4597 1897 4598 802
9 4599 4600 2672 4601 803
9 1032 4602 3637 4603 804
9 3635 3637 4602 2032 805
9 3636 2959 4603 3637 806
9 690 4604 4605 4606 807
9 4607 4601 2672 4608 808
9 4611 4609 488 4610 809
9 4401 4400 4612 713 810
9 4402 1149 4414 4400 811
9 4400 4414 1931 4612 812
9 4030 431 4613 4031 813
9 4613 4614 3238 4031 814
9 3858 688 3402 3859 815
9 3859 3402 1199 4615 816
9 4618 4616 1258 4617 817
9 4620 3514 1298 4619 818
9 4623 4621 1573 4622 819
9 4210 1553 4624 4211 820
9 4624 4625 3013 4211 821
9 3994 3993 4627 791 822
9 3995 1191 4626 3993 823
9 3993 4626 2354 4627 824
9 4628 4629 1697 4630 825
9 4633 4631 1640 4632 826
9 2022 4634 4633 4635 827
9 4631 4633 4634 604 828
9 4632 2317 4635 4633 829
9 3261 3263 4637 410 830
9 3263 4636 2732 4637 831
9 4639 3270 1050 4638 832
9 2021 4640 4641 4642 833
9 4646 4644 2145 4645 834
9 1299 4647 4648 3999 835
9 4358 1475 4649 4359 836
9 4359 4649 1043 4650 837
9 4360 4359 4650 2449 838
9 4485 4487 4651 1798 839
9 4651 4487 2729 4652 840
9 4653 4654 1984 4655 841
9 4656 4655 1984 4657 842
9 4659 4244 678 4658 843
9 4661 4662 1500 4663 844
9 4664 3693 1629 3708 845
9 4667 4665 935 4666 846
9 1519 4668 4560 4669 847
9 4558 4560 4668 1342 848
9 4559 3206 4669 4560 849
9 744 4670 4667 4671 850
9 4665 4667 4670 1685 851
9 4666 1808 4671 4667 852
9 4672 4673 1610 4674 853
9 3899 756 4481 3897 854
9 3897 4481 1969 4675 855
9 4673 4676 525 4677 856
9 237 238 4043 4678 857
9 4044 4043 238 239 858
9 4679 4680 1691 4681 859
9 4684 4682 555 4683 860
9 3308 4164 4686 1244 861
9 4164 4685 2773 4686 862
9 4689 4687 1145 4688 863
9 4692 4690 724 4691 864
9 501 4693 4694 4695 865
9 4696 4697 2349 4698 866
9 4699 3783 1374 4681 867
9 4431 4430 4701 1224 868
9 4432 450 4700 4430 869
9 4430 4700 2594 4701 870
9 4704 4702 1070 4703 871
9 3962 490 4705 3963 872
9 4705 4706 3193 3963 873
9 1109 4707 4708 4709 874
9 1095 4710 4684 4711 875
9 4683 2553 4711 4684 876
9 4712 4713 2914 4714 877
9 4717 4715 1300 4716 878
9 4719 4718 1288 4692 879
9 3571 3574 4721 1167 880
9 3574 4720 2080 4721 881
9 4722 4723 2095 4724 882
9 4581 4725 2023 4726 883
9 2525 4727 4728 4729 884
9 4731 50 51 4730 885
9 2482 4733 4734 4735 886
9 880 4736 4737 4738 887
9 4740 4739 1358 3304 888
9 1378 4741 4742 4743 889
9 4744 4743 1737 4132 890
9 4747 4745 533 4746 891
9 4396 1281 4748 4394 892
9 4394 4748 1992 4749 893
9 4751 4392 700 4750 894
9 4752 4753 1543 4754 895
9 4244 4243 4755 678 896
9 4245 1206 4100 4243 897
9 4243 4100 2463 4755 898
9 3531 3530 4757 675 899
9 3532 1243 4756 3530 900
9 3530 4756 2727 4757 901
9 4758 34 35 3755 902
9 1115 4759 4760 4761 903
9 3435 3434 4763 1187 904
9 3436 634 4762 3434 905
9 3434 4762 2261 4763 906
9 945 4764 4747 4765 907
9 4746 2027 4765 4747 908
9 981 4766 4767 4768 909
9 1651 4769 4770 4771 910
9 1385 4772 4773 4753 911
9 1089 4774 4775 4776 912
9 1370 4777 4606 4778 913
9 4605 3201 4778 4606 914
9 3705 3704 4779 731 915
9 3731 4236 3704 1183 916
9 3704 4236 2427 4779 917
9 4594 1665 4780 4595 918
9 4595 4780 465 4781 919
9 4596 4595 4781 2832 920
9 1430 4782 4471 4783 921
9 4469 4471 4782 802 922
9 4470 1899 4783 4471 923
9 4786 4784 685 4785 924
9 4787 4788 2137 4291 925
9 4791 4789 1597 4790 926
9 4794 4792 404 4793 927
9 4795 4796 1886 4797 928
9 4800 4798 766 4799 929
9 4801 4802 2246 4803 930
9 4804 4805 1747 4806 931
9 4807 4806 1747 4808 932
9 3502 3504 4810 518 933
9 3504 4809 2366 4810 934
9 4812 3315 799 4811 935
9 4181 4180 4814 1242 936
9 4180 4813 1885 4814 937
9 474 4815 4816 4817 938
9 4820 4818 621 4819 939
9 3623 3622 4822 872 940
9 4822 3622 1170 4821 941
9 4824 4823 1461 4827 942
9 438 4825 4103 4826 943
9 4824 4827 4828 1524 944
9 4831 4829 818 4830 945
9 4769 122 123 4770 946
9 4770 123 124 4435 947
9 4771 4770 4435 2177 948
9 1466 4832 4833 4834 949
9 895 4835 4820 4836 950
9 4819 2000 4836 4820 951
9 3859 4615 4302 1654 952
9 4839 4837 1379 4838 953
9 1172 3828 4841 4842 954
9 4845 4843 1611 4844 955
9 3731 1183 3560 3732 956
9 3732 3560 1449 4846 957
9 3733 3732 4846 2555 958
9 4849 4847 1199 4848 959
9 1212 4227 4850 4851 960
9 4844 4852 973 4853 961
9 4845 4844 4853 1976 962
9 3329 1369 4854 4840 963
9 4854 4663 1500 4840 964
9 4855 4856 3210 4857 965
9 1779 4858 4859 4860 966
9 4861 3301 1517 4862 967
9 4863 4864 2127 4865 968
9 751 3893 4866 4867 969
9 3483 4868 1780 4869 970
9 4796 4795 4870 1178 971
9 4797 787 3903 4795 972
9 4795 3903 1846 4870 973
9 4871 4872 2127 4864 974
9 4873 4874 2226 4875 975
9 4878 4876 462 4877 976
9 4122 4879 1792 4880 977
9 4112 4111 4881 479 978
9 4111 11138 2885 4881 979
9 4873 1237 4318 4874 980
9 4318 4882 2226 4874 981
9 3315 1185 4883 3316 982
9 3316 4883 2891 4884 983
9 3736 1179 4885 3734 984
9 3734 4885 2218 4886 985
9 4152 4493 4888 1313 986
9 4494 1123 4887 4493 987
9 4493 4887 3019 4888 988
9 837 4889 4890 4891 989
9 4513 4512 4892 622 990
9 4514 1313 4888 4512 991
9 4512 4888 3019 4892 992
9 4895 4893 1520 4894 993
9 4896 4897 2776 4898 994
9 596 4899 4900 4901 995
9 4902 4903 2833 4900 996
9 2370 4904 4905 4906 997
9 4908 4473 1637 4907 998
9 1417 4332 4909 4910 999
9 4832 480 4911 4833 1000
9 4833 4911 1850 4912 1001
9 4834 4833 4912 2545 1002
9 4913 4914 2165 4915 1003
9 4916 4917 2724 4918 1004
9 4147 4146 4920 1173 1005
9 4148 620 4919 4146 1006
9 4146 4919 2421 4920 1007
9 4015 4014 4921 901 1008
9 4014 10302 2673 4921 1009
9 3521 677 4922 4549 1010
9 4549 4922 1448 4923 1011
9 4550 4549 4923 1829 1012
9 4924 4925 1476 4926 1013
9 633 4927 4928 4929 1014
9 4930 4931 2406 4932 1015
9 180 181 4933 4934 1016
9 1471 4935 4936 4925 1017
9 4937 4938 1992 4748 1018
9 1520 4939 4940 4894 1019
9 558 4304 4941 4942 1020
9 840 4943 4944 4417 1021
9 4789 4791 4168 716 1022
9 4790 2186 4945 4791 1023
9 4791 4945 2597 4168 1024
9 4948 4946 1373 4947 1025
9 3454 650 4949 3452 1026
9 3452 4949 2524 4950 1027
9 1305 4016 4951 4952 1028
9 4450 1177 4953 4448 1029
9 4448 4953 2556 4954 1030
9 1218 4815 4955 4956 1031
9 4957 4958 1799 4947 1032
9 3734 414 4959 3735 1033
9 4959 3967 1930 3735 1034
9 4944 4960 581 4624 1035
9 4417 4944 4624 1553 1036
9 666 4961 4962 4963 1037
9 3511 3510 4964 662 1038
9 3512 1179 3736 3510 1039
9 3510 3736 1930 4964 1040
9 4967 4965 2709 4966 1041
9 4968 4339 1547 4969 1042
9 3523 3522 4971 1600 1043
9 3521 1355 4970 3522 1044
9 3522 4970 2081 4971 1045
9 4972 9868 2818 4973 1046
9 507 4974 4975 4976 1047
9 583 4977 4689 4978 1048
9 4687 4689 4977 2041 1049
9 4688 2357 4978 4689 1050
9 4979 4980 1597 4789 1051
9 1552 4981 4982 4980 1052
9 3478 3775 4610 488 1053
9 3769 1349 4969 3775 1054
9 3775 4969 1547 4610 1055
9 4983 4984 2982 4985 1056
9 4988 4986 1612 4987 1057
9 4989 4990 2130 4991 1058
9 1127 4992 4878 4993 1059
9 4876 4878 4992 1677 1060
9 4877 2604 4993 4878 1061
9 1186 4278 4994 4995 1062
9 4279 893 4994 4278 1063
9 4805 4804 4997 447 1064
9 4806 1273 4996 4804 1065
9 4804 4996 2851 4997 1066
9 4972 4973 4999 482 1067
9 4973 4998 3160 4999 1068
9 4383 1939 5000 4381 1069
9 4381 5000 2898 5001 1070
9 5002 5003 1856 5004 1071
9 4987 5005 949 5006 1072
9 4988 4987 5006 1935 1073
9 1475 4358 4271 5007 1074
9 4270 4271 4358 652 1075
9 4219 3215 5007 4271 1076
9 5010 5008 1229 5009 1077
9 5011 5988 3198 5012 1078
9 5014 5008 712 5013 1079
9 3301 3300 5016 1517 1080
9 3299 1270 5015 3300 1081
9 3300 5015 2404 5016 1082
9 5017 4210 1208 4032 1083
9 4031 3238 5017 4032 1084
9 776 4329 5018 5019 1085
9 1691 4680 4839 5020 1086
9 4837 4839 4680 617 1087
9 4838 2967 5020 4839 1088
9 4621 4623 5022 987 1089
9 4623 5021 2657 5022 1090
9 5023 5119 3011 5024 1091
9 4010 4009 5025 1836 1092
9 4011 1125 4519 4009 1093
9 4009 4519 2771 5025 1094
9 5026 3492 728 3552 1095
9 5027 5028 2292 5029 1096
9 4684 1452 5030 4682 1097
9 5032 4715 424 5031 1098
9 4704 1490 5033 4702 1099
9 5036 5034 1537 5035 1100
9 5039 5037 510 5038 1101
9 807 5040 5032 4597 1102
9 4715 5032 5040 1300 1103
9 5031 1897 4597 5032 1104
9 5041 5042 1723 5043 1105
9 3461 3460 5045 703 1106
9 3462 1259 5044 3460 1107
9 3460 5044 2751 5045 1108
9 5047 234 235 5046 1109
9 4707 2053 5048 4708 1110
9 4708 5048 493 5049 1111
9 4709 4708 5049 2321 1112
9 3282 3283 4838 1379 1113
9 3283 5050 2967 4838 1114
9 3301 4861 5052 467 1115
9 4861 5051 3098 5052 1116
9 5054 3740 1301 5053 1117
9 5055 5056 2060 5057 1118
9 4785 2348 5058 4786 1119
9 4786 5058 2804 5059 1120
9 5060 5061 2034 5062 1121
9 1369 3320 5063 5064 1122
9 3962 5065 2708 5066 1123
9 5067 4668 1519 4972 1124
9 3693 1308 5068 3691 1125
9 3691 5068 2714 5069 1126
9 4727 719 5070 4728 1127
9 5070 5071 2744 4728 1128
9 3504 1338 5072 4809 1129
9 4809 5072 2303 5073 1130
9 5075 80 81 5074 1131
9 5077 4897 702 5076 1132
9 819 5078 5079 5080 1133
9 473 3533 5081 3369 1134
9 4802 4801 5083 1452 1135
9 4803 962 5082 4801 1136
9 4801 5082 2758 5083 1137
9 5086 5084 892 5085 1138
9 5089 5087 991 5088 1139
9 4333 1329 5090 4334 1140
9 4334 5090 1879 5091 1141
9 5078 1589 5092 5079 1142
9 5079 5092 706 3274 1143
9 5080 5079 3274 1591 1144
9 5093 5094 2973 5095 1145
9 5096 5097 2096 5098 1146
9 3505 3507 5100 1344 1147
9 3506 1529 5099 3507 1148
9 3507 5099 2234 5100 1149
9 5093 1515 3945 5094 1150
9 5094 3945 1262 5101 1151
9 972 5102 5103 5104 1152
9 5103 5105 424 5106 1153
9 5104 5103 5106 2069 1154
9 5107 5108 2613 5109 1155
9 5110 5111 2623 5112 1156
9 5113 5114 2752 5115 1157
9 969 5116 4306 5117 1158
9 4304 4306 5116 1647 1159
9 4305 2157 5117 4306 1160
9 5023 1564 5118 5119 1161
9 4345 4344 3974 1213 1162
9 4344 5120 1735 3974 1163
9 3988 520 5121 3986 1164
9 3986 5121 3036 5122 1165
9 5125 5123 783 5124 1166
9 4220 2314 5126 4221 1167
9 4221 5126 1098 5127 1168
9 1083 5128 5129 5130 1169
9 5128 1577 5131 5129 1170
9 5129 5131 583 4978 1171
9 5130 5129 4978 2357 1172
9 4985 1935 5006 4983 1173
9 4983 5006 949 5132 1174
9 4984 4983 5132 2168 1175
9 601 3983 5133 5134 1176
9 550 5135 5136 5137 1177
9 1594 5138 5139 5140 1178
9 5135 1823 5141 5136 1179
9 5136 5141 1016 5142 1180
9 5137 5136 5142 1856 1181
9 802 4782 5143 5144 1182
9 5056 5055 5146 575 1183
9 5057 1225 5145 5055 1184
9 5055 5145 1981 5146 1185
9 3740 5054 5148 407 1186
9 5053 2136 5147 5054 1187
9 5054 5147 2963 5148 1188
9 1447 5149 5150 5151 1189
9 5152 4479 2395 5153 1190
9 5154 5155 1773 5156 1191
9 5159 5157 466 5158 1192
9 5155 5160 786 5161 1193
9 1161 5162 5159 5163 1194
9 5157 5159 5162 1835 1195
9 5158 2144 5163 5159 1196
9 1397 5164 5165 5166 1197
9 4022 1704 5167 4023 1198
9 4023 5167 2436 5168 1199
9 5171 5169 425 5170 1200
9 5172 5173 2164 5174 1201
9 750 5175 5176 5177 1202
9 4295 1670 5178 4296 1203
9 4296 5178 950 5179 1204
9 4297 4296 5179 2339 1205
9 5180 5174 2164 5181 1206
9 5184 5182 833 5183 1207
9 5186 4427 588 5185 1208
9 5187 3393 1730 5188 1209
9 136 137 5189 5190 1210
9 5191 5188 1730 5192 1211
9 1171 5193 5194 5195 1212
9 4339 726 5196 4337 1213
9 4337 5196 2588 5197 1214
9 4904 721 5198 4905 1215
9 5198 5199 2978 4905 1216
9 5200 5201 2833 5202 1217
9 1962 5203 5036 5204 1218
9 5035 2438 5204 5036 1219
9 5175 1734 5205 5176 1220
9 5176 5205 969 5206 1221
9 5177 5176 5206 1840 1222
9 5042 5041 3712 729 1223
9 5043 1210 4036 5041 1224
9 5041 4036 1766 3712 1225
9 3622 3624 4056 1170 1226
9 3462 5207 2147 5208 1227
9 1026 5209 4045 5210 1228
9 4044 2565 5210 4045 1229
9 5211 5212 2775 5213 1230
9 5214 5215 2489 5216 1231
9 4283 5217 1669 5218 1232
9 4284 4283 5218 2450 1233
9 5219 5220 2165 4914 1234
9 5221 5222 1872 5223 1235
9 4065 4064 5224 1192 1236
9 4066 476 4657 4064 1237
9 4064 4657 1984 5224 1238
9 3369 3368 5226 473 1239
9 3370 1197 5225 3368 1240
9 3368 5225 2154 5226 1241
9 5229 5227 2407 5228 1242
9 515 5230 3961 5231 1243
9 3409 3961 5230 1707 1244
9 3960 1804 5231 3961 1245
9 67 68 5113 5232 1246
9 5114 5113 68 69 1247
9 5115 1971 5232 5113 1248
9 3825 3824 5233 1243 1249
9 3824 8864 2869 5233 1250
9 5235 4739 654 5234 1251
9 5236 5237 2269 4420 1252
9 1314 5238 5239 5240 1253
9 827 5241 5235 5242 1254
9 4739 5235 5241 1358 1255
9 5234 1894 5242 5235 1256
9 4537 1422 5243 4538 1257
9 4538 5243 2798 5244 1258
9 4782 1430 5245 5143 1259
9 5143 5245 1535 5246 1260
9 5144 5143 5246 3161 1261
9 3784 4553 5248 1193 1262
9 4554 726 5247 4553 1263
9 4553 5247 2288 5248 1264
9 5249 5240 1794 5250 1265
9 5251 5252 1506 5253 1266
9 5202 1521 5254 5200 1267
9 5254 5255 2651 5200 1268
9 4974 1476 5256 4975 1269
9 4975 5256 2097 5257 1270
9 4976 4975 5257 2400 1271
9 5258 5259 2456 4858 1272
9 4298 2013 5260 4299 1273
9 4299 5260 1085 5261 1274
9 4300 4299 5261 2915 1275
9 5263 4505 765 5262 1276
9 1248 5264 5010 5265 1277
9 5008 5010 5264 712 1278
9 5009 2614 5265 5010 1279
9 5268 5266 1130 5267 1280
9 3426 3425 5270 443 1281
9 3427 1204 5269 3425 1282
9 3425 5269 2291 5270 1283
9 5123 5125 5272 1682 1284
9 5124 1908 5271 5125 1285
9 5125 5271 3119 5272 1286
9 3671 768 4231 3672 1287
9 3672 4231 1256 5273 1288
9 3673 3672 5273 1845 1289
9 1671 5039 5274 5275 1290
9 5038 2019 5274 5039 1291
9 5276 5277 2983 5278 1292
9 647 5279 4704 5280 1293
9 4703 2635 5280 4704 1294
9 5281 5282 2414 5283 1295
9 5286 5284 780 5285 1296
9 5287 5288 2414 5282 1297
9 390 3319 5289 3554 1298
9 5290 5291 2196 5292 1299
9 5295 5293 1344 5294 1300
9 887 5296 5286 5297 1301
9 5285 1801 5297 5286 1302
9 1322 5298 5299 5300 1303
9 374 375 5301 5302 1304
9 5215 5214 5303 694 1305
9 5216 1324 4529 5214 1306
9 5214 4529 3102 5303 1307
9 3639 1667 5304 4489 1308
9 4489 5304 871 5305 1309
9 5306 5307 1845 5273 1310
9 5308 4148 1601 5294 1311
9 3878 3877 5310 2270 1312
9 3877 5309 3124 5310 1313
9 3655 3770 5312 693 1314
9 3769 1352 5311 3770 1315
9 3770 5311 3240 5312 1316
9 797 5313 5314 5315 1317
9 1854 5262 3896 5316 1318
9 3894 3896 5262 765 1319
9 3895 2396 5316 3896 1320
9 5318 4342 1472 5317 1321
9 4759 1616 5319 4760 1322
9 4760 5319 461 5320 1323
9 4761 4760 5320 2664 1324
9 5321 3614 1950 5322 1325
9 5323 5324 1805 4513 1326
9 5325 5326 1700 5327 1327
9 5329 5328 1317 4256 1328
9 5109 1723 5042 5107 1329
9 5107 5042 729 5330 1330
9 5108 5107 5330 2405 1331
9 3614 5321 5225 1197 1332
9 5321 5331 2154 5225 1333
9 4654 4653 5332 808 1334
9 4655 1225 5057 4653 1335
9 4653 5057 2060 5332 1336
9 3433 1817 4175 3474 1337
9 3474 4175 3021 5333 1338
9 5334 5327 1700 5335 1339
9 4001 5336 1485 5337 1340
9 3279 4001 5337 1489 1341
9 1485 5338 4784 5337 1342
9 4786 1489 5337 4784 1343
9 1500 4662 4857 5339 1344
9 4855 4857 4662 1309 1345
9 5341 5087 1989 5342 1346
9 5345 5343 1501 5344 1347
9 575 5146 5268 5346 1348
9 5266 5268 5146 1981 1349
9 5267 2075 5346 5268 1350
9 5349 5347 1214 5348 1351
9 4363 4366 5351 1310 1352
9 4366 5350 2990 5351 1353
9 5353 5352 1130 5266 1354
9 489 5354 5355 5356 1355
9 140 141 4712 5357 1356
9 4713 4712 141 142 1357
9 4714 2222 5357 4712 1358
9 1227 5358 5359 5360 1359
9 5361 3342 1806 5362 1360
9 3380 1997 5363 3381 1361
9 3381 5363 932 5364 1362
9 3382 3381 5364 2603 1363
9 5365 5366 2209 5367 1364
9 4774 1724 5368 4775 1365
9 4775 5368 720 5369 1366
9 4776 4775 5369 2455 1367
9 3283 481 5370 5050 1368
9 5050 5370 2465 5371 1369
9 4312 4311 5373 937 1370
9 4313 1626 5372 4311 1371
9 4311 5372 2743 5373 1372
9 5376 5374 610 5375 1373
9 5377 4550 1829 5170 1374
9 4103 4825 5379 1211 1375
9 5379 4825 438 5378 1376
9 5382 5380 1110 5381 1377
9 5383 5384 1843 5385 1378
9 527 4322 5386 5387 1379
9 5388 5389 2581 5390 1380
9 5393 5391 1842 5392 1381
9 564 5394 5382 5395 1382
9 5381 2607 5395 5382 1383
9 1189 5396 5397 5398 1384
9 5399 5400 1739 5401 1385
9 3349 456 3707 5402 1386
9 4618 4617 5403 1714 1387
9 5404 5405 2903 5406 1388
9 4365 4364 5408 1286 1389
9 4094 387 5407 4364 1390
9 4364 5407 2863 5408 1391
9 1293 5409 4437 5410 1392
9 4436 2571 5410 4437 1393
9 5411 5412 1753 5413 1394
9 1819 5414 5415 5416 1395
9 2576 5417 5418 5419 1396
9 5420 5416 1834 5421 1397
9 1261 5422 5423 5412 1398
9 5400 5399 5425 1240 1399
9 5401 699 5390 5399 1400
9 5399 5390 2581 5425 1401
9 4917 4916 5426 925 1402
9 4918 1240 5425 4916 1403
9 4916 5425 2581 5426 1404
9 5427 5428 2834 5429 1405
9 1220 5431 5432 3892 1406
9 5432 5433 585 5434 1407
9 3892 5432 5434 2513 1408
9 785 5435 5436 5437 1409
9 502 5438 5349 4089 1410
9 5347 5349 5438 2369 1411
9 5348 2446 4089 5349 1412
9 5149 308 309 5150 1413
9 5150 309 310 5439 1414
9 5151 5150 5439 2638 1415
9 5404 5406 5440 1814 1416
9 5440 5406 2903 5441 1417
9 5365 5367 5443 1718 1418
9 5367 5442 2953 5443 1419
9 5444 5445 1981 5145 1420
9 702 5446 5447 5448 1421
9 5449 5450 2596 5085 1422
9 5273 1256 5451 5306 1423
9 5306 5451 2674 5452 1424
9 5454 321 322 5453 1425
9 5457 5455 1234 5456 1426
9 4861 4862 4962 1321 1427
9 4962 4862 1517 5458 1428
9 4963 4962 5458 2997 1429
9 5459 5460 2282 5461 1430
9 3466 1289 3684 3467 1431
9 3467 3684 3116 5462 1432
9 234 5047 5464 233 1433
9 5464 5047 1438 5463 1434
9 1254 5465 5077 5466 1435
9 4897 5077 5465 2776 1436
9 5076 2829 5466 5077 1437
9 5467 5468 1690 5469 1438
9 4303 41 42 4301 1439
9 4301 42 43 5470 1440
9 4302 4301 5470 1654 1441
9 525 4676 5343 5471 1442
9 4673 1501 5343 4676 1443
9 5345 2508 5471 5343 1444
9 1100 5472 5473 5474 1445
9 5286 5296 5138 1594 1446
9 5138 5296 887 5475 1447
9 5139 5138 5475 2831 1448
9 5478 5476 1271 5477 1449
9 1210 4736 5479 5480 1450
9 5481 5482 2880 5483 1451
9 3439 3438 5485 1376 1452
9 3438 5484 1841 5485 1453
9 5486 5483 2880 5487 1454
9 553 3336 3541 5488 1455
9 3539 3541 3336 1771 1456
9 3540 2388 5488 3541 1457
9 4391 4390 5490 2243 1458
9 3620 675 5489 4390 1459
9 4390 5489 2809 5490 1460
9 5491 4313 2195 5492 1461
9 3905 5493 2586 5494 1462
9 2778 5495 5496 5497 1463
9 4505 4507 5498 765 1464
9 5498 4507 2749 5499 1465
9 355 3777 5501 354 1466
9 3776 1238 5500 3777 1467
9 3777 5500 1752 5501 1468
9 5502 4026 2167 5503 1469
9 3894 5504 2330 5505 1470
9 1105 5506 3921 5507 1471
9 3511 3921 5506 2402 1472
9 3920 2551 5507 3921 1473
9 671 3627 5508 3764 1474
9 5509 5510 3122 5511 1475
9 1575 5512 5513 5514 1476
9 5515 3786 2983 5277 1477
9 1303 5516 5517 5518 1478
9 5519 5520 1734 5175 1479
9 5388 1535 5521 5389 1480
9 5389 5521 2374 5522 1481
9 1333 4580 5523 5524 1482
9 4552 1764 5523 4580 1483
9 5525 5526 1744 5527 1484
9 4718 4719 5529 492 1485
9 4692 1609 5528 4719 1486
9 4719 5528 2061 5529 1487
9 788 5530 5353 5445 1488
9 5266 1981 5445 5353 1489
9 1246 3989 5531 5532 1490
9 5533 5534 1491 5317 1491
9 5535 10941 3012 3528 1492
9 3313 3312 5537 441 1493
9 3312 5536 3137 5537 1494
9 4989 431 4030 4990 1495
9 4990 4030 1208 5538 1496
9 5539 5540 1989 5541 1497
9 5544 5328 1078 5543 1498
9 1421 5545 5546 5547 1499
9 3502 1295 5548 3503 1500
9 3503 5548 3120 5549 1501
9 1256 4233 5550 5551 1502
9 5552 5553 1655 5554 1503
9 878 3787 5555 5556 1504
9 5557 5558 1655 5553 1505
9 3731 608 3578 4236 1506
9 3580 1330 5559 3578 1507
9 3578 5559 2427 4236 1508
9 761 5560 5532 5561 1509
9 1260 3915 5562 5563 1510
9 952 5564 5565 5566 1511
9 5564 1494 5567 5565 1512
9 5565 5567 524 5568 1513
9 5566 5565 5568 2169 1514
9 5571 5569 1172 5570 1515
9 5572 5573 2371 5574 1516
9 1199 4847 5575 4615 1517
9 4849 1836 5575 4847 1518
9 4302 4615 5575 2931 1519
9 5576 5403 2966 5577 1520
9 5578 5579 1867 5580 1521
9 2579 5581 5582 5583 1522
9 1238 3776 5584 5585 1523
9 1265 5586 5587 5588 1524
9 5589 4275 1674 5572 1525
9 5574 2365 5589 5572 1526
9 1440 5590 4170 5591 1527
9 3427 1531 5591 4170 1528
9 3664 3663 4697 500 1529
9 3665 1227 5360 3663 1530
9 3663 5360 2349 4697 1531
9 5592 5593 1951 5594 1532
9 5597 5595 886 5596 1533
9 5598 5599 2166 5600 1534
9 5601 5591 1531 5602 1535
9 5495 746 5603 5496 1536
9 5496 5603 1688 5604 1537
9 5497 5496 5604 3003 1538
9 3892 3891 5606 1220 1539
9 3893 751 5605 3891 1540
9 3891 5605 2144 5606 1541
9 435 3340 5597 5607 1542
9 5595 5597 3340 1292 1543
9 5596 2310 5607 5597 1544
9 5609 5264 1248 5608 1545
9 4544 4543 5611 427 1546
9 4524 1353 5610 4543 1547
9 4543 5610 3187 5611 1548
9 5612 5613 1514 5030 1549
9 5616 5614 695 5615 1550
9 5111 5110 5617 697 1551
9 5112 1322 5300 5110 1552
9 5110 5300 2426 5617 1553
9 662 4964 3744 5618 1554
9 3742 3744 4964 1930 1555
9 3743 2473 5618 3744 1556
9 5619 5616 1525 5620 1557
9 3910 4483 5621 1325 1558
9 5621 4483 2264 5622 1559
9 5188 5191 5624 1266 1560
9 5192 740 5623 5191 1561
9 5191 5623 3009 5624 1562
9 5625 5529 2061 5626 1563
9 1123 4494 5627 5628 1564
9 5631 5629 1057 5630 1565
9 5632 5633 2623 5111 1566
9 5437 5436 5635 1925 1567
9 5435 7724 5634 5436 1568
9 5436 5634 3205 5635 1569
9 4366 612 4029 5350 1570
9 5510 5509 4029 1474 1571
9 4029 5509 2990 5350 1572
9 5636 4034 1210 5480 1573
9 5639 5637 714 5638 1574
9 861 5640 3981 4508 1575
9 3980 2024 4508 3981 1576
9 4157 4156 5642 1249 1577
9 5642 4156 779 5641 1578
9 5643 5342 1989 5540 1579
9 5645 4716 1300 5644 1580
9 455 5646 5647 5648 1581
9 5649 5650 1762 5651 1582
9 5652 5653 2207 5654 1583
9 5656 3720 1767 5655 1584
9 5652 1740 5657 5653 1585
9 5653 5657 578 5658 1586
9 5647 5646 5660 1217 1587
9 5646 5659 2230 5660 1588
9 1096 5661 5662 5663 1589
9 5664 5448 3040 5665 1590
9 399 5666 5667 5668 1591
9 3580 3908 5667 1330 1592
9 5667 3908 1029 5669 1593
9 5668 5667 5669 2747 1594
9 583 5670 5671 4977 1595
9 5670 1568 5672 5671 1596
9 5671 5672 946 5673 1597
9 4977 5671 5673 2041 1598
9 5674 3610 1558 5675 1599
9 392 5678 5675 5679 1600
9 5674 5675 5678 1444 1601
9 5681 5003 1267 5680 1602
9 3630 3632 5683 735 1603
9 3631 1412 5682 3632 1604
9 3632 5682 1758 5683 1605
9 4095 1307 5684 4093 1606
9 4093 5684 2904 5685 1607
9 5397 5686 629 5687 1608
9 5398 5397 5687 3097 1609
9 5688 5374 1343 5677 1610
9 4655 4656 5690 1225 1611
9 4657 476 5689 4656 1612
9 4656 5689 2006 5690 1613
9 5445 5444 5691 788 1614
9 5145 1225 5690 5444 1615
9 5444 5690 2006 5691 1616
9 5245 5692 520 5693 1617
9 689 5694 5695 5696 1618
9 4069 4068 5698 2266 1619
9 4067 449 5697 4068 1620
9 4068 5697 2994 5698 1621
9 5699 5700 2040 5701 1622
9 1142 5702 4800 5703 1623
9 4798 4800 5702 2320 1624
9 4799 2511 5703 4800 1625
9 5704 4927 633 9952 1626
9 5705 5706 1776 5707 1627
9 707 5708 5645 5709 1628
9 4716 5645 5708 1544 1629
9 5644 3190 5709 5645 1630
9 841 3927 5710 5711 1631
9 5314 5712 972 5104 1632
9 5315 5314 5104 2069 1633
9 1245 3883 5713 5714 1634
9 287 288 5713 3883 1635
9 3927 1562 5715 5710 1636
9 5715 5716 1749 5710 1637
9 5717 5718 2122 5719 1638
9 5721 5720 1339 5707 1639
9 3691 5069 5723 653 1640
9 5069 5722 2965 5723 1641
9 5726 5724 883 5725 1642
9 4329 1811 5727 5018 1643
9 5018 5727 998 5728 1644
9 5019 5018 5728 2212 1645
9 4646 1473 3500 4644 1646
9 3499 646 5729 3500 1647
9 3500 5729 2145 4644 1648
9 5417 1060 5730 5418 1649
9 5730 5731 2733 5418 1650
9 3487 3486 5732 947 1651
9 3486 1216 2148 5732 1652
9 5734 5520 1294 5733 1653
9 5737 5735 401 5736 1654
9 4505 5263 5738 1200 1655
9 5262 1854 5213 5263 1656
9 5263 5213 2775 5738 1657
9 3398 1873 5739 4237 1658
9 4237 5739 825 5740 1659
9 4238 4237 5740 3222 1660
9 4437 5409 5097 705 1661
9 5409 5741 2096 5097 1662
9 5743 5215 694 5742 1663
9 4263 4262 3687 615 1664
9 4262 5744 2840 3687 1665
9 5222 5221 5745 1341 1666
9 5223 632 5362 5221 1667
9 5221 5362 1806 5745 1668
9 3454 4054 5747 650 1669
9 4055 1331 5746 4054 1670
9 4054 5746 3068 5747 1671
9 5749 4067 1215 5748 1672
9 5752 5750 619 5751 1673
9 5753 5754 2490 4645 1674
9 5755 5563 2067 5756 1675
9 682 4647 5757 5758 1676
9 4794 1219 5759 4792 1677
9 4792 5759 2387 5760 1678
9 5655 8066 624 5761 1679
9 5656 5655 5761 11422 1680
9 4647 1299 5762 5757 1681
9 5757 5762 787 4797 1682
9 5758 5757 4797 1886 1683
9 4460 4459 5763 451 1684
9 4459 10925 2686 5763 1685
9 5766 3778 968 5765 1686
9 995 3838 5767 5768 1687
9 522 5769 5766 5770 1688
9 3778 5766 5769 1587 1689
9 5765 2098 5770 5766 1690
9 3722 2842 5771 3723 1691
9 3723 5771 1082 5772 1692
9 703 5516 5773 3461 1693
9 645 5774 5775 5776 1694
9 639 5777 5734 5778 1695
9 5520 5734 5777 1734 1696
9 5733 2933 5778 5734 1697
9 5775 5779 1180 5780 1698
9 5776 5775 5780 2722 1699
9 5366 5365 4531 742 1700
9 4531 5365 1718 5781 1701
9 2504 5782 5783 5784 1702
9 423 5578 5785 5786 1703
9 5580 1223 5785 5578 1704
9 5787 5788 1659 4127 1705
9 710 5789 5790 5791 1706
9 706 3428 5792 4467 1707
9 3430 1283 5792 3428 1708
9 5795 5793 499 5794 1709
9 1523 5796 5797 5788 1710
9 4934 4933 5633 1450 1711
9 181 182 5798 4933 1712
9 4933 5798 2623 5633 1713
9 1318 5789 5799 5800 1714
9 5164 168 169 5165 1715
9 5165 169 170 5801 1716
9 5166 5165 5801 2452 1717
9 517 3449 5802 5803 1718
9 80 5075 5805 79 1719
9 5074 1428 5804 5075 1720
9 5075 5804 2642 5805 1721
9 3753 3752 5807 1278 1722
9 3754 498 5806 3752 1723
9 3752 5806 2715 5807 1724
9 1927 5808 5393 5809 1725
9 5391 5393 5808 795 1726
9 5392 2625 5809 5393 1727
9 1265 5810 5811 5812 1728
9 1894 5813 5814 5815 1729
9 3386 749 5816 4192 1730
9 5816 5817 3160 4192 1731
9 4101 673 5818 4102 1732
9 4102 5818 1512 5819 1733
9 4103 4102 5819 1684 1734
9 3997 3996 5821 475 1735
9 3991 1362 5820 3996 1736
9 3996 5820 3185 5821 1737
9 3449 1410 5822 5802 1738
9 5822 5823 2029 5802 1739
9 3711 5824 2052 5825 1740
9 5828 5826 1549 5827 1741
9 5829 5830 2266 5831 1742
9 5833 5830 670 5832 1743
9 658 3496 5834 5835 1744
9 5836 5837 2255 5827 1745
9 4346 4345 5839 1976 1746
9 5839 4345 1213 5838 1747
9 5842 5840 1390 5841 1748
9 3485 3494 4431 1224 1749
9 3495 709 4240 3494 1750
9 3494 4240 2032 4431 1751
9 5661 2009 5843 5662 1752
9 5662 5843 389 5844 1753
9 5845 5846 2071 5847 1754
9 1087 5848 5847 5849 1755
9 5845 5847 5848 1827 1756
9 5850 5851 1621 5852 1757
9 4692 1288 5853 4690 1758
9 4690 5853 2468 5854 1759
9 1607 5855 5856 5851 1760
9 5857 5858 3084 3376 1761
9 5859 5860 1958 5861 1762
9 1215 4069 5833 5862 1763
9 5830 5833 4069 2266 1764
9 5832 2316 5862 5833 1765
9 5865 5863 1533 5864 1766
9 4575 4574 5867 759 1767
9 4574 5866 2064 5867 1768
9 1329 3518 5868 5090 1769
9 5869 5870 1755 5871 1770
9 5872 5873 2562 5874 1771
9 1475 5875 5876 5877 1772
9 5878 5879 3089 5880 1773
9 5881 5882 1645 5883 1774
9 5886 5884 1351 5885 1775
9 387 5887 5877 5407 1776
9 5876 2863 5407 5877 1777
9 5888 5831 2266 5889 1778
9 5890 5891 2815 4575 1779
9 1503 5892 4891 5893 1780
9 4890 1769 5893 4891 1781
9 5650 5649 5894 1251 1782
9 5651 730 3820 5649 1783
9 5649 3820 1853 5894 1784
9 1235 4328 5895 5896 1785
9 5897 5898 3239 5899 1786
9 4684 4710 4802 1452 1787
9 1231 3747 5900 5901 1788
9 5902 3343 594 3796 1789
9 1300 5040 5903 5904 1790
9 5905 5906 1816 5907 1791
9 4568 4567 5909 660 1792
9 4569 1250 5908 4567 1793
9 4567 5908 2258 5909 1794
9 5060 454 5910 5061 1795
9 5061 5910 2634 5911 1796
9 5912 5913 2052 5914 1797
9 5915 5916 1932 5033 1798
9 5917 5918 2739 5919 1799
9 5920 5921 1666 5922 1800
9 5923 5924 2679 5925 1801
9 5926 4273 1629 3949 1802
9 4828 4827 5928 645 1803
9 5928 4827 1461 5927 1804
9 4440 4439 5930 1916 1805
9 5930 4439 1336 5929 1806
9 1974 5931 5932 5933 1807
9 5097 5096 5935 705 1808
9 5098 1229 5934 5096 1809
9 5096 5934 2698 5935 1810
9 5228 5936 975 5937 1811
9 5229 5228 5937 2654 1812
9 1291 3359 5938 5405 1813
9 5897 1537 5939 5898 1814
9 5939 5940 3239 5898 1815
9 534 5941 5942 5943 1816
9 1270 3299 4376 5944 1817
9 4374 4376 3299 467 1818
9 5277 5276 4762 634 1819
9 5276 5945 2261 4762 1820
9 5718 5717 5946 388 1821
9 5719 1242 4814 5717 1822
9 5717 4814 1885 5946 1823
9 5947 5948 3196 5949 1824
9 4420 4419 5951 1478 1825
9 4421 942 5950 4419 1826
9 4419 5950 2186 5951 1827
9 1393 4831 5952 5953 1828
9 5302 5301 5955 1439 1829
9 375 376 5954 5301 1830
9 5301 5954 2501 5955 1831
9 5956 5957 2528 4734 1832
9 5545 979 5153 5546 1833
9 5546 5153 2395 5958 1834
9 5547 5546 5958 2792 1835
9 5960 5959 451 5763 1836
9 5328 5544 5962 1317 1837
9 5543 2964 5961 5544 1838
9 5544 5961 3147 5962 1839
9 5963 5964 2854 5965 1840
9 5967 5222 1341 5966 1841
9 5968 5969 1782 5970 1842
9 5971 5972 2837 5973 1843
9 5974 5975 2248 5976 1844
9 3397 3396 5978 584 1845
9 3398 1234 5977 3396 1846
9 3396 5977 3032 5978 1847
9 457 5979 5947 5980 1848
9 5948 5947 5979 1525 1849
9 5949 2977 5980 5947 1850
9 5984 5982 999 5983 1851
9 5964 5963 5986 1251 1852
9 5965 862 5985 5963 1853
9 5963 5985 3158 5986 1854
9 4500 4499 5987 491 1855
9 4501 1247 3690 4499 1856
9 4499 3690 2919 5987 1857
9 5011 642 5253 5988 1858
9 5991 5989 919 5990 1859
9 5993 5694 689 5992 1860
9 5995 5994 1266 5624 1861
9 5587 5586 5997 592 1862
9 5586 5996 2033 5997 1863
9 87 88 5998 5999 1864
9 6001 4220 672 6000 1865
9 6002 6003 2019 4326 1866
9 4579 4578 6005 398 1867
9 4572 1275 6004 4578 1868
9 4578 6004 2669 6005 1869
9 1150 6006 4967 6007 1870
9 4965 4967 6006 1781 1871
9 4966 2908 6007 4967 1872
9 873 6008 6009 6010 1873
9 4593 4592 6012 1944 1874
9 4591 1345 6011 4592 1875
9 4592 6011 2423 6012 1876
9 5540 5539 6013 704 1877
9 5541 1370 4778 5539 1878
9 5539 4778 3201 6013 1879
9 3711 3713 6015 1221 1880
9 3712 1766 6014 3713 1881
9 3713 6014 2637 6015 1882
9 5989 5991 6016 1399 1883
9 6016 5991 1662 6017 1884
9 1652 6018 5922 6019 1885
9 6020 6021 1938 6022 1886
9 950 5594 6023 5179 1887
9 6025 6024 455 5648 1888
9 5321 772 3851 5331 1889
9 3344 1236 6026 3851 1890
9 3851 6026 2154 5331 1891
9 6029 6027 606 6028 1892
9 6032 6030 1428 6031 1893
9 6033 6034 2576 6035 1894
9 6037 6036 1220 5606 1895
9 988 6038 6025 6039 1896
9 5648 1926 6039 6025 1897
9 5811 5810 6041 477 1898
9 5810 6040 1985 6041 1899
9 3789 3788 6043 1851 1900
9 3787 878 6042 3788 1901
9 3788 6042 2410 6043 1902
9 534 6044 6045 5941 1903
9 466 6046 6037 5158 1904
9 6036 6037 6046 2094 1905
9 5606 2144 5158 6037 1906
9 6047 6048 2252 6049 1907
9 6051 3501 1473 6050 1908
9 4476 4475 6053 1413 1909
9 6053 4475 536 6052 1910
9 6054 6055 2008 6056 1911
9 845 6057 6058 6059 1912
9 6060 6049 2252 6061 1913
9 5358 1813 6062 5359 1914
9 5359 6062 885 6063 1915
9 5360 5359 6063 2349 1916
9 4283 1272 6064 5217 1917
9 5217 6064 2875 6065 1918
9 4408 4407 6066 715 1919
9 4210 5017 4407 1553 1920
9 4407 5017 3238 6066 1921
9 6067 6068 2373 6069 1922
9 5217 6065 6070 1669 1923
9 6070 6065 2875 6071 1924
9 88 2 89 5998 1925
9 5998 89 90 6072 1926
9 5999 5998 6072 1678 1927
9 4304 1647 4154 4941 1928
9 4941 4154 1152 6073 1929
9 4942 4941 6073 2275 1930
9 6074 6075 1999 3918 1931
9 4058 4057 6055 1316 1932
9 3647 816 6076 4057 1933
9 4057 6076 2008 6055 1934
9 6078 4568 660 6077 1935
9 6079 6080 2115 6081 1936
9 1035 6082 6078 6083 1937
9 4568 6078 6082 1545 1938
9 6077 2401 6083 6078 1939
9 780 5284 6084 6085 1940
9 5286 1594 6084 5284 1941
9 5923 764 6086 5924 1942
9 6086 6087 2679 5924 1943
9 6090 6088 2065 6089 1944
9 5356 5355 6092 1694 1945
9 5354 1551 6091 5355 1946
9 5355 6091 3085 6092 1947
9 6094 5232 1971 6093 1948
9 4019 6095 1644 6096 1949
9 4020 4019 6096 2986 1950
9 6097 6098 2365 6099 1951
9 6101 6100 795 5808 1952
9 6102 6103 1731 3678 1953
9 959 6104 6101 6105 1954
9 6100 6101 6104 1726 1955
9 5808 1927 6105 6101 1956
9 6106 6107 1731 6103 1957
9 6110 6108 1857 6109 1958
9 6111 6112 2315 6113 1959
9 362 363 4000 6115 1960
9 3998 4000 363 364 1961
9 1560 3545 6116 6117 1962
9 4663 4854 6118 483 1963
9 6118 4854 1369 5064 1964
9 6120 3253 1493 6119 1965
9 6123 6121 1571 6122 1966
9 3306 3305 6125 385 1967
9 6125 3305 1244 6124 1968
9 1348 3760 6126 6127 1969
9 5700 5699 6026 1236 1970
9 5701 473 5226 5699 1971
9 5699 5226 2154 6026 1972
9 6128 6129 2991 6130 1973
9 799 3317 4383 6131 1974
9 3316 1939 4383 3317 1975
9 4382 3004 6131 4383 1976
9 5460 5459 6133 701 1977
9 5461 1311 6132 5459 1978
9 5459 6132 2849 6133 1979
9 6134 6135 2956 6136 1980
9 6075 6074 6132 1311 1981
9 3918 1010 6137 6074 1982
9 6074 6137 2849 6132 1983
9 5003 5002 6138 1267 1984
9 5004 745 3446 5002 1985
9 5002 3446 1963 6138 1986
9 4600 4599 6140 11663 1987
9 4601 1269 6139 4599 1988
9 4599 6139 2901 6140 1989
9 187 5298 6141 6142 1990
9 3847 3846 6144 516 1991
9 3848 1363 6143 3846 1992
9 3846 6143 2541 6144 1993
9 5737 5736 6146 2364 1994
9 5736 6145 3192 6146 1995
9 3490 3489 5832 670 1996
9 3491 1246 6147 3489 1997
9 3489 6147 2316 5832 1998
9 4342 5318 6149 836 1999
9 5317 1491 6148 5318 2000
9 5318 6148 1910 6149 2001
9 1683 6150 6151 6152 2002
9 4875 860 6153 4873 2003
9 4873 6153 2279 6154 2004
9 2240 6155 6156 6157 2005
9 6160 6158 1565 6159 2006
9 4903 4902 6161 1048 2007
9 4900 1280 3959 4902 2008
9 4902 3959 2649 6161 2009
9 6162 6163 1878 6164 2010
9 6166 6167 1878 6163 2011
9 4766 1587 5769 4767 2012
9 4767 5769 522 6168 2013
9 4768 4767 6168 2058 2014
9 6170 3864 519 6169 2015
9 5591 5601 6172 1440 2016
9 5602 832 6171 5601 2017
9 5601 6171 1902 6172 2018
9 560 6173 6174 6175 2019
9 6176 6177 2300 6178 2020
9 6180 269 270 6179 2021
9 4991 6181 3101 6182 2022
9 6183 6184 1909 6185 2023
9 6186 6178 2300 6187 2024
9 6188 6172 1902 6189 2025
9 5412 5411 6191 1261 2026
9 5413 989 6190 5411 2027
9 5411 6190 2810 6191 2028
9 4414 4413 6193 1931 2029
9 6193 4413 563 6192 2030
9 1327 6194 6195 6196 2031
9 3253 6120 6198 875 2032
9 6119 1910 6197 6120 2033
9 6120 6197 3117 6198 2034
9 6199 6200 2580 6201 2035
9 6202 6203 1790 3278 2036
9 230 3916 6205 229 2037
9 3915 1260 6204 3916 2038
9 3916 6204 1890 6205 2039
9 3973 3975 6207 927 2040
9 3974 1735 6206 3975 2041
9 3975 6206 2923 6207 2042
9 6210 6208 1146 6209 2043
9 680 6211 6210 6212 2044
9 6208 6210 6211 1711 2045
9 6209 2466 6212 6210 2046
9 439 6213 6214 6215 2047
9 6216 4554 2858 6217 2048
9 6218 5617 2426 4177 2049
9 5906 5905 6220 1254 2050
9 5905 6219 2433 6220 2051
9 5972 5971 6222 1486 2052
9 5973 1077 6221 5971 2053
9 5971 6221 3087 6222 2054
9 4531 4530 6225 742 2055
9 4530 6224 2892 6225 2056
9 6226 6227 2056 6228 2057
9 6230 6229 1400 6228 2058
9 4897 4896 5446 702 2059
9 4898 1263 6231 4896 2060
9 4896 6231 2486 5446 2061
9 6232 6233 1615 6234 2062
9 593 6235 5995 6236 2063
9 5994 5995 6235 1695 2064
9 5624 3009 6236 5995 2065
9 6173 2206 6237 6174 2066
9 6174 6237 1134 6238 2067
9 6175 6174 6238 2696 2068
9 6241 6239 591 6240 2069
9 6242 6234 1615 6243 2070
9 1407 6244 4817 6245 2071
9 4816 2640 6245 4817 2072
9 6247 171 172 6246 2073
9 6248 6249 3041 6250 2074
9 6251 3493 1414 3385 2075
9 6252 6253 2467 6254 2076
9 3951 3950 6256 1287 2077
9 3952 516 6255 3950 2078
9 3950 6255 3030 6256 2079
9 6257 4808 1747 6258 2080
9 6260 6259 1683 6258 2081
9 6263 6261 747 6262 2082
9 3742 3966 6265 1038 2083
9 3967 1368 6264 3966 2084
9 3966 6264 2787 6265 2085
9 656 4091 6266 6267 2086
9 6268 6269 2132 6270 2087
9 1461 6271 6272 5927 2088
9 6275 6273 1642 6274 2089
9 6278 6276 2054 6277 2090
9 4927 1247 4501 4928 2091
9 4928 4501 1538 6279 2092
9 4929 4928 6279 2795 2093
9 4184 4183 6281 915 2094
9 4181 1242 6280 4183 2095
9 4183 6280 3071 6281 2096
9 6282 6283 2787 6264 2097
9 5334 5335 6284 753 2098
9 6284 5335 1700 6285 2099
9 6288 6286 1432 6287 2100
9 6289 6290 2111 6291 2101
9 1226 6292 5984 6293 2102
9 5982 5984 6292 1880 2103
9 5983 2699 6293 5984 2104
9 5532 5560 6147 1246 2105
9 5560 6294 2316 6147 2106
9 2510 6295 6296 6297 2107
9 6298 6299 2655 6300 2108
9 3814 6301 1567 6302 2109
9 3267 3814 6302 1569 2110
9 1567 4272 6303 6302 2111
9 6304 6305 2678 6306 2112
9 1945 6307 6298 6308 2113
9 6299 6298 6307 1003 2114
9 6300 2593 6308 6298 2115
9 619 5750 6309 6310 2116
9 6311 3515 1729 6312 2117
9 3928 2734 6313 3929 2118
9 3929 6313 1039 6314 2119
9 3930 3929 6314 2750 2120
9 1366 6315 6316 6317 2121
9 6318 6319 2030 6320 2122
9 3501 6051 6322 1158 2123
9 6050 2037 6321 6051 2124
9 6051 6321 2881 6322 2125
9 3566 2457 6323 3567 2126
9 3567 6323 1059 6324 2127
9 3568 3567 6324 2703 2128
9 551 6325 6326 6327 2129
9 4640 944 6328 4641 2130
9 4641 6328 1911 6329 2131
9 4642 4641 6329 2532 2132
9 5298 1322 5112 6141 2133
9 6141 5112 2623 6136 2134
9 6142 6141 6136 2956 2135
9 5064 5063 6331 1893 2136
9 3320 665 6330 5063 2137
9 5063 6330 2725 6331 2138
9 6334 6332 389 6333 2139
9 6277 6335 1228 6336 2140
9 6278 6277 6336 2346 2141
9 6337 6317 1719 6338 2142
9 6341 6339 970 6340 2143
9 6343 4837 617 6342 2144
9 6344 5485 1841 6345 2145
9 6347 4021 1403 6346 2146
9 831 3280 6343 6348 2147
9 4837 6343 3280 1379 2148
9 6342 1993 6348 6343 2149
9 6349 6350 1849 6346 2150
9 5595 6351 1814 6352 2151
9 3994 6353 1861 6354 2152
9 6098 6097 6356 1268 2153
9 6099 902 6355 6097 2154
9 6097 6355 2506 6356 2155
9 959 6357 4735 6358 2156
9 4734 2528 6358 4735 2157
9 2528 6359 5928 6360 2158
9 5927 2878 6360 5928 2159
9 3319 3318 6361 1453 2160
9 6361 3318 1140 3936 2161
9 3883 1245 6362 3884 2162
9 3884 6362 2046 6363 2163
9 6366 6364 2108 6365 2164
9 6369 6367 579 6368 2165
9 1093 6370 6371 6129 2166
9 1218 6372 6369 6373 2167
9 6367 6369 6372 1907 2168
9 6368 2361 6373 6369 2169
9 388 4003 6374 5718 2170
9 6377 6375 1415 6376 2171
9 5913 5912 6379 1264 2172
9 6379 5912 643 6378 2173
9 1234 5455 6380 5977 2174
9 3518 787 5762 5868 2175
9 5868 5762 1299 6381 2176
9 5090 5868 6381 1879 2177
9 6384 6382 1194 6383 2178
9 6326 6325 6386 1279 2179
9 6325 6385 3203 6386 2180
9 4111 4113 4335 1184 2181
9 4113 6387 2723 4335 2182
9 6388 6389 2947 6390 2183
9 5878 2786 6391 5879 2184
9 5879 6391 517 5803 2185
9 471 6392 6384 4265 2186
9 6382 6384 6392 1648 2187
9 6383 2702 4265 6384 2188
9 6110 6109 6393 1991 2189
9 6109 11488 2942 6393 2190
9 1409 3476 4490 4085 2191
9 3475 453 4490 3476 2192
9 4489 1839 4085 4490 2193
9 994 6394 5726 6395 2194
9 5724 5726 6394 1695 2195
9 5725 2372 6395 5726 2196
9 4889 1754 6396 4890 2197
9 6396 3701 1769 4890 2198
9 1271 5476 6397 4562 2199
9 651 6398 6375 6399 2200
9 6377 2813 6399 6375 2201
9 5782 1884 3516 5783 2202
9 5783 3516 1084 6400 2203
9 5784 5783 6400 2906 2204
9 5874 1277 6401 5872 2205
9 5872 6401 1864 6402 2206
9 6403 6404 2326 6405 2207
9 6408 6406 1252 6407 2208
9 1299 4242 6409 6381 2209
9 365 366 6409 4242 2210
9 1062 6410 4659 6411 2211
9 4244 4659 6410 2242 2212
9 4658 2353 6411 4659 2213
9 6412 6413 2698 6414 2214
9 5193 2435 6415 5194 2215
9 5194 6415 911 6416 2216
9 5195 5194 6416 2629 2217
9 4135 4134 6418 1276 2218
9 4136 396 6417 4134 2219
9 4134 6417 3172 6418 2220
9 6419 6420 3130 6421 2221
9 6424 6422 2583 6423 2222
9 4392 4393 6426 700 2223
9 4090 2446 6425 4393 2224
9 4393 6425 2949 6426 2225
9 4931 4930 5908 1250 2226
9 5908 4930 739 6427 2227
9 6428 6429 1796 6430 2228
9 6431 6432 1750 6433 2229
9 1372 3330 6434 6435 2230
9 4285 1423 6436 4286 2231
9 4286 6436 2247 6437 2232
9 6440 6438 1674 6439 2233
9 4589 6441 965 6442 2234
9 4590 4589 6442 2454 2235
9 4162 4161 3306 385 2236
9 4157 1249 6443 4161 2237
9 4161 6443 2124 3306 2238
9 6404 6403 6444 602 2239
9 6444 6403 1277 5874 2240
9 4283 4282 6446 1272 2241
9 6446 4282 884 6445 2242
9 1146 6208 5960 6447 2243
9 5959 5960 6208 1711 2244
9 5763 2686 6447 5960 2245
9 5598 5600 6448 856 2246
9 6448 5600 2166 6449 2247
9 6450 6451 2853 6452 2248
9 5139 11792 1137 6453 2249
9 5140 5139 6453 3227 2250
9 6455 3295 757 6454 2251
9 6457 6121 733 6456 2252
9 6458 6127 1765 6459 2253
9 642 5011 6460 5237 2254
9 5012 1253 6460 5011 2255
9 1686 6461 6462 6463 2256
9 6466 6464 1505 6465 2257
9 986 6467 6463 6468 2258
9 6462 2077 6468 6463 2259
9 5295 815 6469 5293 2260
9 5293 6469 1987 6470 2261
9 5293 6470 3505 1344 2262
9 3505 6470 1987 6471 2263
9 6472 6473 1891 6474 2264
9 6148 6475 392 6476 2265
9 6477 6414 2698 6478 2266
9 471 3749 6455 6392 2267
9 3295 6455 3749 1446 2268
9 6454 1648 6392 6455 2269
9 6480 6229 676 6479 2270
9 6481 6482 1978 6483 2271
9 6484 6485 2155 6486 2272
9 1512 6487 6488 5819 2273
9 6489 6490 1883 6491 2274
9 6494 6492 1632 6493 2275
9 6495 6291 2111 6496 2276
9 1573 4621 6497 6498 2277
9 6481 6483 5182 1402 2278
9 934 6499 6361 6500 2279
9 3936 2987 6500 6361 2280
9 3828 591 6239 4841 2281
9 4841 6239 1273 6501 2282
9 4842 4841 6501 2241 2283
9 3393 5187 5288 408 2284
9 5188 1266 6502 5187 2285
9 5187 6502 2414 5288 2286
9 1245 5714 6503 6504 2287
9 1325 5621 6505 6506 2288
9 5622 880 6505 5621 2289
9 6507 6508 2083 6509 2290
9 6510 6506 2303 6511 2291
9 6512 5292 2196 6513 2292
9 3700 1267 6138 3702 2293
9 3702 6138 1963 6514 2294
9 5563 5755 6516 1260 2295
9 5756 844 6515 5755 2296
9 5755 6515 2332 6516 2297
9 4695 4694 6517 1628 2298
9 3467 5462 4694 1334 2299
9 4694 5462 3116 6517 2300
9 6519 3455 809 6518 2301
9 6521 6520 680 6212 2302
9 1008 6522 6521 6523 2303
9 6520 6521 6522 1497 2304
9 6212 2466 6523 6521 2305
9 5827 1549 6524 5836 2306
9 5836 6524 2932 6525 2307
9 6527 4935 1471 6526 2308
9 736 6528 6529 6530 2309
9 6288 904 6531 6286 2310
9 6286 6531 2185 6532 2311
9 6286 6532 6533 1432 2312
9 6533 6532 2185 6534 2313
9 2080 4720 6440 6535 2314
9 3574 513 6440 4720 2315
9 6439 2621 6535 6440 2316
9 171 6247 5801 170 2317
9 6247 6537 2452 5801 2318
9 6538 6539 2552 6540 2319
9 310 311 6366 5439 2320
9 6364 6366 311 312 2321
9 6365 2638 5439 6366 2322
9 65 66 6094 3841 2323
9 5232 6094 66 67 2324
9 6093 2350 3841 6094 2325
9 6541 6542 1852 6543 2326
9 6544 6545 1775 6546 2327
9 6548 3718 486 6547 2328
9 5245 1430 6543 5692 2329
9 5692 6543 1852 6549 2330
9 2159 6528 6254 6550 2331
9 6252 6254 6528 736 2332
9 3359 737 6551 5938 2333
9 5938 6551 1361 6552 2334
9 5405 5938 6552 2903 2335
9 3509 734 6553 3508 2336
9 3508 6553 2790 6554 2337
9 6555 5242 1894 5815 2338
9 6027 6029 6557 1429 2339
9 6028 2227 6556 6029 2340
9 6029 6556 3111 6557 2341
9 6559 4988 1935 6558 2342
9 551 6560 6498 6561 2343
9 3807 2171 3832 3808 2344
9 3808 3832 1042 6562 2345
9 6564 6563 1931 6193 2346
9 6192 2231 6564 6193 2347
9 6021 6020 6565 781 2348
9 6565 6020 1404 6546 2349
9 6566 4892 3019 6567 2350
9 4697 4696 6569 500 2351
9 4698 1257 6568 4696 2352
9 4696 6568 2981 6569 2353
9 4034 162 163 4035 2354
9 4035 163 164 6570 2355
9 4036 4035 6570 1766 2356
9 1171 6571 6572 5193 2357
9 3957 6573 2007 6574 2358
9 6576 273 274 6575 2359
9 1533 6577 6578 5864 2360
9 6485 6484 5559 1330 2361
9 6486 731 4779 6484 2362
9 6484 4779 2427 5559 2363
9 6579 6580 2055 6581 2364
9 50 4731 6583 49 2365
9 4730 1320 6582 4731 2366
9 4731 6582 1964 6583 2367
9 6585 6584 804 4724 2368
9 1528 3829 5569 6586 2369
9 3828 1172 5569 3829 2370
9 556 6587 6588 6589 2371
9 1763 6592 6123 6593 2372
9 6121 6123 6592 733 2373
9 6122 2205 6593 6123 2374
9 6595 4772 1385 6594 2375
9 6596 6581 2055 6597 2376
9 5460 6598 1528 6586 2377
9 5569 2282 5460 6586 2378
9 6600 13 14 6599 2379
9 6601 6602 1914 6603 2380
9 6604 6225 2892 6605 2381
9 6606 6607 1813 6608 2382
9 849 5676 6609 6610 2383
9 5677 1343 6609 5676 2384
9 1389 6611 6595 6612 2385
9 4772 6595 6611 746 2386
9 6594 11851 6612 6595 2387
9 6613 6614 1914 6602 2388
9 5553 5552 5463 1438 2389
9 5463 5552 844 5756 2390
9 5464 5463 5756 2067 2391
9 4145 2123 6615 4266 2392
9 4266 6615 1082 5771 2393
9 4267 4266 5771 2842 2394
9 5298 187 188 5299 2395
9 5299 188 189 4226 2396
9 5300 5299 4226 2426 2397
9 6616 6617 2797 6618 2398
9 6538 892 5084 6539 2399
9 6539 5084 2068 6619 2400
9 2328 6620 6525 9388 2401
9 5836 6525 6620 559 2402
9 3700 3699 5680 1267 2403
9 3699 6621 2030 5680 2404
9 6624 6622 1015 6623 2405
9 1257 4698 6625 6626 2406
9 680 6627 6624 6211 2407
9 6622 6624 6627 1617 2408
9 6623 1711 6211 6624 2409
9 6628 5422 1261 5024 2410
9 6629 664 2837 5972 2411
9 3292 3291 6631 632 2412
9 3293 1291 6630 3291 2413
9 3291 6630 2601 6631 2414
9 999 6632 6424 5983 2415
9 6422 6424 6632 1803 2416
9 6423 2699 5983 6424 2417
9 5736 401 6633 6145 2418
9 6145 6633 2487 6160 2419
9 6159 3192 6145 6160 2420
9 6609 6634 386 6635 2421
9 6610 6609 6635 2176 2422
9 6636 10105 2671 4141 2423
9 3433 3473 6637 1582 2424
9 4930 4932 3473 739 2425
9 3473 4932 2406 6637 2426
9 6639 4387 1636 6638 2427
9 6055 6054 6641 1316 2428
9 6056 404 6640 6054 2429
9 6054 6640 3025 6641 2430
9 2054 6642 6494 6643 2431
9 6492 6494 6642 743 2432
9 6644 6645 1905 6646 2433
9 1166 6647 6648 6649 2434
9 6225 6604 6651 742 2435
9 6605 1345 6650 6604 2436
9 6604 6650 1821 6651 2437
9 5027 1309 6652 5028 2438
9 5028 6652 1881 6653 2439
9 4261 1099 6654 4259 2440
9 4259 6654 2912 6655 2441
9 6657 6656 1676 6646 2442
9 4856 4855 6659 755 2443
9 4855 6658 2726 6659 2444
9 6150 505 6660 6151 2445
9 6151 6660 2005 6661 2446
9 6152 6151 6661 2352 2447
9 1471 6662 6663 6526 2448
9 1636 4355 6664 6638 2449
9 1592 6665 6085 6666 2450
9 6084 1639 6666 6085 2451
9 4474 4495 6667 782 2452
9 4496 1278 5807 4495 2453
9 4495 5807 2715 6667 2454
9 6668 6669 2995 6670 2455
9 3977 1516 6671 3978 2456
9 3978 6671 2268 6672 2457
9 6674 6389 1516 6673 2458
9 6675 6676 1639 6084 2459
9 6677 6678 2394 4276 2460
9 6680 4766 981 6679 2461
9 6450 1387 6681 6451 2462
9 6451 6681 3016 6682 2463
9 6429 6428 6683 1306 2464
9 6430 477 6041 6428 2465
9 6428 6041 1985 6683 2466
9 1757 6684 5993 6685 2467
9 5694 5993 6684 1388 2468
9 5992 3088 6685 5993 2469
9 294 295 6686 6687 2470
9 4233 1679 6688 5550 2471
9 6688 6689 2678 5550 2472
9 4601 4607 6690 1269 2473
9 4608 604 4634 4607 2474
9 4607 4634 2022 6690 2475
9 6693 6691 839 6692 2476
9 4629 4628 6695 1332 2477
9 4628 6694 2861 6695 2478
9 6696 4918 2724 6697 2479
9 461 5319 6698 6699 2480
9 1537 5034 3523 5939 2481
9 5036 677 3523 5034 2482
9 5940 5939 3523 1600 2483
9 6700 6695 2861 6701 2484
9 5319 1616 6702 6698 2485
9 6698 6702 1033 6703 2486
9 6699 6698 6703 1697 2487
9 4855 1309 5027 6658 2488
9 5029 638 6704 5027 2489
9 5027 6704 2726 6658 2490
9 6707 6705 509 6706 2491
9 6708 6538 1652 6707 2492
9 2294 4194 6709 6068 2493
9 4680 4679 6711 617 2494
9 4681 1374 6710 4679 2495
9 4679 6710 3094 6711 2496
9 6712 6713 2008 6076 2497
9 6304 2674 5451 6305 2498
9 6305 5451 1256 5551 2499
9 5550 2678 6305 5551 2500
9 378 379 6714 6715 2501
9 6716 6717 3084 5858 2502
9 6718 3682 2391 6719 2503
9 6720 6721 2024 3980 2504
9 4962 4961 6723 1321 2505
9 4961 6722 2817 6723 2506
9 3430 1953 6724 3572 2507
9 3572 6724 849 6610 2508
9 3573 3572 6610 2176 2509
9 1341 6725 6726 6727 2510
9 5173 5172 6728 574 2511
9 5174 1293 5410 5172 2512
9 5172 5410 2571 6728 2513
9 1715 6729 4327 6730 2514
9 4325 4327 6729 908 2515
9 4326 2019 6730 4327 2516
9 580 6731 6035 6732 2517
9 6033 6035 6731 1954 2518
9 6733 6727 2371 6734 2519
9 6737 6735 2216 6736 2520
9 6738 3357 1392 4083 2521
9 3369 5081 6739 1598 2522
9 3533 1282 5429 5081 2523
9 5081 5429 2834 6739 2524
9 6740 6592 1763 5885 2525
9 3693 4664 6742 1308 2526
9 3708 456 6741 4664 2527
9 4664 6741 3138 6742 2528
9 894 3767 6743 6744 2529
9 395 6745 6273 6746 2530
9 6275 2631 6746 6273 2531
9 998 6749 4504 6750 2532
9 4503 3001 6750 4504 2533
9 3886 3885 6752 1661 2534
9 3887 951 6751 3885 2535
9 3885 6751 2946 6752 2536
9 6755 6753 1395 6754 2537
9 6756 6757 2726 6704 2538
9 6111 848 6110 6112 2539
9 6112 6110 1991 6758 2540
9 6759 6760 2418 6761 2541
9 5328 5329 6763 1078 2542
9 4256 2093 6762 5329 2543
9 5329 6762 2727 6763 2544
9 1165 4289 6764 6765 2545
9 6767 317 318 6766 2546
9 4815 474 6768 4955 2547
9 6768 6769 3142 4955 2548
9 6770 6771 2969 6772 2549
9 6774 6773 1584 6772 2550
9 3439 3844 6757 1315 2551
9 3845 755 6659 3844 2552
9 3844 6659 2726 6757 2553
9 2113 6775 6776 6777 2554
9 6778 6779 1887 6780 2555
9 3665 2107 6781 4587 2556
9 4587 6781 868 6782 2557
9 4588 4587 6782 3179 2558
9 6272 6783 1726 6784 2559
9 5927 6272 6784 2878 2560
9 3411 3413 6786 1116 2561
9 3412 1912 6785 3413 2562
9 3413 6785 3056 6786 2563
9 4938 4937 6788 497 2564
9 4748 1281 6787 4937 2565
9 4937 6787 2444 6788 2566
9 6789 6790 1706 6791 2567
9 6495 6496 5630 1057 2568
9 6794 6792 1534 6793 2569
9 3533 473 5701 3534 2570
9 3534 5701 2040 6795 2571
9 6796 6797 2996 6798 2572
9 4662 4661 6652 1309 2573
9 4663 483 3644 4661 2574
9 4661 3644 1881 6652 2575
9 5617 6218 6800 697 2576
9 4177 1425 6799 6218 2577
9 6218 6799 1996 6800 2578
9 6796 6798 6801 976 2579
9 6801 6798 2996 6802 2580
9 6803 6804 1971 6805 2581
9 6803 1904 6806 6804 2582
9 6804 6806 863 6807 2583
9 6808 3292 632 5223 2584
9 6053 6052 6809 1713 2585
9 6809 6052 536 3843 2586
9 4614 4613 6793 1534 2587
9 6793 4613 431 6810 2588
9 6811 6812 2149 6813 2589
9 6814 6530 2208 6815 2590
9 5514 5513 6817 1810 2591
9 5512 924 6816 5513 2592
9 5513 6816 2587 6817 2593
9 6818 4798 2320 6819 2594
9 6820 6821 2902 6822 2595
9 6616 1630 6823 6617 2596
9 6617 6823 1160 6824 2597
9 6713 6712 6064 1272 2598
9 6076 816 6825 6712 2599
9 6712 6825 2875 6064 2600
9 6826 6827 3009 5623 2601
9 1428 5074 6828 6829 2602
9 3719 3729 6831 1388 2603
9 3730 798 6830 3729 2604
9 3729 6830 3195 6831 2605
9 6332 6334 6832 1864 2606
9 6832 6334 1911 6328 2607
9 6833 6834 1996 6799 2608
9 3940 3939 4723 1285 2609
9 4900 4899 6836 1280 2610
9 4899 6835 2410 6836 2611
9 6044 1512 5818 6045 2612
9 6045 5818 673 6270 2613
9 5941 6045 6270 2132 2614
9 6602 6601 4315 1326 2615
9 6603 529 6837 6601 2616
9 6601 6837 1818 4315 2617
9 5886 402 6838 5884 2618
9 5884 6838 2979 6839 2619
9 6840 6841 2808 6748 2620
9 6473 6472 6843 651 2621
9 6474 1351 6842 6472 2622
9 6472 6842 2980 6843 2623
9 6845 6590 564 6844 2624
9 1110 5380 6846 6847 2625
9 5382 1509 6846 5380 2626
9 6848 4609 1386 4200 2627
9 1648 6454 6466 6849 2628
9 6464 6466 6454 757 2629
9 6465 2636 6849 6466 2630
9 6851 6850 1812 5171 2631
9 5170 1829 6851 5171 2632
9 6852 11716 2592 6853 2633
9 1428 6030 6854 5804 2634
9 4806 4807 6501 1273 2635
9 4808 762 6855 4807 2636
9 4807 6855 2241 6501 2637
9 606 6027 6856 6857 2638
9 1053 6858 6859 6860 2639
9 6861 6725 1341 5745 2640
9 6027 1429 6862 6856 2641
9 6856 6862 1055 6863 2642
9 6857 6856 6863 2763 2643
9 972 5712 6864 6865 2644
9 5314 1721 6864 5712 2645
9 937 4824 6170 6866 2646
9 3864 6170 4824 1524 2647
9 6169 2338 6866 6170 2648
9 5869 1509 6867 5870 2649
9 5870 6867 2974 6868 2650
9 6869 6053 1713 6870 2651
9 6872 6871 701 6133 2652
9 399 6873 5571 6874 2653
9 5569 5571 6873 2282 2654
9 5570 2663 6874 5571 2655
9 6877 6875 2484 6876 2656
9 6880 6878 1851 6879 2657
9 6882 4718 492 6881 2658
9 3554 3553 6884 390 2659
9 3551 1289 6883 3553 2660
9 3553 6883 1995 6884 2661
9 6885 6886 2995 6669 2662
9 4212 2702 6887 4213 2663
9 6887 6265 2787 4213 2664
9 830 4939 6888 6889 2665
9 6890 6891 3199 6892 2666
9 4478 4477 6894 613 2667
9 4479 1442 6893 4477 2668
9 4477 6893 2343 6894 2669
9 1180 5779 6158 6895 2670
9 5775 1565 6158 5779 2671
9 6160 2487 6895 6158 2672
9 770 5430 4849 6896 2673
9 4010 1836 4849 5430 2674
9 4848 3151 6896 4849 2675
9 6897 6898 1891 6473 2676
9 3848 3856 6899 1363 2677
9 4156 4158 3856 779 2678
9 3856 4158 1774 6899 2679
9 1526 6900 6901 6203 2680
9 5024 1261 6191 5023 2681
9 5023 6191 2810 6902 2682
9 3669 3668 6904 1002 2683
9 3670 1613 6903 3668 2684
9 3668 6903 2838 6904 2685
9 6318 6320 6906 1560 2686
9 6320 6905 2704 6906 2687
9 1201 4378 6693 3640 2688
9 6691 6693 4378 2039 2689
9 6692 2675 3640 6693 2690
9 908 6729 6907 6908 2691
9 6729 1715 4469 6907 2692
9 6907 4469 802 6909 2693
9 6908 6907 6909 1871 2694
9 6912 6910 1026 6911 2695
9 6915 6913 1919 6914 2696
9 1323 6916 6917 6918 2697
9 4554 6216 5196 726 2698
9 6217 1424 6919 6216 2699
9 6216 6919 2588 5196 2700
9 850 6920 4577 6921 2701
9 4476 4577 6920 2013 2702
9 4576 2877 6921 4577 2703
9 6923 58 59 6922 2704
9 1024 6924 6421 6925 2705
9 6419 6421 6924 2662 2706
9 6928 6926 1202 6927 2707
9 609 6929 6928 6930 2708
9 6927 2872 6930 6928 2709
9 3726 1670 4295 6114 2710
9 4295 6931 2955 6114 2711
9 3610 5674 6932 749 2712
9 6932 5674 1444 3599 2713
9 4396 4547 6934 1281 2714
9 4547 6933 2856 6934 2715
9 6775 418 6935 6776 2716
9 6935 1801 2518 6776 2717
9 6936 6937 2041 5673 2718
9 6940 6938 943 6939 2719
9 6900 709 3495 6901 2720
9 6901 3495 1536 6941 2721
9 6203 6901 6941 1790 2722
9 6942 6943 2535 6547 2723
9 5673 946 6944 6936 2724
9 6936 6944 2417 6945 2725
9 6946 4714 2914 6947 2726
9 4759 6948 2353 6949 2727
9 5428 5427 6951 794 2728
9 5429 1282 6950 5427 2729
9 5427 6950 2327 6951 2730
9 1805 6952 6892 6953 2731
9 6890 6892 6952 752 2732
9 6955 6490 628 6954 2733
9 3342 5361 6956 1292 2734
9 5362 632 6631 5361 2735
9 5361 6631 2601 6956 2736
9 4872 4871 6957 936 2737
9 4864 1439 5955 4871 2738
9 4871 5955 2501 6957 2739
9 6959 5855 1607 6958 2740
9 5485 6344 6960 1376 2741
9 6960 6344 781 6565 2742
9 6546 1775 6960 6565 2743
9 5342 5643 6962 1384 2744
9 5540 704 6961 5643 2745
9 5643 6961 3144 6962 2746
9 3854 3853 5682 1412 2747
9 5682 3853 506 6963 2748
9 543 6964 6408 6965 2749
9 6406 6408 6964 2650 2750
9 6407 3020 6965 6408 2751
9 6967 6966 573 4225 2752
9 6767 6766 6969 1631 2753
9 6766 6968 7330 6969 2754
9 5858 5857 6971 412 2755
9 3376 1312 6970 5857 2756
9 5857 6970 2616 6971 2757
9 6587 1702 6972 6588 2758
9 6588 6972 2676 6973 2759
9 6974 6975 2335 6976 2760
9 3718 3717 3459 486 2761
9 3719 1388 6684 3717 2762
9 3717 6684 1757 3459 2763
9 1345 4591 6977 6650 2764
9 5499 1323 6918 5498 2765
9 5498 6918 2859 6978 2766
9 304 305 5211 6979 2767
9 5212 5211 305 306 2768
9 5213 1854 6979 5211 2769
9 6980 6981 3159 6982 2770
9 1414 3479 6848 6983 2771
9 4609 6848 3479 488 2772
9 4200 1727 6983 6848 2773
9 6916 2337 6984 6917 2774
9 6917 6984 468 6985 2775
9 6918 6917 6985 2859 2776
9 5472 2205 6986 5473 2777
9 5473 6986 565 6987 2778
9 5474 5473 6987 3091 2779
9 4723 4722 6989 1285 2780
9 4724 804 6988 4722 2781
9 4722 6988 2811 6989 2782
9 3384 3383 6990 758 2783
9 3385 1414 6983 3383 2784
9 3383 6983 1727 6990 2785
9 6992 6516 2332 6991 2786
9 6993 6994 3157 6995 2787
9 6996 6157 2285 6997 2788
9 477 6430 6993 6998 2789
9 6994 6993 6430 1796 2790
9 6995 3069 6998 6993 2791
9 550 5137 5681 6319 2792
9 5003 5681 5137 1856 2793
9 5680 2030 6319 5681 2794
9 432 6999 5457 7000 2795
9 5455 5457 6999 2219 2796
9 5456 3044 7000 5457 2797
9 7001 7002 2058 7003 2798
9 7005 5190 1400 7004 2799
9 7008 7006 843 7007 2800
9 554 7009 7010 7011 2801
9 7013 7012 1570 6872 2802
9 6133 2849 7013 6872 2803
9 5812 5811 7014 2761 2804
9 7014 5811 477 6998 2805
9 6295 578 5657 6296 2806
9 5657 7015 2957 6296 2807
9 3488 2411 7016 4106 2808
9 4106 7016 597 7017 2809
9 7009 1889 7018 7010 2810
9 7010 7018 1082 6615 2811
9 7011 7010 6615 2123 2812
9 3452 1222 7019 3453 2813
9 3453 7019 3170 7020 2814
9 6506 6510 7022 1325 2815
9 6511 625 7021 6510 2816
9 6510 7021 2793 7022 2817
9 414 7023 7024 7025 2818
9 3782 3781 7027 1307 2819
9 3783 789 7026 3781 2820
9 3781 7026 2807 7027 2821
9 4616 4618 7028 748 2822
9 7028 4618 1714 6031 2823
9 7029 7030 2101 3715 2824
9 1781 6006 7031 7024 2825
9 4331 4330 7033 889 2826
9 4332 1417 7032 4330 2827
9 4330 7032 2235 7033 2828
9 4369 4368 7035 10726 2829
9 4365 1286 7034 4368 2830
9 4368 7034 3059 7035 2831
9 6306 738 4150 6304 2832
9 4055 1394 7036 4150 2833
9 4150 7036 2674 6304 2834
9 5182 5184 7038 1402 2835
9 5183 1838 7037 5184 2836
9 5184 7037 2523 7038 2837
9 7039 7040 2517 7041 2838
9 7042 7043 2312 7044 2839
9 1521 6179 7045 7046 2840
9 4694 4693 7048 1334 2841
9 4693 7047 2503 7048 2842
9 4479 5152 7040 1442 2843
9 5153 979 7049 5152 2844
9 5152 7049 2517 7040 2845
9 5714 2079 7050 6503 2846
9 6503 7050 877 7051 2847
9 6504 6503 7051 2383 2848
9 7053 4447 1828 7052 2849
9 960 6487 7054 7055 2850
9 7056 7057 2235 7032 2851
9 6487 1512 6044 7054 2852
9 7054 6044 534 7058 2853
9 7055 7054 7058 2360 2854
9 1357 7059 7060 7061 2855
9 3417 1703 7062 3418 2856
9 3418 7062 2927 7063 2857
9 815 7064 7065 7066 2858
9 3943 3942 7068 870 2859
9 3942 7067 2271 7068 2860
9 7069 7061 2201 7070 2861
9 5327 5334 7072 1318 2862
9 7072 5334 753 7071 2863
9 3515 6311 7073 626 2864
9 6312 1323 5499 6311 2865
9 6311 5499 2749 7073 2866
9 7006 7008 7075 1934 2867
9 7007 2207 7074 7008 2868
9 7008 7074 2694 7075 2869
9 5383 195 196 5384 2870
9 5384 196 197 7076 2871
9 6288 6287 7078 2420 2872
9 6287 7077 3226 7078 2873
9 2964 7079 7080 5961 2874
9 4668 5067 7082 1342 2875
9 4972 482 7081 5067 2876
9 5067 7081 2322 7082 2877
9 4398 4397 3951 1287 2878
9 4399 667 7083 4397 2879
9 4397 7083 2257 3951 2880
9 4310 4320 7085 1295 2881
9 4321 796 7084 4320 2882
9 4320 7084 2695 7085 2883
9 6317 6337 7087 1366 2884
9 6338 754 7086 6337 2885
9 6337 7086 1980 7087 2886
9 7088 7089 2485 7090 2887
9 384 4254 7091 7092 2888
9 4256 1317 7091 4254 2889
9 1238 5585 7093 7094 2890
9 3715 1290 4391 7029 2891
9 7029 4391 2243 7095 2892
9 2745 7096 7097 7098 2893
9 923 6852 7099 7100 2894
9 6853 1464 7099 6852 2895
9 2600 7101 7102 7103 2896
9 501 4695 3679 7105 2897
9 3384 3679 4695 1628 2898
9 3678 1731 7105 3679 2899
9 984 3463 7106 7107 2900
9 4434 7109 1643 7110 2901
9 3987 4434 7110 1650 2902
9 698 7111 7112 7113 2903
9 7114 4845 1976 5839 2904
9 5838 2978 7114 5839 2905
9 7089 7088 7115 1340 2906
9 7090 757 4534 7088 2907
9 7088 4534 2378 7115 2908
9 1891 6898 6341 7116 2909
9 6897 1408 6341 6898 2910
9 6340 2926 7116 6341 2911
9 6891 6890 6958 1607 2912
9 6958 6890 752 7117 2913
9 6959 6958 7117 1623 2914
9 1643 7118 7119 7110 2915
9 7120 7121 2852 7122 2916
9 6572 6571 7112 1642 2917
9 7112 6571 1171 7123 2918
9 7113 7112 7123 2777 2919
9 5174 5180 7125 1293 2920
9 5181 864 7124 5180 2921
9 5180 7124 2259 7125 2922
9 7127 7126 571 4073 2923
9 6178 6186 7129 1356 2924
9 7129 6186 577 7128 2925
9 1096 7130 7127 7131 2926
9 7126 7127 7130 1977 2927
9 4073 2072 7131 7127 2928
9 6010 6009 7133 2307 2929
9 6008 1460 7132 6009 2930
9 6009 7132 2777 7133 2931
9 3514 3513 7135 1298 2932
9 3515 626 7134 3513 2933
9 3513 7134 2418 7135 2934
9 1346 7136 6955 7137 2935
9 6490 6955 7136 1883 2936
9 6954 3174 7137 6955 2937
9 6879 7138 596 7139 2938
9 6880 6879 7139 2651 2939
9 7064 2172 5785 7065 2940
9 7065 5785 1223 7140 2941
9 6677 2181 7141 6678 2942
9 6678 7141 1174 7142 2943
9 6609 1343 7143 6634 2944
9 6634 7143 3058 7144 2945
9 1539 5861 7145 7146 2946
9 7147 4768 2058 7002 2947
9 7149 4832 1466 7148 2948
9 1401 7150 7151 7152 2949
9 7154 6611 1389 7153 2950
9 6016 6017 5185 588 2951
9 5185 6017 1662 7155 2952
9 5186 5185 7155 2324 2953
9 6759 6761 7157 1447 2954
9 6761 7156 3223 7157 2955
9 5240 5249 7159 1314 2956
9 5250 784 7158 5249 2957
9 5249 7158 2500 7159 2958
9 1358 5241 7160 7161 2959
9 1426 3906 5642 7162 2960
9 3905 1249 5642 3906 2961
9 5641 2470 7162 5642 2962
9 6858 1709 7163 6859 2963
9 6859 7163 696 7164 2964
9 6860 6859 7164 2408 2965
9 6614 6613 7166 790 2966
9 6602 1326 7165 6613 2967
9 6613 7165 1920 7166 2968
9 3848 1592 6666 3857 2969
9 3857 6666 1639 7167 2970
9 4892 6566 7168 622 2971
9 6567 1354 4300 6566 2972
9 6566 4300 2915 7168 2973
9 1375 3313 7169 3585 2974
9 1559 3650 6118 7170 2975
9 3645 483 6118 3650 2976
9 5064 1893 7170 6118 2977
9 7172 5358 1227 7171 2978
9 7175 7173 2307 7174 2979
9 1331 4149 7176 7177 2980
9 4150 738 7176 4149 2981
9 7180 7178 1228 7179 2982
9 7181 7182 2312 7043 2983
9 1091 7184 7185 7186 2984
9 7187 7188 3072 7189 2985
9 7192 7190 692 7191 2986
9 3971 3970 7194 1297 2987
9 3972 469 7193 3970 2988
9 3970 7193 2203 7194 2989
9 5520 5519 7196 1294 2990
9 5175 750 7195 5519 2991
9 5519 7195 2179 7196 2992
9 3968 7197 1693 3710 2993
9 3356 1742 3968 3710 2994
9 4753 4752 7198 1385 2995
9 4754 515 5231 4752 2996
9 4752 5231 1804 7198 2997
9 3353 53 54 3351 2998
9 3351 54 55 7199 2999
9 3352 3351 7199 1870 3000
9 3861 7200 1937 7201 3001
9 3402 3404 4848 1199 3002
9 3403 1398 7202 3404 3003
9 3404 7202 3151 4848 3004
9 555 4682 7203 7204 3005
9 5030 1514 7203 4682 3006
9 7207 7205 485 7206 3007
9 3329 4840 7208 725 3008
9 7208 4840 1500 5339 3009
9 4857 3210 7208 5339 3010
9 1153 7209 7207 7210 3011
9 7205 7207 7209 2088 3012
9 7206 2089 7210 7207 3013
9 7211 7190 1580 5883 3014
9 4616 748 4124 5424 3015
9 4124 1551 2308 5424 3016
9 6669 6668 7212 1502 3017
9 6670 725 7208 6668 3018
9 6668 7208 3210 7212 3019
9 7214 6553 734 7213 3020
9 552 7215 5089 7216 3021
9 5087 5089 7215 1989 3022
9 5088 2299 7216 5089 3023
9 4605 4604 5053 1301 3024
9 4604 7217 2136 5053 3025
9 6350 6349 7219 806 3026
9 6346 1403 7218 6349 3027
9 6349 7218 3184 7219 3028
9 814 7220 7221 4958 3029
9 7222 7219 3184 7223 3030
9 6058 6057 7225 1319 3031
9 6057 7224 2431 7225 3032
9 466 3947 4532 6046 3033
9 3928 1304 4532 3947 3034
9 4531 2094 6046 4532 3035
9 7226 5813 1894 7227 3036
9 6542 6541 7228 811 3037
9 6543 1430 4783 6541 3038
9 6541 4783 1899 7228 3039
9 609 7229 7180 7230 3040
9 7178 7180 7229 1880 3041
9 7179 2628 7230 7180 3042
9 5677 5676 7221 1672 3043
9 7221 5676 849 7231 3044
9 4958 7221 7231 1799 3045
9 7234 7232 637 7233 3046
9 545 7235 6912 7236 3047
9 6910 6912 7235 1772 3048
9 6911 2250 7236 6912 3049
9 4432 7237 11474 7238 3050
9 6975 6974 7240 1303 3051
9 6976 772 7239 6974 3052
9 6974 7239 3127 7240 3053
9 1627 7241 7242 7243 3054
9 7245 4629 1332 7244 3055
9 7247 7246 1974 5933 3056
9 4948 494 7248 4946 3057
9 4946 7248 1844 7249 3058
9 7250 7251 1770 7252 3059
9 7253 7254 1874 7255 3060
9 1557 7256 7257 5921 3061
9 521 7258 7259 7260 3062
9 7261 7103 2994 5697 3063
9 7258 1469 3298 7259 3064
9 7259 3298 801 7262 3065
9 7260 7259 7262 1825 3066
9 6592 6740 7263 733 3067
9 5885 1351 6474 6740 3068
9 6740 6474 1891 7263 3069
9 7264 7265 2100 7266 3070
9 5564 7267 1710 7268 3071
9 7269 7270 2059 6914 3072
9 4447 7053 7272 793 3073
9 7052 2240 7271 7053 3074
9 7053 7271 3182 7272 3075
9 7273 7274 1983 7275 3076
9 758 6990 4509 7276 3077
9 4199 4509 6990 1727 3078
9 4508 2024 7276 4509 3079
9 7279 7277 1367 7278 3080
9 7280 3426 443 4458 3081
9 5397 5396 7282 1433 3082
9 7282 5396 1189 7281 3083
9 7283 7284 2351 7285 3084
9 7288 7286 792 7287 3085
9 7289 7225 2431 7290 3086
9 5498 6978 7291 765 3087
9 7291 6978 2859 7292 3088
9 7293 7294 2728 3400 3089
9 7295 7296 2061 7297 3090
9 1329 4333 7298 7284 3091
9 369 370 7298 4333 3092
9 7301 7299 429 7300 3093
9 7303 3652 1310 7302 3094
9 7304 7305 3081 7306 3095
9 4991 1305 4952 4989 3096
9 4989 4952 2220 7307 3097
9 4893 771 2612 7308 3098
9 7310 9 10 7309 3099
9 7311 7312 1950 4380 3100
9 7315 7313 939 7314 3101
9 1169 7316 7315 7317 3102
9 7313 7315 7316 2103 3103
9 7314 2116 7317 7315 3104
9 7319 4594 1136 7318 3105
9 7225 7289 7321 1319 3106
9 7289 7320 2584 7321 3107
9 6283 6282 7323 649 3108
9 6264 1368 7322 6282 3109
9 6282 7322 2947 7323 3110
9 6061 7324 2345 7325 3111
9 3826 4151 7327 472 3112
9 4151 7326 3199 7327 3113
9 5800 5799 7329 2238 3114
9 5789 710 7328 5799 3115
9 5799 7328 3113 7329 3116
9 6748 6747 7331 1380 3117
9 7331 6747 1025 7330 3118
9 3493 6251 3683 728 3119
9 3385 1628 6517 6251 3120
9 6251 6517 3116 3683 3121
9 1423 4285 6289 7332 3122
9 4112 479 6289 4285 3123
9 6291 1842 7332 6289 3124
9 7333 7334 2009 7335 3125
9 1339 5720 7336 7337 3126
9 542 7338 7339 7340 3127
9 5637 5639 7342 1555 3128
9 5638 1746 7341 5639 3129
9 5639 7341 2558 7342 3130
9 5900 2270 5310 5901 3131
9 5901 5310 3124 7343 3132
9 7344 7345 2104 4401 3133
9 4736 1210 5043 4737 3134
9 4737 5043 1723 7346 3135
9 4738 4737 7346 2366 3136
9 4164 2361 6368 4685 3137
9 4685 6368 579 7347 3138
9 7348 4828 645 5776 3139
9 1791 7004 6480 7349 3140
9 6229 6480 7004 1400 3141
9 6479 2920 7349 6480 3142
9 1071 4062 7348 7350 3143
9 4828 7348 4062 1524 3144
9 5776 2722 7350 7348 3145
9 7351 4162 385 6201 3146
9 7352 7353 2830 7354 3147
9 6261 6263 7356 1614 3148
9 6262 1959 7355 6263 3149
9 6263 7355 2700 7356 3150
9 5353 5530 7358 1722 3151
9 7358 5530 788 7357 3152
9 5023 6902 5696 1564 3153
9 6865 6864 7360 2050 3154
9 6864 7359 2643 7360 3155
9 509 6705 6019 7361 3156
9 6707 1652 6019 6705 3157
9 5922 1666 7361 6019 3158
9 7364 7362 1623 7363 3159
9 7367 7365 1337 7366 3160
9 1764 7368 7369 5523 3161
9 5524 5523 7369 2577 3162
9 7370 7371 1770 7251 3163
9 5581 1223 5580 5582 3164
9 5582 5580 1867 7372 3165
9 5583 5582 7372 3114 3166
9 4363 1310 3654 4361 3167
9 4361 3654 2350 7373 3168
9 7061 7069 7375 1357 3169
9 7070 496 7374 7069 3170
9 7069 7374 2870 7375 3171
9 7286 7288 7377 1863 3172
9 7287 2364 7376 7288 3173
9 7288 7376 2843 7377 3174
9 4925 4936 5256 1476 3175
9 4935 663 7378 4936 3176
9 4936 7378 2097 5256 3177
9 5374 5376 7143 1343 3178
9 5375 2062 7379 5376 3179
9 5376 7379 3058 7143 3180
9 1094 7380 7381 7382 3181
9 7385 7383 2340 7384 3182
9 7380 1640 4631 7381 3183
9 7381 4631 604 7386 3184
9 7382 7381 7386 2622 3185
9 7387 7162 2470 7388 3186
9 7391 7389 773 7390 3187
9 6249 6248 7392 2131 3188
9 6250 1232 3688 6248 3189
9 6248 3688 2840 7392 3190
9 7393 7394 1918 3471 3191
9 7396 113 114 7395 3192
9 988 7397 6809 7398 3193
9 3843 2287 7398 6809 3194
9 4045 5209 7399 1540 3195
9 7399 5209 1026 6910 3196
9 4058 1316 6606 4732 3197
9 6608 628 7400 6606 3198
9 6606 7400 2483 4732 3199
9 4958 4957 7401 814 3200
9 4947 1373 6491 4957 3201
9 4957 6491 1883 7401 3202
9 1039 7402 6117 6314 3203
9 6116 2750 6314 6117 3204
9 7404 3658 954 7403 3205
9 7405 7406 2097 7378 3206
9 7408 76 77 7407 3207
9 1104 3677 5278 7409 3208
9 5276 5278 3677 1681 3209
9 4399 4528 7411 667 3210
9 4529 1324 7410 4528 3211
9 4528 7410 2911 7411 3212
9 7412 7413 2263 7414 3213
9 7415 7416 2239 7417 3214
9 7419 4992 1127 7418 3215
9 5454 5453 7421 1380 3216
9 5453 7420 2530 7421 3217
9 2313 7422 7423 7424 3218
9 6695 6700 7426 1332 3219
9 6701 1013 7425 6700 3220
9 6700 7425 2687 7426 3221
9 7429 7427 61 7428 3222
9 7430 7431 2253 7432 3223
9 7433 7434 2713 7435 3224
9 7436 7435 2713 7437 3225
9 321 5454 7438 320 3226
9 7438 5454 1380 7331 3227
9 1320 4730 7439 7440 3228
9 5302 7441 1848 7442 3229
9 7443 7444 1899 4470 3230
9 7445 7446 1804 3960 3231
9 7448 5375 610 7447 3232
9 4085 4084 7449 1409 3233
9 4086 660 5909 4084 3234
9 4084 5909 2258 7449 3235
9 7452 7450 1456 7451 3236
9 4919 7453 2018 7454 3237
9 7455 5793 2190 7451 3238
9 4122 748 7028 4879 3239
9 6031 1428 6829 7028 3240
9 7028 6829 1792 4879 3241
9 7454 7456 1241 7457 3242
9 4919 7454 7457 2421 3243
9 4918 6696 7459 1240 3244
9 7459 6696 2078 7458 3245
9 1288 7460 7448 5853 3246
9 5375 7448 7460 2062 3247
9 7447 2468 5853 7448 3248
9 6757 6756 7462 1315 3249
9 6704 638 7461 6756 3250
9 6756 7461 2193 7462 3251
9 7463 7464 3150 7465 3252
9 7466 7467 3014 7468 3253
9 7458 9781 920 7469 3254
9 7459 7458 7469 2347 3255
9 1253 7470 7471 3080 3256
9 4439 4438 3923 1336 3257
9 4438 7472 2177 3923 3258
9 7060 7059 7474 896 3259
9 7059 7473 2498 7474 3260
9 7475 7476 2846 7477 3261
9 7478 8886 2846 7476 3262
9 7284 7283 3519 1329 3263
9 3658 3660 7283 954 3264
9 7283 3660 2035 3519 3265
9 58 6923 7480 57 3266
9 6922 1618 7479 6923 3267
9 6923 7479 2731 7480 3268
9 5190 5189 7482 1400 3269
9 137 138 7481 5189 3270
9 5189 7481 2494 7482 3271
9 7352 1658 7483 7353 3272
9 7353 7483 2668 10847 3273
9 7486 7484 1302 7485 3274
9 7487 7488 2736 7489 3275
9 635 7490 7486 7491 3276
9 7484 7486 7490 2590 3277
9 7485 2711 7491 7486 3278
9 7492 7493 2384 5794 3279
9 1480 7494 7495 7496 3280
9 3403 3421 7497 1398 3281
9 7497 3421 1850 4911 3282
9 464 7498 7499 7500 3283
9 5155 5161 7501 1773 3284
9 4440 4590 5161 786 3285
9 5161 4590 2454 7501 3286
9 7502 6310 1924 7503 3287
9 7504 7505 2578 6558 3288
9 7507 4314 899 7506 3289
9 7508 7509 2841 3590 3290
9 7510 7297 2061 7511 3291
9 7277 7512 2706 7513 3292
9 4240 709 6900 4239 3293
9 4239 6900 1526 3837 3294
9 3635 4239 3837 1717 3295
9 7516 7514 528 7515 3296
9 3967 4959 7518 1368 3297
9 4959 7517 3075 7518 3298
9 7520 7519 730 5651 3299
9 7521 5951 2186 7522 3300
9 7524 7523 1321 6723 3301
9 6059 6058 7526 2211 3302
9 7526 6058 1319 7525 3303
9 1011 7527 7520 4114 3304
9 5651 1762 4114 7520 3305
9 7530 7528 1502 7529 3306
9 694 7531 7419 5742 3307
9 4992 7419 7531 1677 3308
9 7418 2641 5742 7419 3309
9 6706 7532 1522 7533 3310
9 6707 6706 7533 1875 3311
9 1133 7534 5511 7535 3312
9 5509 5511 7534 2990 3313
9 5616 5619 7533 1522 3314
9 7533 5619 822 7536 3315
9 5823 5822 5305 871 3316
9 5305 5822 1410 4088 3317
9 4489 5305 4088 1839 3318
9 3894 765 7291 5504 3319
9 7292 1364 7537 7291 3320
9 7291 7537 2330 5504 3321
9 7514 7516 7539 1913 3322
9 7515 2347 7538 7516 3323
9 7516 7538 3125 7539 3324
9 7540 7541 2081 4970 3325
9 7542 7177 2761 7014 3326
9 6998 3069 7542 7014 3327
9 7545 7543 824 7544 3328
9 524 7546 7547 5568 3329
9 5324 5323 7548 1477 3330
9 4513 622 7168 5323 3331
9 5323 7168 2915 7548 3332
9 7549 7548 2915 5261 3333
9 1070 4702 7545 7550 3334
9 5033 1932 7545 4702 3335
9 7544 2106 7550 7545 3336
9 3838 1354 6567 5767 3337
9 5767 6567 3019 7551 3338
9 7546 1658 7552 7547 3339
9 7547 7552 955 7553 3340
9 5568 7547 7553 2169 3341
9 7555 7554 1252 6406 3342
9 5326 5325 7556 508 3343
9 5327 1318 5800 5325 3344
9 5325 5800 2238 7556 3345
9 7557 7558 2327 7559 3346
9 4082 4081 7561 519 3347
9 4083 1392 7560 4081 3348
9 4081 7560 2059 7561 3349
9 5227 5229 4551 1165 3350
9 4551 5229 2654 7562 3351
9 7563 7564 1940 6378 3352
9 280 281 7565 7566 3353
9 7568 7567 1356 7129 3354
9 1482 7569 7570 3619 3355
9 7311 1687 7571 7312 3356
9 7312 7571 3127 7572 3357
9 7434 7433 6985 468 3358
9 7435 1364 7292 7433 3359
9 7433 7292 2859 6985 3360
9 958 7573 7555 7574 3361
9 7554 7555 7573 1869 3362
9 6406 2650 7574 7555 3363
9 7577 7575 1114 7576 3364
9 599 7578 7579 7580 3365
9 720 5368 7577 7581 3366
9 7575 7577 5368 1724 3367
9 7576 2541 7581 7577 3368
9 7563 1481 4125 7564 3369
9 4125 7582 1940 7564 3370
9 6080 6079 7584 1335 3371
9 6079 7583 2682 7584 3372
9 6269 6268 7150 1401 3373
9 6270 673 7585 6268 3374
9 6268 7585 2520 7150 3375
9 7586 7587 3128 7588 3376
9 3944 3946 7590 851 3377
9 3945 1515 7589 3946 3378
9 3946 7589 2824 7590 3379
9 639 4155 7591 5777 3380
9 4927 5704 3625 1247 3381
9 3625 5704 3052 7592 3382
9 621 7593 7594 4819 3383
9 7597 7595 666 7596 3384
9 7600 7598 1679 7599 3385
9 7601 7602 2458 7603 3386
9 7605 7604 2021 4642 3387
9 1820 7606 7607 7608 3388
9 7468 1602 7609 7466 3389
9 7609 7610 2236 7466 3390
9 5087 5341 7612 991 3391
9 5342 1384 7611 5341 3392
9 5341 7611 2779 7612 3393
9 546 4379 7613 7614 3394
9 3554 5289 7616 1511 3395
9 3319 1453 7615 5289 3396
9 5289 7615 3240 7616 3397
9 7593 1942 7617 7594 3398
9 7594 7617 1027 7618 3399
9 4819 7594 7618 2000 3400
9 7621 7619 1159 7620 3401
9 4379 1741 7622 7613 3402
9 7613 7622 927 7623 3403
9 7614 7613 7623 1979 3404
9 465 4780 7621 7624 3405
9 7619 7621 4780 1665 3406
9 7620 2798 7624 7621 3407
9 7625 7626 2086 7627 3408
9 3598 3597 6913 767 3409
9 3597 7628 1919 6913 3410
9 7629 7627 2086 7630 3411
9 2216 4457 7631 6736 3412
9 7632 7633 1915 7634 3413
9 261 262 6877 4241 3414
9 6875 6877 262 263 3415
9 6876 2649 4241 6877 3416
9 1103 7635 6940 7636 3417
9 6938 6940 7635 1865 3418
9 6939 2860 7636 6940 3419
9 7637 7638 2049 7639 3420
9 7640 7641 1906 7642 3421
9 7643 7644 1915 7633 3422
9 7645 7332 1842 5391 3423
9 4289 1955 4202 6764 3424
9 4202 7646 2717 6764 3425
9 7332 7645 7641 1423 3426
9 5391 795 7647 7645 3427
9 7645 7647 1906 7641 3428
9 7648 7649 2305 7650 3429
9 7651 7652 2250 7653 3430
9 7656 7654 741 7655 3431
9 7657 3335 1101 3350 3432
9 7658 7659 2049 7638 3433
9 516 6144 7660 6255 3434
9 7150 2520 7661 7151 3435
9 7151 7661 923 7662 3436
9 7152 7151 7662 2630 3437
9 7649 7648 7663 842 3438
9 7650 1327 6196 7648 3439
9 7648 6196 2319 7663 3440
9 4155 1647 5116 7591 3441
9 7591 5116 969 5205 3442
9 5777 7591 5205 1734 3443
9 7665 7666 2011 7667 3444
9 7668 7669 2233 7241 3445
9 7495 7494 7671 403 3446
9 7494 7670 3225 7671 3447
9 7672 7094 2389 7673 3448
9 7416 7415 6080 1335 3449
9 7417 830 6889 7415 3450
9 7415 6889 2115 6080 3451
9 6127 6458 7675 1348 3452
9 6459 718 7674 6458 3453
9 6458 7674 2960 7675 3454
9 7494 1480 7676 7670 3455
9 7676 7677 3225 7670 3456
9 6249 7678 442 7679 3457
9 1054 7680 7681 7682 3458
9 2249 7683 7588 7684 3459
9 7586 7588 7683 859 3460
9 3647 1844 7248 3648 3461
9 3648 7248 494 7685 3462
9 3649 3648 7685 1961 3463
9 7687 4774 1089 7686 3464
9 7688 4429 2085 7673 3465
9 973 7689 7690 4853 3466
9 7689 1852 6542 7690 3467
9 7690 6542 811 4346 3468
9 4853 7690 4346 1976 3469
9 5667 5666 6485 1330 3470
9 5564 7268 7188 1494 3471
9 7268 7691 3072 7188 3472
9 3978 1366 7087 3976 3473
9 3976 7087 1980 7692 3474
9 1704 4022 3617 7693 3475
9 4021 504 3617 4022 3476
9 3616 1882 7693 3617 3477
9 6200 6199 7694 1383 3478
9 6201 385 6125 6199 3479
9 6199 6125 2152 7694 3480
9 5875 1145 4687 5876 3481
9 4687 7695 2863 5876 3482
9 502 7696 7697 5438 3483
9 7698 7699 2526 7700 3484
9 7701 5893 1769 3703 3485
9 1507 3802 7702 7703 3486
9 2086 7626 7414 7704 3487
9 7412 7414 7626 835 3488
9 7706 5413 1753 7705 3489
9 7707 7708 2150 7709 3490
9 7711 5975 436 7710 3491
9 7705 7712 532 7713 3492
9 7706 7705 7713 2138 3493
9 1303 5518 7711 6975 3494
9 5975 7711 5518 2248 3495
9 7710 2335 6975 7711 3496
9 4179 7714 2003 7715 3497
9 1508 7716 7717 7718 3498
9 7470 2005 6660 7471 3499
9 7471 6660 505 7719 3500
9 5255 5254 7720 1008 3501
9 7720 5254 1521 7046 3502
9 7721 7722 3136 7723 3503
9 5476 5478 5435 785 3504
9 5435 5478 2210 7724 3505
9 7727 7725 886 7726 3506
9 3910 1325 7728 3911 3507
9 3911 7728 2285 7729 3508
9 646 3468 7730 5729 3509
9 7731 7732 2265 7733 3510
9 7734 7735 2580 7736 3511
9 1005 7737 7524 7738 3512
9 7523 7524 7737 2091 3513
9 6723 2817 7738 7524 3514
9 4199 4198 7739 861 3515
9 4200 1386 7733 4198 3516
9 4198 7733 2265 7739 3517
9 7741 6194 1327 7740 3518
9 5553 1438 7742 5557 3519
9 5557 7742 2192 7743 3520
9 1657 7744 7745 7746 3521
9 7747 7748 2952 7749 3522
9 7752 7753 2680 7751 3523
9 7754 7755 2039 4377 3524
9 629 5686 7756 7757 3525
9 5397 1433 7756 5686 3526
9 7758 3816 1140 4020 3527
9 7759 7760 2217 7761 3528
9 7762 5541 1989 7215 3529
9 7764 6847 1809 7763 3530
9 7756 7765 938 7766 3531
9 7757 7756 7766 2538 3532
9 686 7767 7319 7768 3533
9 4594 7319 7767 1665 3534
9 7318 2105 7768 7319 3535
9 7367 629 7757 7365 3536
9 7365 7757 2538 7769 3537
9 7770 7771 2217 7760 3538
9 1913 6518 6090 7772 3539
9 6088 6090 6518 809 3540
9 7358 7357 7774 1858 3541
9 7357 7773 2667 7774 3542
9 2469 7775 7776 7777 3543
9 6528 2159 7778 6529 3544
9 6529 7778 1034 3759 3545
9 6530 6529 3759 2208 3546
9 4747 4764 7780 1508 3547
9 7780 4764 945 7779 3548
9 4820 4835 7697 1406 3549
9 7697 4835 895 7781 3550
9 5438 7697 7781 2369 3551
9 3969 3982 4923 1448 3552
9 6850 6851 3982 852 3553
9 3982 6851 1829 4923 3554
9 5969 5968 5324 1477 3555
9 5970 752 6952 5968 3556
9 5968 6952 1805 5324 3557
9 6812 6811 6283 649 3558
9 6813 1365 4214 6811 3559
9 6811 4214 2787 6283 3560
9 7782 5312 3240 7615 3561
9 3417 3746 7784 1703 3562
9 3746 7783 3033 7784 3563
9 5237 5236 7786 642 3564
9 4420 1478 7785 5236 3565
9 5236 7785 2191 7786 3566
9 7787 7788 2899 7789 3567
9 7790 7791 2191 7785 3568
9 7792 7793 2917 7794 3569
9 1479 3997 7795 7796 3570
9 1017 7797 5795 7798 3571
9 5793 5795 7797 2190 3572
9 5794 2384 7798 5795 3573
9 4609 4611 7800 1386 3574
9 4610 1547 7799 4611 3575
9 4611 7799 2524 7800 3576
9 912 7801 5967 3570 3577
9 5222 5967 7801 1872 3578
9 5966 2413 3570 5967 3579
9 6820 6822 7802 869 3580
9 7803 7804 2612 771 3581
9 1770 7371 3872 7805 3582
9 3600 3872 7371 763 3583
9 7806 6667 2715 7807 3584
9 7809 7361 1666 7808 3585
9 7810 7811 2511 7812 3586
9 755 3845 7813 7814 3587
9 4145 1347 7815 4143 3588
9 4143 7815 2620 7816 3589
9 7817 7340 2948 7818 3590
9 7820 7819 1479 7796 3591
9 5448 5664 7822 702 3592
9 5665 1584 7821 5664 3593
9 5664 7821 1862 7822 3594
9 182 183 6134 5798 3595
9 6135 6134 183 184 3596
9 6136 2623 5798 6134 3597
9 7823 7824 2603 5364 3598
9 1399 6016 7688 7825 3599
9 4429 7688 6016 588 3600
9 7673 2389 7825 7688 3601
9 1211 5379 7608 7826 3602
9 5378 1820 7608 5379 3603
9 7607 2796 7826 7608 3604
9 1072 3900 7827 7828 3605
9 1025 7829 6969 7330 3606
9 3957 1280 6836 6573 3607
9 6573 6836 2410 7830 3608
9 462 4876 7831 7832 3609
9 7833 7825 2389 7834 3610
9 7836 7081 482 7835 3611
9 128 7837 7838 7839 3612
9 4876 1677 7840 7831 3613
9 7831 7840 1114 7575 3614
9 7832 7831 7575 1724 3615
9 7841 7842 2478 7843 3616
9 7844 7845 1758 7846 3617
9 4858 2456 7847 4859 3618
9 4859 7847 1021 7848 3619
9 4860 4859 7848 2917 3620
9 6963 7849 1593 7846 3621
9 5682 6963 7846 1758 3622
9 7850 7642 1906 7851 3623
9 4504 6749 7853 2066 3624
9 7853 6749 998 7852 3625
9 1336 3922 7854 7855 3626
9 7096 768 3671 7097 3627
9 7097 3671 1504 7856 3628
9 7098 7097 7856 2966 3629
9 1340 5467 7857 7089 3630
9 7858 7859 2302 7860 3631
9 7861 7862 2566 7863 3632
9 2697 7864 7794 7865 3633
9 7792 7794 7864 1810 3634
9 1812 6850 6738 7866 3635
9 3357 6738 6850 852 3636
9 4083 2890 7866 6738 3637
9 4893 4895 7867 771 3638
9 4894 1694 6092 4895 3639
9 4895 6092 3085 7867 3640
9 6841 6840 7869 627 3641
9 6748 1380 7868 6840 3642
9 6840 7868 2853 7869 3643
9 7870 7871 2566 7862 3644
9 7558 7557 5072 1338 3645
9 7559 625 6511 7557 3646
9 7557 6511 2303 5072 3647
9 7873 5356 1694 7872 3648
9 4820 1406 7860 4818 3649
9 4818 7860 2302 7874 3650
9 6053 6869 7876 1413 3651
9 7876 6869 727 7875 3652
9 7203 7877 1045 7878 3653
9 7204 7203 7878 2857 3654
9 444 7879 7880 7881 3655
9 4550 5377 7883 1355 3656
9 5170 425 7882 5377 3657
9 5377 7882 2666 7883 3658
9 7884 5605 751 4652 3659
9 4788 4787 7886 1624 3660
9 4291 487 7885 4787 3661
9 4787 7885 2639 7886 3662
9 5706 5705 4478 613 3663
9 5707 1339 7887 5705 3664
9 5705 7887 2395 4478 3665
9 7541 7540 7888 926 3666
9 4970 1355 7883 7540 3667
9 7540 7883 2666 7888 3668
9 6790 6789 7890 1405 3669
9 6791 406 7889 6789 3670
9 6789 7889 3037 7890 3671
9 7891 7892 3245 7893 3672
9 7894 7895 2334 3869 3673
9 5616 1522 7896 5614 3674
9 5614 7896 1960 7897 3675
9 7898 7899 1933 7900 3676
9 7901 7902 2547 3634 3677
9 4925 4924 7880 1471 3678
9 7880 4924 864 7903 3679
9 7881 7880 7903 2160 3680
9 7905 5969 1477 7904 3681
9 4894 4940 7872 1694 3682
9 4939 830 7906 4940 3683
9 4940 7906 1716 7872 3684
9 1129 4070 7907 7908 3685
9 3886 1661 7907 4070 3686
9 7909 7910 2230 7911 3687
9 7912 7913 2163 7907 3688
9 7914 3302 1358 7161 3689
9 5646 455 7915 5659 3690
9 7915 7911 2230 5659 3691
9 1128 7916 7917 7918 3692
9 5585 2084 7919 7093 3693
9 7093 7919 897 7834 3694
9 7094 7093 7834 2389 3695
9 7921 7920 1106 9771 3696
9 7923 7922 1100 5474 3697
9 7924 7925 2183 7926 3698
9 7642 7850 7644 655 3699
9 7850 7927 1915 7644 3700
9 6048 6047 7929 922 3701
9 6049 1411 7928 6047 3702
9 6047 7928 3063 7929 3703
9 7902 7930 1498 7931 3704
9 764 7932 7399 6086 3705
9 6910 1772 6086 7399 3706
9 7933 4451 635 7491 3707
9 979 5545 7933 7934 3708
9 4451 7933 5545 1421 3709
9 7491 2711 7934 7933 3710
9 7935 7921 3003 7936 3711
9 7939 7937 623 7938 3712
9 3987 1650 7940 3988 3713
9 3988 7940 2374 7941 3714
9 600 7942 7943 7944 3715
9 7942 2156 7945 7943 3716
9 7943 7945 1314 7159 3717
9 7944 7943 7159 2500 3718
9 7947 4981 1552 7946 3719
9 7568 808 7948 7567 3720
9 7567 7948 2820 7949 3721
9 7951 7950 1701 7939 3722
9 7938 2430 7951 7939 3723
9 7952 4216 2183 7925 3724
9 6647 2468 7447 6648 3725
9 6648 7447 610 7953 3726
9 6649 6648 7953 2746 3727
9 1255 7954 7727 7955 3728
9 7725 7727 7954 2173 3729
9 7726 2868 7955 7727 3730
9 5071 5070 4622 1573 3731
9 4622 5070 719 7606 3732
9 4623 4622 7606 1820 3733
9 7251 7250 7956 1437 3734
9 7252 403 7671 7250 3735
9 7250 7671 3225 7956 3736
9 1509 5869 7957 6846 3737
9 5871 760 7957 5869 3738
9 6847 6846 7957 1809 3739
9 7122 1212 4851 7120 3740
9 7120 4851 1688 7958 3741
9 7121 7120 7958 2356 3742
9 7959 6426 2949 7960 3743
9 2308 7961 7600 7962 3744
9 7599 2745 7962 7600 3745
9 7638 7637 6000 672 3746
9 7639 1437 7963 7637 3747
9 7637 7963 3233 6000 3748
9 7703 7702 7964 2065 3749
9 3802 418 6775 7702 3750
9 7702 6775 2113 7964 3751
9 7435 7436 7966 1364 3752
9 7437 961 7965 7436 3753
9 7436 7965 2701 7966 3754
9 6727 6733 5966 1341 3755
9 6734 513 3575 6733 3756
9 6733 3575 2413 5966 3757
9 1157 7967 7968 7969 3758
9 4148 5308 7970 620 3759
9 5294 1344 5100 5308 3760
9 5308 5100 2234 7970 3761
9 5518 5517 7972 2248 3762
9 5516 703 7971 5517 3763
9 5517 7971 2962 7972 3764
9 1068 7973 7301 7974 3765
9 7299 7301 7973 1869 3766
9 7300 2575 7974 7301 3767
9 7975 4794 1705 7960 3768
9 7976 7977 2762 7978 3769
9 7980 3331 618 7979 3770
9 4371 4370 7981 676 3771
9 3631 1360 4292 4370 3772
9 4370 4292 2137 7981 3773
9 1258 7982 7098 4617 3774
9 5403 4617 7098 2966 3775
9 1488 7983 7768 7984 3776
9 7977 7976 7985 823 3777
9 7978 1357 7375 7976 3778
9 7976 7375 2870 7985 3779
9 386 7986 7987 7988 3780
9 848 6111 7984 7989 3781
9 6113 1488 7984 6111 3782
9 7768 2105 7989 7984 3783
9 4016 1760 7990 4951 3784
9 4951 7990 895 7991 3785
9 4952 4951 7991 2220 3786
9 6285 1342 7082 6284 3787
9 6284 7082 2322 7992 3788
9 7993 7994 2397 3873 3789
9 7697 7696 7996 1406 3790
9 7696 7995 2336 7996 3791
9 7987 7997 1206 4245 3792
9 7988 7987 4245 2242 3793
9 7998 7999 2039 7755 3794
9 8000 4002 1790 6941 3795
9 4864 4863 8002 1439 3796
9 4865 659 8001 4863 3797
9 4863 8001 2659 8002 3798
9 8003 4250 2781 8004 3799
9 6981 6980 8006 838 3800
9 6982 1350 8005 6980 3801
9 6980 8005 2292 8006 3802
9 8007 5195 2629 7174 3803
9 8008 6691 2039 7999 3804
9 7184 2233 8009 7185 3805
9 7185 8009 396 8010 3806
9 7186 7185 8010 2281 3807
9 8011 8012 3006 8013 3808
9 7842 7841 8015 1381 3809
9 7843 891 8014 7841 3810
9 7841 8014 2504 8015 3811
9 7464 7463 8005 1350 3812
9 7465 638 5029 7463 3813
9 7463 5029 2292 8005 3814
9 4524 4523 8017 1353 3815
9 4525 953 8016 4523 3816
9 4523 8016 2519 8017 3817
9 4339 4968 5247 726 3818
9 4969 1349 3657 4968 3819
9 4968 3657 2288 5247 3820
9 5921 5920 8019 1557 3821
9 5922 769 8018 5920 3822
9 5920 8018 2281 8019 3823
9 454 5060 8020 8021 3824
9 5062 1460 8020 5060 3825
9 6025 6038 7431 1778 3826
9 1460 6008 8022 8020 3827
9 8021 8020 8022 2221 3828
9 1269 4229 8023 6139 3829
9 6213 2139 8024 6214 3830
9 6214 8024 1065 8025 3831
9 6215 6214 8025 2767 3832
9 94 95 6081 8026 3833
9 6079 6081 95 96 3834
9 7859 7858 3623 872 3835
9 7860 1406 7996 7858 3836
9 7858 7996 2336 3623 3837
9 6316 6315 8027 636 3838
9 3978 6672 6315 1366 3839
9 6315 6672 2268 8027 3840
9 6573 7830 8028 2007 3841
9 8028 7830 2410 6042 3842
9 7899 7898 7026 789 3843
9 7900 1416 8029 7898 3844
9 7898 8029 2807 7026 3845
9 8030 5637 1555 7266 3846
9 3810 1278 4496 6536 3847
9 4496 8031 2540 6536 3848
9 3900 1816 5906 7827 3849
9 7827 5906 1254 5466 3850
9 7828 7827 5466 2829 3851
9 8032 5383 1350 6982 3852
9 4180 691 8033 4813 3853
9 4813 8033 3039 8034 3854
9 503 5118 8035 8036 3855
9 7422 428 8037 7423 3856
9 8037 8038 2939 7423 3857
9 3405 3576 8039 1576 3858
9 3962 5066 3576 490 3859
9 3576 5066 2708 8039 3860
9 7916 1603 8040 7917 3861
9 8040 8041 2945 7917 3862
9 8043 4665 1685 8042 3863
9 7666 7665 8045 11333 3864
9 7665 8044 2759 8045 3865
9 6530 6814 8046 736 3866
9 8046 6814 1365 6813 3867
9 3813 4573 8047 722 3868
9 3539 1771 8047 4573 3869
9 8050 250 251 8049 3870
9 3592 421 3979 3593 3871
9 3981 1689 8051 3979 3872
9 3979 8051 2507 3593 3873
9 3730 4586 8053 798 3874
9 4586 8052 2910 8053 3875
9 5614 7897 3347 695 3876
9 8054 8055 2572 8056 3877
9 6827 6826 8058 1431 3878
9 5623 740 8057 6826 3879
9 6826 8057 2721 8058 3880
9 8059 8058 2721 8060 3881
9 3972 2090 8061 4539 3882
9 4539 8061 1117 8062 3883
9 4540 4539 8062 2560 3884
9 5541 7762 8064 1370 3885
9 7215 552 8063 7762 3886
9 7762 8063 2670 8064 3887
9 1033 6702 8056 8065 3888
9 8054 8056 6702 1616 3889
9 5655 1767 8067 8066 3890
9 8068 8069 1941 8070 3891
9 2310 5596 8071 8072 3892
9 3726 3725 8073 1670 3893
9 3524 718 6459 3725 3894
9 3725 6459 1765 8073 3895
9 723 8074 8075 8076 3896
9 6969 7829 8075 1631 3897
9 8075 7829 1025 8077 3898
9 8076 8075 8077 2529 3899
9 6194 247 248 6195 3900
9 6195 248 249 8078 3901
9 6196 6195 8078 2319 3902
9 330 331 8079 8080 3903
9 8081 10748 2234 5099 3904
9 1143 3296 8082 8083 3905
9 8085 6551 737 8084 3906
9 956 8087 8088 7602 3907
9 4265 4264 3750 471 3908
9 6814 6815 4264 1365 3909
9 4264 6815 2208 3750 3910
9 3597 1444 5678 7628 3911
9 7628 5678 392 8089 3912
9 8090 8091 2480 8092 3913
9 8093 8094 2038 8095 3914
9 924 5512 8096 8097 3915
9 1346 8098 8099 8100 3916
9 6177 6176 8102 905 3917
9 6178 1356 8101 6176 3918
9 6176 8101 2557 8102 3919
9 6779 6778 8103 1518 3920
9 6780 491 5987 6778 3921
9 6778 5987 2919 8103 3922
9 8104 6464 757 7090 3923
9 5872 727 8105 5873 3924
9 5873 8105 3156 8106 3925
9 1161 5163 7884 8107 3926
9 5605 7884 5163 2144 3927
9 4652 2729 8107 7884 3928
9 1284 8108 8109 8110 3929
9 4273 5926 8112 820 3930
9 3949 1371 8111 5926 3931
9 5926 8111 2444 8112 3932
9 7610 7609 8113 890 3933
9 8113 7609 1602 8067 3934
9 7254 7253 8114 1361 3935
9 7255 791 4627 7253 3936
9 7253 4627 2354 8114 3937
9 3692 653 6534 3948 3938
9 3948 6534 2185 8115 3939
9 519 7561 8116 6169 3940
9 4690 5854 8118 724 3941
9 5854 8117 3054 8118 3942
9 6508 8119 2800 8120 3943
9 1425 4176 8121 8122 3944
9 1392 3354 6915 7560 3945
9 6913 6915 3354 767 3946
9 6914 2059 7560 6915 3947
9 3496 658 3874 3497 3948
9 3497 3874 2397 8123 3949
9 1367 8090 8124 7278 3950
9 8092 882 8124 8090 3951
9 1395 6753 8125 8126 3952
9 8127 8128 2717 8129 3953
9 7735 7734 6143 1363 3954
9 7736 720 7581 7734 3955
9 7734 7581 2541 6143 3956
9 8132 8130 1107 8131 3957
9 7699 7698 8134 967 3958
9 7700 1487 8133 7698 3959
9 7698 8133 2827 8134 3960
9 1133 8135 7429 8136 3961
9 7427 7429 8135 2274 3962
9 7428 2432 8136 7429 3963
9 4080 1372 6435 4078 3964
9 4078 6435 2199 8137 3965
9 791 7255 8138 8139 3966
9 8098 2442 8140 8099 3967
9 8140 8141 2889 8099 3968
9 574 8142 8132 5173 3969
9 8130 8132 8142 2038 3970
9 8131 2164 5173 8132 3971
9 7682 7681 8143 1712 3972
9 7680 1579 7893 7681 3973
9 7681 7893 3245 8143 3974
9 273 6576 8145 272 3975
9 6576 8144 2688 8145 3976
9 1416 7900 8146 8147 3977
9 1043 4649 8148 8149 3978
9 8150 8151 2731 7479 3979
9 741 8152 4620 5259 3980
9 3514 4620 8152 1729 3981
9 4619 2456 5259 4620 3982
9 8154 7611 1384 8153 3983
9 6085 6665 8155 780 3984
9 6665 4234 2134 8155 3985
9 538 8156 8157 8158 3986
9 6061 7325 3372 433 3987
9 4991 2130 4388 6181 3988
9 6181 4388 858 8159 3989
9 1148 8160 8161 8162 3990
9 8164 7811 567 8163 3991
9 1835 5162 6033 8165 3992
9 6034 6033 5162 1161 3993
9 8160 1909 8166 8161 3994
9 8161 8166 924 8097 3995
9 8162 8161 8097 2462 3996
9 7900 1933 8167 8146 3997
9 8146 8167 464 8168 3998
9 8147 8146 8168 3008 3999
9 7219 7222 8169 806 4000
9 7223 1405 7890 7222 4001
9 7222 7890 3037 8169 4002
9 4606 4777 8171 690 4003
9 4777 8170 3244 8171 4004
9 3604 1416 8147 3606 4005
9 3606 8147 3008 8172 4006
9 8173 5019 2212 8174 4007
9 1682 4449 8129 8175 4008
9 8127 8129 4449 549 4009
9 4276 573 6966 6677 4010
9 6966 8176 2181 6677 4011
9 628 6608 7172 6954 4012
9 5358 7172 6608 1813 4013
9 7171 3174 6954 7172 4014
9 403 8177 8178 7495 4015
9 7496 7495 8178 2448 4016
9 8179 8180 2527 8181 4017
9 1434 3852 6976 8182 4018
9 3851 772 6976 3852 4019
9 6889 6888 8184 2115 4020
9 4939 1520 8183 6888 4021
9 6888 8183 3188 8184 4022
9 5870 6868 4186 1755 4023
9 4186 6868 2974 8185 4024
9 1000 8186 3801 8187 4025
9 3800 2617 8187 3801 4026
9 8190 8188 2549 8189 4027
9 8192 7708 1451 8191 4028
9 2446 5348 8193 6425 4029
9 8195 8083 2200 8194 4030
9 1377 8196 7656 8197 4031
9 7654 7656 8196 2337 4032
9 7655 3131 8197 7656 4033
9 7241 2233 7184 7242 4034
9 7242 7184 1091 8198 4035
9 7243 7242 8198 3145 4036
9 5074 81 82 6828 4037
9 6828 82 83 8199 4038
9 6829 6828 8199 1792 4039
9 8200 8201 2273 8202 4040
9 8203 8204 1892 8205 4041
9 8206 5556 2424 8207 4042
9 584 8208 8209 3397 4043
9 4739 4740 8211 654 4044
9 3304 1585 8210 4740 4045
9 4740 8210 2707 8211 4046
9 7384 8212 1190 8213 4047
9 7385 7384 8213 2785 4048
9 7561 2059 7270 8116 4049
9 8116 7270 1009 8214 4050
9 6169 8116 8214 2338 4051
9 8215 8216 3063 7928 4052
9 8209 8217 910 8218 4053
9 3397 8209 8218 1873 4054
9 8219 8220 2301 8221 4055
9 3526 3525 8222 1459 4056
9 3524 1173 4920 3525 4057
9 3525 4920 2421 8222 4058
9 1825 7262 8223 8224 4059
9 1027 7617 8225 7776 4060
9 7777 7776 8225 3178 4061
9 8227 8226 1825 8224 4062
9 6020 6022 6821 1404 4063
9 6022 8228 2902 6821 4064
9 8230 5206 969 8229 4065
9 7399 7932 8231 1540 4066
9 5557 7743 7932 764 4067
9 7932 7743 2192 8231 4068
9 8234 8232 1689 8233 4069
9 4385 4442 8235 2110 4070
9 8235 4442 2655 6299 4071
9 1134 6237 8236 8237 4072
9 3313 1375 8238 3314 4073
9 3314 8238 3234 8239 4074
9 8240 3464 984 6513 4075
9 1128 8241 8240 8242 4076
9 3464 8240 8241 2070 4077
9 6513 2196 8242 8240 4078
9 253 254 6755 8243 4079
9 6753 6755 254 255 4080
9 6508 6507 8244 1458 4081
9 4448 4954 6507 549 4082
9 6507 4954 2556 8244 4083
9 8245 8246 2499 8247 4084
9 7902 7901 5234 654 4085
9 3634 1496 7227 7901 4086
9 7901 7227 1894 5234 4087
9 1129 8248 8247 4070 4088
9 8245 8247 8248 1857 4089
9 3886 4070 8247 2499 4090
9 8249 8250 1987 6469 4091
9 4080 4660 3322 1372 4092
9 3322 4660 11686 8251 4093
9 2124 6443 5494 8252 4094
9 3905 5494 6443 1249 4095
9 5556 8206 8253 878 4096
9 8207 1395 8126 8206 4097
9 8206 8126 2748 8253 4098
9 8255 5916 493 8254 4099
9 1484 6185 8256 8257 4100
9 6420 6419 4065 1192 4101
9 4065 6419 2662 8258 4102
9 8260 8259 1214 5347 4103
9 7387 7388 6676 495 4104
9 8261 3899 1575 5514 4105
9 1433 8262 8263 8264 4106
9 8266 359 360 8265 4107
9 429 4109 8230 8267 4108
9 5206 8230 4109 1840 4109
9 8229 2047 8267 8230 4110
9 8269 5608 1248 8268 4111
9 8270 8271 1941 8069 4112
9 8272 8273 2297 8274 4113
9 8275 3850 2070 8276 4114
9 6490 6489 7400 628 4115
9 6491 1373 8277 6489 4116
9 6489 8277 2483 7400 4117
9 562 8278 8269 8279 4118
9 5608 8269 8278 1800 4119
9 8268 2306 8279 8269 4120
9 8280 8281 2297 8273 4121
9 6576 1497 6522 8144 4122
9 8144 6522 1008 7720 4123
9 7046 2688 8144 7720 4124
9 8283 8284 3119 5271 4125
9 4355 4354 8285 810 4126
9 8285 4354 1445 3591 4127
9 2001 8286 8287 8288 4128
9 1018 8289 4235 8290 4129
9 3952 2257 8290 4235 4130
9 8291 6149 1910 6119 4131
9 1412 4371 6230 3854 4132
9 6229 6230 4371 676 4133
9 6228 2056 3854 6230 4134
9 4817 6244 8293 474 4135
9 6244 8292 3221 8293 4136
9 1306 6683 8294 8295 4137
9 1040 8296 8288 8297 4138
9 8287 2045 8297 8288 4139
9 4911 480 8298 7497 4140
9 7497 8298 2102 8299 4141
9 6706 509 8300 7532 4142
9 7532 8300 3232 8301 4143
9 7895 7894 7748 1415 4144
9 3869 775 3557 7894 4145
9 7894 3557 2952 7748 4146
9 13 6600 8302 12 4147
9 6599 1487 7700 6600 4148
9 6600 7700 2526 8302 4149
9 1448 4922 5203 3363 4150
9 5036 5203 4922 677 4151
9 3364 3363 5203 1962 4152
9 6435 6434 8303 2199 4153
9 3330 725 6670 6434 4154
9 6434 6670 2995 8303 4155
9 1463 6716 4593 8304 4156
9 5858 412 4593 6716 4157
9 199 200 8305 8306 4158
9 6686 1495 8307 6687 4159
9 6687 8307 2380 8308 4160
9 6963 506 8309 7849 4161
9 7849 8309 2355 8310 4162
9 1775 6545 7530 8311 4163
9 7528 7530 6545 413 4164
9 7529 2765 8311 7530 4165
9 4743 4744 8313 1378 4166
9 4132 614 8312 4744 4167
9 4744 8312 2305 8313 4168
9 8314 8315 2103 8316 4169
9 8317 8318 2204 8319 4170
9 8320 6853 2592 8321 4171
9 3252 529 6603 3250 4172
9 3250 6603 1914 8323 4173
9 8324 8325 2609 3276 4174
9 8327 208 209 8326 4175
9 8329 8328 719 4727 4176
9 627 7869 6682 8330 4177
9 6451 6682 7869 2853 4178
9 1076 8331 8329 8332 4179
9 8328 8329 8331 1744 4180
9 4727 2525 8332 8329 4181
9 8333 8334 2609 8325 4182
9 3296 1446 3758 8082 4183
9 8082 3758 1034 8335 4184
9 8083 8082 8335 2200 4185
9 4742 4741 8336 853 4186
9 4741 10284 2941 8336 4187
9 8325 8324 5593 1462 4188
9 3276 587 4548 8324 4189
9 8324 4548 1951 5593 4190
9 8339 8337 1578 8338 4191
9 8340 8341 2624 7578 4192
9 8342 8343 2648 8344 4193
9 8346 8345 523 5441 4194
9 8055 8054 4658 678 4195
9 4759 6949 8054 1616 4196
9 8054 6949 2353 4658 4197
9 5476 785 7256 6397 4198
9 6397 7256 1557 8347 4199
9 4562 6397 8347 3043 4200
9 8216 8215 8349 640 4201
9 7928 1411 8348 8215 4202
9 8215 8348 2412 8349 4203
9 5040 807 4510 5903 4204
9 4510 8350 2178 5903 4205
9 406 6791 4908 8351 4206
9 4473 4908 6791 1706 4207
9 4907 2812 8351 4908 4208
9 8352 8353 1887 6779 4209
9 8356 8354 1719 8355 4210
9 1492 3470 8357 8358 4211
9 290 291 8359 8360 4212
9 8361 8362 3111 6556 4213
9 8365 8363 929 8364 4214
9 8366 8167 1933 8367 4215
9 5253 642 7786 5251 4216
9 5251 7786 2191 8368 4217
9 5282 5281 6269 1401 4218
9 5283 994 8369 5281 4219
9 5281 8369 2132 6269 4220
9 8218 8370 1866 8371 4221
9 8371 8372 825 5739 4222
9 8218 8371 5739 1873 4223
9 6667 7806 8373 782 4224
9 7807 1393 5953 7806 4225
9 7806 5953 3049 8373 4226
9 2356 8374 8375 7121 4227
9 8376 5016 2404 8377 4228
9 8378 5178 1670 8073 4229
9 8380 5326 508 8379 4230
9 8381 8382 3099 8383 4231
9 5918 5917 8385 485 4232
9 5919 1459 8384 5917 4233
9 5917 8384 3231 8385 4234
9 1068 8386 8387 8388 4235
9 4944 4943 8389 1396 4236
9 4943 10245 2705 8389 4237
9 1252 7554 8390 8391 4238
9 1649 3389 8030 8392 4239
9 5637 8030 3389 714 4240
9 7266 2100 8392 8030 4241
9 8015 8282 8393 1381 4242
9 8393 8282 616 7104 4243
9 6991 2332 8393 7104 4244
9 8382 8381 6515 844 4245
9 8383 1381 8393 8381 4246
9 8381 8393 2332 6515 4247
9 8394 8395 2735 8396 4248
9 8399 8397 576 8398 4249
9 1669 6070 8158 7182 4250
9 6071 538 8158 6070 4251
9 8157 2312 7182 8158 4252
9 1119 8400 8399 4060 4253
9 8397 8399 8400 2109 4254
9 8398 2158 4060 8399 4255
9 7910 7909 3768 894 4256
9 7911 1499 3311 7909 4257
9 7909 3311 1957 3768 4258
9 8402 8401 605 10407 4259
9 4831 1393 8319 4829 4260
9 4829 8319 2204 8403 4261
9 8404 8405 2559 8406 4262
9 4170 5590 8408 657 4263
9 5590 8407 2495 8408 4264
9 8386 1550 8409 8387 4265
9 8387 8409 659 8410 4266
9 8388 8387 8410 2864 4267
9 8318 8317 5806 498 4268
9 8319 1393 7807 8317 4269
9 8317 7807 2715 5806 4270
9 8411 8402 2262 8412 4271
9 8405 8413 1296 8414 4272
9 8416 5826 1004 8415 4273
9 7732 7731 4949 650 4274
9 7733 1386 7800 7731 4275
9 7731 7800 2524 4949 4276
9 8417 8418 1871 6909 4277
9 8058 8059 8420 1431 4278
9 8420 8059 983 8419 4279
9 1019 8421 5345 8422 4280
9 5344 2801 8422 5345 4281
9 7554 1869 7973 8390 4282
9 8390 7973 1068 8388 4283
9 8391 8390 8388 2864 4284
9 3934 3933 8418 1542 4285
9 8418 3933 430 8423 4286
9 4006 4258 4796 1178 4287
9 4257 1634 8424 4258 4288
9 4258 8424 1886 4796 4289
9 8425 8262 1433 7282 4290
9 7788 7787 6221 1077 4291
9 7789 1793 8426 7787 4292
9 7787 8426 3087 6221 4293
9 8428 8201 911 8427 4294
9 3812 1390 5840 4046 4295
9 5842 847 8429 5840 4296
9 5840 8429 2569 4046 4297
9 8430 8431 3034 8432 4298
9 8433 8434 2493 8435 4299
9 6107 6106 5985 862 4300
9 6103 1668 8436 6106 4301
9 6106 8436 3158 5985 4302
9 6121 6457 8438 1571 4303
9 6456 1797 8437 6457 4304
9 6457 8437 2439 8438 4305
9 3625 7592 4460 3626 4306
9 3626 4460 451 7749 4307
9 3556 3626 7749 2952 4308
9 8440 8439 1519 4669 4309
9 1160 6823 8441 8442 4310
9 8444 8443 841 5711 4311
9 5710 1749 8444 5711 4312
9 8445 8444 1749 8446 4313
9 6823 1630 3794 8441 4314
9 8441 3794 668 8447 4315
9 8442 8441 8447 2363 4316
9 6599 8448 1946 8449 4317
9 8451 6100 1726 8450 4318
9 8379 8452 1721 8453 4319
9 8380 8379 8453 3103 4320
9 630 3605 5631 8454 4321
9 5629 5631 3605 2309 4322
9 5630 2975 8454 5631 4323
9 8455 8456 2935 8457 4324
9 8460 8458 501 8459 4325
9 6809 7397 8461 1713 4326
9 8461 7397 988 6039 4327
9 760 5871 8462 8463 4328
9 1066 3440 8460 8464 4329
9 3258 1586 8460 3440 4330
9 8459 1986 8464 8460 4331
9 1620 8465 8466 8456 4332
9 1266 5994 8467 6502 4333
9 1604 7309 8468 8469 4334
9 1015 8470 6377 8471 4335
9 6376 2826 8471 6377 4336
9 6834 6833 8472 838 4337
9 6799 1425 8122 6833 4338
9 6833 8122 2073 8472 4339
9 8473 353 354 5501 4340
9 476 4066 8474 8475 4341
9 7569 21 22 7570 4342
9 7570 22 23 4190 4343
9 3619 7570 4190 2871 4344
9 8476 8477 2001 8478 4345
9 8479 8480 3002 8481 4346
9 8480 8479 8483 512 4347
9 8481 1382 8482 8479 4348
9 8479 8482 3134 8483 4349
9 1040 4165 8478 8296 4350
9 8476 8478 4165 1606 4351
9 8288 8296 8478 2001 4352
9 3534 6795 8484 1457 4353
9 8484 6795 2040 8485 4354
9 8486 8487 2048 8488 4355
9 7040 7039 8487 1442 4356
9 7041 416 4172 7039 4357
9 7039 4172 2048 8487 4358
9 8489 8490 2838 8491 4359
9 6129 6128 8493 1093 4360
9 6128 8492 3182 8493 4361
9 7659 7658 8495 1441 4362
9 7638 672 8494 7658 4363
9 7658 8494 3197 8495 4364
9 6128 1457 8484 8492 4365
9 8485 793 7272 8484 4366
9 8484 7272 3182 8492 4367
9 5916 8255 8497 1932 4368
9 8254 2373 8496 8255 4369
9 8255 8496 2881 8497 4370
9 6576 6575 8499 1497 4371
9 6575 8498 1943 8499 4372
9 1688 5603 7154 7958 4373
9 6611 7154 5603 746 4374
9 7153 2356 7958 7154 4375
9 1176 8500 8501 8502 4376
9 8503 8504 2550 8505 4377
9 7825 7833 8507 1399 4378
9 7834 897 8506 7833 4379
9 7833 8506 3243 8507 4380
9 7190 7192 8509 1580 4381
9 7191 2148 8508 7192 4382
9 7192 8508 2969 8509 4383
9 8510 8511 2081 7541 4384
9 8512 8513 2081 8511 4385
9 3462 5208 8514 1259 4386
9 8363 8365 5208 2147 4387
9 5208 8365 2644 8514 4388
9 1252 8516 8517 6407 4389
9 8518 8519 2137 4788 4390
9 8520 8521 2088 8522 4391
9 8525 8523 914 8524 4392
9 8526 8527 2190 7797 4393
9 4486 8528 1060 8529 4394
9 4487 4486 8529 2729 4395
9 1382 7503 8525 8482 4396
9 8523 8525 7503 1924 4397
9 8524 3134 8482 8525 4398
9 3414 8530 888 8531 4399
9 6237 2206 8532 8236 4400
9 8236 8532 1377 8197 4401
9 8237 8236 8197 3131 4402
9 6310 7502 8534 619 4403
9 7503 1382 8533 7502 4404
9 7502 8533 2480 8534 4405
9 8108 2156 7942 8109 4406
9 8109 7942 600 8535 4407
9 8110 8109 8535 2770 4408
9 7371 7370 8536 763 4409
9 7251 1437 7639 7370 4410
9 7370 7639 2049 8536 4411
9 3324 4511 8537 1837 4412
9 4510 807 4557 4511 4413
9 4511 4557 3066 8537 4414
9 8538 5315 2069 8539 4415
9 7837 2320 5702 7838 4416
9 7838 5702 1142 8540 4417
9 7839 7838 8540 2393 4418
9 5882 970 6339 8322 4419
9 6341 1408 8541 6339 4420
9 6339 8541 2821 8322 4421
9 8344 1455 3391 8342 4422
9 3393 408 8542 3391 4423
9 3391 8542 2630 8342 4424
9 8544 6587 556 8543 4425
9 4924 4926 7124 864 4426
9 4926 8557 2259 7124 4427
9 1361 8114 8346 6552 4428
9 8345 8346 8114 2354 4429
9 5441 2903 6552 8346 4430
9 1007 8545 8544 8546 4431
9 6587 8544 8545 1702 4432
9 8543 2428 8546 8544 4433
9 4861 1321 7523 5051 4434
9 5051 7523 2091 8547 4435
9 6473 651 6399 6897 4436
9 6897 6399 2813 8548 4437
9 4914 4913 8550 687 4438
9 4913 8549 2684 8550 4439
9 4961 666 7595 6722 4440
9 7597 1789 8551 7595 4441
9 7595 8551 2817 6722 4442
9 6683 1985 8552 8294 4443
9 8294 8552 799 6131 4444
9 8295 8294 6131 3004 4445
9 8554 327 328 8553 4446
9 611 8555 8556 8246 4447
9 4926 1476 4974 8557 4448
9 8558 5062 2034 8559 4449
9 8555 1546 8560 8556 4450
9 8556 8560 951 3887 4451
9 8246 8556 3887 2499 4452
9 8562 8181 2527 8561 4453
9 8563 8564 2471 8565 4454
9 7652 7651 8191 1451 4455
9 7653 759 8566 7651 4456
9 7651 8566 3148 8191 4457
9 7849 8310 8568 1593 4458
9 8310 8567 2615 8568 4459
9 5095 470 8569 5093 4460
9 5093 8569 3135 8570 4461
9 8571 8572 2534 8573 4462
9 4818 7874 8574 621 4463
9 8563 8565 7874 2302 4464
9 7874 8565 2471 8574 4465
9 1735 5120 7228 8575 4466
9 4344 811 7228 5120 4467
9 8577 8108 1284 8576 4468
9 7059 1357 7978 7473 4469
9 7473 7978 2762 8578 4470
9 6452 1036 8581 6450 4471
9 6450 8581 2667 8582 4472
9 1544 5708 8440 8583 4473
9 8439 8440 5708 707 4474
9 4669 3206 8583 8440 4475
9 3505 6471 7885 487 4476
9 6471 8584 2639 7885 4477
9 6853 8320 8586 1464 4478
9 8321 514 8585 8320 4479
9 8320 8585 3181 8586 4480
9 1784 4582 6649 8587 4481
9 4581 1166 6649 4582 4482
9 7641 7640 6436 1423 4483
9 7642 655 8588 7640 4484
9 7640 8588 2247 6436 4485
9 7633 7632 8589 1454 4486
9 7634 806 8169 7632 4487
9 7632 8169 3037 8589 4488
9 1380 7421 8590 7868 4489
9 3810 641 8591 3811 4490
9 3811 8591 2652 8592 4491
9 7362 7364 8594 535 4492
9 7363 2126 8593 7364 4493
9 7364 8593 2660 8594 4494
9 8595 8205 1892 8596 4495
9 8598 8111 1371 8597 4496
9 29 30 8599 8600 4497
9 7748 7747 6376 1415 4498
9 7749 451 8601 7747 4499
9 7747 8601 2826 6376 4500
9 8097 8096 8603 2462 4501
9 5512 1575 8602 8096 4502
9 8096 8602 3191 8603 4503
9 1710 8604 8605 8606 4504
9 8607 6597 2055 8608 4505
9 7804 7803 8610 1678 4506
9 7803 8609 2014 8610 4507
9 8611 8608 2055 8612 4508
9 4831 1877 8613 5952 4509
9 5952 8613 1086 8614 4510
9 5953 5952 8614 3049 4511
9 881 8615 7170 8616 4512
9 4944 1396 8617 4960 4513
9 4960 8617 2574 8618 4514
9 1484 8367 8619 7488 4515
9 1964 6582 8563 8620 4516
9 8564 8563 6582 1320 4517
9 8622 7824 1625 8621 4518
9 7531 8623 2816 8624 4519
9 130 131 8625 8626 4520
9 6545 6544 8628 413 4521
9 6546 1404 8627 6544 4522
9 6544 8627 2693 8628 4523
9 7531 8624 7840 1677 4524
9 7840 8624 2816 8629 4525
9 8630 8631 3063 8216 4526
9 3836 919 5989 4340 4527
9 5989 8632 2589 4340 4528
9 8635 8633 2561 8634 4529
9 8636 8637 2586 8638 4530
9 3442 3444 4307 571 4531
9 3444 4915 2165 4307 4532
9 1049 8639 4729 8640 4533
9 4728 2744 8640 4729 4534
9 3905 637 7232 5493 4535
9 7234 1407 8638 7232 4536
9 7232 8638 2586 5493 4537
9 5288 5287 8542 408 4538
9 5282 1401 7152 5287 4539
9 5287 7152 2630 8542 4540
9 8642 5250 1794 8641 4541
9 6492 8643 1855 8644 4542
9 8645 8646 1795 8641 4543
9 1134 8647 8648 6238 4544
9 5164 8649 2415 8650 4545
9 8651 8152 741 7654 4546
9 1201 3477 8652 4174 4547
9 440 8653 8154 8654 4548
9 7611 8154 8653 2779 4549
9 8153 3140 8654 8154 4550
9 1698 8079 8655 8656 4551
9 331 332 8655 8079 4552
9 1427 8249 7066 8657 4553
9 6469 815 7066 8249 4554
9 7065 2311 8657 7066 4555
9 883 8658 8659 1896 4556
9 8500 2202 8660 8501 4557
9 8501 8660 582 8661 4558
9 8502 8501 8661 2314 4559
9 1803 8662 8663 8659 4560
9 3604 3603 8029 1416 4561
9 3603 8664 2807 8029 4562
9 3365 3367 8666 1175 4563
9 3366 1419 8665 3367 4564
9 3367 8665 3000 8666 4565
9 6769 6768 8667 1583 4566
9 4404 4456 6768 474 4567
9 6768 4456 2563 8667 4568
9 1537 8668 8669 5035 4569
9 497 6788 8598 2896 4570
9 8111 8598 6788 2444 4571
9 838 8472 8670 6981 4572
9 8671 5875 1475 5007 4573
9 8672 8673 2550 8504 4574
9 8018 8674 1740 8675 4575
9 2043 8676 8043 8677 4576
9 4665 8043 8676 935 4577
9 8678 8679 2804 7763 4578
9 1046 8680 8339 8681 4579
9 8337 8339 8680 2720 4580
9 8338 3065 8681 8339 4581
9 8572 8571 8682 900 4582
9 8573 1397 5166 8571 4583
9 8571 5166 2452 8682 4584
9 5182 6483 8683 833 4585
9 8683 6483 1978 8684 4586
9 8686 8386 1068 8685 4587
9 8688 265 266 8687 4588
9 263 264 8688 6875 4589
9 265 8688 264 4 4590
9 8687 2484 6875 8688 4591
9 1644 6095 6884 8689 4592
9 4019 390 6884 6095 4593
9 8690 8691 3216 8692 4594
9 5199 5198 8694 1554 4595
9 5198 8693 2834 8694 4596
9 6482 6481 8696 532 4597
9 6481 8695 2379 8696 4598
9 8697 3287 1876 8698 4599
9 6332 8699 3230 8700 4600
9 855 8701 8689 8702 4601
9 6884 1995 8702 8689 4602
9 8703 8704 2283 7233 4603
9 6227 6226 8705 876 4604
9 6228 1400 7482 6226 4605
9 6226 7482 2494 8705 4606
9 8708 8706 503 8707 4607
9 8709 8698 1876 8710 4608
9 8712 4934 1450 8711 4609
9 879 3394 8713 8714 4610
9 3392 1455 8713 3394 4611
9 134 135 7005 8715 4612
9 5190 7005 135 136 4613
9 7004 1791 8715 7005 4614
9 1456 7450 8714 8716 4615
9 7452 879 8714 7450 4616
9 8713 3105 8716 8714 4617
9 5277 634 3436 5515 4618
9 5515 3436 1424 6217 4619
9 3786 5515 6217 2858 4620
9 957 4119 8719 8720 4621
9 5069 2714 8722 5722 4622
9 5722 8722 1190 8212 4623
9 6656 8723 1948 8724 4624
9 8726 8725 1148 8162 4625
9 8728 8727 1050 3272 4626
9 5941 2132 8369 5942 4627
9 5942 8369 994 6395 4628
9 5943 5942 6395 2372 4629
9 570 8729 8726 8730 4630
9 8725 8726 8729 1958 4631
9 8162 2462 8730 8726 4632
9 8732 6812 649 8731 4633
9 241 242 8733 8734 4634
9 491 6780 8735 8736 4635
9 8691 8690 8737 681 4636
9 8692 1402 7038 8690 4637
9 8690 7038 2523 8737 4638
9 8740 8738 2036 8739 4639
9 4049 2274 8135 4052 4640
9 4052 8135 1133 7535 4641
9 5511 3122 4052 7535 4642
9 1777 8359 8741 8742 4643
9 291 292 8741 8359 4644
9 3698 3697 8743 1467 4645
9 3696 475 5821 3697 4646
9 3697 5821 3185 8743 4647
9 8744 8745 2037 6050 4648
9 8746 8747 2359 8748 4649
9 8751 8749 1545 8750 4650
9 6030 6032 8753 985 4651
9 6031 1714 8752 6032 4652
9 6032 8752 3204 8753 4653
9 5502 5503 8754 881 4654
9 8754 5503 2167 8711 4655
9 359 8266 8756 358 4656
9 8756 8266 1728 8755 4657
9 2203 8757 8356 8758 4658
9 8354 8356 8757 992 4659
9 8355 2958 8758 8356 4660
9 3287 8697 7699 967 4661
9 8698 1604 8469 8697 4662
9 8697 8469 2526 7699 4663
9 6821 6820 8627 1404 4664
9 6820 9533 2693 8627 4665
9 4984 8759 624 8760 4666
9 2133 8761 8635 8762 4667
9 8633 8635 8761 982 4668
9 8634 2906 8762 8635 4669
9 8763 8764 2180 8765 4670
9 1066 8464 8765 8766 4671
9 8763 8765 8464 1986 4672
9 3956 3955 3834 1527 4673
9 3696 1193 5248 3955 4674
9 3955 5248 2288 3834 4675
9 3673 1845 8767 3913 4676
9 3913 8767 1187 8768 4677
9 3914 3913 8768 2855 4678
9 1906 7647 8451 8769 4679
9 6100 8451 7647 795 4680
9 8450 2803 8769 8451 4681
9 5594 1951 4395 6023 4682
9 6023 4395 826 8770 4683
9 5179 6023 8770 2339 4684
9 30 31 8771 8599 4685
9 8599 8771 1903 8772 4686
9 8600 8599 8772 3129 4687
9 8740 146 147 8738 4688
9 8738 147 148 8773 4689
9 6261 8774 1907 8775 4690
9 3757 4518 8776 1599 4691
9 4519 1125 4281 4518 4692
9 4518 4281 2333 8776 4693
9 8778 6920 850 8777 4694
9 1085 5260 8778 8779 4695
9 6920 8778 5260 2013 4696
9 8777 2219 8779 8778 4697
9 521 7260 8780 8781 4698
9 6761 2418 7134 7156 4699
9 7156 7134 626 8782 4700
9 8784 5999 1678 8610 4701
9 8139 8138 8786 2170 4702
9 7255 1874 8785 8138 4703
9 8138 8785 3015 8786 4704
9 7260 1825 8226 8780 4705
9 8227 899 3325 8226 4706
9 8226 3325 1837 8780 4707
9 8233 2802 8787 8234 4708
9 8234 8787 3157 8788 4709
9 1535 5388 8789 5246 4710
9 5390 699 8789 5388 4711
9 7722 7721 8791 916 4712
9 7723 1420 8790 7721 4713
9 7721 8790 2772 8791 4714
9 6049 6060 8793 1411 4715
9 6061 433 8792 6060 4716
9 6060 8792 3166 8793 4717
9 8794 6935 418 3822 4718
9 5483 5486 8796 1605 4719
9 5487 812 8795 5486 4720
9 5486 8795 1888 8796 4721
9 8797 8798 2277 8799 4722
9 4086 4087 6077 660 4723
9 4088 1410 3675 4087 4724
9 4087 3675 2401 6077 4725
9 8800 8796 1888 8801 4726
9 887 5297 8794 8802 4727
9 6935 8794 5297 1801 4728
9 3822 1917 8802 8794 4729
9 8804 8727 2217 8805 4730
9 747 6577 6967 6262 4731
9 6966 6967 6577 1533 4732
9 4225 1959 6262 6967 4733
9 1936 8806 8807 8808 4734
9 4845 417 8809 4843 4735
9 4843 8809 2695 8810 4736
9 1124 8811 8192 8812 4737
9 7708 8192 8811 2150 4738
9 8191 3148 8812 8192 4739
9 8637 8636 8813 907 4740
9 8638 1407 6245 8636 4741
9 8636 6245 2640 8813 4742
9 6375 6398 7895 1415 4743
9 6398 8814 2334 7895 4744
9 6506 6505 5073 2303 4745
9 5073 6505 880 4738 4746
9 4809 5073 4738 2366 4747
9 680 6520 8815 8816 4748
9 4424 1147 4598 4425 4749
9 4425 4598 1897 8817 4750
9 668 3793 6680 8818 4751
9 4766 6680 3793 1587 4752
9 6679 2730 8818 6680 4753
9 8819 8820 2277 8798 4754
9 8823 8821 1137 8822 4755
9 8825 109 110 8824 4756
9 3983 1194 6382 5133 4757
9 5133 6382 1648 6849 4758
9 5134 5133 6849 2636 4759
9 8431 8430 6330 665 4760
9 8432 1418 8826 8430 4761
9 8430 8826 2725 6330 4762
9 980 8827 3589 8828 4763
9 3587 3589 8827 2472 4764
9 3588 2547 8828 3589 4765
9 4623 1820 5378 5021 4766
9 5021 5378 438 8829 4767
9 6030 985 3431 6854 4768
9 6854 3431 1582 8830 4769
9 5804 6854 8830 2642 4770
9 7162 7387 8832 1426 4771
9 7387 8831 2286 8832 4772
9 5851 5856 8834 1621 4773
9 5856 8833 2057 8834 4774
9 8789 8835 1542 8836 4775
9 5246 8789 8836 3161 4776
9 8487 8486 6893 1442 4777
9 8488 813 8837 8486 4778
9 8486 8837 2343 6893 4779
9 8684 1503 8838 8683 4780
9 8683 8838 2120 8839 4781
9 8840 8841 2757 8842 4782
9 1045 7877 8843 8844 4783
9 7203 1514 8843 7877 4784
9 5716 5715 6462 422 4785
9 5715 8845 2077 6462 4786
9 5893 7701 8838 1503 4787
9 3703 394 8846 7701 4788
9 7701 8846 2120 8838 4789
9 5588 5587 8848 1788 4790
9 8848 5587 592 8847 4791
9 8850 8849 2066 7853 4792
9 7852 2198 8850 7853 4793
9 7057 7056 8851 685 4794
9 7032 1417 3876 7056 4795
9 7056 3876 2703 8851 4796
9 4071 1131 8852 4072 4797
9 4072 8852 3200 8853 4798
9 8856 8854 1608 8855 4799
9 6590 1928 3871 6591 4800
9 4186 8185 3871 1126 4801
9 3871 8185 2974 6591 4802
9 8859 8857 1725 8858 4803
9 6534 653 5723 6533 4804
9 6533 5723 2965 8860 4805
9 817 8861 8862 8863 4806
9 3824 472 5852 8864 4807
9 8865 8866 3088 8867 4808
9 8869 7569 1482 8868 4809
9 5852 1621 8870 8864 4810
9 8870 8871 2869 8864 4811
9 1083 5130 4217 8872 4812
9 4218 4217 5130 2357 4813
9 4219 2893 8872 4217 4814
9 5047 5046 7742 1438 4815
9 5046 8873 2192 7742 4816
9 8631 8630 7099 1464 4817
9 8216 640 8874 8630 4818
9 8630 8874 2648 7099 4819
9 7110 7119 7940 1650 4820
9 7940 7119 925 8875 4821
9 5198 721 3375 8693 4822
9 3370 1598 6739 3375 4823
9 3375 6739 2834 8693 4824
9 1137 8821 8876 6453 4825
9 8823 1561 8876 8821 4826
9 8707 8877 2453 8878 4827
9 8708 8707 8878 2806 4828
9 8879 8880 2481 8881 4829
9 8882 8883 2355 8309 4830
9 3568 3875 5320 461 4831
9 3876 1417 4910 3875 4832
9 3875 4910 2664 5320 4833
9 5482 5481 6231 1263 4834
9 5483 1605 8884 5481 4835
9 5481 8884 2486 6231 4836
9 5750 5752 6098 1268 4837
9 5751 1738 8885 5752 4838
9 5752 8885 2365 6098 4839
9 6716 1463 4583 6717 4840
9 4585 737 3361 4583 4841
9 4583 3361 3084 6717 4842
9 7478 1055 6862 8886 4843
9 8887 8888 2359 8747 4844
9 451 5959 8889 8601 4845
9 138 139 8890 7481 4846
9 7466 2236 8891 7467 4847
9 7467 8891 556 6589 4848
9 1323 6312 8651 6916 4849
9 8152 8651 6312 1729 4850
9 7654 2337 6916 8651 4851
9 865 8892 8656 4516 4852
9 8655 2012 4516 8656 4853
9 8069 8068 8893 1530 4854
9 8070 936 6957 8068 4855
9 8068 6957 2501 8893 4856
9 7911 7915 8895 1499 4857
9 7915 8894 3246 8895 4858
9 3766 3765 7889 406 4859
9 3536 1454 8589 3765 4860
9 3765 8589 3037 7889 4861
9 4000 1510 8435 6115 4862
9 6115 8435 2493 8896 4863
9 8309 506 3954 8882 4864
9 8882 3954 2399 8897 4865
9 8841 8840 8899 683 4866
9 8842 1468 8898 8840 4867
9 8840 8898 3123 8899 4868
9 3462 1687 7311 5207 4869
9 4380 546 8900 7311 4870
9 7311 8900 2147 5207 4871
9 8901 6715 1530 8893 4872
9 1949 7967 8902 8903 4873
9 6172 6188 8904 1440 4874
9 6189 496 7070 6188 4875
9 6188 7070 2201 8904 4876
9 8907 8908 2590 7490 4877
9 8204 8721 8909 1892 4878
9 8909 8721 3120 5548 4879
9 1603 7916 8910 8911 4880
9 8912 6215 2767 8913 4881
9 7345 7344 5510 1474 4882
9 4401 713 4053 7344 4883
9 7344 4053 3122 5510 4884
9 295 296 8914 6686 4885
9 6686 8914 2051 8915 4886
9 8341 8340 8917 1637 4887
9 7578 599 8916 8340 4888
9 8340 8916 2912 8917 4889
9 3603 630 8918 8664 4890
9 8918 8919 2807 8664 4891
9 8920 7027 2807 8919 4892
9 659 8409 7404 8001 4893
9 3658 7404 8409 1550 4894
9 7403 2659 8001 7404 4895
9 8921 8922 3023 8923 4896
9 8924 8917 2912 6654 4897
9 8921 1948 8925 8922 4898
9 8925 8926 3023 8922 4899
9 372 373 7442 8927 4900
9 5302 7442 373 374 4901
9 1422 4537 8928 8929 4902
9 3943 870 8928 4537 4903
9 8932 8930 845 8931 4904
9 1162 8933 8932 8934 4905
9 8931 2621 8934 8932 4906
9 1419 3366 8935 8936 4907
9 8937 5758 1886 8424 4908
9 8938 228 229 6205 4909
9 8939 6805 1971 5115 4910
9 8940 8550 2684 8941 4911
9 8943 6959 1623 8942 4912
9 681 3931 8823 8691 4913
9 3926 1561 8823 3931 4914
9 8822 3216 8691 8823 4915
9 8944 8945 2809 5489 4916
9 4255 4352 8945 2093 4917
9 552 8946 8947 8063 4918
9 5842 5841 8948 1732 4919
9 3811 8592 5841 1390 4920
9 5841 8592 2652 8948 4921
9 2377 8949 8950 8951 4922
9 4026 5502 8826 1418 4923
9 5502 8952 2725 8826 4924
9 1746 8953 8954 8947 4925
9 8063 8947 8954 2670 4926
9 7811 7810 8955 567 4927
9 7812 1427 8657 7810 4928
9 7810 8657 2311 8955 4929
9 8547 8956 1155 8957 4930
9 5051 8547 8957 3098 4931
9 8958 8959 2486 8884 4932
9 3286 3285 8960 1653 4933
9 3287 967 8134 3285 4934
9 3285 8134 2827 8960 4935
9 1483 8961 8962 7406 4936
9 3863 3867 4466 1435 4937
9 3867 8963 2862 4466 4938
9 7768 7983 8965 686 4939
9 7983 8964 3176 8965 4940
9 7043 7042 8967 711 4941
9 7044 1612 8966 7042 4942
9 7042 8966 2011 8967 4943
9 7677 7676 8500 1176 4944
9 7676 8968 2202 8500 4945
9 3989 25 26 5531 4946
9 5531 26 27 8969 4947
9 5532 5531 8969 1786 4948
9 8972 8970 415 8971 4949
9 8975 8973 910 8974 4950
9 1214 8259 8976 8977 4951
9 6062 8978 3025 8979 4952
9 8973 8975 6164 1878 4953
9 6164 8975 1929 8980 4954
9 298 299 8859 8981 4955
9 8857 8859 299 300 4956
9 8858 2789 8981 8859 4957
9 8434 8433 8983 964 4958
9 8435 1510 8982 8433 4959
9 8433 8982 2847 8983 4960
9 5290 276 277 5291 4961
9 5291 277 278 8984 4962
9 1075 8985 5743 8986 4963
9 5215 5743 8985 2489 4964
9 5742 2641 8986 5743 4965
9 397 8987 7306 8988 4966
9 6089 8989 941 8990 4967
9 6090 6089 8990 2481 4968
9 3347 7897 8991 1563 4969
9 8991 7897 1960 8992 4970
9 8259 1760 4159 8976 4971
9 8976 4159 607 8993 4972
9 8977 8976 8993 3031 4973
9 8876 8994 495 8995 4974
9 6453 8876 8995 3227 4975
9 8997 6584 1833 8996 4976
9 813 8488 8998 8999 4977
9 9000 8408 2495 9001 4978
9 938 9002 9003 9004 4979
9 9003 9005 1046 9006 4980
9 9004 9003 9006 2197 4981
9 5241 827 9007 7160 4982
9 7160 9007 1949 9008 4983
9 7161 7160 9008 3132 4984
9 4994 2977 5949 4995 4985
9 4995 5949 3196 9009 4986
9 745 5004 9010 9011 4987
9 5004 1856 5142 9010 4988
9 9010 5142 1016 9012 4989
9 9011 9010 9012 2244 4990
9 113 7396 9013 112 4991
9 9013 7396 1578 8337 4992
9 9015 8155 2134 9014 4993
9 9016 9017 2321 9018 4994
9 5916 5915 5049 493 4995
9 5033 1490 9018 5915 4996
9 5915 9018 2321 5049 4997
9 1582 7407 9019 8830 4998
9 9021 5946 1885 9020 4999
9 3313 441 9022 7169 5000
9 7169 9022 1877 9023 5001
9 3585 7169 9023 2780 5002
9 1885 9024 9025 9020 5003
9 284 285 6363 5932 5004
9 3884 6363 285 286 5005
9 5933 5932 6363 2046 5006
9 9027 9026 1308 6742 5007
9 951 9028 9029 6751 5008
9 1001 9030 6275 9031 5009
9 6274 2830 9031 6275 5010
9 9033 3833 693 9032 5011
9 8866 8865 6088 809 5012
9 8867 1507 7703 8865 5013
9 8865 7703 2065 6088 5014
9 6234 6242 9035 1486 5015
9 6243 860 9034 6242 5016
9 6242 9034 2298 9035 5017
9 7264 398 6005 7265 5018
9 7265 6005 2669 9036 5019
9 1112 9037 7836 9038 5020
9 7081 7836 9037 2322 5021
9 7835 2458 9038 7836 5022
9 9039 9040 2295 9041 5023
9 4313 5491 9040 1626 5024
9 5491 679 2295 9040 5025
9 9042 9043 2436 5167 5026
9 3905 3907 9045 637 5027
9 3907 9044 2647 9045 5028
9 5972 1486 9035 6629 5029
9 6629 9035 2298 9046 5030
9 3533 3535 9047 1282 5031
9 6128 6130 3535 1457 5032
9 3535 6130 2991 9047 5033
9 9050 9048 1391 9049 5034
9 4981 7947 8795 812 5035
9 8795 7947 2099 9051 5036
9 8608 8611 8755 1728 5037
9 8755 8611 897 7919 5038
9 8756 8755 7919 2084 5039
9 9053 5078 819 9052 5040
9 494 9054 9053 7685 5041
9 5078 9053 9054 1589 5042
9 9052 1961 7685 9053 5043
9 219 220 9055 9056 5044
9 9057 7500 2985 9058 5045
9 9059 9060 2568 9061 5046
9 9062 9063 2585 9064 5047
9 585 9065 7526 9066 5048
9 7525 2938 9066 7526 5049
9 8488 2048 4166 8998 5050
9 8998 4166 1040 9067 5051
9 8999 8998 9067 2117 5052
9 4001 823 7985 5336 5053
9 5336 7985 2870 9068 5054
9 3428 706 5092 3429 5055
9 3429 5092 1589 9069 5056
9 9072 9070 1513 9071 5057
9 1468 9073 9074 5599 5058
9 8342 2630 7662 8343 5059
9 8343 7662 923 7100 5060
9 7099 2648 8343 7100 5061
9 6203 6202 9076 1526 5062
9 3278 420 9075 6202 5063
9 6202 9075 2475 9076 5064
9 9077 8776 2333 9078 5065
9 9079 8863 2360 9080 5066
9 4059 4061 9082 716 5067
9 4061 9081 3193 9082 5068
9 8012 8011 9084 963 5069
9 8013 1441 9083 8011 5070
9 8011 9083 2836 9084 5071
9 9085 7812 2511 4799 5072
9 5264 5609 9087 712 5073
9 5608 1800 9086 5609 5074
9 5609 9086 3209 9087 5075
9 7779 2161 9088 7780 5076
9 7780 9088 3213 9089 5077
9 3836 3835 9090 919 5078
9 9090 3835 1526 9076 5079
9 421 3592 9091 9092 5080
9 9094 9093 1089 4776 5081
9 7812 9085 9096 1427 5082
9 4799 766 9095 9085 5083
9 9085 9095 2639 9096 5084
9 9097 9098 2685 9099 5085
9 3592 1762 5650 9091 5086
9 9091 5650 1251 5986 5087
9 9092 9091 5986 3158 5088
9 7756 1433 8264 7765 5089
9 7765 8264 2390 9100 5090
9 9102 5149 1447 9101 5091
9 6332 1864 6401 8699 5092
9 8699 6401 1277 9103 5093
9 9105 7394 708 9104 5094
9 9108 5689 476 8475 5095
9 1988 9109 9110 9111 5096
9 3547 2060 5056 3548 5097
9 3548 5056 575 9112 5098
9 3549 3548 9112 2451 5099
9 4575 2815 8189 9113 5100
9 1387 9114 9108 9115 5101
9 5689 9108 9114 2006 5102
9 8475 3108 9115 9108 5103
9 6669 1502 7528 6885 5104
9 6885 7528 413 4386 5105
9 6886 6885 4386 2110 5106
9 9116 9117 2102 9118 5107
9 3644 3646 9119 1881 5108
9 9119 3646 1996 6834 5109
9 2406 4931 9120 8395 5110
9 1055 7478 9121 9122 5111
9 7476 1443 9121 7478 5112
9 9123 4075 1961 9052 5113
9 9124 9125 3155 9126 5114
9 9028 1956 9127 9029 5115
9 9029 9127 2381 9128 5116
9 6751 9029 9128 2946 5117
9 3463 1617 6627 7106 5118
9 7106 6627 680 8816 5119
9 7107 7106 8816 2737 5120
9 9129 7236 2250 7652 5121
9 1242 5719 9130 6280 5122
9 9132 7337 2141 9131 5123
9 9133 6800 1996 3651 5124
9 9134 9135 2792 9131 5125
9 9136 9137 2063 9138 5126
9 4202 4201 5124 783 5127
9 4203 1657 7746 4201 5128
9 4201 7746 1908 5124 5129
9 9139 8491 2838 6903 5130
9 1664 5790 7072 8178 5131
9 5789 1318 7072 5790 5132
9 7071 2448 8178 7072 5133
9 8908 8907 9141 1436 5134
9 7490 635 9140 8907 5135
9 8907 9140 3247 9141 5136
9 7565 1603 8911 7566 5137
9 7566 8911 3026 9142 5138
9 9062 9064 9144 1696 5139
9 9064 9143 2962 9144 5140
9 9146 325 326 9145 5141
9 6233 6232 9147 405 5142
9 6234 1486 6222 6232 5143
9 6232 6222 3087 9147 5144
9 3861 777 5865 3862 5145
9 5864 1583 8667 5865 5146
9 5865 8667 2563 3862 5147
9 9148 9149 2004 9150 5148
9 452 3643 9050 9151 5149
9 9048 9050 3643 2554 5150
9 9049 2805 9151 9050 5151
9 9152 9150 2004 9153 5152
9 877 9154 9155 7051 5153
9 5819 6488 9157 1684 5154
9 6487 960 9156 6488 5155
9 6488 9156 2646 9157 5156
9 1024 9158 7597 6924 5157
9 7596 2662 6924 7597 5158
9 8526 2074 9159 8527 5159
9 8527 9159 879 7452 5160
9 7451 2190 8527 7452 5161
9 1112 9160 9161 9162 5162
9 1239 4269 7214 9163 5163
9 6553 7214 4269 2790 5164
9 7213 2989 9163 7214 5165
9 85 86 8784 9164 5166
9 5999 8784 86 87 5167
9 8610 2014 9164 8784 5168
9 4466 4465 9166 1435 5169
9 4465 9165 3109 9166 5170
9 9160 2151 9167 9161 5171
9 9161 9167 582 8660 5172
9 9162 9161 8660 2202 5173
9 3492 5026 5311 1352 5174
9 3552 1511 7616 5026 5175
9 5026 7616 3240 5311 5176
9 4075 9123 9168 1595 5177
9 9052 819 9106 9123 5178
9 9123 9106 1998 9168 5179
9 6061 2252 9169 7324 5180
9 7324 9169 1016 9170 5181
9 4043 1540 8231 4678 5182
9 4678 8231 2192 9171 5183
9 8711 1450 9172 8754 5184
9 8754 9172 2900 9173 5185
9 8776 9077 9175 1599 5186
9 9078 835 9174 9077 5187
9 9077 9174 2582 9175 5188
9 1467 7993 7409 3912 5189
9 3873 1104 7409 7993 5190
9 5278 2983 3912 7409 5191
9 3377 454 8021 3378 5192
9 3378 8021 2221 9176 5193
9 9178 9177 2214 8718 5194
9 8945 8944 6762 2093 5195
9 5489 675 4757 8944 5196
9 8944 4757 2727 6762 5197
9 9060 9059 9179 1030 5198
9 9061 1988 9111 9059 5199
9 9059 9111 2940 9179 5200
9 1019 9180 9181 9182 5201
9 9183 9184 2114 9185 5202
9 7578 2624 9186 7579 5203
9 7579 9186 1086 9187 5204
9 7580 7579 9187 2632 5205
9 4125 931 9188 7582 5206
9 7582 9188 2539 9189 5207
9 6167 6166 9191 463 5208
9 6163 1436 9190 6166 5209
9 6166 9190 2794 9191 5210
9 6163 6162 8908 1436 5211
9 6164 829 9192 6162 5212
9 6162 9192 2590 8908 5213
9 7708 7707 9194 1451 5214
9 7709 983 9193 7707 5215
9 7707 9193 2882 9194 5216
9 9197 9195 2263 9196 5217
9 7236 9129 9198 545 5218
9 7652 1451 9194 9129 5219
9 9129 9194 2882 9198 5220
9 9199 9200 2175 8647 5221
9 8194 9201 555 7204 5222
9 8195 8194 7204 2857 5223
9 7717 7716 9202 761 5224
9 7780 9089 7716 1508 5225
9 7716 9089 3213 9202 5226
9 602 3890 9203 6404 5227
9 5253 1506 3705 5988 5228
9 3705 9204 3198 5988 5229
9 7476 7475 9206 1443 5230
9 7477 400 9205 7475 5231
9 7475 9205 2764 9206 5232
9 8281 8280 8990 941 5233
9 8273 1633 8881 8280 5234
9 8280 8881 2481 8990 5235
9 3315 4812 9207 1185 5236
9 9207 4812 1788 8848 5237
9 8847 2988 9207 8848 5238
9 1710 7267 9208 8604 5239
9 5564 952 9208 7267 5240
9 327 8554 9145 326 5241
9 9145 8554 1722 7358 5242
9 9146 9145 7358 1858 5243
9 9106 9107 9209 1998 5244
9 9209 9107 2026 9210 5245
9 317 6767 9212 316 5246
9 6767 9211 1982 9212 5247
9 5578 423 4297 5579 5248
9 7850 1420 7723 7927 5249
9 537 4037 8686 9213 5250
9 8386 8686 4037 1550 5251
9 8685 2042 9213 8686 5252
9 8689 8701 9214 1644 5253
9 8701 10291 2289 9214 5254
9 9180 1606 4171 9181 5255
9 9181 4171 416 9215 5256
9 9182 9181 9215 2756 5257
9 6164 8980 9217 829 5258
9 9217 8980 1929 9216 5259
9 1603 7565 9218 9219 5260
9 281 282 9218 7565 5261
9 4730 51 52 7439 5262
9 7439 52 53 3353 5263
9 7440 7439 3353 2087 5264
9 6599 14 15 8448 5265
9 8448 15 16 9220 5266
9 790 9221 7693 9222 5267
9 9223 3773 1109 4709 5268
9 150 151 9224 9225 5269
9 3265 9226 2026 9227 5270
9 4768 7147 9228 981 5271
9 7002 1777 8742 7147 5272
9 7147 8742 2380 9228 5273
9 5810 1265 5588 6040 5274
9 6040 5588 1788 9229 5275
9 2318 4184 9126 9230 5276
9 9124 9126 4184 915 5277
9 778 9231 9232 9233 5278
9 5200 2651 7139 5201 5279
9 5201 7139 596 4901 5280
9 4900 2833 5201 4901 5281
9 9234 9235 2256 9236 5282
9 6334 6333 9237 1911 5283
9 9237 6333 389 5843 5284
9 9239 3860 1654 9238 5285
9 9241 8307 1495 9240 5286
9 9243 9242 1785 9236 5287
9 2387 9244 8979 5760 5288
9 6062 8979 9244 885 5289
9 9246 5135 550 9245 5290
9 7644 7643 9247 655 5291
9 7633 1454 3538 7643 5292
9 7643 3538 3212 9247 5293
9 825 9248 8577 5740 5294
9 8108 8577 9248 2156 5295
9 8576 3222 5740 8577 5296
9 7389 7391 9250 1638 5297
9 7390 1954 9249 7391 5298
9 7391 9249 2605 9250 5299
9 7334 933 1911 9237 5300
9 5843 2009 7334 9237 5301
9 9252 8802 1917 9251 5302
9 1340 7115 9253 9254 5303
9 5413 7706 9255 989 5304
9 9255 7706 2138 9251 5305
9 580 6732 5419 9256 5306
9 6035 2576 5419 6732 5307
9 5418 2733 9256 5419 5308
9 9257 8358 2392 9258 5309
9 7115 2378 9259 9253 5310
9 9253 9259 623 9260 5311
9 9254 9253 9260 2546 5312
9 5921 7257 7808 1666 5313
9 7256 785 5437 7257 5314
9 7257 5437 1925 7808 5315
9 4891 5892 9262 837 5316
9 5892 9261 3208 9262 5317
9 3442 571 7126 4643 5318
9 7126 1977 2907 4643 5319
9 9263 9264 2574 8617 5320
9 9266 4836 2000 9265 5321
9 9267 9168 1998 9268 5322
9 9271 9269 544 9270 5323
9 6272 6271 9273 448 5324
9 6271 9272 2743 9273 5325
9 6616 6618 3559 452 5326
9 6271 1461 4823 9272 5327
9 4824 937 5373 4823 5328
9 4823 5373 2743 9272 5329
9 1046 9274 9271 9006 5330
9 9269 9271 9274 1709 5331
9 9270 2197 9006 9271 5332
9 869 7802 9275 9276 5333
9 9277 9278 2574 9264 5334
9 7967 1949 9007 7968 5335
9 7968 9007 827 9279 5336
9 7969 7968 9279 2948 5337
9 7802 2306 8268 9275 5338
9 9275 8268 1248 9280 5339
9 9276 9275 9280 2400 5340
9 9282 38 39 9281 5341
9 9284 9022 441 9283 5342
9 744 4671 7758 9285 5343
9 3816 7758 4671 1808 5344
9 4020 2986 9285 7758 5345
9 4960 8618 4347 581 5346
9 1086 8613 9284 9286 5347
9 9022 9284 8613 1877 5348
9 9283 2497 9286 9284 5349
9 4784 5338 7057 685 5350
9 5338 9287 2235 7057 5351
9 9288 9289 3209 9086 5352
9 1541 9001 9290 9291 5353
9 344 345 9292 9293 5354
9 4715 4717 5106 424 5355
9 4716 1544 8539 4717 5356
9 4717 8539 2069 5106 5357
9 6645 6644 9295 530 5358
9 6646 1676 9294 6644 5359
9 6644 9294 2117 9295 5360
9 9277 903 3561 9278 5361
9 4347 8618 3561 1445 5362
9 3561 8618 2574 9278 5363
9 9296 5400 1240 7459 5364
9 6361 6499 9298 1453 5365
9 6499 9297 2742 9298 5366
9 5312 7782 9032 693 5367
9 7615 1453 9298 7782 5368
9 7782 9298 2742 9032 5369
9 528 9299 9296 7515 5370
9 5400 9296 9299 1739 5371
9 7459 2347 7515 9296 5372
9 7987 7986 9300 2146 5373
9 6634 7144 7986 386 5374
9 7986 7144 3058 9300 5375
9 4736 880 5622 5479 5376
9 5479 5622 2264 9301 5377
9 5480 5479 9301 2895 5378
9 3764 3763 9303 671 5379
9 3380 1566 9302 3763 5380
9 3763 9302 2194 9303 5381
9 7297 7510 9304 1793 5382
9 7511 962 4803 7510 5383
9 7510 4803 2246 9304 5384
9 6089 2065 7964 8989 5385
9 3372 7325 7389 1638 5386
9 7389 7325 2345 9305 5387
9 9306 9304 2246 9307 5388
9 6760 6759 9308 928 5389
9 9308 6759 1447 5151 5390
9 5317 1472 9309 5533 5391
9 5533 9309 2295 679 5392
9 5619 5620 9311 822 5393
9 5620 9310 2531 9311 5394
9 1740 5652 7186 8675 5395
9 5654 1091 7186 5652 5396
9 8018 8675 7186 2281 5397
9 6575 274 275 8498 5398
9 8498 275 276 5290 5399
9 5292 1943 8498 5290 5400
9 3263 1465 7445 4636 5401
9 3960 857 9312 7445 5402
9 7445 9312 2732 4636 5403
9 6508 1458 3288 8119 5404
9 3290 664 9313 3288 5405
9 3288 9313 2800 8119 5406
9 2220 7991 9266 9314 5407
9 4836 9266 7991 895 5408
9 9265 2496 9314 9266 5409
9 9315 5369 720 7736 5410
9 201 202 7279 9316 5411
9 7277 7279 202 203 5412
9 7278 2215 9316 7279 5413
9 5467 1340 9254 5468 5414
9 5468 9254 2546 9317 5415
9 1383 9318 9315 6200 5416
9 5369 9315 9318 2455 5417
9 7736 2580 6200 9315 5418
9 9319 4445 2194 9302 5419
9 4424 4566 9320 1147 5420
9 9320 4566 2162 9321 5421
9 738 9322 9323 7176 5422
9 7177 7176 9323 2761 5423
9 8763 862 5965 8764 5424
9 8764 5965 2854 9324 5425
9 9326 9049 1391 9325 5426
9 999 5982 9327 9328 5427
9 9322 2033 5996 9323 5428
9 5586 1265 5812 5996 5429
9 5996 5812 2761 9323 5430
9 5030 1452 5083 5612 5431
9 5612 5083 2758 9329 5432
9 3444 3443 9330 4915 5433
9 3443 11563 3171 9330 5434
9 7913 7912 9332 867 5435
9 7907 1661 9331 7912 5436
9 7912 9331 2109 9332 5437
9 3686 3685 9333 1614 5438
9 3685 11655 3183 9333 5439
9 9334 8397 2109 9331 5440
9 9335 9336 2276 8868 5441
9 5599 5598 8898 1468 5442
9 5598 9337 3123 8898 5443
9 1960 7896 8301 9338 5444
9 7532 8301 7896 1522 5445
9 5994 1695 6394 8467 5446
9 8467 6394 994 5283 5447
9 6502 8467 5283 2414 5448
9 9341 9339 1058 9340 5449
9 5912 5914 9343 643 5450
9 5914 9342 3141 9343 5451
9 5951 7521 9345 1478 5452
9 7522 415 9344 7521 5453
9 7521 9344 2433 9345 5454
9 5905 874 7790 6219 5455
9 7785 1478 9345 7790 5456
9 7790 9345 2433 6219 5457
9 5103 5102 9347 1548 5458
9 5102 9346 2092 9347 5459
9 282 283 5931 9218 5460
9 5932 5931 283 284 5461
9 9219 9218 5931 1974 5462
9 462 7832 7687 8926 5463
9 4774 7687 7832 1724 5464
9 7686 3023 8926 7687 5465
9 7361 7809 8300 509 5466
9 7808 1925 9348 7809 5467
9 7809 9348 3232 8300 5468
9 9349 9350 2880 8971 5469
9 1102 9351 4350 9352 5470
9 3807 4350 9351 2171 5471
9 5062 8558 7132 1460 5472
9 8559 698 7113 8558 5473
9 8558 7113 2777 7132 5474
9 3977 4319 6673 1516 5475
9 4318 1237 9353 4319 5476
9 4319 9353 3194 6673 5477
9 9354 3762 1957 3390 5478
9 7274 7273 4846 1449 5479
9 7275 961 9355 7273 5480
9 7273 9355 2555 4846 5481
9 5896 5895 6785 1912 5482
9 4328 776 9356 5895 5483
9 5895 9356 3056 6785 5484
9 1568 5670 9357 9358 5485
9 5793 7455 9360 499 5486
9 7451 1456 9359 7455 5487
9 7455 9359 2478 9360 5488
9 1784 9361 9362 9363 5489
9 4002 8000 7977 823 5490
9 6941 1536 9364 8000 5491
9 8000 9364 2762 7977 5492
9 9106 819 5080 9107 5493
9 3265 9227 5080 1591 5494
9 5080 9227 2026 9107 5495
9 5405 5404 6630 1291 5496
9 5404 9365 2601 6630 5497
9 9366 9367 1979 9368 5498
9 3509 3992 9370 734 5499
9 3991 1479 9369 3992 5500
9 3992 9369 2932 9370 5501
9 380 381 9371 9372 5502
9 9373 5635 3205 9374 5503
9 1226 9375 9376 9377 5504
9 398 7264 9378 9379 5505
9 7266 1555 9378 7264 5506
9 9378 9380 990 9381 5507
9 9379 9378 9381 2738 5508
9 829 9217 9382 9383 5509
9 9216 2508 9382 9217 5510
9 8075 8074 9384 1631 5511
9 8074 11059 3078 9384 5512
9 5633 5632 9172 1450 5513
9 5111 697 9385 5632 5514
9 5632 9385 2900 9172 5515
9 9386 3526 1459 5919 5516
9 7820 934 9387 7819 5517
9 7819 9387 2328 9388 5518
9 9389 9390 2845 9391 5519
9 3745 4571 9393 1181 5520
9 4571 9392 3100 9393 5521
9 2357 4688 8671 4218 5522
9 5875 8671 4688 1145 5523
9 5007 3215 4218 8671 5524
9 5251 1391 9048 5252 5525
9 5252 9048 2554 9394 5526
9 5670 583 5131 9357 5527
9 9357 5131 1577 9395 5528
9 9358 9357 9395 2188 5529
9 9396 6107 862 8763 5530
9 5135 9246 9397 1823 5531
9 9397 9246 3095 9398 5532
9 501 7105 9396 8459 5533
9 6107 9396 7105 1731 5534
9 8763 1986 8459 9396 5535
9 296 297 9399 8914 5536
9 9402 9400 856 9401 5537
9 9405 9403 1160 9404 5538
9 832 9406 9407 6171 5539
9 598 9408 9405 9409 5540
9 9403 9405 9408 1983 5541
9 9404 2567 9409 9405 5542
9 9410 419 1596 9402 5543
9 9401 2175 9410 9402 5544
9 616 8282 5784 9411 5545
9 8015 2504 5784 8282 5546
9 8220 8219 9412 568 5547
9 8221 1488 6113 8219 5548
9 8219 6113 2315 9412 5549
9 4706 4705 7946 1552 5550
9 7946 4705 490 9413 5551
9 7947 7946 9413 2099 5552
9 9414 4520 810 8285 5553
9 3591 2841 9414 8285 5554
9 832 5602 7280 6735 5555
9 3426 7280 5602 1531 5556
9 4458 2216 6735 7280 5557
9 9415 7774 2667 8581 5558
9 9417 7158 784 9416 5559
9 6715 6714 9418 1530 5560
9 379 380 9372 6714 5561
9 6714 9372 2543 9418 5562
9 572 9419 4464 9420 5563
9 4463 2862 9420 4464 5564
9 4494 2143 9421 5627 5565
9 5627 9421 661 9422 5566
9 5628 5627 9422 3053 5567
9 9423 9180 1019 8422 5568
9 9425 8790 1420 9424 5569
9 5353 1722 9426 5352 5570
9 223 224 8856 9427 5571
9 8854 8856 224 225 5572
9 8855 2884 9427 8856 5573
9 9406 1901 9428 9407 5574
9 9407 9428 889 9429 5575
9 6171 9407 9429 1902 5576
9 3298 3297 9430 801 5577
9 3289 1458 8244 3297 5578
9 3297 8244 2556 9430 5579
9 9432 7682 1712 9431 5580
9 9433 9434 1965 9435 5581
9 9437 3799 2443 9436 5582
9 510 9438 8575 7444 5583
9 7228 1899 7444 8575 5584
9 3309 9439 2267 9440 5585
9 9375 2028 9441 9376 5586
9 9376 9441 437 9442 5587
9 9377 9376 9442 2712 5588
9 3289 1469 9443 3290 5589
9 3290 9443 2837 664 5590
9 4500 9444 2304 9445 5591
9 5885 1763 9446 5886 5592
9 5886 9446 3143 9447 5593
9 9436 9448 1324 5216 5594
9 9437 9436 5216 2489 5595
9 8604 2533 9449 8605 5596
9 8605 9449 411 9450 5597
9 8606 8605 9450 3177 5598
9 7751 7750 9431 1712 5599
9 9431 7750 648 9451 5600
9 9432 9431 9451 2691 5601
9 8808 8807 9453 2245 5602
9 8807 9452 3220 9453 5603
9 7488 7487 9455 1484 5604
9 7489 11160 9454 7487 5605
9 7487 9454 2757 9455 5606
9 669 8476 9423 9456 5607
9 9180 9423 8476 1606 5608
9 8422 2801 9456 9423 5609
9 9458 7258 521 9457 5610
9 6184 6183 8841 683 5611
9 6185 1484 9455 6183 5612
9 6183 9455 2757 8841 5613
9 7296 7295 9459 732 5614
9 7297 1793 7789 7295 5615
9 7295 7789 2899 9459 5616
9 8334 8333 9461 948 5617
9 8325 1462 9460 8333 5618
9 8333 9460 2627 9461 5619
9 9463 4769 1651 9462 5620
9 5593 5592 9465 1462 5621
9 5594 950 9464 5592 5622
9 5592 9464 2633 9465 5623
9 9468 9466 507 9467 5624
9 731 6486 9469 9470 5625
9 872 9471 8620 7859 5626
9 8563 2302 7859 8620 5627
9 1229 5098 9468 5009 5628
9 9466 9468 5098 2096 5629
9 9467 2614 5009 9468 5630
9 3377 3379 8852 1131 5631
9 3379 9472 3200 8852 5632
9 9473 7842 1381 8383 5633
9 448 9474 9425 9475 5634
9 8790 9425 9474 2772 5635
9 7803 771 7867 8609 5636
9 8609 7867 3085 9476 5637
9 9433 1663 9477 9434 5638
9 9477 9478 1965 9434 5639
9 174 175 7715 9479 5640
9 4179 7715 175 176 5641
9 8747 8746 9481 669 5642
9 8748 1470 9480 8746 5643
9 8746 9480 2999 9481 5644
9 9482 9483 3211 9484 5645
9 4547 587 3275 6933 5646
9 3268 1569 9485 3275 5647
9 3275 9485 2856 6933 5648
9 9486 3586 2780 9487 5649
9 211 212 9488 9489 5650
9 9490 9491 2375 8928 5651
9 1623 7362 9492 8942 5652
9 9070 9493 2536 9494 5653
9 3649 4074 6825 816 5654
9 4075 1595 9495 4074 5655
9 4074 9495 2875 6825 5656
9 9074 9073 5370 481 5657
9 9073 9496 2465 5370 5658
9 4447 4446 9498 1828 5659
9 3790 1168 9497 4446 5660
9 4446 9497 3164 9498 5661
9 691 9499 9500 9501 5662
9 9499 1579 7680 9500 5663
9 9500 7680 1054 4542 5664
9 9501 9500 4542 2950 5665
9 5877 5887 9502 1475 5666
9 4093 5685 5887 387 5667
9 5887 5685 2904 9502 5668
9 3262 4092 9504 1465 5669
9 4091 656 9503 4092 5670
9 4092 9503 3064 9504 5671
9 4747 1508 7718 4745 5672
9 4745 7718 2280 9505 5673
9 366 367 5091 6409 5674
9 4334 5091 367 368 5675
9 6381 6409 5091 1879 5676
9 7304 1152 4423 7305 5677
9 7305 4423 2140 9506 5678
9 9378 1555 7342 9380 5679
9 9380 7342 2558 9507 5680
9 8463 8462 9509 2324 5681
9 5871 1755 9508 8462 5682
9 8462 9508 2973 9509 5683
9 4117 4116 9511 8137 5684
9 4118 1481 9510 4116 5685
9 4116 9510 3018 9511 5686
9 401 9512 9513 6633 5687
9 7597 9158 9513 1789 5688
9 9513 9158 1024 9514 5689
9 6633 9513 9514 2487 5690
9 9484 2037 8745 9482 5691
9 8744 440 8654 8745 5692
9 8745 8654 3140 9482 5693
9 7498 2548 9515 7499 5694
9 7499 9515 1148 9516 5695
9 7500 7499 9516 2985 5696
9 6966 1533 5863 8176 5697
9 5865 777 9517 5863 5698
9 5863 9517 2181 8176 5699
9 3619 3618 9519 1482 5700
9 3490 670 9518 3618 5701
9 3618 9518 2887 9519 5702
9 7277 203 204 7512 5703
9 7512 204 205 9520 5704
9 7394 7393 9522 708 5705
9 3471 1492 9521 7393 5706
9 7393 9521 2824 9522 5707
9 8997 8996 9524 2283 5708
9 8996 9523 3221 9524 5709
9 440 8744 4646 9525 5710
9 6050 1473 4646 8744 5711
9 4645 2490 9525 4646 5712
9 1130 9526 9527 5267 5713
9 1736 9528 9529 9530 5714
9 7880 7879 6662 1471 5715
9 7879 9531 2539 6662 5716
9 3343 5902 5700 1236 5717
9 3796 1923 9532 5902 5718
9 5902 9532 2040 5700 5719
9 6820 869 8961 9533 5720
9 444 7881 9534 9535 5721
9 3704 3706 3642 1183 5722
9 5252 9394 3706 1506 5723
9 3706 9394 2554 3642 5724
9 7881 2160 9536 9534 5725
9 9534 9536 1107 9537 5726
9 9535 9534 9537 2229 5727
9 3617 504 9538 3615 5728
9 3615 9538 3047 9539 5729
9 7473 8578 9540 2498 5730
9 9540 8578 2762 9541 5731
9 9542 9543 2774 9544 5732
9 9545 9546 2450 9547 5733
9 269 6180 9548 268 5734
9 6179 1521 9544 6180 5735
9 6180 9544 2774 9548 5736
9 702 7822 9549 5076 5737
9 4117 8137 2199 9550 5738
9 815 5295 9551 7064 5739
9 5294 1601 9551 5295 5740
9 8167 8366 7498 464 5741
9 8367 1484 8257 8366 5742
9 8366 8257 2548 7498 5743
9 4438 786 5160 7472 5744
9 5155 1651 4771 5160 5745
9 5160 4771 2177 7472 5746
9 7797 1017 9553 8526 5747
9 9553 9554 2074 8526 5748
9 6872 1570 9555 6871 5749
9 6871 9555 2121 9556 5750
9 9559 9557 1144 9558 5751
9 8490 8489 8133 1487 5752
9 8491 684 9560 8489 5753
9 8489 9560 2827 8133 5754
9 9561 5626 2061 7296 5755
9 4586 1463 8304 8052 5756
9 4593 1944 9562 8304 5757
9 8304 9562 2910 8052 5758
9 9563 9564 2119 9565 5759
9 975 9566 9559 9567 5760
9 9557 9559 9566 2083 5761
9 6389 6388 6671 1516 5762
9 6390 1081 9568 6388 5763
9 6388 9568 2268 6671 5764
9 9563 2112 9569 9564 5765
9 9564 9569 1044 9570 5766
9 9571 9368 1979 7623 5767
9 9361 814 7401 9362 5768
9 7401 9572 2889 9362 5769
9 1003 6307 9550 9573 5770
9 4117 9550 6307 1945 5771
9 6148 1491 9574 6475 5772
9 6475 9574 3074 9575 5773
9 9576 8174 2212 9577 5774
9 5616 5615 5948 1525 5775
9 5615 11841 3196 5948 5776
9 7548 7549 7904 1477 5777
9 5261 1085 9578 7549 5778
9 7549 9578 2719 7904 5779
9 200 201 9316 8305 5780
9 8305 9316 2215 9579 5781
9 139 140 5357 8890 5782
9 8890 5357 2222 9580 5783
9 7481 8890 9580 2494 5784
9 250 8050 8078 249 5785
9 8050 9581 2319 8078 5786
9 4673 4672 8888 1501 5787
9 4672 9582 2359 8888 5788
9 7221 7220 9584 1672 5789
9 7220 9583 2746 9584 5790
9 6378 643 9585 7563 5791
9 7563 9585 2534 9586 5792
9 5901 7343 4028 1231 5793
9 4571 1738 5751 9392 5794
9 9392 5751 619 9587 5795
9 4038 9588 1846 3904 5796
9 3659 4038 3904 2035 5797
9 9017 9016 9590 866 5798
9 9018 1490 9589 9016 5799
9 9016 9589 2709 9590 5800
9 3282 3281 9555 1570 5801
9 3280 831 9591 3281 5802
9 3281 9591 2121 9555 5803
9 5103 1548 9592 5105 5804
9 5105 9592 2254 9593 5805
9 3634 3633 9595 1496 5806
9 3588 445 9594 3633 5807
9 3633 9594 2918 9595 5808
9 8992 9374 9596 8991 5809
9 8991 9596 2237 9597 5810
9 8174 9576 9599 1532 5811
9 9577 484 9598 9576 5812
9 9576 9598 3249 9599 5813
9 9600 7511 2061 5528 5814
9 5108 9601 940 9602 5815
9 8991 9597 4454 1563 5816
9 4454 9597 2237 9603 5817
9 381 382 3882 9371 5818
9 9371 3882 1860 9604 5819
9 9372 9371 9604 2543 5820
9 9605 9311 2531 9606 5821
9 5813 7226 9607 993 5822
9 7227 1496 9595 7226 5823
9 7226 9595 2918 9607 5824
9 998 5727 9608 7852 5825
9 1013 9609 6845 7425 5826
9 6590 6845 9609 1928 5827
9 6844 2687 7425 6845 5828
9 8662 9610 2385 9611 5829
9 9612 4971 2081 8513 5830
9 8662 1803 6632 9610 5831
9 9610 6632 999 9613 5832
9 7845 7844 9615 1080 5833
9 7846 1593 9614 7844 5834
9 7844 9614 3072 9615 5835
9 5526 1556 4316 7183 5836
9 4101 1211 7826 4316 5837
9 4316 7826 2796 7183 5838
9 9616 7189 3072 9614 5839
9 9618 4015 901 9617 5840
9 9619 3395 879 9159 5841
9 740 5192 9619 9620 5842
9 3395 9619 5192 1730 5843
9 9159 2074 9620 9619 5844
9 5383 5385 7464 1350 5845
9 7464 5385 1843 9621 5846
9 1848 7441 8002 9622 5847
9 5302 1439 8002 7441 5848
9 7406 7405 4441 1483 5849
9 7378 663 9623 7405 5850
9 7405 9623 2655 4441 5851
9 7999 7998 7856 1504 5852
9 7755 541 5577 7998 5853
9 7998 5577 2966 7856 5854
9 9137 9136 9624 1088 5855
9 9138 1532 9599 9136 5856
9 9136 9599 3249 9624 5857
9 1623 7117 9625 7363 5858
9 9099 45 46 9097 5859
9 9097 46 47 9626 5860
9 9098 9097 9626 2082 5861
9 3470 350 351 8357 5862
9 8357 351 352 9627 5863
9 8358 8357 9627 2392 5864
9 461 6699 7245 3566 5865
9 4629 7245 6699 1697 5866
9 7244 2457 3566 7245 5867
9 4687 2041 6937 7695 5868
9 6936 1286 5408 6937 5869
9 6937 5408 2863 7695 5870
9 6432 1534 6792 8803 5871
9 7776 7775 6792 1027 5872
9 6792 7775 2469 8803 5873
9 821 9628 9629 9630 5874
9 1702 8545 9631 9632 5875
9 644 3798 9633 9634 5876
9 7582 9189 9636 1940 5877
9 9189 9635 3153 9636 5878
9 7967 1157 4517 8902 5879
9 8902 4517 2012 9637 5880
9 8903 8902 9637 3104 5881
9 575 5346 4189 9112 5882
9 4187 4189 5346 2075 5883
9 4188 2451 9112 4189 5884
9 846 8710 9638 8271 5885
9 9639 7352 698 8559 5886
9 3798 2171 9351 9633 5887
9 9633 9351 1102 9640 5888
9 9634 9633 9640 2223 5889
9 8961 1483 4384 9533 5890
9 4386 413 8628 4384 5891
9 4384 8628 2693 9533 5892
9 3278 3277 8679 420 5893
9 4786 5059 3277 1489 5894
9 3277 5059 2804 8679 5895
9 69 70 8751 5114 5896
9 8749 8751 70 71 5897
9 8750 2752 5114 8751 5898
9 1142 5703 8164 9641 5899
9 7811 8164 5703 2511 5900
9 8163 2598 9641 8164 5901
9 9125 9124 9642 1896 5902
9 9642 9124 915 9153 5903
9 9643 4341 2589 9644 5904
9 9645 9646 2460 9647 5905
9 883 1896 9642 9648 5906
9 9153 2004 9648 9642 5907
9 5612 724 8118 5613 5908
9 5613 8118 3054 9649 5909
9 9651 9650 855 6069 5910
9 2082 4821 9239 9098 5911
9 3860 9239 4821 1170 5912
9 9238 2685 9098 9239 5913
9 5975 5974 9652 436 5914
9 5976 1635 9647 5974 5915
9 5974 9647 2460 9652 5916
9 2138 7713 9653 9654 5917
9 521 9655 9656 9457 5918
9 6432 6431 4614 1534 5919
9 6433 715 6066 6431 5920
9 6431 6066 3238 4614 5921
9 1336 7855 9657 5929 5922
9 7855 2393 8540 9657 5923
9 9657 8540 1142 9641 5924
9 5929 9657 9641 2598 5925
9 6239 6241 4996 1273 5926
9 6241 9658 2851 4996 5927
9 742 6651 9659 5366 5928
9 4066 1680 9660 8474 5929
9 8474 9660 1097 9661 5930
9 8475 8474 9661 3108 5931
9 1699 8316 9662 9663 5932
9 8358 9257 9521 1492 5933
9 9258 851 7590 9257 5934
9 9257 7590 2824 9521 5935
9 17 9664 2921 9665 5936
9 9336 9335 9666 918 5937
9 8868 1482 9519 9335 5938
9 9335 9519 2887 9666 5939
9 8595 8596 8809 417 5940
9 8596 9667 2695 8809 5941
9 9668 9669 2922 9670 5942
9 3483 1224 4701 4868 5943
9 4868 4701 2594 9671 5944
9 6149 8291 9673 836 5945
9 6119 1493 9672 8291 5946
9 8291 9672 3038 9673 5947
9 722 8047 7657 9674 5948
9 3335 7657 8047 1771 5949
9 3350 2606 9674 7657 5950
9 5382 5394 6867 1509 5951
9 6590 6591 5394 564 5952
9 5394 6591 2974 6867 5953
9 4832 7149 9676 480 5954
9 7149 9675 2865 9676 5955
9 968 9677 9326 9678 5956
9 9049 9326 9677 2805 5957
9 9325 3146 9678 9326 5958
9 9668 1780 9679 9669 5959
9 9669 9679 1154 9680 5960
9 1015 6622 9681 9682 5961
9 6622 1617 3849 9681 5962
9 9681 3849 540 9683 5963
9 9682 9681 9683 2814 5964
9 9684 7659 1441 8013 5965
9 6259 867 2367 9685 5966
9 515 4754 9686 9687 5967
9 9184 9183 7589 1515 5968
9 9185 708 9522 9183 5969
9 9183 9522 2824 7589 5970
9 9609 9688 1770 7805 5971
9 3872 1928 9609 7805 5972
9 860 4875 9689 9034 5973
9 9690 3803 1507 8867 5974
9 4754 1543 4372 9686 5975
9 9686 4372 903 9277 5976
9 9264 2479 9686 9277 5977
9 689 9691 9690 5992 5978
9 3803 9690 9691 2296 5979
9 8867 3088 5992 9690 5980
9 9692 9693 2982 9694 5981
9 5533 679 9695 5534 5982
9 5534 9695 2564 9696 5983
9 6414 6477 9698 391 5984
9 6477 9697 2225 9698 5985
9 4704 5279 9589 1490 5986
9 9589 5279 647 5764 5987
9 4966 2709 9589 5764 5988
9 4875 2226 9699 9689 5989
9 9689 9699 1144 9700 5990
9 9034 9689 9700 2298 5991
9 8579 8580 9702 1795 5992
9 9702 8580 2210 9701 5993
9 4535 4536 9704 1529 5994
9 3630 735 9703 4536 5995
9 4536 9703 3180 9704 5996
9 9706 9705 1241 7456 5997
9 208 8327 9707 207 5998
9 9707 8327 1703 7784 5999
9 9710 9708 1151 9709 6000
9 624 8066 9694 8760 6001
9 8067 1602 9694 8066 6002
9 4984 8760 9694 2982 6003
9 8327 8326 7062 1703 6004
9 8326 9711 2927 7062 6005
9 868 6781 9710 9712 6006
9 9708 9710 6781 2107 6007
9 9709 2445 9712 9710 6008
9 6665 1592 3847 4234 6009
9 3952 4234 3847 516 6010
9 9714 8207 2424 9713 6011
9 9715 8072 3029 9716 6012
9 9062 524 5567 9063 6013
9 5567 9717 2585 9063 6014
9 7188 7187 9719 1494 6015
9 7189 674 9718 7187 6016
9 7187 9718 2894 9719 6017
9 955 7552 9639 9720 6018
9 7352 9639 7552 1658 6019
9 8559 2034 9720 9639 6020
9 5817 5816 9722 1692 6021
9 5816 9721 2476 9722 6022
9 325 9146 9724 324 6023
9 9724 9146 1858 9723 6024
9 7602 7601 9725 956 6025
9 7603 1692 9722 7601 6026
9 7601 9722 2476 9725 6027
9 109 8825 9727 108 6028
9 8824 1970 9726 8825 6029
9 8825 9726 2390 9727 6030
9 9729 1022 2645 9728 6031
9 6103 6102 6721 1668 6032
9 3678 758 7276 6102 6033
9 6102 7276 2024 6721 6034
9 7871 7870 9731 526 6035
9 7862 1498 9730 7870 6036
9 7870 9730 3235 9731 6037
9 7862 7861 7931 1498 6038
9 7931 7861 980 8828 6039
9 7902 7931 8828 2547 6040
9 3973 5340 5838 1213 6041
9 5838 5340 2370 4906 6042
9 4905 2978 5838 4906 6043
9 1866 8370 8973 9732 6044
9 8218 910 8973 8370 6045
9 9311 9605 9733 822 6046
9 9606 1568 9358 9605 6047
9 9605 9358 2188 9733 6048
9 8647 2175 9401 8648 6049
9 8648 9401 856 9734 6050
9 6238 8648 9734 2696 6051
9 3728 3727 5220 1581 6052
9 4071 4308 3727 1131 6053
9 3727 4308 2165 5220 6054
9 8888 8887 5344 1501 6055
9 8747 669 9456 8887 6056
9 8887 9456 2801 5344 6057
9 463 9735 9732 6167 6058
9 8973 1878 6167 9732 6059
9 6241 1865 7635 9658 6060
9 9658 7635 1103 10580 6061
9 9736 4426 2254 9592 6062
9 4558 1342 6285 7664 6063
9 5326 8380 6285 1700 6064
9 6285 8380 3103 7664 6065
9 5016 8376 5458 1517 6066
9 8376 9770 2997 5458 6067
9 1121 9737 6297 9738 6068
9 6296 2957 9738 6297 6069
9 5692 6549 5121 520 6070
9 6549 11207 3036 5121 6071
9 1859 9739 9740 9741 6072
9 9742 9743 2865 9744 6073
9 6691 8008 9745 839 6074
9 7999 1504 3914 8008 6075
9 8008 3914 2855 9745 6076
9 8353 8352 9746 743 6077
9 6779 1518 6719 8352 6078
9 8352 6719 2391 9746 6079
9 3292 6808 6970 1312 6080
9 5223 1872 9747 6808 6081
9 6808 9747 2616 6970 6082
9 9748 9749 2490 5754 6083
9 9750 9751 3226 9752 6084
9 7387 495 8994 8831 6085
9 8876 1561 9753 8994 6086
9 8994 9753 2286 8831 6087
9 7902 654 8211 7930 6088
9 7930 8211 2707 9754 6089
9 2027 4746 9197 9755 6090
9 9195 9197 4746 533 6091
9 27 28 9756 9757 6092
9 8396 73 74 8394 6093
9 8394 74 75 9758 6094
9 8395 8394 9758 2406 6095
9 9759 9198 2882 9760 6096
9 8271 8270 9761 846 6097
9 8069 1530 9418 8270 6098
9 8270 9418 2543 9761 6099
9 3999 4648 8982 1510 6100
9 4647 682 9762 4648 6101
9 4648 9762 2847 8982 6102
9 5336 9068 9764 1485 6103
9 9068 9763 3073 9764 6104
9 3695 3694 9071 1513 6105
9 3365 1175 6947 3694 6106
9 3694 6947 2914 9071 6107
9 9765 6986 2205 6122 6108
9 9766 9767 2894 9718 6109
9 152 153 6155 9768 6110
9 6156 6155 153 154 6111
9 9769 4963 2997 9770 6112
9 7921 9771 5497 3003 6113
9 100 101 9772 9773 6114
9 8376 1097 9660 9770 6115
9 9769 9770 9660 1680 6116
9 5626 9561 9775 1656 6117
9 7296 732 9774 9561 6118
9 9561 9774 2162 9775 6119
9 7921 1505 9776 7920 6120
9 7920 9776 3045 9777 6121
9 9778 9779 2078 9780 6122
9 7458 2078 9779 9781 6123
9 7921 7935 6465 1505 6124
9 7936 601 5134 7935 6125
9 7935 5134 2636 6465 6126
9 499 9360 9473 9782 6127
9 7842 9473 9360 2478 6128
9 8383 3099 9782 9473 6129
9 9783 315 316 9212 6130
9 128 129 9784 7837 6131
9 9785 9729 3147 9786 6132
9 9788 9787 1030 9179 6133
9 1377 8532 9788 9789 6134
9 9787 9788 8532 2206 6135
9 9179 2940 9789 9788 6136
9 9790 5332 2060 3547 6137
9 4743 4742 9791 1737 6138
9 6276 6278 4742 853 6139
9 4742 6278 2346 9791 6140
9 8554 8553 9426 1722 6141
9 8553 9792 3090 9426 6142
9 336 337 9793 9794 6143
9 5315 8538 4559 797 6144
9 8539 1544 8583 8538 6145
9 8538 8583 3206 4559 6146
9 9795 9796 2707 8210 6147
9 9068 2870 7374 9763 6148
9 9763 7374 496 9797 6149
9 9070 9494 3831 1513 6150
9 9732 9735 9798 1866 6151
9 5238 7108 9735 463 6152
9 9735 7108 2874 9798 6153
9 8626 8625 9528 1736 6154
9 131 132 9799 8625 6155
9 8625 9799 2608 9528 6156
9 9801 9800 597 7016 6157
9 9802 6504 2383 9801 6158
9 7016 2411 9802 9801 6159
9 9803 9804 3077 9805 6160
9 3682 6718 3689 775 6161
9 6719 1518 8103 6718 6162
9 6718 8103 2919 3689 6163
9 958 7761 8728 9806 6164
9 8727 8728 7761 2217 6165
9 3272 2358 9806 8728 6166
9 9350 9349 4790 1597 6167
9 8971 415 7522 9349 6168
9 9349 7522 2186 4790 6169
9 3764 5508 9807 1997 6170
9 3627 1203 5880 5508 6171
9 5508 5880 3089 9807 6172
9 7051 9155 9809 2383 6173
9 9154 1921 9808 9155 6174
9 9155 9808 2760 9809 6175
9 1901 9406 6737 9810 6176
9 6735 6737 9406 832 6177
9 6736 2976 9810 6737 6178
9 7383 7385 115 116 6179
9 115 7385 2785 9811 6180
9 432 9812 7905 9813 6181
9 5969 7905 9812 1782 6182
9 7904 2719 9813 7905 6183
9 9814 9061 2568 3579 6184
9 4250 8003 9816 569 6185
9 8004 1622 9815 8003 6186
9 8003 9815 2759 9816 6187
9 9527 9526 9817 1698 6188
9 9817 9526 1130 5352 6189
9 9426 3090 9817 5352 6190
9 9818 8019 2281 8010 6191
9 5245 5693 5521 1535 6192
9 3988 7941 5693 520 6193
9 5693 7941 2374 5521 6194
9 7334 7333 9820 933 6195
9 7335 1610 9819 7333 6196
9 7333 9819 2570 9820 6197
9 8079 1698 9817 8080 6198
9 8080 9817 3090 9821 6199
9 3845 1376 6960 7813 6200
9 7813 6960 1775 8311 6201
9 7814 7813 8311 2765 6202
9 4673 4677 9819 1610 6203
9 4677 9822 2570 9819 6204
9 8418 8417 8836 1542 6205
9 6909 802 5144 8417 6206
9 8417 5144 3161 8836 6207
9 9823 6161 2649 6876 6208
9 9743 9742 9815 1622 6209
9 9744 11333 8045 9742 6210
9 9742 8045 2759 9815 6211
9 5836 559 3817 5837 6212
9 3817 9824 2255 5837 6213
9 4538 5244 9825 2020 6214
9 9825 5244 2798 7620 6215
9 7718 7717 9827 2280 6216
9 7717 9826 3050 9827 6217
9 9829 8734 1751 9828 6218
9 1106 9830 4527 9771 6219
9 5497 9771 4527 2778 6220
9 3817 1808 4666 9824 6221
9 9824 4666 935 9831 6222
9 5860 5859 7287 792 6223
9 5861 1539 5737 5859 6224
9 5859 5737 2364 7287 6225
9 7600 7961 5354 489 6226
9 5354 7961 2308 1551 6227
9 5976 5981 9767 1635 6228
9 9767 5981 1037 9832 6229
9 9834 8523 1924 9833 6230
9 9835 8392 2100 9836 6231
9 5729 7730 9837 2145 6232
9 3468 1334 7048 7730 6233
9 7730 7048 2503 9837 6234
9 4426 9736 9839 834 6235
9 9592 1548 9838 9736 6236
9 9736 9838 3169 9839 6237
9 4286 6437 9840 1572 6238
9 9840 6437 2247 9841 6239
9 9842 48 49 6583 6240
9 9843 9214 2289 9844 6241
9 1098 9845 9846 9847 6242
9 625 7559 9848 9849 6243
9 8275 8276 9851 1645 6244
9 8276 9850 2945 9851 6245
9 3926 3925 9753 1561 6246
9 3927 841 9852 3925 6247
9 3925 9852 2286 9753 6248
9 7413 7412 9853 1815 6249
9 9853 7412 835 9078 6250
9 4176 191 192 8121 6251
9 8121 192 193 9854 6252
9 8122 8121 9854 2073 6253
9 5019 8173 9356 776 6254
9 8174 1532 9855 8173 6255
9 8173 9855 3056 9356 6256
9 3451 1904 6803 3674 6257
9 6805 1035 6083 6803 6258
9 6803 6083 2401 3674 6259
9 3455 3457 8866 809 6260
9 3456 1757 6685 3457 6261
9 3457 6685 3088 8866 6262
9 3997 475 3956 7795 6263
9 7795 3956 1527 9856 6264
9 7796 7795 9856 2447 6265
9 561 9857 9858 9859 6266
9 7746 7745 9860 1908 6267
9 7744 498 3754 7745 6268
9 7745 3754 2569 9860 6269
9 5415 5414 9862 997 6270
9 5414 9861 2193 9862 6271
9 5332 9790 7948 808 6272
9 3547 1660 9863 9790 6273
9 9790 9863 2820 7948 6274
9 551 6327 9864 9865 6275
9 7444 7443 5038 510 6276
9 4470 1715 6730 7443 6277
9 7443 6730 2019 5038 6278
9 221 222 9866 9867 6279
9 4972 1519 8439 9868 6280
9 9870 7128 577 9869 6281
9 6412 1643 7109 6413 6282
9 4434 705 5935 7109 6283
9 7109 5935 2698 6413 6284
9 8262 106 107 8263 6285
9 8263 107 108 9727 6286
9 8264 8263 9727 2390 6287
9 7774 9415 9723 1858 6288
9 8581 1036 9871 9415 6289
9 9415 9871 2530 9723 6290
9 120 121 9463 9872 6291
9 4769 9463 121 122 6292
9 9462 2420 9872 9463 6293
9 4990 5538 4415 2130 6294
9 4211 3013 4415 5538 6295
9 8550 8940 9874 687 6296
9 8940 9873 3168 9874 6297
9 4980 4979 4706 1552 6298
9 4789 716 9082 4979 6299
9 4979 9082 3193 4706 6300
9 442 9875 5086 9876 6301
9 5084 5086 9875 2068 6302
9 5085 2596 9876 5086 6303
9 6287 1432 9877 7077 6304
9 9877 9752 3226 7077 6305
9 9878 6616 452 9151 6306
9 1363 6899 7351 7735 6307
9 4162 7351 6899 1774 6308
9 6201 2580 7735 7351 6309
9 9879 7286 1863 9341 6310
9 2068 9875 9880 9881 6311
9 5788 5787 9882 1523 6312
9 4127 411 9449 5787 6313
9 5787 9449 2533 9882 6314
9 1608 8854 9883 9884 6315
9 7713 532 8696 9653 6316
9 9653 8696 2379 9885 6317
9 9654 9653 9885 2831 6318
9 5620 1525 5979 9310 6319
9 5979 9886 2531 9310 6320
9 4457 1164 4468 7631 6321
9 7631 4468 1783 9887 6322
9 6736 7631 9887 2976 6323
9 8520 1743 9888 8521 6324
9 8521 9888 2844 9889 6325
9 9890 9891 3211 9892 6326
9 9705 9706 9894 2089 6327
9 9894 9706 2905 9895 6328
9 7220 814 9361 9583 6329
9 9583 9361 1784 8587 6330
9 6649 2746 9583 8587 6331
9 9896 7146 2440 9897 6332
9 1783 9898 9899 9887 6333
9 17 18 9900 9664 6334
9 9900 9901 2921 9664 6335
9 8669 8668 9594 445 6336
9 8668 9902 2918 9594 6337
9 9543 9542 4903 1048 6338
9 9544 1521 5202 9542 6339
9 9542 5202 2833 4903 6340
9 9903 8999 2117 9294 6341
9 9905 5896 1912 9904 6342
9 3831 9494 9906 1042 6343
9 9906 9494 2536 8739 6344
9 8668 1537 5897 9902 6345
9 5899 993 9607 5897 6346
9 5897 9607 2918 9902 6347
9 6662 2539 9188 6663 6348
9 6663 9188 931 9907 6349
9 6526 6663 9907 2593 6350
9 5093 8570 9184 1515 6351
9 9184 8570 3135 9908 6352
9 9909 8438 2439 9910 6353
9 6597 8607 8434 964 6354
9 8608 1728 9911 8607 6355
9 8607 9911 2493 8434 6356
9 5446 2486 8959 5447 6357
9 5447 8959 1020 9912 6358
9 5448 5447 9912 3040 6359
9 5432 5431 5781 1718 6360
9 5781 5431 1220 6036 6361
9 4531 5781 6036 2094 6362
9 8266 8265 9911 1728 6363
9 8265 9913 2493 9911 6364
9 612 4367 9914 4191 6365
9 9390 9389 6961 704 6366
9 9389 9915 3144 6961 6367
9 9917 9916 607 4160 6368
9 9093 9094 9919 1776 6369
9 4776 2455 9918 9094 6370
9 9094 9918 3106 9919 6371
9 1176 8502 6001 9920 6372
9 4220 6001 8502 2314 6373
9 6000 3233 9920 6001 6374
9 4367 2016 9921 9914 6375
9 9914 9921 1203 3629 6376
9 4191 9914 3629 2741 6377
9 8491 9139 7771 684 6378
9 6903 1613 8805 9139 6379
9 9139 8805 2217 7771 6380
9 853 9922 9923 6276 6381
9 1169 9924 9105 9925 6382
9 7394 9105 9924 1918 6383
9 9104 3046 9925 9105 6384
9 7421 2530 9871 8590 6385
9 8590 9871 1036 6452 6386
9 7868 8590 6452 2853 6387
9 6774 1216 4107 6773 6388
9 6773 4107 3186 9926 6389
9 7389 9305 9927 773 6390
9 9927 9305 2345 9928 6391
9 7101 1294 7196 7102 6392
9 7102 7196 2179 9929 6393
9 7103 7102 9929 2994 6394
9 9930 9931 2661 9932 6395
9 8940 8941 5796 1523 6396
9 5959 1711 6623 8889 6397
9 8889 6623 1015 8471 6398
9 8601 8889 8471 2826 6399
9 9934 9935 1067 9243 6400
9 9236 2256 9934 9243 6401
9 9936 9937 2368 9938 6402
9 9940 9939 582 9167 6403
9 8807 8806 8087 956 6404
9 8087 8806 1936 9940 6405
9 9167 2151 8087 9940 6406
9 773 8179 8165 7390 6407
9 8181 1835 8165 8179 6408
9 6033 1954 7390 8165 6409
9 9942 8354 992 9941 6410
9 754 6338 9942 7369 6411
9 8354 9942 6338 1719 6412
9 9941 2577 7369 9942 6413
9 4180 4182 9499 691 6414
9 9944 6858 1053 9943 6415
9 7002 7001 9945 1777 6416
9 7003 877 7050 7001 6417
9 7001 7050 2079 9945 6418
9 8656 8892 9527 1698 6419
9 9527 8892 865 4197 6420
9 5267 9527 4197 2075 6421
9 8359 1777 9945 8360 6422
9 8360 9945 2079 9946 6423
9 213 214 7290 9947 6424
9 7289 7290 214 215 6425
9 7149 1708 9948 9675 6426
9 9675 9948 3028 9949 6427
9 5460 701 9950 6598 6428
9 6598 9950 3149 9951 6429
9 9713 9952 633 9953 6430
9 9714 9713 9953 3167 6431
9 243 244 8190 9954 6432
9 8188 8190 244 245 6433
9 8189 2815 9954 8190 6434
9 4812 4811 9229 1788 6435
9 9229 4811 799 8552 6436
9 6040 9229 8552 1985 6437
9 9955 9956 2542 9957 6438
9 5737 1539 9958 5735 6439
9 5735 9958 2984 9959 6440
9 1263 4898 8972 5482 6441
9 8970 8972 4898 2776 6442
9 8971 2880 5482 8972 6443
9 228 8938 9961 227 6444
9 6205 1890 9960 8938 6445
9 8938 9960 2514 9961 6446
9 9962 8685 1068 7974 6447
9 4445 9319 9312 857 6448
9 9302 1566 9963 9319 6449
9 9319 9963 2732 9312 6450
9 7693 1882 9964 9222 6451
9 9222 9964 3038 9965 6452
9 9966 6713 1272 6446 6453
9 6445 2398 9966 6446 6454
9 7146 9896 9958 1539 6455
9 9897 1005 9967 9896 6456
9 9896 9967 2984 9958 6457
9 5918 6165 9968 2739 6458
9 9968 6165 2844 9969 6459
9 2417 6944 9970 9971 6460
9 1147 9320 9972 4556 6461
9 9321 1756 9972 9320 6462
9 1756 9655 9973 9972 6463
9 4556 9972 9973 3066 6464
9 8820 8819 9974 397 6465
9 8798 1541 9291 8819 6466
9 8819 9291 2653 9974 6467
9 3829 1528 9975 3830 6468
9 3830 9975 2819 9976 6469
9 4124 4123 6091 1551 6470
9 4122 1196 9977 4123 6471
9 4123 9977 3085 6091 6472
9 8798 8797 9979 1541 6473
9 8799 890 9978 8797 6474
9 8797 9978 2595 9979 6475
9 4103 1684 9157 4826 6476
9 4826 9157 2646 9980 6477
9 9150 9152 9981 1831 6478
9 9153 915 6281 9152 6479
9 9152 6281 3071 9981 6480
9 7289 215 216 7320 6481
9 7320 216 217 9982 6482
9 498 7744 9983 8318 6483
9 104 105 8425 9984 6484
9 8262 8425 105 106 6485
9 7282 2768 9984 8425 6486
9 2224 9985 9986 9987 6487
9 8710 1876 3448 9638 6488
9 9638 3448 543 9988 6489
9 8271 9638 9988 1941 6490
9 9989 9990 2562 9991 6491
9 8987 9992 1641 9993 6492
9 7306 8987 9993 2425 6493
9 6944 946 9994 9970 6494
9 9970 9994 2119 9995 6495
9 9971 9970 9995 2656 6496
9 9997 7 8 9996 6497
9 6127 6126 9999 1765 6498
9 3760 531 9998 6126 6499
9 6126 9998 2633 9999 6500
9 10001 8024 2139 10000 6501
9 5099 1529 9704 8081 6502
9 8081 9704 3180 10002 6503
9 6599 8449 8490 1487 6504
9 8490 8449 1946 10003 6505
9 505 6150 9685 8717 6506
9 6259 9685 6150 1683 6507
9 8718 8717 9685 2367 6508
9 1136 10004 8951 10005 6509
9 8950 2766 10005 8951 6510
9 1073 10006 10007 10008 6511
9 3893 2513 10009 4866 6512
9 4866 10009 1120 10010 6513
9 4867 4866 10010 3083 6514
9 6651 1821 10011 9659 6515
9 9659 10011 912 4498 6516
9 5366 9659 4498 2209 6517
9 1069 10012 10013 10014 6518
9 3957 6574 258 259 6519
9 258 6574 2007 10015 6520
9 8093 8095 10016 1611 6521
9 8095 11287 2502 10016 6522
9 8698 8709 10018 1604 6523
9 8710 846 10017 8709 6524
9 8709 10017 2689 10018 6525
9 9222 9965 6614 790 6526
9 7605 584 5978 7604 6527
9 7604 5978 3032 10019 6528
9 10020 10021 2425 9993 6529
9 3485 3484 9364 1536 6530
9 3483 590 9541 3484 6531
9 3484 9541 2762 9364 6532
9 1585 4033 10022 10023 6533
9 9931 9930 4565 834 6534
9 9932 1656 9775 9930 6535
9 9930 9775 2162 4565 6536
9 10024 8646 913 8850 6537
9 5696 5695 10025 1564 6538
9 5694 1388 6831 5695 6539
9 5695 6831 3195 10025 6540
9 4229 1546 8555 8023 6541
9 8023 8555 611 10026 6542
9 6139 8023 10026 2901 6543
9 4339 4338 7799 1547 6544
9 3452 4950 4338 1222 6545
9 4338 4950 2524 7799 6546
9 527 8579 10024 10027 6547
9 8646 10024 8579 1795 6548
9 8850 2198 10027 10024 6549
9 10028 9185 2114 10029 6550
9 4003 1269 6690 6374 6551
9 6374 6690 2022 10030 6552
9 5718 6374 10030 2122 6553
9 9796 9795 10031 939 6554
9 8210 1585 10023 9795 6555
9 9795 10023 2505 10031 6556
9 332 333 10032 8655 6557
9 5675 1558 10033 5679 6558
9 5679 10033 3117 10034 6559
9 9251 1917 3823 9255 6560
9 9255 3823 2296 10035 6561
9 10036 8906 3143 10037 6562
9 1237 10038 8732 9353 6563
9 6812 8732 10038 2149 6564
9 8731 3194 9353 8732 6565
9 5957 5956 6159 1565 6566
9 4734 1113 10039 5956 6567
9 5956 10039 3192 6159 6568
9 9739 561 10040 9740 6569
9 9740 10040 2344 10041 6570
9 9741 9740 10041 3163 6571
9 5598 856 9400 9337 6572
9 9402 1596 10042 9400 6573
9 9400 10042 3123 9337 6574
9 4417 4418 4403 840 6575
9 4418 10043 2492 4403 6576
9 3670 4215 10045 1613 6577
9 4216 547 10044 4215 6578
9 4215 10044 3017 10045 6579
9 10046 7130 1096 5663 6580
9 5662 2044 10046 5663 6581
9 9803 2877 4576 9804 6582
9 9804 4576 1413 7876 6583
9 7875 3077 9804 7876 6584
9 10048 10047 918 7926 6585
9 10050 9056 1798 10049 6586
9 7696 502 4051 7995 6587
9 4056 3624 4051 1588 6588
9 4051 3624 2336 7995 6589
9 8727 8804 10051 1050 6590
9 8805 1613 10045 8804 6591
9 8804 10045 3017 10051 6592
9 10053 6336 1228 10052 6593
9 1154 10054 9618 10055 6594
9 4015 9618 10054 2386 6595
9 9617 2491 10055 9618 6596
9 5276 1681 10056 5945 6597
9 10056 10057 2261 5945 6598
9 10059 5156 1773 10058 6599
9 10060 10029 2114 10061 6600
9 6079 96 97 7583 6601
9 7583 97 98 10062 6602
9 8408 9000 3423 657 6603
9 9001 1541 9979 9000 6604
9 9000 9979 2595 3423 6605
9 1545 8749 10063 10064 6606
9 10066 6252 736 10065 6607
9 699 5401 10067 10068 6608
9 1184 3328 10069 10070 6609
9 3328 2232 10071 10069 6610
9 10069 10071 652 4360 6611
9 10070 10069 4360 2449 6612
9 1618 6922 10072 4048 6613
9 154 155 7729 6156 6614
9 3911 7729 155 156 6615
9 6157 6156 7729 2285 6616
9 6753 255 256 8125 6617
9 8125 256 257 10073 6618
9 8126 8125 10073 2748 6619
9 1311 5461 10074 10075 6620
9 5461 2282 6873 10074 6621
9 10074 6873 399 5668 6622
9 10075 10074 5668 2747 6623
9 10076 5537 3137 10077 6624
9 7294 7293 10078 1787 6625
9 3400 745 9011 7293 6626
9 7293 9011 2244 10078 6627
9 8024 10001 10080 1065 6628
9 10000 2537 10079 10001 6629
9 10001 10079 2819 10080 6630
9 10081 10082 3106 10083 6631
9 5537 10076 9283 441 6632
9 10077 1934 10084 10076 6633
9 10076 10084 2497 9283 6634
9 1121 10085 9881 10086 6635
9 9880 2602 10086 9881 6636
9 10087 7694 2152 10083 6637
9 10088 10078 2244 10089 6638
9 9845 2129 10090 9846 6639
9 9846 10090 445 3587 6640
9 9847 9846 3587 2472 6641
9 4459 4461 10091 1230 6642
9 4461 7592 3052 10091 6643
9 10092 10093 2497 10084 6644
9 860 6243 10066 6153 6645
9 6252 10066 6243 1615 6646
9 10065 2279 6153 10066 6647
9 820 8112 10094 10095 6648
9 6261 1614 9333 8774 6649
9 8774 9333 3183 10096 6650
9 1542 8835 10068 3934 6651
9 8789 699 10068 8835 6652
9 10067 2617 3934 10068 6653
9 8620 9471 10097 1964 6654
9 10097 9471 872 4822 6655
9 4821 2082 10097 4822 6656
9 6800 9133 9385 697 6657
9 3651 1559 10098 9133 6658
9 9133 10098 2900 9385 6659
9 1752 5500 7672 10099 6660
9 7094 7672 5500 1238 6661
9 7673 2085 10099 7672 6662
9 8445 8446 6988 804 6663
9 8446 10851 2811 6988 6664
9 7626 7625 9174 835 6665
9 7627 1903 10100 7625 6666
9 7625 10100 2582 9174 6667
9 530 10101 10102 7173 6668
9 6319 6318 9245 550 6669
9 9245 6318 1560 10103 6670
9 9246 9245 10103 3095 6671
9 6117 7402 10103 1560 6672
9 7402 10104 3095 10103 6673
9 6636 1646 4408 10105 6674
9 3926 3932 10106 1562 6675
9 3932 11632 3115 10106 6676
9 1658 7546 10107 7483 6677
9 4101 4317 7585 673 6678
9 4317 10108 2520 7585 6679
9 5526 5525 10109 1556 6680
9 5527 514 8321 5525 6681
9 5525 8321 2592 10109 6682
9 338 339 7914 10110 6683
9 3302 7914 339 340 6684
9 7161 3132 10110 7914 6685
9 76 7408 9758 75 6686
9 7407 1582 6637 7408 6687
9 7408 6637 2406 9758 6688
9 9116 770 6896 9117 6689
9 9117 6896 3151 10111 6690
9 10112 8560 1546 4230 6691
9 4987 1612 7044 5005 6692
9 10113 9321 2162 9774 6693
9 5896 9905 10115 1235 6694
9 9905 10114 3205 10115 6695
9 1006 10116 6012 10117 6696
9 8019 9818 8347 1557 6697
9 8010 396 4209 9818 6698
9 9818 4209 3043 8347 6699
9 10119 9828 1751 10118 6700
9 4931 1250 4569 9120 6701
9 9120 4569 1545 10064 6702
9 8395 9120 10064 2735 6703
9 1545 6082 8939 8750 6704
9 6805 8939 6082 1035 6705
9 5115 2752 8750 8939 6706
9 961 7275 10120 7965 6707
9 8881 1633 10121 8879 6708
9 8879 10121 2998 10122 6709
9 4753 4773 4526 1543 6710
9 4772 746 5495 4773 6711
9 4773 5495 2778 4526 6712
9 3899 3898 8602 1575 6713
9 3898 10123 3191 8602 6714
9 6057 845 8930 7224 6715
9 8932 1895 10124 8930 6716
9 8930 10124 2431 7224 6717
9 9293 9292 10126 2116 6718
9 345 346 10125 9292 6719
9 9292 10125 3118 10126 6720
9 561 9739 10127 9857 6721
9 10057 10056 6692 839 6722
9 10056 3641 2675 6692 6723
9 142 143 9072 4713 6724
9 9070 9072 143 144 6725
9 9071 2914 4713 9072 6726
9 160 161 5636 10128 6727
9 4034 5636 161 162 6728
9 5480 2895 10128 5636 6729
9 560 4253 10129 10130 6730
9 4332 2010 10131 4909 6731
9 4909 10131 1115 4761 6732
9 4910 4909 4761 2664 6733
9 4253 1999 10132 10129 6734
9 10129 10132 1029 10133 6735
9 10130 10129 10133 2329 6736
9 10136 10134 648 10135 6737
9 10137 7922 2224 10136 6738
9 5046 235 236 8873 6739
9 4678 9171 236 237 6740
9 236 9171 2192 8873 6741
9 1002 10138 10048 3669 6742
9 7926 2183 3669 10048 6743
9 4151 1313 4514 7326 6744
9 7326 4514 1805 6953 6745
9 6892 3199 7326 6953 6746
9 10139 9632 2142 10140 6747
9 759 7653 10141 10142 6748
9 8205 8595 5199 1554 6749
9 4845 7114 8595 417 6750
9 8595 7114 2978 5199 6751
9 9767 9766 10144 1635 6752
9 9718 674 10143 9766 6753
9 9766 10143 2615 10144 6754
9 1159 7619 10145 10146 6755
9 921 10147 10148 10149 6756
9 7760 7759 10150 1653 6757
9 7761 958 7574 7759 6758
9 7759 7574 2650 10150 6759
9 6291 6495 5392 1842 6760
9 5392 6495 1057 10151 6761
9 5085 892 10152 5449 6762
9 5449 10152 3070 10153 6763
9 8156 2187 10154 8157 6764
9 8157 10154 949 5005 6765
9 7044 2312 8157 5005 6766
9 5775 5774 5957 1565 6767
9 5928 6359 5774 645 6768
9 5774 6359 2528 5957 6769
9 3374 721 4904 3739 6770
9 3739 4904 2370 10155 6771
9 2050 4293 10156 10157 6772
9 3448 3447 6964 543 6773
9 3286 1653 10150 3447 6774
9 3447 10150 2650 6964 6775
9 6039 1926 10158 8461 6776
9 8461 10158 3156 10159 6777
9 3973 927 7622 5340 6778
9 3739 10155 7622 1741 6779
9 7622 10155 2370 5340 6780
9 4973 2818 10162 4998 6781
9 4998 10162 1163 4193 6782
9 4192 3160 4998 4193 6783
9 5102 972 6865 9346 6784
9 9346 6865 2050 10157 6785
9 10156 2092 9346 10157 6786
9 9224 1828 9498 9225 6787
9 9225 9498 3164 10163 6788
9 3968 511 10164 7197 6789
9 7197 10164 3220 10165 6790
9 10167 5706 613 10166 6791
9 5552 5554 8382 844 6792
9 5554 10168 3099 8382 6793
9 1089 9093 10167 10169 6794
9 5706 10167 9093 1776 6795
9 10166 2886 10169 10167 6796
9 10172 10170 566 10171 6797
9 9478 9477 10174 395 6798
9 9477 10173 2435 10174 6799
9 6922 59 60 10072 6800
9 10072 60 61 7427 6801
9 4048 10072 7427 2274 6802
9 7705 1753 10175 7712 6803
9 7712 10175 3208 10176 6804
9 10179 9620 2074 9554 6805
9 9477 1663 10180 10173 6806
9 10180 6415 2435 10173 6807
9 1122 10181 10182 10183 6808
9 889 9428 10172 4331 6809
9 10170 10172 9428 1901 6810
9 10171 2010 4331 10172 6811
9 10184 10099 2085 4443 6812
9 8392 9835 10185 1649 6813
9 9836 948 9461 9835 6814
9 9835 9461 2627 10185 6815
9 6069 855 8702 6067 6816
9 6067 8702 1995 10186 6817
9 6068 6067 10186 2294 6818
9 3762 9354 10187 531 6819
9 3390 1649 10185 9354 6820
9 9354 10185 2627 10187 6821
9 10181 2213 10188 10182 6822
9 10182 10188 914 10189 6823
9 10183 10182 10189 2362 6824
9 10191 8834 2057 10190 6825
9 437 9441 10192 10193 6826
9 9441 2028 8419 10192 6827
9 10192 8419 983 7709 6828
9 10193 10192 7709 2150 6829
9 9488 1895 10194 9489 6830
9 9489 10194 2927 10195 6831
9 10196 3260 2866 10197 6832
9 4692 4691 10198 1609 6833
9 5612 9329 4691 724 6834
9 4691 9329 2758 10198 6835
9 38 9282 10199 37 6836
9 9281 1836 5025 9282 6837
9 9282 5025 2771 10199 6838
9 8204 8203 5428 794 6839
9 8205 1554 8694 8203 6840
9 8203 8694 2834 5428 6841
9 1205 10200 10201 10202 6842
9 8310 2355 10203 8567 6843
9 10203 10204 2615 8567 6844
9 7892 7891 10206 460 6845
9 7893 1579 10205 7891 6846
9 7891 10205 3155 10206 6847
9 7170 8615 10098 1559 6848
9 8754 9173 8615 881 6849
9 8615 9173 2900 10098 6850
9 6725 6861 6355 902 6851
9 5745 1806 4077 6861 6852
9 6861 4077 2506 6355 6853
9 7511 9600 5082 962 6854
9 5528 1609 10198 9600 6855
9 9600 10198 2758 5082 6856
9 1754 4889 6628 10207 6857
9 5422 6628 4889 837 6858
9 5024 3011 10207 6628 6859
9 9554 9553 10209 1759 6860
9 10209 9553 1017 10208 6861
9 572 3941 10210 9419 6862
9 4464 9419 10210 2683 6863
9 9198 9759 10211 545 6864
9 10211 9759 1759 10209 6865
9 1082 7018 9391 5772 6866
9 9389 9391 7018 1889 6867
9 3723 5772 9391 2845 6868
9 5914 2052 5824 9342 6869
9 3711 1221 10212 5824 6870
9 5824 10212 3141 9342 6871
9 10214 8715 1791 10213 6872
9 1276 10215 9417 4135 6873
9 7158 9417 10215 2500 6874
9 9416 2993 4135 9417 6875
9 7117 752 5970 9625 6876
9 9625 5970 1782 10216 6877
9 7363 9625 10216 2126 6878
9 3941 2020 9825 10210 6879
9 7620 1159 10217 9825 6880
9 9825 10217 2683 10210 6881
9 9630 9629 10219 2326 6882
9 9628 2044 10218 9629 6883
9 9629 10218 3230 10219 6884
9 5719 2122 10220 9130 6885
9 9130 10220 817 10221 6886
9 6280 9130 10221 3071 6887
9 10222 8948 2652 10223 6888
9 1982 9211 9384 10224 6889
9 6767 1631 9384 9211 6890
9 2099 9413 3577 10007 6891
9 3576 3577 9413 490 6892
9 10008 10007 3577 2403 6893
9 2019 6003 10225 5274 6894
9 5275 5274 10225 2441 6895
9 10226 10227 2608 10213 6896
9 4893 7308 8183 1520 6897
9 10160 10161 7308 2612 6898
9 7308 10161 3188 8183 6899
9 7431 7430 10228 1778 6900
9 7432 690 8171 7430 6901
9 7430 8171 3244 10228 6902
9 1836 9281 10229 5575 6903
9 1860 3880 9997 10230 6904
9 7 9997 3880 6 6905
9 9996 2689 10230 9997 6906
9 5401 1739 10231 10067 6907
9 10231 8187 2617 10067 6908
9 6261 8775 10233 747 6909
9 8775 10232 3142 10233 6910
9 1010 3917 6449 10234 6911
9 6448 6449 3917 1832 6912
9 10235 10101 530 9295 6913
9 4794 4793 10237 1705 6914
9 4793 10236 2398 10237 6915
9 4139 4138 10238 1785 6916
9 4137 1138 3339 4138 6917
9 4138 3339 2909 10238 6918
9 920 9781 10239 10240 6919
9 9779 1861 10239 9781 6920
9 3544 3546 10241 1209 6921
9 3545 1560 6906 3546 6922
9 3546 6906 2704 10241 6923
9 2348 10242 7764 5058 6924
9 6847 7764 10242 1110 6925
9 7763 2804 5058 7764 6926
9 1861 6353 8139 10239 6927
9 3994 791 8139 6353 6928
9 10240 10239 8139 2170 6929
9 9001 2495 10243 9290 6930
9 9290 10243 896 10244 6931
9 9291 9290 10244 2653 6932
9 4943 840 4357 10245 6933
9 6676 6675 8995 495 6934
9 6084 1594 5140 6675 6935
9 6675 5140 3227 8995 6936
9 2721 10246 9760 8060 6937
9 9759 9760 10246 1759 6938
9 4693 501 8458 7047 6939
9 8460 1586 10247 8458 6940
9 8458 10247 2503 7047 6941
9 3915 231 232 5562 6942
9 5562 232 233 5464 6943
9 5563 5562 5464 2067 6944
9 10248 8730 2462 8603 6945
9 10249 9101 1447 7157 6946
9 7546 524 9062 10107 6947
9 10107 9062 1696 10250 6948
9 7483 10107 10250 2668 6949
9 10251 10252 2317 4632 6950
9 2362 10189 9834 10253 6951
9 8523 9834 10189 914 6952
9 9833 2782 10253 9834 6953
9 6986 9765 10255 565 6954
9 6122 1571 10254 9765 6955
9 9765 10254 3061 10255 6956
9 9646 9645 10204 930 6957
9 9647 1635 10144 9645 6958
9 9645 10144 2615 10204 6959
9 3260 10196 10247 1586 6960
9 10197 898 10256 10196 6961
9 10196 10256 2503 10247 6962
9 1952 4544 6559 10257 6963
9 4988 6559 4544 427 6964
9 6558 2578 10257 6559 6965
9 8438 9909 10254 1571 6966
9 9910 1020 10258 9909 6967
9 9909 10258 3061 10254 6968
9 10260 5842 1732 10259 6969
9 8090 1367 10261 8091 6970
9 8091 10261 3100 10262 6971
9 10263 3382 2603 10264 6972
9 10265 5012 3198 10266 6973
9 1 20 8869 10267 6974
9 7569 8869 20 21 6975
9 8868 2276 10267 8869 6976
9 9890 2106 7544 9891 6977
9 9891 7544 824 10268 6978
9 3312 1205 10202 5536 6979
9 10201 2368 10269 10202 6980
9 10202 10269 3137 5536 6981
9 8513 8512 7338 542 6982
9 8511 1745 10270 8512 6983
9 8512 10270 2128 7338 6984
9 10272 10271 1378 8313 6985
9 3707 1567 6301 5402 6986
9 3814 722 9674 6301 6987
9 6301 9674 2606 5402 6988
9 842 10273 10272 7649 6989
9 10271 10272 10273 2304 6990
9 8313 2305 7649 10272 6991
9 8932 8933 10194 1895 6992
9 3418 7063 8933 1162 6993
9 8933 7063 2927 10194 6994
9 4187 4196 10270 1745 6995
9 4197 865 4546 4196 6996
9 4196 4546 2128 10270 6997
9 5864 6578 6769 1583 6998
9 6577 747 10233 6578 6999
9 6578 10233 3142 6769 7000
9 2125 10274 10275 10276 7001
9 288 289 9946 5713 7002
9 8360 9946 289 290 7003
9 5714 5713 9946 2079 7004
9 1198 10277 10276 10278 7005
9 10275 2661 10278 10276 7006
9 10279 10280 2002 10281 7007
9 8609 9476 10282 2014 7008
9 10282 9476 3085 9977 7009
9 7822 1862 10283 9549 7010
9 9549 10283 1072 7828 7011
9 5076 9549 7828 2829 7012
9 4500 491 8736 9444 7013
9 9444 8736 2941 10284 7014
9 4741 1378 10271 10284 7015
9 9444 10284 10271 2304 7016
9 10178 10177 10285 906 7017
9 10285 10177 1966 10281 7018
9 3776 356 357 5584 7019
9 5584 357 358 8756 7020
9 5585 5584 8756 2084 7021
9 10286 10287 2293 10288 7022
9 6804 6807 6093 1971 7023
9 4361 7373 6807 863 7024
9 6807 7373 2350 6093 7025
9 10289 5045 2751 10290 7026
9 8701 855 9650 10291 7027
9 5455 2219 8777 6380 7028
9 6380 8777 850 10292 7029
9 5977 6380 10292 3032 7030
9 3251 3254 10287 1675 7031
9 3254 10293 2293 10287 7032
9 1001 10294 10290 9030 7033
9 3850 8275 10295 540 7034
9 5882 8322 8275 1645 7035
9 8275 8322 2821 10295 7036
9 5449 1577 5128 5450 7037
9 5128 10296 2596 5450 7038
9 10297 10298 2368 9937 7039
9 4808 6257 10299 762 7040
9 6258 1683 6152 6257 7041
9 6257 6152 2352 10299 7042
9 737 4585 6548 8084 7043
9 3718 6548 4585 1590 7044
9 6547 2535 8084 6548 7045
9 6744 6743 10300 1822 7046
9 3767 1348 7675 6743 7047
9 6743 7675 2960 10300 7048
9 445 10090 10301 8669 7049
9 5035 8669 10301 2438 7050
9 4014 1178 4870 10302 7051
9 3435 1187 8767 8086 7052
9 8767 10303 3079 8086 7053
9 10305 9749 1733 10304 7054
9 437 10306 10053 9442 7055
9 6336 10053 10306 2346 7056
9 10052 2712 9442 10053 7057
9 10308 10171 566 10307 7058
9 3382 10263 9963 1566 7059
9 10264 410 4637 10263 7060
9 10263 4637 2732 9963 7061
9 8094 796 2550 10309 7062
9 3792 3791 9532 1923 7063
9 3790 793 8485 3791 7064
9 3791 8485 2040 9532 7065
9 3539 4108 10312 996 7066
9 4108 10311 2961 10312 7067
9 8767 1845 5307 10303 7068
9 5306 409 10313 5307 7069
9 5307 10313 3079 10303 7070
9 1107 8130 10309 10314 7071
9 8094 10309 8130 2038 7072
9 10315 10316 3039 10317 7073
9 4108 1574 4579 10311 7074
9 4579 10318 2961 10311 7075
9 7559 2327 6950 9848 7076
9 9848 6950 1282 9047 7077
9 9849 9848 9047 2991 7078
9 1115 10131 10308 10319 7079
9 10171 10308 10131 2010 7080
9 10307 2619 10319 10308 7081
9 4113 1572 9840 6387 7082
9 9841 1031 10320 9840 7083
9 9840 10320 2723 6387 7084
9 6771 6770 10321 459 7085
9 6772 1584 5665 6770 7086
9 6770 5665 3040 10321 7087
9 3256 658 5835 8515 7088
9 5835 10322 2416 8515 7089
9 6302 6303 9485 1569 7090
9 4272 820 10095 6303 7091
9 6303 10095 2856 9485 7092
9 9989 2477 10323 9990 7093
9 9990 10323 602 6444 7094
9 5874 2562 9990 6444 7095
9 3282 1570 7012 3284 7096
9 3284 7012 2753 10324 7097
9 3377 3728 5910 454 7098
9 3728 1581 2634 5910 7099
9 8775 1907 6372 10232 7100
9 10232 6372 1218 4956 7101
9 4955 3142 10232 4956 7102
9 10325 9367 929 8363 7103
9 6498 6560 5071 1573 7104
9 6560 10326 2744 5071 7105
9 6520 1497 8499 8815 7106
9 8815 8499 1943 10327 7107
9 8816 8815 10327 2737 7108
9 10328 4654 808 7568 7109
9 7129 7128 10328 7568 7110
9 8519 8518 10330 1012 7111
9 4788 1624 10329 8518 7112
9 8518 10329 2968 10330 7113
9 10331 10332 2968 10329 7114
9 3861 1435 9166 7200 7115
9 7200 9166 3109 10333 7116
9 5220 5219 10335 1581 7117
9 4914 687 10334 5219 7118
9 5219 10334 3110 10335 7119
9 10316 10315 10147 921 7120
9 10317 1576 8039 10315 7121
9 10315 8039 2708 10147 7122
9 6252 1615 6233 6253 7123
9 6233 10336 2467 6253 7124
9 10337 10342 2836 9083 7125
9 10339 10338 607 9916 7126
9 5468 9317 4563 1690 7127
9 4563 9317 2546 10340 7128
9 2214 9177 4169 10341 7129
9 9178 1119 4169 9177 7130
9 4168 2597 10341 4169 7131
9 10337 2566 7871 10342 7132
9 1596 419 10343 10344 7133
9 567 10345 5930 8163 7134
9 5929 2598 8163 5930 7135
9 116 117 9750 7383 7136
9 9751 9750 117 118 7137
9 9752 2340 7383 9750 7138
9 5749 5748 9088 2161 7139
9 5748 11712 3213 9088 7140
9 10346 9884 2514 10347 7141
9 10348 8463 2324 7155 7142
9 10350 8837 813 10349 7143
9 10351 8516 1252 8391 7144
9 8596 1892 8909 9667 7145
9 5548 1295 7085 8909 7146
9 8909 7085 2695 9667 7147
9 659 4865 10351 8410 7148
9 8516 10351 4865 2127 7149
9 8391 2864 8410 10351 7150
9 10352 9154 877 7003 7151
9 4844 1611 10016 4852 7152
9 4852 10016 2502 10353 7153
9 7396 7395 10354 1578 7154
9 115 9811 7395 114 7155
9 7395 9811 2785 10354 7156
9 7189 9616 10143 674 7157
9 9614 1593 8568 9616 7158
9 9616 8568 2615 10143 7159
9 7619 1665 7767 10145 7160
9 10145 7767 686 10355 7161
9 10146 10145 10355 2323 7162
9 968 3780 9878 9677 7163
9 6616 9878 3780 1630 7164
9 9151 2805 9677 9878 7165
9 7283 7285 10356 954 7166
9 10356 7285 2351 10357 7167
9 34 4758 10358 33 7168
9 3755 1599 9175 4758 7169
9 4758 9175 2582 10358 7170
9 10359 10617 2922 10360 7171
9 8928 870 7068 9490 7172
9 9490 7068 2271 10361 7173
9 5882 5881 10363 970 7174
9 5883 1580 10362 5881 7175
9 5881 10362 3242 10363 7176
9 8376 8377 10365 1097 7177
9 8377 10364 3016 10365 7178
9 8041 8040 10366 692 7179
9 8040 11320 2944 10366 7180
9 7442 1848 10357 8927 7181
9 8927 10357 2351 10367 7182
9 906 10368 10369 10178 7183
9 1747 4805 10370 10371 7184
9 5905 5907 10373 874 7185
9 5907 10372 2098 10373 7186
9 9304 9306 8426 1793 7187
9 9307 405 9147 9306 7188
9 9306 9147 3087 8426 7189
9 6462 6461 10374 422 7190
9 9490 10361 6461 1686 7191
9 6461 10361 2271 10374 7192
9 5851 5850 6891 1607 7193
9 5852 472 7327 5850 7194
9 5850 7327 3199 6891 7195
9 5907 1816 3937 10372 7196
9 3938 522 5770 3937 7197
9 3937 5770 2098 10372 7198
9 6259 6260 7913 867 7199
9 6258 1747 10371 6260 7200
9 6260 10371 2163 7913 7201
9 10375 10376 2953 10377 7202
9 1073 10378 9051 10006 7203
9 8795 9051 10378 1888 7204
9 10007 10006 9051 2099 7205
9 981 9228 9241 6679 7206
9 8307 9241 9228 2380 7207
9 9240 2730 6679 9241 7208
9 1098 5126 10379 10380 7209
9 7024 7023 10381 1781 7210
9 3734 4886 7023 414 7211
9 7023 4886 2218 10381 7212
9 10382 10383 3143 9446 7213
9 10384 8196 1377 9789 7214
9 1283 3573 10385 10386 7215
9 468 6984 10384 10387 7216
9 8196 10384 6984 2337 7217
9 9789 2940 10387 10384 7218
9 10388 6075 1311 10075 7219
9 514 5527 10389 10390 7220
9 1029 10132 10388 5669 7221
9 6075 10388 10132 1999 7222
9 10075 2747 5669 10388 7223
9 10391 6073 1152 7304 7224
9 7306 2425 10391 7304 7225
9 5596 886 7725 8071 7226
9 8071 7725 2173 10392 7227
9 8072 8071 10392 3029 7228
9 3573 2176 6635 10385 7229
9 10385 6635 386 10393 7230
9 10386 10385 10393 2883 7231
9 5392 10151 10395 2625 7232
9 10151 10394 2791 10395 7233
9 9884 10346 5731 1608 7234
9 10347 982 10396 10346 7235
9 10346 10396 2733 5731 7236
9 6415 10180 8427 911 7237
9 8427 10180 1663 10397 7238
9 1920 7165 7507 10398 7239
9 4314 7507 7165 1326 7240
9 7506 2690 10398 7507 7241
9 61 62 7303 7428 7242
9 3652 7303 62 63 7243
9 7302 2432 7428 7303 7244
9 7793 7792 10343 419 7245
9 10343 7792 1810 6817 7246
9 10344 10343 6817 2587 7247
9 1782 10399 10400 10216 7248
9 6073 10391 10401 2275 7249
9 10401 10391 2425 10021 7250
9 8246 8245 8950 611 7251
9 8245 10402 2766 8950 7252
9 2005 7470 10265 10403 7253
9 5012 10265 7470 1253 7254
9 10266 2783 10403 10265 7255
9 1154 9679 9671 10404 7256
9 4868 9671 9679 1780 7257
9 4203 4204 10406 1657 7258
9 4205 1022 10405 4204 7259
9 4204 10405 2897 10406 7260
9 8402 10407 10408 2262 7261
9 4235 8289 9014 2134 7262
9 9014 8289 1018 10409 7263
9 9015 9014 10409 2518 7264
9 4122 4880 10410 1196 7265
9 4880 10529 3165 10410 7266
9 10411 10412 2262 10408 7267
9 10413 10414 2911 10415 7268
9 6344 6345 10417 781 7269
9 6345 10416 2213 10417 7270
9 10377 1167 4721 10375 7271
9 10375 4721 2080 10418 7272
9 10376 10375 10418 2211 7273
9 8273 8272 10414 1633 7274
9 8274 667 7411 8272 7275
9 8272 7411 2911 10414 7276
9 8579 527 5387 8580 7277
9 5387 7724 2210 8580 7278
9 6273 6745 6572 1642 7279
9 6572 6745 395 10174 7280
9 5193 6572 10174 2435 7281
9 9168 9267 9495 1595 7282
9 9268 538 6071 9267 7283
9 9267 6071 2875 9495 7284
9 10420 7153 1389 10419 7285
9 1397 8573 10421 10422 7286
9 6345 1841 10423 10416 7287
9 10423 10188 2213 10416 7288
9 1890 6204 6992 10424 7289
9 6516 6992 6204 1260 7290
9 6991 2561 10424 6992 7291
9 7337 7336 10426 2141 7292
9 5720 774 10425 7336 7293
9 7336 10425 2740 10426 7294
9 882 5421 9579 8124 7295
9 8305 9579 5421 1834 7296
9 7278 8124 9579 2215 7297
9 9528 2608 10227 9529 7298
9 9529 10227 1012 10330 7299
9 9530 9529 10330 2968 7300
9 10427 7738 2817 8551 7301
9 6560 551 9865 10326 7302
9 10326 9865 2544 10428 7303
9 9859 10429 2888 10430 7304
9 8796 8800 10431 1605 7305
9 8801 565 10255 8800 7306
9 8800 10255 3061 10431 7307
9 8112 2444 6787 10094 7308
9 10094 6787 1281 6934 7309
9 10095 10094 6934 2856 7310
9 8959 8958 10258 1020 7311
9 8884 1605 10431 8958 7312
9 8958 10431 3061 10258 7313
9 6725 902 6099 6726 7314
9 6726 6099 2365 5574 7315
9 6727 6726 5574 2371 7316
9 906 10432 9962 10433 7317
9 8685 9962 10432 2042 7318
9 7974 2575 10433 9962 7319
9 8151 8150 10435 1051 7320
9 7479 1618 10434 8150 7321
9 8150 10434 3236 10435 7322
9 6370 2793 7021 6371 7323
9 6371 7021 625 9849 7324
9 6129 6371 9849 2991 7325
9 3371 3373 10436 1084 7326
9 3372 1638 9250 3373 7327
9 3373 9250 2605 10436 7328
9 10099 10184 10437 1752 7329
9 4443 851 9258 10184 7330
9 10184 9258 2392 10437 7331
9 7492 1655 5558 7493 7332
9 5557 764 5923 5558 7333
9 5558 5923 2384 7493 7334
9 4216 7952 10439 547 7335
9 7925 1619 10438 7952 7336
9 7952 10438 3154 10439 7337
9 3857 7167 5641 779 7338
9 6676 7388 7167 1639 7339
9 7167 7388 2470 5641 7340
9 446 8374 10420 10440 7341
9 7153 10420 8374 2356 7342
9 10419 3010 10440 10420 7343
9 10441 7906 830 7417 7344
9 1135 4406 6585 10442 7345
9 6584 6585 4406 1833 7346
9 4724 2095 10442 6585 7347
9 4980 4982 9350 1597 7348
9 4981 812 5487 4982 7349
9 4982 5487 2880 9350 7350
9 9693 9692 10443 1063 7351
9 9694 1602 7468 9692 7352
9 9692 7468 3014 10443 7353
9 10444 4603 2959 10445 7354
9 5155 5154 9462 1651 7355
9 5156 904 6288 5154 7356
9 5154 6288 2420 9462 7357
9 10446 10447 1994 10448 7358
9 9922 1887 8353 9923 7359
9 9923 8353 743 6642 7360
9 6276 9923 6642 2054 7361
9 10449 6348 1993 10448 7362
9 6580 6579 10450 539 7363
9 6581 1673 10445 6579 7364
9 6579 10445 2959 10450 7365
9 5873 8106 9991 2562 7366
9 9 7310 9996 8 7367
9 7309 1604 10018 7310 7368
9 7310 10018 2689 9996 7369
9 10383 10382 5472 1100 7370
9 9446 1763 6593 10382 7371
9 10382 6593 2205 5472 7372
9 7824 7823 10452 1625 7373
9 5364 932 10451 7823 7374
9 7823 10451 2924 10452 7375
9 1198 10453 10454 10277 7376
9 7771 7770 9560 684 7377
9 7760 1653 8960 7770 7378
9 7770 8960 2827 9560 7379
9 3726 6114 4147 1173 7380
9 4147 6114 2955 10455 7381
9 10457 5506 1105 10456 7382
9 7939 1701 10458 7937 7383
9 178 179 8712 4025 7384
9 4934 8712 179 180 7385
9 8711 2167 4025 8712 7386
9 3316 4884 9773 1939 7387
9 8987 397 9974 9992 7388
9 9992 9974 2653 10459 7389
9 546 7614 10325 8900 7390
9 9367 10325 7614 1979 7391
9 8363 2147 8900 10325 7392
9 429 7299 10460 4110 7393
9 9289 9288 7954 1255 7394
9 9086 1800 10461 9288 7395
9 9288 10461 2173 7954 7396
9 9773 9772 5000 1939 7397
9 101 102 10462 9772 7398
9 9772 10462 2898 5000 7399
9 750 5177 4639 10463 7400
9 3270 4639 5177 1840 7401
9 4638 2754 10463 4639 7402
9 10465 10464 1232 6250 7403
9 4971 9612 5940 1600 7404
9 8513 542 10466 9612 7405
9 9612 10466 3239 5940 7406
9 7299 1869 7573 10460 7407
9 10460 7573 958 9806 7408
9 4110 10460 9806 2358 7409
9 5572 1674 6438 5573 7410
9 6440 513 6734 6438 7411
9 6438 6734 2371 5573 7412
9 3256 8515 5304 1667 7413
9 5304 8515 2416 10467 7414
9 1799 7231 10468 10469 7415
9 10472 10470 1802 10471 7416
9 10473 7474 2498 10474 7417
9 8094 8093 7084 796 7418
9 4843 8810 8093 1611 7419
9 8093 8810 2695 7084 7420
9 7925 7924 10475 1619 7421
9 7926 918 9666 7924 7422
9 7924 9666 2887 10475 7423
9 10476 9410 2175 9200 7424
9 8036 8035 10477 1973 7425
9 5118 1564 10025 8035 7426
9 8035 10025 3195 10477 7427
9 4408 715 6433 10105 7428
9 6433 10478 2671 10105 7429
9 9200 9199 10479 1779 7430
9 8647 1134 8237 9199 7431
9 9199 8237 3131 10479 7432
9 10480 9794 1949 8903 7433
9 10482 10453 1198 10481 7434
9 10483 10347 2514 9960 7435
9 9367 9366 10484 929 7436
9 9368 1671 5275 9366 7437
9 9366 5275 2441 10484 7438
9 5259 5258 7655 741 7439
9 4858 1779 10479 5258 7440
9 5258 10479 3131 7655 7441
9 10485 3664 500 9957 7442
9 4418 1646 6636 10043 7443
9 4141 458 3879 6636 7444
9 6636 3879 2492 10043 7445
9 4048 4047 10434 1618 7446
9 4047 11638 3236 10434 7447
9 7650 10486 3173 10487 7448
9 6869 6870 8105 727 7449
9 8461 10159 6870 1713 7450
9 6870 10159 3156 8105 7451
9 10021 10020 10489 909 7452
9 9993 1641 10488 10020 7453
9 10020 10488 2692 10489 7454
9 10490 10390 2728 7294 7455
9 10048 1947 10491 10047 7456
9 10047 10491 3092 10492 7457
9 544 9269 9944 10493 7458
9 6858 9944 9269 1709 7459
9 9943 3027 10493 9944 7460
9 5731 5730 8855 1608 7461
9 5730 10494 2884 8855 7462
9 10332 10331 9095 766 7463
9 10329 1624 7886 10331 7464
9 10331 7886 2639 9095 7465
9 10496 7164 696 10495 7466
9 10497 4252 560 6175 7467
9 3411 3686 4455 426 7468
9 4455 3686 1614 7356 7469
9 4246 4455 7356 2700 7470
9 1308 9026 10496 5068 7471
9 7164 10496 9026 2408 7472
9 10495 2714 5068 10496 7473
9 4988 427 5611 4986 7474
9 4986 5611 3187 10498 7475
9 1654 5470 10499 9238 7476
9 4672 4674 10500 805 7477
9 7335 8783 4674 1610 7478
9 4674 8783 2822 10500 7479
9 5982 1880 7229 9327 7480
9 9327 7229 609 10501 7481
9 9328 9327 10501 2677 7482
9 10503 7380 1094 10502 7483
9 3309 1499 8895 9439 7484
9 9439 8895 3246 10504 7485
9 619 8534 10262 9587 7486
9 8091 10262 8534 2480 7487
9 9392 9587 10262 3100 7488
9 3309 9440 5638 714 7489
9 5638 9440 2267 10505 7490
9 522 3938 10352 6168 7491
9 9154 10352 3938 1921 7492
9 7003 2058 6168 10352 7493
9 5638 10505 8953 1746 7494
9 8953 10505 2267 10506 7495
9 7497 8299 7202 1398 7496
9 9117 10111 8299 2102 7497
9 8299 10111 3151 7202 7498
9 10507 10508 2179 10509 7499
9 1200 5738 10249 10510 7500
9 9101 10249 5738 2775 7501
9 7157 3223 10510 10249 7502
9 10511 10512 3076 10513 7503
9 10514 10515 2772 9474 7504
9 523 8345 10516 10517 7505
9 10520 10518 1720 10519 7506
9 8209 8208 10519 1720 7507
9 10519 8208 584 7605 7508
9 4642 2532 10519 7605 7509
9 2003 7714 8432 10521 7510
9 4179 1418 8432 7714 7511
9 10522 10523 2387 5759 7512
9 1800 8278 10524 10461 7513
9 10525 6393 2942 10526 7514
9 3265 443 5270 9226 7515
9 9226 5270 2291 10527 7516
9 5835 5834 8621 1625 7517
9 3496 1359 10528 5834 7518
9 5834 10528 3139 8621 7519
9 4880 1792 8199 10529 7520
9 10530 10509 2179 7195 7521
9 8854 225 226 9883 7522
9 9883 226 227 9961 7523
9 9884 9883 9961 2514 7524
9 6928 6929 6493 1632 7525
9 6493 6929 609 7230 7526
9 6494 6493 7230 2628 7527
9 592 5997 10532 10533 7528
9 193 194 8032 10534 7529
9 5383 8032 194 195 7530
9 6982 3159 10534 8032 7531
9 10283 1862 10535 10531 7532
9 10535 10536 2760 10531 7533
9 1074 10537 10538 10539 7534
9 10537 2236 7610 10538 7535
9 10538 7610 890 8799 7536
9 10539 10538 8799 2277 7537
9 7182 7181 5218 1669 7538
9 7043 711 9547 7181 7539
9 7181 9547 2450 5218 7540
9 5830 5829 9518 670 7541
9 5831 1619 10475 5829 7542
9 5829 10475 2887 9518 7543
9 770 9116 8004 5430 7544
9 9118 1622 8004 9116 7545
9 4010 5430 8004 2781 7546
9 1092 10540 10541 10542 7547
9 5126 2314 8661 10379 7548
9 10379 8661 582 10543 7549
9 10380 10379 10543 2376 7550
9 4473 4472 8341 1637 7551
9 4474 782 10544 4472 7552
9 4472 10544 2624 8341 7553
9 8466 8465 4887 1123 7554
9 5767 7551 8465 1620 7555
9 8465 7551 3019 4887 7556
9 5767 1620 10545 5768 7557
9 5768 10545 2963 10546 7558
9 8456 8455 10545 1620 7559
9 8457 407 5148 8455 7560
9 8455 5148 2963 10545 7561
9 640 8349 10547 10548 7562
9 8349 2412 10549 10547 7563
9 10547 10549 1456 8716 7564
9 10548 10547 8716 3105 7565
9 353 8473 9627 352 7566
9 5501 1752 10437 8473 7567
9 8473 10437 2392 9627 7568
9 4723 3939 10550 2095 7569
9 10550 3939 572 9420 7570
9 5831 5888 10438 1619 7571
9 5889 1047 10551 5888 7572
9 5888 10551 3154 10438 7573
9 10552 10553 2442 10554 7574
9 10298 10297 10555 843 7575
9 9937 1627 7243 10297 7576
9 10297 7243 3145 10555 7577
9 10558 10556 1302 10557 7578
9 245 246 7741 8188 7579
9 6194 7741 246 247 7580
9 7740 2549 8188 7741 7581
9 883 9648 10559 5725 7582
9 5061 5911 9720 2034 7583
9 10512 10511 9762 682 7584
9 10513 1673 10560 10511 7585
9 10511 10560 2847 9762 7586
9 10562 7086 754 10561 7587
9 9956 9955 10563 1807 7588
9 9957 500 6569 9955 7589
9 9955 6569 2981 10563 7590
9 8871 8870 5543 1078 7591
9 8834 10191 8870 1621 7592
9 8870 10191 2964 5543 7593
9 10565 8519 1012 10564 7594
9 4262 1296 8413 5744 7595
9 8405 2131 7392 8413 7596
9 8413 7392 2840 5744 7597
9 1324 9448 10566 7410 7598
9 9436 2443 10566 9448 7599
9 2825 10567 10386 10568 7600
9 10569 10381 2218 10570 7601
9 2186 5950 10571 4945 7602
9 10572 8348 1411 8793 7603
9 5724 10573 2583 10574 7604
9 1328 10575 10350 10576 7605
9 8837 10350 10575 2343 7606
9 10349 3093 10576 10350 7607
9 1111 1822 10300 10577 7608
9 7130 10046 10578 1977 7609
9 10578 10046 2044 9628 7610
9 9332 10579 2367 867 7611
9 10515 10514 5372 1626 7612
9 9474 448 9273 10514 7613
9 10514 9273 2743 5372 7614
9 6758 10580 1103 10581 7615
9 6112 6758 10581 2315 7616
9 2239 7416 10582 10583 7617
9 5922 6018 10584 769 7618
9 6538 6540 6018 1652 7619
9 6018 6540 2552 10584 7620
9 8287 8286 10586 873 7621
9 8286 10585 2999 10586 7622
9 9040 9039 10515 1626 7623
9 9041 916 8791 9039 7624
9 9039 8791 2772 10515 7625
9 2381 10587 10149 10588 7626
9 10148 3241 10588 10149 7627
9 1978 6482 10176 10589 7628
9 7712 10176 6482 532 7629
9 10252 10251 9156 960 7630
9 4632 1640 10590 10251 7631
9 10251 10590 2646 9156 7632
9 10591 7422 2313 10259 7633
9 5727 1811 4323 9608 7634
9 9608 4323 527 10027 7635
9 7852 9608 10027 2198 7636
9 4510 1818 6837 8350 7637
9 3252 9552 6837 529 7638
9 6837 9552 2178 8350 7639
9 538 9268 10592 8156 7640
9 917 10593 10594 10595 7641
9 6492 743 9746 8643 7642
9 8643 9746 2391 10596 7643
9 8643 10596 10597 1855 7644
9 10597 10596 2391 3681 7645
9 8444 8445 8704 1748 7646
9 6584 8997 8445 804 7647
9 8445 8997 2283 8704 7648
9 4432 7238 4257 450 7649
9 411 4128 10470 9450 7650
9 4121 1802 10470 4128 7651
9 10472 3177 9450 10470 7652
9 7669 7668 10599 977 7653
9 7241 1627 10598 7668 7654
9 7668 10598 3022 10599 7655
9 10600 8969 27 9757 7656
9 10601 10237 2398 6445 7657
9 10603 6806 1904 10602 7658
9 9070 144 145 9493 7659
9 9493 145 146 8740 7660
9 8739 2536 9493 8740 7661
9 9268 1998 9209 10592 7662
9 10592 9209 978 10604 7663
9 8156 10592 10604 2187 7664
9 2002 10605 9213 10606 7665
9 7474 10473 10244 896 7666
9 9992 10459 10473 1641 7667
9 10473 10459 2653 10244 7668
9 10607 6564 2231 10608 7669
9 507 4976 10609 9467 7670
9 10612 10610 2325 10611 7671
9 4976 2400 9280 10609 7672
9 10609 9280 1248 5265 7673
9 9467 10609 5265 2614 7674
9 8906 1202 6926 8905 7675
9 6928 1632 10613 6926 7676
9 6926 10613 2788 8905 7677
9 906 10285 10606 10432 7678
9 10281 2002 10606 10285 7679
9 9213 2042 10432 10606 7680
9 9937 9936 10598 1627 7681
9 9938 535 10614 9936 7682
9 9936 10614 3022 10598 7683
9 9064 2585 10615 9143 7684
9 9143 10615 1037 10616 7685
9 10359 558 4942 10617 7686
9 129 130 8626 9784 7687
9 9784 8626 1736 6819 7688
9 7837 9784 6819 2320 7689
9 4080 1827 5848 4660 7690
9 5848 10618 11686 4660 7691
9 9457 9656 10620 2422 7692
9 9655 1756 10619 9656 7693
9 9656 10619 2899 10620 7694
9 2402 10621 10622 10623 7695
9 5758 8937 10512 682 7696
9 8424 1634 10624 8937 7697
9 8937 10624 3076 10512 7698
9 10414 10413 10121 1633 7699
9 10415 1000 10626 10413 7700
9 10413 10626 2998 10121 7701
9 8655 10032 9637 2012 7702
9 333 334 10627 10032 7703
9 10032 10627 3104 9637 7704
9 8573 2534 9585 10421 7705
9 10421 9585 643 9343 7706
9 10422 10421 9343 3141 7707
9 10629 7071 753 10628 7708
9 4899 596 7138 6835 7709
9 6879 1851 6043 7138 7710
9 7138 6043 2410 6835 7711
9 10630 7603 2458 7835 7712
9 1480 7496 10629 10631 7713
9 7071 10629 7496 2448 7714
9 10628 3133 10631 10629 7715
9 649 7323 6674 8731 7716
9 6389 6674 7323 2947 7717
9 6673 3194 8731 6674 7718
9 4624 581 4349 4625 7719
9 4348 1636 4416 4349 7720
9 4349 4416 3013 4625 7721
9 6414 391 10632 6412 7722
9 6412 10632 2724 10633 7723
9 4061 2158 10634 9081 7724
9 9081 10634 1195 3964 7725
9 3963 3193 9081 3964 7726
9 3890 1743 8520 9203 7727
9 9203 8520 821 9630 7728
9 6404 9203 9630 2326 7729
9 8917 8924 4907 1637 7730
9 6654 1099 10635 8924 7731
9 8924 10635 2812 4907 7732
9 9859 10430 10636 561 7733
9 7270 7269 10638 1009 7734
9 6914 1919 10637 7269 7735
9 7269 10637 3074 10638 7736
9 10237 10601 10640 1705 7737
9 6445 884 10639 10601 7738
9 10601 10639 3218 10640 7739
9 9003 9002 9726 1970 7740
9 7765 9100 9002 938 7741
9 9002 9100 2390 9726 7742
9 9209 9210 10641 978 7743
9 9226 10527 9210 2026 7744
9 9210 10527 2291 10641 7745
9 5854 2468 6647 8117 7746
9 8117 6647 1166 10642 7747
9 941 8989 10643 8281 7748
9 7964 2113 10643 8989 7749
9 10643 10644 1018 10645 7750
9 8281 10643 10645 2297 7751
9 10647 9135 484 10646 7752
9 48 9842 9626 47 7753
9 6583 1964 10097 9842 7754
9 9842 10097 2082 9626 7755
9 5816 749 6932 9721 7756
9 3599 1693 10648 6932 7757
9 6932 10648 2476 9721 7758
9 1241 9705 10649 10650 7759
9 7119 7118 4917 925 7760
9 6412 10633 7118 1643 7761
9 7118 10633 2724 4917 7762
9 5367 2209 4497 5442 7763
9 3569 1167 10377 4497 7764
9 4497 10377 2953 5442 7765
9 2185 6531 10059 10651 7766
9 5156 10059 6531 904 7767
9 10058 2896 10651 10059 7768
9 158 159 10652 4482 7769
9 8050 1900 10653 9581 7770
9 10653 7663 2319 9581 7771
9 10553 10552 10458 1701 7772
9 10554 868 9712 10552 7773
9 10552 9712 2445 10458 7774
9 7717 761 5561 9826 7775
9 5532 1786 10654 5561 7776
9 5561 10654 3050 9826 7777
9 10655 10656 2820 9863 7778
9 4870 1846 9588 10302 7779
9 4038 537 10657 9588 7780
9 9588 10657 2673 10302 7781
9 1017 7798 5925 10208 7782
9 5923 5925 7798 2384 7783
9 10209 10208 5925 2679 7784
9 416 7041 10558 9215 7785
9 10556 10558 7041 2517 7786
9 10557 2756 9215 10558 7787
9 5178 8378 9464 950 7788
9 8073 1765 9999 8378 7789
9 8378 9999 2633 9464 7790
9 10658 4810 2366 7346 7791
9 5590 1440 8904 8407 7792
9 8407 8904 2201 10659 7793
9 10661 9240 1495 10660 7794
9 1849 10662 10663 10664 7795
9 668 8818 10661 10665 7796
9 9240 10661 8818 2730 7797
9 1689 8232 10666 8051 7798
9 8234 778 10666 8232 7799
9 10667 10668 2710 10669 7800
9 7112 7111 6274 1642 7801
9 7352 7354 7111 698 7802
9 7111 7354 2830 6274 7803
9 2788 10670 9447 8905 7804
9 5886 9447 10670 402 7805
9 8906 8905 9447 3143 7806
9 10672 10671 647 5280 7807
9 6042 878 8253 8028 7808
9 8028 8253 2748 10673 7809
9 10639 10935 3248 10674 7810
9 1117 8061 10672 10675 7811
9 10671 10672 8061 2090 7812
9 5280 2635 10675 10672 7813
9 10656 10655 7882 425 7814
9 9863 1660 10676 10655 7815
9 10655 10676 2666 7882 7816
9 10677 186 187 6142 7817
9 10679 313 314 10678 7818
9 3549 3564 10676 1660 7819
9 3565 926 7888 3564 7820
9 3564 7888 2666 10676 7821
9 302 303 10680 10681 7822
9 5529 5625 10275 492 7823
9 5626 1656 9932 5625 7824
9 5625 9932 2661 10275 7825
9 5991 5990 10683 1662 7826
9 5990 10682 2930 10683 7827
9 9569 10684 2227 10685 7828
9 5416 5415 10687 1834 7829
9 5415 10686 2618 10687 7830
9 8444 1748 10688 8443 7831
9 8443 10688 2647 10689 7832
9 10692 10690 2272 10691 7833
9 4496 1706 6790 8031 7834
9 6790 1405 2540 8031 7835
9 9632 10139 6972 1702 7836
9 10139 11425 2676 6972 7837
9 4571 4570 8885 1738 7838
9 4275 5589 4570 717 7839
9 4570 5589 2365 8885 7840
9 1936 10693 10694 10695 7841
9 8305 1834 10687 8306 7842
9 8306 10687 2618 10696 7843
9 648 10134 9987 9451 7844
9 10136 2224 9987 10134 7845
9 9986 2691 9451 9987 7846
9 1685 5535 10697 8042 7847
9 3528 586 10697 5535 7848
9 4467 5792 10698 1783 7849
9 10386 10567 5792 1283 7850
9 5792 10567 2825 10698 7851
9 10151 1057 5629 10394 7852
9 10394 5629 2309 10699 7853
9 2251 10700 10014 10701 7854
9 7422 10591 10703 428 7855
9 10259 1732 10702 10591 7856
9 10591 10702 2876 10703 7857
9 10705 7550 2106 10704 7858
9 7650 2305 8312 10486 7859
9 10486 8312 614 10706 7860
9 8948 10222 10702 1732 7861
9 10223 1014 10707 10222 7862
9 10222 10707 2876 10702 7863
9 184 185 10677 6135 7864
9 186 10677 185 3 7865
9 6142 2956 6135 10677 7866
9 6638 6664 9956 1807 7867
9 4355 810 4522 6664 7868
9 6664 4522 2542 9956 7869
9 10704 10708 554 10709 7870
9 10705 10704 10709 2464 7871
9 9214 9843 6096 1644 7872
9 9844 744 9285 9843 7873
9 9843 9285 2986 6096 7874
9 5892 1503 8684 9261 7875
9 9261 8684 1978 10589 7876
9 10176 3208 9261 10589 7877
9 2135 10710 10711 10712 7878
9 10714 10713 683 8899 7879
9 10716 7957 760 10715 7880
9 893 10717 10718 4994 7881
9 10719 6021 781 10417 7882
9 1828 9224 9768 7052 7883
9 151 152 9768 9224 7884
9 6155 2240 7052 9768 7885
9 7190 7211 8041 692 7886
9 5883 1645 9851 7211 7887
9 7211 9851 2945 8041 7888
9 4603 10444 10720 1032 7889
9 10445 1673 10513 10444 7890
9 10444 10513 3076 10720 7891
9 1122 10721 10719 10181 7892
9 6021 10719 10721 1938 7893
9 10417 2213 10181 10719 7894
9 1897 5031 9593 8817 7895
9 5105 9593 5031 424 7896
9 4425 8817 9593 2254 7897
9 4275 4274 6439 1674 7898
9 3416 1162 8934 4274 7899
9 4274 8934 2621 6439 7900
9 10722 6011 1345 6605 7901
9 631 10723 10722 10724 7902
9 6011 10722 10723 2423 7903
9 6605 2892 10724 10722 7904
9 10611 2799 10725 10612 7905
9 10612 10725 3094 10726 7906
9 1850 3420 4751 4912 7907
9 4392 4751 3420 1182 7908
9 4750 2545 4912 4751 7909
9 10042 10727 2823 10714 7910
9 8899 3123 10042 10714 7911
9 2149 10038 6154 10728 7912
9 4873 6154 10038 1237 7913
9 10050 10049 10730 2716 7914
9 10049 10729 3083 10730 7915
9 10731 10312 2961 10732 7916
9 8947 8946 7341 1746 7917
9 8946 11517 2558 7341 7918
9 6463 6467 10734 1686 7919
9 6467 10733 3107 10734 7920
9 8861 2317 10252 8862 7921
9 8862 10252 960 7055 7922
9 8863 8862 7055 2360 7923
9 7231 849 6724 10468 7924
9 10468 6724 1953 10735 7925
9 10469 10468 10735 3112 7926
9 3349 3738 6741 456 7927
9 3738 10736 3138 6741 7928
9 8707 503 8036 8877 7929
9 8877 8036 1973 10737 7930
9 10737 10738 1006 10739 7931
9 8877 10737 10739 2453 7932
9 9389 1889 10740 9915 7933
9 10740 10741 3144 9915 7934
9 6588 6973 10742 2174 7935
9 10742 6973 2676 10743 7936
9 895 7990 8260 7781 7937
9 8259 8260 7990 1760 7938
9 5347 2369 7781 8260 7939
9 8704 8703 10688 1748 7940
9 7233 637 9045 8703 7941
9 8703 9045 2647 10688 7942
9 4033 342 343 10022 7943
9 10022 343 344 10744 7944
9 10023 10022 10744 2505 7945
9 2447 9856 9033 10745 7946
9 3833 9033 9856 1527 7947
9 9032 2742 10745 9033 7948
9 8178 8177 10746 1664 7949
9 8177 10931 2951 10746 7950
9 3855 2056 6227 3953 7951
9 6227 10747 2399 3953 7952
9 4919 620 7970 7453 7953
9 7453 7970 2234 10748 7954
9 8081 957 8720 10748 7955
9 7453 10748 8720 2018 7956
9 10749 10750 2637 10751 7957
9 10752 10753 2979 6838 7958
9 10752 1855 10597 10753 7959
9 3681 1108 10754 10597 7960
9 10597 10754 2979 10753 7961
9 7980 7979 10190 2057 7962
9 10190 7979 618 7079 7963
9 10191 10190 7079 2964 7964
9 5724 1695 6235 10573 7965
9 10573 6235 593 10625 7966
9 6423 2583 10573 10625 7967
9 10755 10756 2263 7413 7968
9 9779 9778 6354 1861 7969
9 6354 9778 391 9698 7970
9 3994 6354 9698 2225 7971
9 5039 1671 10757 5037 7972
9 5037 10757 2923 10758 7973
9 623 7937 10759 9260 7974
9 10458 2445 10759 7937 7975
9 8397 9334 10760 576 7976
9 9331 1661 6752 9334 7977
9 9334 6752 2946 10760 7978
9 5554 1655 7492 10168 7979
9 5794 499 9782 7492 7980
9 7492 9782 3099 10168 7981
9 7983 1488 8221 8964 7982
9 8964 8221 2301 10761 7983
9 4099 1206 7997 5542 7984
9 7987 2146 10762 7997 7985
9 7997 10762 2249 5542 7986
9 1678 6072 10763 7804 7987
9 370 371 10367 7298 7988
9 8927 10367 371 372 7989
9 7284 7298 10367 2351 7990
9 4963 9769 7596 666 7991
9 4065 8258 9769 1680 7992
9 9769 8258 2662 7596 7993
9 10764 10765 2791 10766 7994
9 9341 1863 10766 9339 7995
9 9339 10766 2791 10767 7996
9 2221 8022 10586 9176 7997
9 6008 873 10586 8022 7998
9 10768 10769 2828 10770 7999
9 10751 166 167 10749 8000
9 5164 8650 167 168 8001
9 167 8650 2415 10749 8002
9 3866 2278 10771 4098 8003
9 4098 10771 905 10772 8004
9 4082 4098 10772 2890 8005
9 7676 1480 10631 8968 8006
9 8968 10631 3133 10773 8007
9 2016 4362 10603 2786 8008
9 6806 10603 4362 863 8009
9 1112 9162 10773 10774 8010
9 8968 10773 9162 2202 8011
9 1622 9118 10775 9743 8012
9 10056 1681 3676 3641 8013
9 3475 3641 3676 453 8014
9 4305 10776 1966 10177 8015
9 10178 2157 4305 10177 8016
9 3922 126 127 7854 8017
9 7854 127 128 7839 8018
9 7855 7854 7839 2393 8019
9 6581 6596 10560 1673 8020
9 6597 964 8983 6596 8021
9 6596 8983 2847 10560 8022
9 3783 4699 10778 789 8023
9 4681 1691 10777 4699 8024
9 4699 10777 2736 10778 8025
9 9749 9748 10779 1733 8026
9 5754 898 10197 9748 8027
9 9748 10197 2866 10779 8028
9 4097 4096 10780 966 8029
9 3352 1870 10608 4096 8030
9 4096 10608 2231 10780 8031
9 10781 7489 2736 10777 8032
9 10782 10783 2519 10784 8033
9 1421 5547 10647 4503 8034
9 9135 10647 5547 2792 8035
9 10646 3001 4503 10647 8036
9 5788 5797 10785 1659 8037
9 5796 803 9895 5797 8038
9 5797 9895 2905 10785 8039
9 10787 4063 1071 10786 8040
9 905 10771 10787 6177 8041
9 4063 10787 10771 2278 8042
9 10786 2300 6177 10787 8043
9 5826 8416 10789 1549 8044
9 8415 2076 10788 8416 8045
9 8416 10788 2989 10789 8046
9 4628 710 5791 6694 8047
9 5790 1664 10790 5791 8048
9 5791 10790 2861 6694 8049
9 1177 10791 7424 10792 8050
9 7423 2939 10792 7424 8051
9 10756 10755 8016 953 8052
9 7413 1815 10784 10755 8053
9 10755 10784 2519 8016 8054
9 6072 90 91 10763 8055
9 10763 91 92 10160 8056
9 7804 10763 10160 2612 8057
9 5008 5014 5934 1229 8058
9 5014 6478 2698 5934 8059
9 5374 5688 7953 610 8060
9 5677 1672 9584 5688 8061
9 5688 9584 2746 7953 8062
9 8463 10348 10715 760 8063
9 7155 1662 10683 10348 8064
9 10348 10683 2930 10715 8065
9 10793 10599 3022 10794 8066
9 6721 6720 8436 1668 8067
9 3980 421 9092 6720 8068
9 6720 9092 3158 8436 8069
9 2276 9336 10492 10795 8070
9 10047 10492 9336 918 8071
9 6959 8943 10797 5855 8072
9 8942 2015 10796 8943 8073
9 8943 10796 3234 10797 8074
9 2223 9640 10768 10798 8075
9 10769 10768 9640 1102 8076
9 10770 2460 10798 10768 8077
9 10800 7630 2086 10799 8078
9 3899 8261 10801 756 8079
9 5514 1810 7864 8261 8080
9 8261 7864 2697 10801 8081
9 9435 828 10802 9433 8082
9 9433 10802 3163 10803 8083
9 2428 10804 10805 10806 8084
9 5861 1958 8729 7145 8085
9 7145 8729 570 10807 8086
9 7146 7145 10807 2440 8087
9 6744 10808 2477 10809 8088
9 1994 10447 10810 10811 8089
9 10812 9274 1046 8681 8090
9 623 9259 10813 7938 8091
9 696 7163 10812 10814 8092
9 9274 10812 7163 1709 8093
9 8681 3065 10814 10812 8094
9 6215 8912 10815 439 8095
9 8913 1994 10811 8912 8096
9 8912 10811 2509 10815 8097
9 1049 10816 10817 10818 8098
9 10816 2120 8846 10817 8099
9 10817 8846 394 10819 8100
9 10818 10817 10819 2419 8101
9 8511 8510 4188 1745 8102
9 7541 926 3565 8510 8103
9 8510 3565 2451 4188 8104
9 4698 2349 6063 6625 8105
9 6625 6063 885 10820 8106
9 6626 6625 10820 3152 8107
9 4745 9505 10821 533 8108
9 10821 9505 2280 10799 8109
9 3861 7201 9517 777 8110
9 7201 10822 2181 9517 8111
9 7201 1937 10823 10822 8112
9 10823 7141 2181 10822 8113
9 10825 6279 1538 10824 8114
9 1056 10826 10825 10827 8115
9 6279 10825 10826 2795 8116
9 10824 2936 10827 10825 8117
9 1192 10828 9870 6420 8118
9 9869 3130 6420 9870 8119
9 3702 6514 10819 394 8120
9 6514 10829 2419 10819 8121
9 1192 5224 10328 10828 8122
9 4654 10328 5224 1984 8123
9 9870 10828 10328 7128 8124
9 6514 1963 3445 10829 8125
9 3445 10830 2419 10829 8126
9 9259 2378 4533 10813 8127
9 10813 4533 1143 10831 8128
9 7938 10813 10831 2430 8129
9 4233 4232 7599 1679 8130
9 4231 768 7096 4232 8131
9 4232 7096 2745 7599 8132
9 292 293 8308 8741 8133
9 6687 8308 293 294 8134
9 8742 8741 8308 2380 8135
9 10834 10832 446 10833 8136
9 4202 783 5123 7646 8137
9 7646 5123 1682 8175 8138
9 8129 2717 7646 8175 8139
9 8999 9903 10349 813 8140
9 9294 1676 10835 9903 8141
9 9903 10835 3093 10349 8142
9 10832 10834 8676 2043 8143
9 8676 10834 2189 10836 8144
9 9341 9340 10837 1922 8145
9 3606 8172 9340 1058 8146
9 9340 8172 3008 10837 8147
9 6773 9926 7821 1584 8148
9 7821 9926 3186 10838 8149
9 9632 9631 10840 2142 8150
9 8545 1007 10839 9631 8151
9 9631 10839 2600 10840 8152
9 10842 7845 1080 10841 8153
9 2017 10843 10844 10845 8154
9 8284 8283 8429 847 8155
9 5271 1908 9860 8283 8156
9 8283 9860 2569 8429 8157
9 10749 2415 10846 10750 8158
9 10846 6015 2637 10750 8159
9 3867 1135 10442 8963 8160
9 8963 10442 2095 10550 8161
9 9420 2862 8963 10550 8162
9 10290 10294 10250 1696 8163
9 10294 10847 2668 10250 8164
9 10848 10849 3002 8480 8165
9 7335 2009 5661 8783 8166
9 5661 10850 2822 8783 8167
9 8446 1749 5716 10851 8168
9 7012 7013 10852 2753 8169
9 10852 7013 2849 6137 8170
9 1031 3595 10853 10854 8171
9 9368 9571 10757 1671 8172
9 7623 927 6207 9571 8173
9 9571 6207 2923 10757 8174
9 6864 1721 8452 7359 8175
9 8379 508 10855 8452 8176
9 8452 10855 2643 7359 8177
9 10287 10286 10856 1675 8178
9 10288 707 5709 10286 8179
9 10286 5709 3190 10856 8180
9 10857 10220 2122 10030 8181
9 1040 8297 10235 9067 8182
9 10101 10235 8297 2045 8183
9 9295 2117 9067 10235 8184
9 569 10782 9853 4280 8185
9 10784 1815 9853 10782 8186
9 9078 2333 4280 9853 8187
9 901 10279 10858 9617 8188
9 10281 1966 10858 10279 8189
9 8720 8719 10859 2018 8190
9 4119 1659 10785 8719 8191
9 8719 10785 2905 10859 8192
9 9490 1686 10734 9491 8193
9 9491 10734 3107 10860 8194
9 1159 10146 10861 10217 8195
9 6432 8803 4412 1750 8196
9 4412 8803 2469 10862 8197
9 10863 10230 2689 10017 8198
9 922 7929 10864 10865 8199
9 2331 10866 10867 10868 8200
9 5880 1203 9921 5878 8201
9 5878 9921 2016 2786 8202
9 10870 6908 1871 10869 8203
9 10220 10857 8861 817 8204
9 10030 2022 4635 10857 8205
9 10857 4635 2317 8861 8206
9 5595 6352 7726 886 8207
9 6352 10871 2868 7726 8208
9 303 304 6979 10680 8209
9 10680 6979 1854 5316 8210
9 10681 10680 5316 2396 8211
9 2028 9375 10872 10873 8212
9 8418 8423 10869 1871 8213
9 10869 8423 430 10874 8214
9 10870 10869 10874 2284 8215
9 10875 3512 2402 10623 8216
9 4374 467 5052 4488 8217
9 4488 5052 3098 10876 8218
9 3338 756 10801 3469 8219
9 3469 10801 2697 10877 8220
9 10878 6386 3203 10879 8221
9 10878 10879 6468 2077 8222
9 1018 10644 6777 10409 8223
9 10643 2113 6777 10644 8224
9 6776 2518 10409 6777 8225
9 10880 10320 1031 10854 8226
9 9905 2237 9596 10114 8227
9 9596 9374 3205 10114 8228
9 7445 1465 9504 7446 8229
9 7446 9504 3064 10881 8230
9 10883 10882 1055 9122 8231
9 4310 4309 10885 1768 8232
9 3502 518 10884 4309 8233
9 4309 10884 2613 10885 8234
9 7520 7527 10886 1761 8235
9 568 10887 10883 8220 8236
9 9122 2301 8220 10883 8237
9 10888 10886 2879 10889 8238
9 4935 6527 9623 663 8239
9 6526 2593 6300 6527 8240
9 6527 6300 2655 9623 8241
9 8504 8503 9602 940 8242
9 9602 8503 1768 10885 8243
9 5108 9602 10885 2613 8244
9 2263 10756 10890 9196 8245
9 9197 9196 10890 2409 8246
9 10312 10731 10892 996 8247
9 10892 10731 1990 10891 8248
9 1912 3412 9603 9904 8249
9 4454 9603 3412 426 8250
9 9905 9904 9603 2237 8251
9 7600 489 10893 7598 8252
9 7598 10893 3162 10894 8253
9 10408 10407 10891 1990 8254
9 10891 10407 605 4104 8255
9 10892 10891 4104 2434 8256
9 10381 10569 4965 1781 8257
9 10570 866 9590 10569 8258
9 10569 9590 2709 4965 8259
9 586 10621 10457 10697 8260
9 5506 10457 10621 2402 8261
9 10456 8042 10697 10457 8262
9 3981 5640 8233 1689 8263
9 5640 10895 2802 8233 8264
9 10520 933 9820 10518 8265
9 10518 9820 2570 10896 8266
9 8611 8612 8506 897 8267
9 8612 11752 3243 8506 8268
9 10899 10897 1150 10898 8269
9 7778 10900 2553 10901 8270
9 10902 7537 1364 7966 8271
9 598 10903 10902 10904 8272
9 7537 10902 10903 2330 8273
9 7966 2701 10904 10902 8274
9 6689 6688 10905 1052 8275
9 7598 10894 6688 1679 8276
9 6688 10894 3162 10905 8277
9 9867 9866 10906 2429 8278
9 222 223 9427 9866 8279
9 9866 9427 2884 10906 8280
9 1016 5141 9928 9170 8281
9 9927 9928 5141 1823 8282
9 7324 9170 9928 2345 8283
9 7778 2159 10907 10900 8284
9 10907 4711 2553 10900 8285
9 10908 10909 2916 10910 8286
9 1766 6570 10911 6014 8287
9 4802 4710 10913 2246 8288
9 10913 4710 1095 10912 8289
9 1144 9557 8120 10914 8290
9 6508 8120 9557 2083 8291
9 9934 9933 6365 2108 8292
9 6365 9933 928 9308 8293
9 5151 2638 6365 9308 8294
9 5014 5013 10916 6478 8295
9 5013 10915 2971 10916 8296
9 4072 8853 10917 2072 8297
9 10917 8853 3200 10918 8298
9 6233 405 9307 10336 8299
9 10336 9307 2246 10913 8300
9 10912 2467 10336 10913 8301
9 4449 1682 5272 4450 8302
9 4450 5272 3119 10919 8303
9 5467 5469 7509 393 8304
9 4520 9414 5469 1690 8305
9 5469 9414 2841 7509 8306
9 4500 9445 10824 1538 8307
9 9445 10920 2936 10824 8308
9 10029 10060 10921 1699 8309
9 10061 963 9084 10060 8310
9 10060 9084 2836 10921 8311
9 10922 7501 2454 10923 8312
9 9705 2089 7206 10649 8313
9 10649 7206 485 8385 8314
9 10650 10649 8385 3231 8315
9 346 347 10924 10125 8316
9 7871 526 8314 10342 8317
9 8316 1699 10921 8314 8318
9 8314 10921 2836 10342 8319
9 4459 1230 3789 10925 8320
9 9857 2516 10926 9858 8321
9 9858 10926 1075 10927 8322
9 9859 9858 10927 2521 8323
9 8659 8658 6422 1803 8324
9 5724 10574 8658 883 8325
9 8658 10574 2583 6422 8326
9 7401 1883 7136 9572 8327
9 9572 7136 1346 8100 8328
9 8099 2889 9572 8100 8329
9 3461 5773 7571 1687 8330
9 5516 1303 7240 5773 8331
9 5773 7240 3127 7571 8332
9 10453 2092 10156 10454 8333
9 4293 595 10928 10156 8334
9 10156 10928 3128 10454 8335
9 1431 8420 10873 10929 8336
9 8419 2028 10873 8420 8337
9 10872 3189 10929 10873 8338
9 3429 9069 10735 1953 8339
9 9054 9893 9069 1589 8340
9 9069 9893 3112 10735 8341
9 5635 9373 9348 1925 8342
9 9373 10930 3232 9348 8343
9 8177 403 7252 10931 8344
9 1881 9119 8006 6653 8345
9 6834 838 8006 9119 8346
9 5028 6653 8006 2292 8347
9 10932 10228 3244 10933 8348
9 9545 1708 10934 9546 8349
9 9546 10934 3248 10935 8350
9 10936 32 33 10358 8351
9 7603 10630 5817 1692 8352
9 7835 482 4999 10630 8353
9 10630 4999 3160 5817 8354
9 9213 10605 10657 537 8355
9 10605 10937 2673 10657 8356
9 6656 8724 10835 1676 8357
9 8724 10938 3093 10835 8358
9 4357 1707 5230 10245 8359
9 5230 10939 2705 10245 8360
9 6656 6657 10940 11776 8361
9 6646 1905 8202 6657 8362
9 6657 8202 2273 10940 8363
9 5535 1685 4670 10941 8364
9 10942 10426 2740 10943 8365
9 9149 9148 7058 534 8366
9 9150 1831 9080 9148 8367
9 9148 9080 2360 7058 8368
9 4810 10658 10884 518 8369
9 7346 1723 5109 10658 8370
9 10658 5109 2613 10884 8371
9 4851 4850 5604 1688 8372
9 4227 601 7936 4850 8373
9 4850 7936 3003 5604 8374
9 10230 10863 9604 1860 8375
9 10017 846 9761 10863 8376
9 10863 9761 2543 9604 8377
9 936 8070 10944 10945 8378
9 7489 10781 10946 11160 8379
9 10777 1691 5020 10781 8380
9 10781 5020 2967 10946 8381
9 8038 8037 10948 1847 8382
9 10948 8037 428 10947 8383
9 10949 8102 2557 10950 8384
9 661 9421 10951 4353 8385
9 9056 9055 4485 1798 8386
9 220 221 9867 9055 8387
9 9055 9867 2429 4485 8388
9 6780 1887 9922 8735 8389
9 8735 9922 853 8336 8390
9 8736 8735 8336 2941 8391
9 10952 5132 949 10154 8392
9 9421 2143 3825 10951 8393
9 10951 3825 1243 3532 8394
9 4353 10951 3532 3035 8395
9 429 8267 10953 7300 8396
9 10954 7318 1136 10005 8397
9 848 7989 10954 10955 8398
9 7318 10954 7989 2105 8399
9 10005 2766 10955 10954 8400
9 10956 10957 2439 8437 8401
9 10694 10693 8531 888 8402
9 8531 10693 1936 8808 8403
9 3414 8531 8808 2245 8404
9 978 10958 10952 10604 8405
9 5132 10952 10958 2168 8406
9 10154 2187 10604 10952 8407
9 10710 971 8406 10711 8408
9 10711 8406 2559 10959 8409
9 10712 10711 10959 2848 8410
9 1083 8872 10465 10960 8411
9 10464 10465 8872 2893 8412
9 6250 3041 10960 10465 8413
9 890 8113 3721 9978 8414
9 8067 1767 3721 8113 8415
9 3424 2595 9978 3721 8416
9 10368 2047 8229 10369 8417
9 10369 8229 969 5117 8418
9 10178 10369 5117 2157 8419
9 2182 10522 10961 10962 8420
9 5759 1219 10961 10522 8421
9 9073 1468 8842 9496 8422
9 5045 10289 7971 703 8423
9 10290 1696 9144 10289 8424
9 10289 9144 2962 7971 8425
9 8265 360 361 9913 8426
9 6115 8896 361 362 8427
9 361 8896 2493 9913 8428
9 2189 10963 5828 10964 8429
9 5826 5828 10963 1004 8430
9 5827 2255 10964 5828 8431
9 1548 9347 10482 9838 8432
9 10453 10482 9347 2092 8433
9 10481 3169 9838 10482 8434
9 7526 9065 10376 2211 8435
9 9065 10965 2953 10376 8436
9 2445 9709 10340 10759 8437
9 4563 10340 9709 1151 8438
9 9260 10759 10340 2546 8439
9 3371 3517 8792 433 8440
9 3516 1884 10966 3517 8441
9 3517 10966 3166 8792 8442
9 8676 10836 9831 935 8443
9 9831 10836 2189 10964 8444
9 9824 9831 10964 2255 8445
9 8770 10967 1867 5579 8446
9 4297 2339 8770 5579 8447
9 8127 2407 5227 8128 8448
9 8128 5227 1165 6765 8449
9 6764 2717 8128 6765 8450
9 9429 10968 3073 10969 8451
9 376 377 8901 5954 8452
9 6715 8901 377 378 8453
9 8893 2501 5954 8901 8454
9 10970 10971 2970 10972 8455
9 10973 7317 2116 10126 8456
9 10974 6173 560 10130 8457
9 888 10975 10976 10694 8458
9 1009 10977 10978 8214 8459
9 7533 7536 10980 1875 8460
9 7536 10979 3070 10980 8461
9 1030 9787 10974 10981 8462
9 6173 10974 9787 2206 8463
9 10130 2329 10981 10974 8464
9 10983 9192 829 9383 8465
9 1302 7484 10983 10984 8466
9 9192 10983 7484 2590 8467
9 9383 2681 10984 10983 8468
9 4628 4630 7328 710 8469
9 6703 10982 4630 1697 8470
9 4630 10982 3113 7328 8471
9 10985 6146 3192 10039 8472
9 9670 909 10489 9668 8473
9 9668 10489 2692 10986 8474
9 4078 8137 9511 4079 8475
9 4079 9511 3018 10987 8476
9 9373 9374 8992 10930 8477
9 10930 8992 1960 9338 8478
9 8301 3232 10930 9338 8479
9 8942 9492 10201 2015 8480
9 7362 535 9938 9492 8481
9 9492 9938 2368 10201 8482
9 5167 1704 10988 9042 8483
9 9042 10988 3060 10989 8484
9 7693 9221 10988 1704 8485
9 9221 10990 3060 10988 8486
9 6144 2541 7576 7660 8487
9 7660 7576 1114 10991 8488
9 6255 7660 10991 3030 8489
9 10992 9012 1016 9169 8490
9 922 10089 10992 6048 8491
9 9012 10992 10089 2244 8492
9 9169 2252 6048 10992 8493
9 8503 8505 4321 1768 8494
9 4321 8505 2550 796 8495
9 6426 7959 10993 700 8496
9 7960 1705 10640 7959 8497
9 7959 10640 3218 10993 8498
9 10995 9812 432 10994 8499
9 9881 10085 6619 2068 8500
9 6619 10085 1121 10996 8501
9 6539 6619 10996 2552 8502
9 7309 10 11 8468 8503
9 8468 11 12 8302 8504
9 8469 8468 8302 2526 8505
9 9185 10028 9104 708 8506
9 10029 1699 9663 10028 8507
9 10028 9663 3046 9104 8508
9 5409 1293 7125 5741 8509
9 5741 7125 2259 10997 8510
9 1708 9545 10998 9948 8511
9 9547 711 10998 9545 8512
9 9233 9232 10999 1967 8513
9 9232 11309 3096 10999 8514
9 974 10399 10995 11000 8515
9 9812 10995 10399 1782 8516
9 10994 2718 11000 10995 8517
9 5453 322 323 7420 8518
9 7420 323 324 9724 8519
9 9723 2530 7420 9724 8520
9 3331 7980 8238 1375 8521
9 7980 11001 3234 8238 8522
9 1107 9536 11002 8131 8523
9 8679 8678 9075 420 8524
9 7763 1809 11003 8678 8525
9 8678 11003 2475 9075 8526
9 6758 1991 11005 10580 8527
9 9658 10580 11005 2851 8528
9 6393 10525 11005 1991 8529
9 10526 447 4997 10525 8530
9 10525 4997 2851 11005 8531
9 759 5867 11006 8566 8532
9 10756 953 4525 10890 8533
9 4525 11007 2409 10890 8534
9 9536 2160 7903 11002 8535
9 11002 7903 864 5181 8536
9 8131 11002 5181 2164 8537
9 11008 9898 1783 10698 8538
9 7024 7031 11009 2459 8539
9 6006 1150 10897 7031 8540
9 7031 10897 2992 11009 8541
9 1725 8857 11010 11011 8542
9 11013 7011 2123 11012 8543
9 966 11014 11015 11016 8544
9 4525 1952 11017 11007 8545
9 11017 11018 2409 11007 8546
9 3897 4675 8957 1155 8547
9 4488 10876 4675 1969 8548
9 4675 10876 3098 8957 8549
9 8072 9715 11019 2310 8550
9 9716 1122 10183 9715 8551
9 9715 10183 2362 11019 8552
9 11014 1942 7593 11015 8553
9 11015 7593 621 8574 8554
9 11016 11015 8574 2471 8555
9 5404 1814 6351 9365 8556
9 5595 1292 6956 6351 8557
9 6351 6956 2601 9365 8558
9 735 5683 10842 11020 8559
9 7845 10842 5683 1758 8560
9 10841 3217 11020 10842 8561
9 11022 5015 1270 11021 8562
9 11023 5607 2310 11019 8563
9 627 11024 11022 6841 8564
9 5015 11022 11024 2404 8565
9 11021 2808 6841 11022 8566
9 10146 2323 11025 10861 8567
9 10861 11025 1061 4462 8568
9 10217 10861 4462 2683 8569
9 4946 7249 8277 1373 8570
9 4058 4732 7249 1844 8571
9 7249 4732 2483 8277 8572
9 7587 7586 11026 2125 8573
9 11026 7586 859 10972 8574
9 8575 9438 6206 1735 8575
9 5037 10758 9438 510 8576
9 9438 10758 2923 6206 8577
9 11028 10240 2170 11027 8578
9 7149 7148 10934 1708 8579
9 11030 10011 1821 11029 8580
9 5240 5239 11031 1794 8581
9 5238 463 9191 5239 8582
9 5239 9191 2794 11031 8583
9 11032 11033 3125 11027 8584
9 7940 8875 5522 2374 8585
9 5522 8875 925 5426 8586
9 5389 5522 5426 2581 8587
9 8914 9399 11034 2051 8588
9 297 298 8981 9399 8589
9 9399 8981 2789 11034 8590
9 10843 866 10570 10844 8591
9 10844 10570 2218 11035 8592
9 10845 10844 11035 2658 8593
9 239 240 9829 4044 8594
9 8734 9829 240 241 8595
9 9828 2565 4044 9829 8596
9 917 11036 11037 10593 8597
9 607 10338 10962 8993 8598
9 10339 2182 10962 10338 8599
9 10961 3031 8993 10962 8600
9 10690 10692 10502 1094 8601
9 10691 2657 11038 10692 8602
9 10692 11038 3228 10502 8603
9 4287 384 7092 4288 8604
9 4288 7092 2645 11039 8605
9 11042 11040 1021 11041 8606
9 4288 11039 4205 1955 8607
9 4205 11039 2645 1022 8608
9 11040 11042 11043 1830 8609
9 11043 11042 2850 11044 8610
9 11046 9941 992 11045 8611
9 959 6105 11047 6357 8612
9 4735 6357 11047 2482 8613
9 3976 7692 11049 478 8614
9 7692 11048 2437 11049 8615
9 6105 1927 11050 11047 8616
9 11050 11051 2482 11047 8617
9 1466 11052 10674 7148 8618
9 10639 10674 11052 3218 8619
9 10934 7148 10674 3248 8620
9 7753 7752 11053 1139 8621
9 7751 1712 8143 7752 8622
9 7752 8143 3245 11053 8623
9 1333 5524 11046 4352 8624
9 9941 11046 5524 2577 8625
9 8945 4352 11046 2809 8626
9 7252 1770 9688 10931 8627
9 9609 1013 11054 9688 8628
9 9688 11054 2951 10931 8629
9 8749 71 72 10063 8630
9 10063 72 73 8396 8631
9 10064 10063 8396 2735 8632
9 7692 1980 11055 11048 8633
9 11048 11055 975 9567 8634
9 9559 2437 11048 9567 8635
9 8155 9015 5285 780 8636
9 5285 9015 2518 1801 8637
9 10201 10200 10796 2015 8638
9 3314 8239 10200 1205 8639
9 10200 8239 3234 10796 8640
9 6433 1750 4411 10478 8641
9 4410 1149 4142 4411 8642
9 4411 4142 2671 10478 8643
9 6797 6796 8858 1725 8644
9 6796 11056 2789 8858 8645
9 11057 4686 2773 11058 8646
9 8074 723 4139 11059 8647
9 10139 10140 7779 945 8648
9 10140 11060 2161 7779 8649
9 4139 1785 9242 11059 8650
9 9243 1067 11061 9242 8651
9 9242 11061 3078 11059 8652
9 11062 10436 2605 11063 8653
9 11064 267 268 9548 8654
9 11066 11065 2133 11063 8655
9 1139 11067 11068 11069 8656
9 6744 1822 3965 10808 8657
9 3888 602 10323 3965 8658
9 3965 10323 2477 10808 8659
9 10140 2142 11071 11060 8660
9 4067 5749 11071 449 8661
9 11071 5749 2161 11060 8662
9 3414 1962 5204 8530 8663
9 11072 10398 2690 10947 8664
9 5403 5576 8752 1714 8665
9 5577 541 11073 5576 8666
9 5576 11073 3204 8752 8667
9 4412 10862 11074 563 8668
9 11074 10862 2469 7777 8669
9 1726 6783 9475 8450 8670
9 6272 448 9475 6783 8671
9 9425 2803 8450 9475 8672
9 1021 7847 11075 11041 8673
9 11042 11041 11075 2850 8674
9 7847 2456 4619 11075 8675
9 11075 4619 1298 11076 8676
9 891 11077 10572 11078 8677
9 8348 10572 11077 2412 8678
9 8793 3166 11078 10572 8679
9 7369 7368 10561 754 8680
9 4551 7562 7368 1764 8681
9 7368 7562 2654 10561 8682
9 1160 8442 11079 9404 8683
9 8442 2363 11080 11079 8684
9 11079 11080 976 6801 8685
9 9404 11079 6801 2567 8686
9 1059 6323 11081 11082 8687
9 5356 7873 10893 489 8688
9 7872 1716 11083 7873 8689
9 7873 11083 3162 10893 8690
9 7338 2128 4545 7339 8691
9 7339 4545 1157 7969 8692
9 7340 7339 7969 2948 8693
9 5527 1744 8331 10389 8694
9 10389 8331 1076 3401 8695
9 10390 10389 3401 2728 8696
9 562 11084 11085 11086 8697
9 9569 10685 11088 1044 8698
9 10685 11087 2710 11088 8699
9 132 133 10214 9799 8700
9 8715 10214 133 134 8701
9 10213 2608 9799 10214 8702
9 4225 4224 7355 1959 8703
9 4224 4247 2700 7355 8704
9 10909 10908 11083 1716 8705
9 10910 1052 10905 10908 8706
9 10908 10905 3162 11083 8707
9 11084 1938 10721 11085 8708
9 11085 10721 1122 9716 8709
9 11086 11085 9716 3029 8710
9 11090 11011 2835 11091 8711
9 9235 9234 11092 548 8712
9 9236 1785 10238 9234 8713
9 9234 10238 2909 11092 8714
9 1062 11421 10568 11093 8715
9 10386 2883 11093 10568 8716
9 8402 8411 10304 1733 8717
9 8412 991 7612 8411 8718
9 8411 7612 2779 10304 8719
9 8306 10696 198 199 8720
9 198 10696 2618 11094 8721
9 6317 6316 8355 1719 8722
9 6316 11095 2958 8355 8723
9 2169 7553 11096 11097 8724
9 11098 6059 2211 10418 8725
9 8926 8925 4877 462 8726
9 8925 11099 2604 4877 8727
9 11101 9137 1088 11100 8728
9 1905 6645 7175 11102 8729
9 7173 7175 6645 530 8730
9 7174 2629 11102 7175 8731
9 9065 585 5433 10965 8732
9 5432 1718 5443 5433 8733
9 5433 5443 2953 10965 8734
9 1532 9138 11103 9855 8735
9 1105 11104 8677 10456 8736
9 8043 8042 10456 8677 8737
9 9138 2063 11105 11103 8738
9 11103 11105 1116 6786 8739
9 9855 11103 6786 3056 8740
9 4341 9643 3636 1717 8741
9 9644 539 10450 9643 8742
9 9643 10450 2959 3636 8743
9 11106 9344 415 8970 8744
9 10078 10088 11107 1787 8745
9 10089 922 10865 10088 8746
9 10088 10865 3181 11107 8747
9 6766 318 319 6968 8748
9 6968 319 320 7438 8749
9 7331 7330 6968 7438 8750
9 2203 7193 7095 11108 8751
9 7029 7095 7193 469 8752
9 1254 6220 11106 5465 8753
9 9344 11106 6220 2433 8754
9 8970 2776 5465 11106 8755
9 11110 8757 2203 11108 8756
9 7095 2243 11110 11108 8757
9 8448 9220 11111 1946 8758
9 17 9665 9220 16 8759
9 9220 9665 2921 11111 8760
9 11112 11113 2839 11114 8761
9 11115 5889 2266 5698 8762
9 1726 6104 11116 6784 8763
9 8050 8049 11113 1900 8764
9 8049 11117 2839 11113 8765
9 11119 6938 1865 11118 8766
9 6241 6240 11118 1865 8767
9 11118 6240 591 11120 8768
9 6570 164 165 10911 8769
9 10911 165 166 10751 8770
9 6014 10911 10751 2637 8771
9 7929 3063 8631 10864 8772
9 10864 8631 1464 8586 8773
9 10865 10864 8586 3181 8774
9 7407 77 78 9019 8775
9 9019 78 79 5805 8776
9 8830 9019 5805 2642 8777
9 2436 11121 11122 5168 8778
9 8209 1720 11123 8217 8779
9 8217 11123 3086 11124 8780
9 4023 5168 7218 1403 8781
9 11122 3184 7218 5168 8782
9 7606 719 8328 7607 8783
9 5526 7183 8328 1744 8784
9 8328 7183 2796 7607 8785
9 8844 8843 11125 2023 8786
9 5613 9649 8843 1514 8787
9 8843 9649 3054 11125 8788
9 9620 10179 8057 740 8789
9 9554 1759 10246 10179 8790
9 10179 10246 2721 8057 8791
9 6327 6326 7037 1838 8792
9 6326 11126 2523 7037 8793
9 5171 1812 10950 5169 8794
9 5169 10950 2557 11127 8795
9 10228 10932 11129 1778 8796
9 10933 1090 11128 10932 8797
9 10932 11128 3246 11129 8798
9 8276 2070 8241 9850 8799
9 9850 8241 1128 7918 8800
9 7917 2945 9850 7918 8801
9 614 4133 11130 10706 8802
9 10486 10706 11130 3173 8803
9 7915 455 6024 8894 8804
9 6025 1778 11129 6024 8805
9 6024 11129 3246 8894 8806
9 4133 2064 5866 11130 8807
9 4574 1233 11131 5866 8808
9 5866 11131 3173 11130 8809
9 4104 605 8401 4105 8810
9 8402 1733 10779 8401 8811
9 8401 10779 2866 4105 8812
9 3984 1968 11132 3985 8813
9 3985 11132 2473 11133 8814
9 11134 10583 2988 8847 8815
9 11136 11135 3069 6995 8816
9 8316 2103 7316 9662 8817
9 9662 7316 1169 9925 8818
9 9663 9662 9925 3046 8819
9 5321 5322 7239 772 8820
9 7312 7572 5322 1950 8821
9 5322 7572 3127 7239 8822
9 11137 5618 2473 11132 8823
9 8179 773 9927 8180 8824
9 8180 9927 1823 9397 8825
9 9398 2527 8180 9397 8826
9 4111 1184 10070 11138 8827
9 2430 10831 8195 2857 8828
9 8083 8195 10831 1143 8829
9 10593 2560 8062 10594 8830
9 10594 8062 1117 11139 8831
9 10595 10594 11139 2599 8832
9 6086 1772 7235 6087 8833
9 6087 7235 545 10211 8834
9 10209 2679 6087 10211 8835
9 173 11140 2925 11141 8836
9 1872 7801 11030 9747 8837
9 10011 11030 7801 912 8838
9 11029 2616 9747 11030 8839
9 7197 10165 10648 1693 8840
9 11143 8955 2311 11142 8841
9 5415 997 11144 10686 8842
9 11144 11145 2618 10686 8843
9 1466 4834 11146 11052 8844
9 4834 2545 4750 11146 8845
9 11146 4750 700 10993 8846
9 11052 11146 10993 3218 8847
9 2180 11147 5488 11148 8848
9 1066 8766 11148 11149 8849
9 8765 2180 11148 8766 8850
9 5488 2388 11149 11148 8851
9 7065 7140 11142 2311 8852
9 11142 7140 1223 5581 8853
9 11143 11142 5581 2579 8854
9 1046 9005 11151 8680 8855
9 9003 1970 11151 9005 8856
9 1970 8824 11152 11151 8857
9 8680 11151 11152 2720 8858
9 3890 3889 9888 1743 8859
9 3888 1111 9969 3889 8860
9 3889 9969 2844 9888 8861
9 7286 9879 11153 792 8862
9 9341 1922 9058 9879 8863
9 9879 9058 2985 11153 8864
9 11154 9931 834 9839 8865
9 3267 3269 6004 1275 8866
9 3269 11155 2669 6004 8867
9 11157 7815 1347 11156 8868
9 11158 5566 2169 11097 8869
9 5384 7076 11145 1843 8870
9 198 11094 7076 197 8871
9 7076 11094 2618 11145 8872
9 3269 2609 8334 11155 8873
9 11155 8334 948 11159 8874
9 2465 11160 10946 5371 8875
9 5050 5371 10946 2967 8876
9 11011 11090 6797 1725 8877
9 11091 1207 11161 11090 8878
9 11090 11161 2996 6797 8879
9 3438 512 8483 5484 8880
9 5484 8483 3134 11162 8881
9 8757 11110 11045 992 8882
9 11045 11110 2243 5490 8883
9 11046 11045 5490 2809 8884
9 1895 9488 9947 10124 8885
9 212 213 9947 9488 8886
9 7290 2431 10124 9947 8887
9 5715 1562 10106 8845 8888
9 8845 10106 3115 11163 8889
9 11164 7083 667 8274 8890
9 6148 6476 6197 1910 8891
9 5679 10034 6476 392 8892
9 6476 10034 3117 6197 8893
9 1026 5210 10119 11165 8894
9 9828 10119 5210 2565 8895
9 10118 2934 11165 10119 8896
9 1069 11166 10868 11167 8897
9 10867 2512 11167 10868 8898
9 1018 8290 11164 10645 8899
9 7083 11164 8290 2257 8900
9 8274 2297 10645 11164 8901
9 2540 1405 7223 11168 8902
9 5314 5313 8453 1721 8903
9 4558 7664 5313 797 8904
9 5313 7664 3103 8453 8905
9 6323 2457 7244 11081 8906
9 7244 11169 3082 11081 8907
9 7141 10823 11171 1174 8908
9 10823 11170 3219 11171 8909
9 10093 10092 11172 1064 8910
9 10084 1934 7075 10092 8911
9 10092 7075 2694 11172 8912
9 10823 1937 11173 11170 8913
9 11173 11174 3219 11170 8914
9 8734 8733 5891 1751 8915
9 242 243 9954 8733 8916
9 8733 9954 2815 5891 8917
9 5470 43 44 10499 8918
9 10499 44 45 9099 8919
9 9238 10499 9099 2685 8920
9 3701 6396 11175 800 8921
9 11175 6396 1754 8708 8922
9 6179 270 271 7045 8923
9 7045 271 272 8145 8924
9 7046 7045 8145 2688 8925
9 582 9939 10695 10543 8926
9 9940 1936 10695 9939 8927
9 10694 2376 10543 10695 8928
9 3483 4869 11176 590 8929
9 9668 10986 4869 1780 8930
9 4869 10986 2692 11176 8931
9 9569 2112 10717 10684 8932
9 10684 10717 893 8361 8933
9 6556 2227 10684 8361 8934
9 2738 11177 10732 11178 8935
9 10731 10732 11177 1990 8936
9 579 11179 11101 7347 8937
9 9137 11101 11179 2063 8938
9 4685 7347 11101 2773 8939
9 10216 10400 8593 2126 8940
9 10399 974 11180 10400 8941
9 10400 11180 2660 8593 8942
9 11181 11182 3167 11183 8943
9 9791 11089 4129 1737 8944
9 4129 11089 2954 11184 8945
9 8857 300 301 11010 8946
9 11010 301 302 11185 8947
9 11011 11010 11185 2835 8948
9 11186 7737 1005 9897 8949
9 570 11187 11186 10807 8950
9 7737 11186 11187 2091 8951
9 9897 2440 10807 11186 8952
9 6350 11188 3136 11189 8953
9 9445 2304 10273 10920 8954
9 10920 10273 842 11190 8955
9 5387 5386 5634 7724 8956
9 4322 1235 10115 5386 8957
9 5386 10115 3205 5634 8958
9 4798 6818 10332 766 8959
9 6819 1736 9530 6818 8960
9 6818 9530 2968 10332 8961
9 561 10636 8428 10040 8962
9 8201 8428 10636 2273 8963
9 8427 2344 10040 8428 8964
9 916 9041 11191 10663 8965
9 10664 10663 11191 3047 8966
9 11192 8546 2428 10806 8967
9 5657 1740 8674 7015 8968
9 8018 769 11193 8674 8969
9 8674 11193 2957 7015 8970
9 6327 1838 5183 9864 8971
9 9864 5183 833 11194 8972
9 9865 9864 11194 2544 8973
9 2136 7217 7432 11195 8974
9 4604 690 7432 7217 8975
9 8683 8839 11194 833 8976
9 8839 11196 2544 11194 8977
9 8879 10122 9299 528 8978
9 9056 10050 218 219 8979
9 218 10050 2716 11197 8980
9 8839 2120 10816 11196 8981
9 11196 10816 1049 11198 8982
9 2368 10298 11199 10269 8983
9 947 7247 11200 3487 8984
9 5933 2046 11200 7247 8985
9 2046 6362 9802 11200 8986
9 6504 9802 6362 1245 8987
9 3487 11200 9802 2411 8988
9 995 11201 11195 11202 8989
9 7432 2253 11202 11195 8990
9 8187 10231 10626 1000 8991
9 9299 10122 10231 1739 8992
9 10231 10122 2998 10626 8993
9 4376 1975 11203 5944 8994
9 5944 11203 2529 11204 8995
9 6486 2155 11205 9469 8996
9 9469 11205 1028 11206 8997
9 4375 4484 11203 1975 8998
9 4137 723 8076 4484 8999
9 4484 8076 2529 11203 9000
9 8824 110 111 11152 9001
9 11152 111 112 9013 9002
9 8337 2720 11152 9013 9003
9 7406 8962 5257 2097 9004
9 8961 869 9276 8962 9005
9 8962 9276 2400 5257 9006
9 3036 11207 11208 11209 9007
9 9739 1859 4325 10127 9008
9 10127 4325 908 11210 9009
9 9857 10127 11210 2516 9010
9 4581 4726 10642 1166 9011
9 10642 4726 2023 11125 9012
9 8117 10642 11125 3054 9013
9 1268 6356 11211 11212 9014
9 11213 11214 3086 11215 9015
9 1903 8771 10936 10100 9016
9 32 10936 8771 31 9017
9 10358 2582 10100 10936 9018
9 11217 10889 2879 11216 9019
9 11218 56 57 7480 9020
9 5930 10345 11219 1916 9021
9 8955 11143 10345 567 9022
9 10345 11143 2579 11219 9023
9 965 6441 11219 6223 9024
9 4589 1916 11219 6441 9025
9 5583 6223 11219 2579 9026
9 1228 7178 11220 10052 9027
9 10804 1074 11221 10805 9028
9 10805 11221 2140 11222 9029
9 10806 10805 11222 2474 9030
9 6247 2071 5846 6537 9031
9 5845 900 8682 5846 9032
9 5846 8682 2452 6537 9033
9 5502 881 8616 8952 9034
9 7170 1893 6331 8616 9035
9 8616 6331 2725 8952 9036
9 347 348 3584 10924 9037
9 10924 3584 1918 11223 9038
9 10125 10924 11223 3118 9039
9 533 10821 7704 9195 9040
9 10799 2086 7704 10821 9041
9 7414 2263 9195 7704 9042
9 6356 2506 4076 11211 9043
9 11211 4076 435 11224 9044
9 11212 11211 11224 2782 9045
9 8374 446 10832 8375 9046
9 8375 10832 2043 11225 9047
9 7121 8375 11225 2852 9048
9 10294 1001 9031 10847 9049
9 7353 10847 9031 2830 9050
9 866 10843 9223 9017 9051
9 3773 9223 10843 2017 9052
9 4709 2321 9017 9223 9053
9 9321 10113 10619 1756 9054
9 9774 732 9459 10113 9055
9 10113 9459 2899 10619 9056
9 9650 2053 4707 10291 9057
9 4707 11226 2289 10291 9058
9 9020 9025 9127 1956 9059
9 10149 10587 9025 921 9060
9 9025 10587 2381 9127 9061
9 8677 11104 11225 2043 9062
9 11227 5860 792 11153 9063
9 5891 5890 10118 1751 9064
9 4575 759 10142 5890 9065
9 5890 10142 2934 10118 9066
9 4974 507 9466 8557 9067
9 5741 10997 9466 2096 9068
9 9466 10997 2259 8557 9069
9 8345 2354 4626 10516 9070
9 10516 4626 1191 11228 9071
9 10517 10516 11228 3024 9072
9 1052 11229 11230 6689 9073
9 1456 10549 11231 9359 9074
9 10549 2412 11077 11231 9075
9 11231 11077 891 7843 9076
9 9359 11231 7843 2478 9077
9 1080 9615 11232 11233 9078
9 6650 6977 11029 1821 9079
9 4591 412 6971 6977 9080
9 6977 6971 2616 11029 9081
9 11229 2033 9322 11230 9082
9 11230 9322 738 6306 9083
9 6689 11230 6306 2678 9084
9 9615 3072 7691 11232 9085
9 7268 1710 8606 7691 9086
9 7691 8606 3177 11232 9087
9 11234 11235 3055 11236 9088
9 5251 8368 9325 1391 9089
9 3810 6536 11122 641 9090
9 11122 6536 2540 11168 9091
9 7223 3184 11122 11168 9092
9 6059 11098 8931 845 9093
9 10418 2080 6535 11098 9094
9 11098 6535 2621 8931 9095
9 10101 2045 8287 10102 9096
9 10102 8287 873 6010 9097
9 7173 10102 6010 2307 9098
9 2148 1216 6774 8508 9099
9 6772 2969 8508 6774 9100
9 2108 6364 10679 11237 9101
9 313 10679 6364 312 9102
9 10678 3057 11237 10679 9103
9 19 11238 3092 11239 9104
9 306 307 9102 5212 9105
9 5149 9102 307 308 9106
9 9101 2775 5212 9102 9107
9 600 7944 11240 11241 9108
9 3755 35 36 3756 9109
9 3756 36 37 10199 9110
9 3757 3756 10199 2771 9111
9 7944 2500 10215 11240 9112
9 11240 10215 1276 11242 9113
9 11241 11240 11242 2769 9114
9 11243 10054 1154 10404 9115
9 9671 2594 11243 10404 9116
9 11244 5782 2504 8014 9117
9 11245 8874 640 10548 9118
9 1455 8344 11245 8713 9119
9 8874 11245 8344 2648 9120
9 10548 3105 8713 11245 9121
9 4777 1370 8064 8170 9122
9 8170 8064 2670 11246 9123
9 3250 8323 9672 1493 9124
9 6614 9965 8323 1914 9125
9 8323 9965 3038 9672 9126
9 11248 4842 2241 11247 9127
9 2241 6855 11249 11247 9128
9 11251 9233 1967 11250 9129
9 4006 4008 4700 450 9130
9 10054 11243 4008 2386 9131
9 4008 11243 2594 4700 9132
9 1870 7199 11218 11252 9133
9 56 11218 7199 55 9134
9 7480 2731 11252 11218 9135
9 6157 6996 7271 2240 9136
9 6997 1093 8493 6996 9137
9 6996 8493 3182 7271 9138
9 691 9501 11253 8033 9139
9 9501 2950 3406 11253 9140
9 11253 3406 1576 10317 9141
9 8033 11253 10317 3039 9142
9 9164 11254 3165 11255 9143
9 1408 11256 11257 8541 9144
9 11256 2814 9683 11257 9145
9 11257 9683 540 10295 9146
9 8541 11257 10295 2821 9147
9 1874 7254 8085 6943 9148
9 6551 8085 7254 1361 9149
9 8084 2535 6943 8085 9150
9 11258 3543 1232 10464 9151
9 3747 671 9303 5900 9152
9 9303 11259 2270 5900 9153
9 6564 10607 8151 1051 9154
9 10608 1870 11252 10607 9155
9 10607 11252 2731 8151 9156
9 2005 11260 11261 6661 9157
9 5118 503 8706 5119 9158
9 8708 1754 10207 8706 9159
9 8706 10207 3011 5119 9160
9 9303 2194 4444 11259 9161
9 11259 4444 1156 4206 9162
9 3878 2270 11259 4206 9163
9 1080 11233 10472 10841 9164
9 11232 3177 10472 11233 9165
9 10471 3217 10841 10472 9166
9 11262 10484 2441 11263 9167
9 4186 4185 9508 1755 9168
9 3608 470 5095 4185 9169
9 4185 5095 2973 9508 9170
9 1030 10981 11264 9060 9171
9 8879 528 7514 8880 9172
9 8880 7514 1913 7772 9173
9 6090 2481 8880 7772 9174
9 7850 7851 9424 1420 9175
9 9424 7851 1906 8769 9176
9 9425 9424 8769 2803 9177
9 3711 5825 5330 729 9178
9 5825 11265 2405 5330 9179
9 7520 1761 11266 7519 9180
9 7519 11266 2929 11267 9181
9 8149 8148 11268 2025 9182
9 4649 1475 9502 8148 9183
9 8148 9502 2904 11268 9184
9 5195 8007 7123 1171 9185
9 7174 2307 7133 8007 9186
9 8007 7133 2777 7123 9187
9 9164 2014 10282 11254 9188
9 9977 1196 10410 10282 9189
9 10282 10410 3165 11254 9190
9 559 6620 11269 3935 9191
9 5825 2052 5913 11265 9192
9 11265 5913 1264 11270 9193
9 734 9370 11271 7213 9194
9 2784 11272 11273 11274 9195
9 8969 10600 10654 1786 9196
9 9757 2228 11275 10600 9197
9 10600 11275 3050 10654 9198
9 9370 2932 6524 11271 9199
9 11271 6524 1549 10789 9200
9 7213 11271 10789 2989 9201
9 11276 4223 2522 11277 9202
9 11278 7683 2249 10762 9203
9 11037 11036 3771 2101 9204
9 4143 7816 11036 917 9205
9 11036 7816 2620 3771 9206
9 8049 251 252 11117 9207
9 252 11279 2839 11117 9208
9 11280 11281 2873 11282 9209
9 9757 9756 11283 2228 9210
9 28 29 8600 9756 9211
9 9756 8600 3129 11283 9212
9 5250 8642 11284 784 9213
9 8641 1795 9702 8642 9214
9 8642 9702 3007 11284 9215
9 1075 11285 11286 8985 9216
9 2284 10874 9437 11286 9217
9 3799 9437 10874 430 9218
9 8985 11286 9437 2489 9219
9 10975 2129 9845 10976 9220
9 10976 9845 1098 10380 9221
9 10694 10976 10380 2376 9222
9 5412 5423 10175 1753 9223
9 5422 837 9262 5423 9224
9 5423 9262 3208 10175 9225
9 661 3772 11157 9422 9226
9 7815 11157 3772 2620 9227
9 11156 3053 9422 11157 9228
9 8095 2038 8142 11287 9229
9 10867 10866 6939 943 9230
9 10866 11288 2860 6939 9231
9 10886 10888 11289 1761 9232
9 10889 544 10493 10888 9233
9 10888 10493 3027 11289 9234
9 7501 10922 10058 1773 9235
9 10058 10922 497 2896 9236
9 1079 11290 11291 10668 9237
9 5414 1819 11292 9861 9238
9 9861 11292 3175 11293 9239
9 9648 2004 9149 10559 9240
9 10559 9149 534 5943 9241
9 5725 10559 5943 2372 9242
9 9221 790 7166 10990 9243
9 7166 11294 3060 10990 9244
9 6003 828 9435 10225 9245
9 11262 11263 9435 1965 9246
9 9435 11263 2441 10225 9247
9 11067 11295 2385 11296 9248
9 11298 11297 1972 10794 9249
9 975 11055 10562 5937 9250
9 7086 10562 11055 1980 9251
9 10561 2654 5937 10562 9252
9 5661 1096 7131 10850 9253
9 7131 11299 2822 10850 9254
9 7131 2072 10917 11299 9255
9 10918 805 10500 10917 9256
9 10917 10500 2822 11299 9257
9 9773 4884 99 100 9258
9 99 4884 2891 11300 9259
9 8672 2229 9537 8673 9260
9 8673 9537 1107 10314 9261
9 10309 2550 8673 10314 9262
9 2464 10709 11013 11301 9263
9 7011 11013 10709 554 9264
9 8646 8645 11302 913 9265
9 8641 1794 11031 8645 9266
9 8645 11031 2794 11302 9267
9 1992 4938 10923 11303 9268
9 10922 10923 4938 497 9269
9 6350 806 7634 11188 9270
9 11188 7634 1915 7927 9271
9 7723 3136 11188 7927 9272
9 965 11304 11303 6442 9273
9 10923 2454 6442 11303 9274
9 10012 2515 11305 10013 9275
9 10013 11305 606 6857 9276
9 10014 10013 6857 2763 9277
9 102 103 11306 10462 9278
9 10014 10700 11166 1069 9279
9 11166 10700 2251 11307 9280
9 10868 11166 11307 2331 9281
9 10883 10887 11307 2251 9282
9 10887 11308 2331 11307 9283
9 736 8046 10728 10065 9284
9 6813 2149 10728 8046 9285
9 6154 2279 10065 10728 9286
9 10347 10483 8633 982 9287
9 9960 1890 10424 10483 9288
9 10483 10424 2561 8633 9289
9 9232 1796 6429 11309 9290
9 4121 4120 11310 1802 9291
9 8081 10002 4120 957 9292
9 4120 10002 3180 11310 9293
9 7663 10653 11190 842 9294
9 11190 10653 1900 11311 9295
9 10920 11190 11311 2936 9296
9 1911 933 10520 6329 9297
9 10519 2532 6329 10520 9298
9 11113 11112 11311 1900 9299
9 11114 1056 10827 11112 9300
9 11112 10827 2936 11311 9301
9 10971 10970 7379 2062 9302
9 10972 859 11312 10970 9303
9 10970 11312 3058 7379 9304
9 4451 4453 9140 635 9305
9 4453 11313 3247 9140 9306
9 8326 209 210 9711 9307
9 9489 10195 210 211 9308
9 210 10195 2927 9711 9309
9 11214 11213 9216 1929 9310
9 11215 525 5471 11213 9311
9 11213 5471 2508 9216 9312
9 9410 10476 7793 419 9313
9 9200 1779 4860 10476 9314
9 10476 4860 2917 7793 9315
9 9281 39 40 10229 9316
9 10229 40 41 4303 9317
9 5575 10229 4303 2931 9318
9 9991 1217 5660 9989 9319
9 9989 5660 2230 11314 9320
9 1797 6456 11315 11316 9321
9 1021 11040 10877 11317 9322
9 3469 10877 11040 1830 9323
9 4581 4582 8141 434 9324
9 8141 4582 1784 9363 9325
9 9362 2889 8141 9363 9326
9 10484 11262 8364 929 9327
9 8364 11262 1965 11318 9328
9 8365 8364 11318 2644 9329
9 7247 947 11319 7246 9330
9 7246 11319 2944 11320 9331
9 6185 1909 8160 8256 9332
9 8256 8160 1148 9515 9333
9 8257 8256 9515 2548 9334
9 954 10356 9622 7403 9335
9 10357 1848 9622 10356 9336
9 8002 2659 7403 9622 9337
9 4793 404 6056 10236 9338
9 6713 9966 6056 2008 9339
9 6056 9966 2398 10236 9340
9 856 6448 10497 9734 9341
9 4252 10497 6448 1832 9342
9 6175 2696 9734 10497 9343
9 11321 10363 3242 11322 9344
9 11323 9566 975 5936 9345
9 5228 2407 11323 5936 9346
9 5697 449 11071 7261 9347
9 7261 11071 2142 10840 9348
9 7103 7261 10840 2600 9349
9 7500 9057 8168 464 9350
9 9058 1922 10837 9057 9351
9 9057 10837 3008 8168 9352
9 6507 6509 8127 549 9353
9 9566 11323 6509 2083 9354
9 6509 11323 2407 8127 9355
9 6450 8582 9114 1387 9356
9 6492 8644 10613 1632 9357
9 8644 11324 2788 10613 9358
9 2178 9552 10856 11325 9359
9 3252 1675 10856 9552 9360
9 4986 10498 8966 1612 9361
9 7566 9142 279 280 9362
9 279 9142 3026 11326 9363
9 11327 206 207 9707 9364
9 7784 3033 11327 9707 9365
9 7617 1942 11014 8225 9366
9 11014 11328 3178 8225 9367
9 440 9525 10305 8653 9368
9 9749 10305 9525 2490 9369
9 10304 2779 8653 10305 9370
9 943 11329 11330 10867 9371
9 3984 4228 11332 1968 9372
9 4228 11331 2551 11332 9373
9 9675 9949 9744 2865 9374
9 9744 9949 3028 11333 9375
9 899 8227 10948 7506 9376
9 8224 1847 10948 8227 9377
9 10947 2690 7506 10948 9378
9 7200 10333 11173 1937 9379
9 11334 10057 839 9745 9380
9 10227 10226 10564 1012 9381
9 10213 1791 7349 10226 9382
9 10226 7349 2920 10564 9383
9 11145 11144 9621 1843 9384
9 9621 11144 997 11335 9385
9 7464 9621 11335 3150 9386
9 3789 1851 6878 10925 9387
9 6880 1146 6447 6878 9388
9 6878 6447 2686 10925 9389
9 5618 11137 3920 662 9390
9 11132 1968 11332 11137 9391
9 11137 11332 2551 3920 9392
9 7431 6038 11336 2253 9393
9 11336 6038 988 7398 9394
9 3838 995 11202 3839 9395
9 3839 11202 2253 11336 9396
9 7398 2287 3839 11336 9397
9 2168 10958 11337 11338 9398
9 5944 11204 11021 1270 9399
9 11204 11339 2808 11021 9400
9 10509 10530 11340 1824 9401
9 7195 750 10463 10530 9402
9 10530 10463 2754 11340 9403
9 1187 4763 11334 8768 9404
9 10057 11334 4763 2261 9405
9 9745 2855 8768 11334 9406
9 493 5048 9651 8254 9407
9 9650 9651 5048 2053 9408
9 6069 2373 8254 9651 9409
9 7519 11267 3821 730 9410
9 11204 2529 8077 11339 9411
9 11339 8077 1025 6747 9412
9 6748 2808 11339 6747 9413
9 3821 11267 11341 1826 9414
9 11341 11267 2929 11342 9415
9 5720 5721 10082 774 9416
9 5707 1776 9919 5721 9417
9 5721 9919 3106 10082 9418
9 1966 10776 10359 10858 9419
9 4305 558 10359 10776 9420
9 9617 10858 10359 2491 9421
9 11344 10963 2189 11343 9422
9 8553 328 329 9792 9423
9 8080 9821 329 330 9424
9 329 9821 3090 9792 9425
9 334 335 10480 10627 9426
9 9794 10480 335 336 9427
9 8903 3104 10627 10480 9428
9 11018 11345 2027 9755 9429
9 9197 2409 11018 9755 9430
9 11346 7314 939 10031 9431
9 466 5157 8562 3947 9432
9 8181 8562 5157 1835 9433
9 3928 3947 8562 2734 9434
9 3738 1826 11341 10736 9435
9 11342 1053 11347 11341 9436
9 11341 11347 3138 10736 9437
9 5997 2033 11229 10532 9438
9 10532 11229 1052 10910 9439
9 10533 10532 10910 2916 9440
9 4621 987 11348 6497 9441
9 6497 11348 2260 11349 9442
9 6498 6497 11349 2290 9443
9 10160 92 93 10161 9444
9 93 11350 3188 10161 9445
9 7738 10427 9967 1005 9446
9 8551 1789 11351 10427 9447
9 10427 11351 2984 9967 9448
9 1088 10943 11058 11100 9449
9 11057 11058 10943 2740 9450
9 11101 11100 11058 2773 9451
9 9513 9512 11351 1789 9452
9 5735 9959 9512 401 9453
9 9512 9959 2984 11351 9454
9 9225 10163 149 150 9455
9 149 10163 3164 11352 9456
9 10363 11321 6340 970 9457
9 11322 1797 11316 11321 9458
9 11321 11316 2926 6340 9459
9 118 119 11353 9751 9460
9 991 8412 11354 5088 9461
9 8199 83 84 10529 9462
9 9164 11255 84 85 9463
9 84 11255 3165 10529 9464
9 1011 4115 11274 7527 9465
9 10886 7527 11274 2879 9466
9 1180 6895 11355 11356 9467
9 10276 10277 7587 2125 9468
9 10454 3128 7587 10277 9469
9 6895 2487 9514 11355 9470
9 11355 9514 1024 11357 9471
9 11356 11355 11357 2611 9472
9 9429 889 7033 10968 9473
9 10968 7033 2235 9287 9474
9 6352 1814 5440 10871 9475
9 5441 523 11358 5440 9476
9 5440 11358 2868 10871 9477
9 2395 7887 9132 5958 9478
9 7337 9132 7887 1339 9479
9 9131 2792 5958 9132 9480
9 7536 822 9733 10979 9481
9 10979 9733 2188 11359 9482
9 10621 586 3774 10622 9483
9 10622 3774 2017 10845 9484
9 10623 10622 10845 2658 9485
9 6328 944 9805 6832 9486
9 6832 9805 3077 11360 9487
9 11361 10477 3195 6830 9488
9 7275 1983 9408 10120 9489
9 10120 9408 598 10904 9490
9 7965 10120 10904 2701 9491
9 8102 10949 10772 905 9492
9 10950 1812 7866 10949 9493
9 10949 7866 2890 10772 9494
9 9025 9024 10316 921 9495
9 4813 8034 9024 1885 9496
9 9024 8034 3039 10316 9497
9 3705 731 9470 9204 9498
9 9469 2783 10266 9470 9499
9 9470 10266 3198 9204 9500
9 11362 11363 2272 11364 9501
9 556 8891 11365 8543 9502
9 2260 11348 11366 11363 9503
9 4852 10353 11208 973 9504
9 11208 10353 2502 11367 9505
9 11209 11208 11367 3126 9506
9 173 174 9479 11140 9507
9 7715 2003 11368 9479 9508
9 9479 11368 2925 11140 9509
9 9985 1073 10008 9986 9510
9 10008 11369 2691 9986 9511
9 8201 8200 6416 911 9512
9 8202 1905 11102 8200 9513
9 8200 11102 2629 6416 9514
9 6104 959 6358 11116 9515
9 11116 6358 2528 6360 9516
9 6784 11116 6360 2878 9517
9 8891 2236 10537 11365 9518
9 11365 10537 1074 10804 9519
9 8543 11365 10804 2428 9520
9 11370 11371 2925 11368 9521
9 9332 2109 8400 10579 9522
9 10579 8400 1119 9178 9523
9 8718 2367 10579 9178 9524
9 5842 10260 8284 847 9525
9 10259 2313 11372 10260 9526
9 10260 11372 3119 8284 9527
9 10390 10490 8585 514 9528
9 7294 1787 11107 10490 9529
9 10490 11107 3181 8585 9530
9 4318 478 11049 4882 9531
9 4882 11049 2437 11373 9532
9 8166 11374 2823 11375 9533
9 6137 1010 10234 10852 9534
9 6449 2166 11376 10234 9535
9 10234 11376 2753 10852 9536
9 1144 9699 11373 9558 9537
9 4882 11373 9699 2226 9538
9 9559 9558 11373 2437 9539
9 1867 10967 11377 7372 9540
9 8770 826 11377 10967 9541
9 4387 6639 11378 858 9542
9 6638 1807 10563 6639 9543
9 6639 10563 2981 11378 9544
9 2230 7910 10809 11314 9545
9 6744 10809 7910 894 9546
9 9989 11314 10809 2477 9547
9 603 11364 11379 11380 9548
9 11364 2272 10690 11379 9549
9 11379 10690 1094 11381 9550
9 11380 11379 11381 2626 9551
9 10540 2622 7386 10541 9552
9 10541 7386 604 4608 9553
9 10542 10541 4608 2672 9554
9 11382 10826 1056 11183 9555
9 6320 2030 6621 6905 9556
9 3699 800 11383 6621 9557
9 6621 11383 2704 6905 9558
9 9729 9785 10405 1022 9559
9 9786 1898 11384 9785 9560
9 9785 11384 2897 10405 9561
9 3586 9486 11384 1898 9562
9 11384 9486 818 11385 9563
9 11386 5363 1997 9807 9564
9 11387 11383 800 11175 9565
9 8708 2806 11387 11175 9566
9 974 11000 11388 11389 9567
9 2000 7618 6794 9265 9568
9 6792 6794 7618 1027 9569
9 6793 2496 9265 6794 9570
9 11391 10378 1073 11390 9571
9 565 8801 11391 6987 9572
9 10378 11391 8801 1888 9573
9 11390 3091 6987 11391 9574
9 11235 11234 3971 1297 9575
9 3971 11234 2908 11392 9576
9 6477 6478 10916 9697 9577
9 9697 10916 2971 11393 9578
9 3153 11394 11395 11396 9579
9 10049 1798 4651 10729 9580
9 4652 751 4867 4651 9581
9 4651 4867 3083 10729 9582
9 11349 11397 986 11398 9583
9 8087 2151 9160 8088 9584
9 8088 9160 1112 9038 9585
9 7602 8088 9038 2458 9586
9 11400 8098 1346 11399 9587
9 8245 1857 6108 10402 9588
9 6110 848 10955 6108 9589
9 6108 10955 2766 10402 9590
9 11274 11273 11216 2879 9591
9 11216 11273 1337 11401 9592
9 868 10554 11400 6782 9593
9 8098 11400 10554 2442 9594
9 11399 3179 6782 11400 9595
9 7755 7754 11073 541 9596
9 4377 1817 11402 7754 9597
9 7754 11402 3204 11073 9598
9 4125 4126 9907 931 9599
9 4118 1945 6308 4126 9600
9 4126 6308 2593 9907 9601
9 8644 1855 10752 11324 9602
9 6838 402 10670 10752 9603
9 10752 10670 2788 11324 9604
9 10977 2195 4312 10978 9605
9 10978 4312 937 6866 9606
9 8214 10978 6866 2338 9607
9 7446 10881 7198 1804 9608
9 9232 9231 6994 1796 9609
9 8234 8788 9231 778 9610
9 9231 8788 3157 6994 9611
9 9054 494 4948 9893 9612
9 4947 1799 10469 4948 9613
9 4948 10469 3112 9893 9614
9 11404 3827 553 11403 9615
9 8371 1866 9798 8372 9616
9 8372 9798 2874 11405 9617
9 7178 1880 6292 11220 9618
9 11220 6292 1226 9377 9619
9 10052 11220 9377 2712 9620
9 11018 11017 11406 854 9621
9 11406 11017 1952 10257 9622
9 606 11305 10669 11407 9623
9 10667 10669 11305 2515 9624
9 11408 11050 1927 5809 9625
9 10957 10956 11409 459 9626
9 8437 1797 11322 10956 9627
9 10956 11322 3242 11409 9628
9 5345 8421 9382 2508 9629
9 9382 8421 1019 11410 9630
9 9383 9382 11410 2681 9631
9 1319 7321 11411 7525 9632
9 7321 2584 11412 11411 9633
9 11411 11412 1120 11413 9634
9 7525 11411 11413 2938 9635
9 6062 1813 6607 8978 9636
9 6606 1316 6641 6607 9637
9 6607 6641 3025 8978 9638
9 589 11414 11415 11416 9639
9 11415 11290 1079 11417 9640
9 8412 2262 10412 11354 9641
9 11354 10412 990 11418 9642
9 5088 11354 11418 2299 9643
9 8738 8773 11419 2036 9644
9 149 11352 8773 148 9645
9 8773 11352 3164 11419 9646
9 1062 6411 11420 11421 9647
9 10958 978 10641 11337 9648
9 11337 10641 2291 11422 9649
9 8318 9983 11423 2204 9650
9 7744 1657 10406 9983 9651
9 9983 10406 2897 11423 9652
9 4223 11276 9497 1168 9653
9 11277 2036 11419 11276 9654
9 11276 11419 3164 9497 9655
9 11424 11310 3180 9703 9656
9 1037 5981 7972 10616 9657
9 5976 2248 7972 5981 9658
9 9143 10616 7972 2962 9659
9 6411 2353 6948 11420 9660
9 4759 1115 10319 6948 9661
9 6948 10319 2619 11420 9662
9 8040 1603 9219 11320 9663
9 7246 11320 9219 1974 9664
9 10139 945 4765 11425 9665
9 11310 11424 10471 1802 9666
9 9703 735 11020 11424 9667
9 11424 11020 3217 10471 9668
9 8925 1948 8723 11099 9669
9 6656 11776 11426 8723 9670
9 8723 11426 2604 11099 9671
9 11429 11427 1059 11428 9672
9 11044 548 11092 11043 9673
9 11043 11092 2909 1830 9674
9 11430 11431 3017 10044 9675
9 3600 763 11432 3601 9676
9 3601 11432 3006 11433 9677
9 1110 10242 11429 5381 9678
9 11427 11429 10242 2348 9679
9 11428 2607 5381 11429 9680
9 8166 1909 6184 11374 9681
9 11374 6184 683 10713 9682
9 10714 2823 11374 10713 9683
9 9061 9814 11434 1988 9684
9 3579 608 3733 9814 9685
9 9814 3733 2555 11434 9686
9 2029 11435 11386 11436 9687
9 5363 11386 11435 932 9688
9 9807 3089 11436 11386 9689
9 11437 11434 2555 9355 9690
9 5918 485 7205 6165 9691
9 8521 9889 7205 2088 9692
9 7205 9889 2844 6165 9693
9 1954 6731 11066 9249 9694
9 11065 11066 6731 580 9695
9 11063 2605 9249 11066 9696
9 1251 5894 11404 5964 9697
9 3827 11404 5894 1853 9698
9 11403 2854 5964 11404 9699
9 5416 5420 10849 1819 9700
9 5421 882 11438 5420 9701
9 5420 11438 3002 10849 9702
9 1868 11439 11440 11441 9703
9 2475 11003 10716 11442 9704
9 7957 10716 11003 1809 9705
9 10715 2930 11442 10716 9706
9 6936 6945 7034 1286 9707
9 6945 11443 3059 7034 9708
9 1320 7440 11444 8564 9709
9 9805 944 4640 9803 9710
9 4640 11445 2877 9803 9711
9 948 9836 9036 11159 9712
9 7265 9036 9836 2100 9713
9 11155 11159 9036 2669 9714
9 7440 2087 4097 11444 9715
9 11444 4097 966 11016 9716
9 8564 11444 11016 2471 9717
9 6471 1987 8250 8584 9718
9 8249 1427 9096 8250 9719
9 8250 9096 2639 8584 9720
9 4831 4830 9023 1877 9721
9 9486 9487 4830 818 9722
9 4830 9487 2780 9023 9723
9 11000 2718 11446 11388 9724
9 11388 11446 1284 8110 9725
9 11389 11388 8110 2770 9726
9 10508 10507 10551 1047 9727
9 10509 1824 11447 10507 9728
9 10507 11447 3154 10551 9729
9 3985 11133 6383 1194 9730
9 4711 10907 10912 1095 9731
9 10912 10907 2159 6550 9732
9 6254 2467 10912 6550 9733
9 5867 2064 4130 11006 9734
9 11006 4130 1124 8812 9735
9 8566 11006 8812 3148 9736
9 2214 11448 11449 11450 9737
9 11451 3895 1207 11091 9738
9 678 4755 11452 8055 9739
9 824 7543 8497 8048 9740
9 7545 1932 8497 7543 9741
9 6321 8048 8497 2881 9742
9 302 10681 11451 11185 9743
9 3895 11451 10681 2396 9744
9 11091 2835 11185 11451 9745
9 2473 3743 6887 11133 9746
9 6265 6887 3743 1038 9747
9 6383 11133 6887 2702 9748
9 4755 2463 3582 11452 9749
9 11452 3582 1132 11453 9750
9 8055 11452 11453 2572 9751
9 4079 10987 5845 1827 9752
9 10765 10764 11454 557 9753
9 10766 1863 7377 10764 9754
9 10764 7377 2843 11454 9755
9 11455 11172 2694 11456 9756
9 11457 11456 2694 11458 9757
9 656 6267 11459 11460 9758
9 2379 8695 8692 11461 9759
9 6481 1402 8692 8695 9760
9 11462 7529 1502 7212 9761
9 6267 2076 8415 11459 9762
9 11459 8415 1004 11463 9763
9 11460 11459 11463 2591 9764
9 4989 7307 6810 431 9765
9 6810 7307 2220 9314 9766
9 6793 6810 9314 2496 9767
9 755 7814 11462 4856 9768
9 7529 11462 7814 2765 9769
9 7212 3210 4856 11462 9770
9 11466 11464 2510 11465 9771
9 11431 11430 11447 1824 9772
9 10044 547 10439 11430 9773
9 11430 10439 3154 11447 9774
9 1042 9906 11277 6562 9775
9 8739 2036 11277 9906 9776
9 3808 6562 11277 2522 9777
9 8224 8223 8038 1847 9778
9 7262 801 11467 8223 9779
9 8223 11467 2939 8038 9780
9 10849 10848 11292 1819 9781
9 8480 512 4251 10848 9782
9 10848 4251 3175 11292 9783
9 1967 7366 11272 11250 9784
9 11273 11272 7366 1337 9785
9 11251 11250 11272 2784 9786
9 3433 3432 11402 1817 9787
9 3431 985 8753 3432 9788
9 3432 8753 3204 11402 9789
9 11394 444 9535 11395 9790
9 11395 9535 2229 11468 9791
9 11396 11395 11468 3229 9792
9 11469 11470 2751 5044 9793
9 10522 2182 11471 10523 9794
9 11471 9244 2387 10523 9795
9 6275 9030 11470 2631 9796
9 10290 2751 11470 9030 9797
9 555 9201 11472 4683 9798
9 8194 2200 11472 9201 9799
9 11466 971 10710 11464 9800
9 11464 10710 2135 11473 9801
9 10090 2129 10975 10301 9802
9 10301 10975 888 8530 9803
9 5204 2438 10301 8530 9804
9 2200 8335 10901 11472 9805
9 7778 10901 8335 1034 9806
9 4683 11472 10901 2553 9807
9 4432 2032 4602 7237 9808
9 7237 4602 1032 11474 9809
9 8443 10689 9852 841 9810
9 8863 9079 10221 817 9811
9 9080 1831 9981 9079 9812
9 9079 9981 3071 10221 9813
9 11475 9700 1144 10914 9814
9 8120 2800 11475 10914 9815
9 1956 9028 10112 11476 9816
9 8560 10112 9028 951 9817
9 4230 3062 11476 10112 9818
9 6629 9046 9313 664 9819
9 9700 11475 9046 2298 9820
9 9046 11475 2800 9313 9821
9 1066 11149 11477 3441 9822
9 1257 6626 9917 11478 9823
9 9916 9917 6626 3152 9824
9 4160 3207 11478 9917 9825
9 2453 11479 11480 8878 9826
9 11149 2388 3540 11477 9827
9 11477 3540 996 10892 9828
9 3441 11477 10892 2434 9829
9 2174 10742 11406 11481 9830
9 10743 854 11406 10742 9831
9 10257 2578 11481 11406 9832
9 11482 11483 3055 11235 9833
9 10275 10274 6881 492 9834
9 6881 10274 2125 11026 9835
9 10972 2970 6881 11026 9836
9 3451 3450 10602 1904 9837
9 10602 3450 517 6391 9838
9 10603 10602 6391 2786 9839
9 1965 9478 11484 11318 9840
9 6456 733 7263 11315 9841
9 11315 7263 1891 7116 9842
9 11316 11315 7116 2926 9843
9 947 5732 11485 11319 9844
9 9655 521 8781 9973 9845
9 8780 1837 8537 8781 9846
9 8781 8537 3066 9973 9847
9 11280 976 11080 11281 9848
9 11080 11486 2873 11281 9849
9 11487 11481 2578 7505 9850
9 6109 1857 8248 11488 9851
9 4670 744 9844 10941 9852
9 9844 11489 3012 10941 9853
9 11448 942 4421 11449 9854
9 11449 4421 2269 11490 9855
9 11450 11449 11490 3080 9856
9 3948 8115 8597 1371 9857
9 8597 8115 2185 10651 9858
9 8598 8597 10651 2896 9859
9 3176 11491 11492 11493 9860
9 932 11435 11494 10451 9861
9 598 9409 6802 11495 9862
9 6801 6802 9409 2567 9863
9 10447 10446 11497 1023 9864
9 10448 1993 11496 10446 9865
9 10446 11496 2799 11497 9866
9 1993 6342 11498 11496 9867
9 6125 6124 11499 2152 9868
9 4686 11057 6124 1244 9869
9 6124 11057 2740 11499 9870
9 928 9933 11500 2943 9871
9 9934 2256 11500 9933 9872
9 10685 2227 6028 11087 9873
9 11087 6028 606 11407 9874
9 10669 2710 11087 11407 9875
9 3902 3901 9808 1921 9876
9 10283 10531 3901 1072 9877
9 3901 10531 2760 9808 9878
9 6549 1852 7689 11207 9879
9 11208 11207 7689 973 9880
9 6310 6309 9833 1924 9881
9 5750 1268 11212 6309 9882
9 6309 11212 2782 9833 9883
9 8314 526 9731 8315 9884
9 8315 9731 3235 11501 9885
9 4021 6347 9538 504 9886
9 6346 1849 10664 6347 9887
9 6347 10664 3047 9538 9888
9 8367 1933 7899 8619 9889
9 8619 7899 789 10778 9890
9 7488 8619 10778 2736 9891
9 1228 6335 6643 7179 9892
9 6277 2054 6643 6335 9893
9 6494 2628 7179 6643 9894
9 11502 11297 2660 11180 9895
9 9875 442 7678 9880 9896
9 6249 2131 11503 7678 9897
9 7678 11503 2602 9880 9898
9 2188 9395 10153 11359 9899
9 5449 10153 9395 1577 9900
9 10979 11359 10153 3070 9901
9 8996 1833 4405 9523 9902
9 4404 474 8293 4405 9903
9 4405 8293 3221 9523 9904
9 10371 10370 11504 2163 9905
9 4805 447 10526 10370 9906
9 10370 10526 2942 11504 9907
9 10188 10423 8524 914 9908
9 5484 11162 10423 1841 9909
9 10423 11162 3134 8524 9910
9 1085 8779 11505 9578 9911
9 8248 1129 7908 11488 9912
9 7907 2163 11504 7908 9913
9 7908 11504 2942 11488 9914
9 8779 2219 6999 11505 9915
9 11505 6999 432 9813 9916
9 9578 11505 9813 2719 9917
9 2140 4422 11506 11222 9918
9 11507 9652 2460 10770 9919
9 5292 6512 10327 1943 9920
9 6513 984 7107 6512 9921
9 6512 7107 2737 10327 9922
9 344 9293 11346 10744 9923
9 7314 11346 9293 2116 9924
9 10031 2505 10744 11346 9925
9 4221 5127 11508 2382 9926
9 11508 5127 1098 9847 9927
9 10741 10740 11509 1118 9928
9 10740 11510 3051 11509 9929
9 8267 2047 10368 10953 9930
9 10953 10368 906 10433 9931
9 7300 10953 10433 2575 9932
9 10740 1889 7009 11510 9933
9 11297 11502 11511 1972 9934
9 11180 974 11389 11502 9935
9 11502 11389 2770 11511 9936
9 5566 11158 11513 952 9937
9 11097 2184 11512 11158 9938
9 11158 11512 3168 11513 9939
9 6267 6266 10788 2076 9940
9 4091 1239 9163 6266 9941
9 6266 9163 2989 10788 9942
9 10599 10793 11515 977 9943
9 10794 1972 11514 10793 9944
9 10793 11514 2769 11515 9945
9 10663 10662 7722 916 9946
9 6350 11189 10662 1849 9947
9 10662 11189 3136 7722 9948
9 9628 821 11516 10578 9949
9 10578 11516 2907 1977 9950
9 8946 552 7216 11517 9951
9 3559 6618 7274 1449 9952
9 7274 6618 2797 11518 9953
9 11440 11439 8012 963 9954
9 3601 11433 11439 1868 9955
9 11439 11433 3006 8012 9956
9 10193 11184 2954 11519 9957
9 1160 9403 11518 6824 9958
9 7274 11518 9403 1983 9959
9 6617 6824 11518 2797 9960
9 10193 2150 8811 11184 9961
9 4129 11184 8811 1124 9962
9 4714 6946 11520 2222 9963
9 6947 1175 8666 6946 9964
9 6946 8666 3000 11520 9965
9 11521 11520 3000 11522 9966
9 2591 11463 11344 11523 9967
9 10963 11344 11463 1004 9968
9 3379 1470 8748 9472 9969
9 9472 8748 2359 9582 9970
9 6297 9737 11465 2510 9971
9 11465 9737 1121 10086 9972
9 11466 11465 10086 2602 9973
9 6943 6942 8785 1874 9974
9 6547 486 4013 6942 9975
9 6942 4013 3015 8785 9976
9 11525 11044 2850 11524 9977
9 11172 11455 11526 1064 9978
9 11456 2135 10712 11455 9979
9 11455 10712 2848 11526 9980
9 5338 1485 9764 9287 9981
9 10968 9287 9764 3073 9982
9 5872 6402 7875 727 9983
9 6832 11360 6402 1864 9984
9 6402 11360 3077 7875 9985
9 11528 11460 2591 11527 9986
9 11456 11457 11473 2135 9987
9 11473 11457 578 6295 9988
9 11464 11473 6295 2510 9989
9 10605 2002 10280 10937 9990
9 10279 901 4921 10280 9991
9 10280 4921 2673 10937 9992
9 2291 5269 5656 11422 9993
9 3720 5656 5269 1204 9994
9 5754 5753 10256 898 9995
9 4645 2145 9837 5753 9996
9 5753 9837 2503 10256 9997
9 11527 11529 1389 6612 9998
9 11528 11527 6612 11851 9999
9 6003 6002 10802 828 10000
9 4326 1859 9741 6002 10001
9 6002 9741 3163 10802 10002
9 7357 788 5691 7773 10003
9 9114 8582 5691 2006 10004
9 5691 8582 2667 7773 10005
9 11329 2139 6213 11330 10006
9 11330 6213 439 11530 10007
9 10867 11330 11530 2512 10008
9 1151 9708 10485 4564 10009
9 3664 10485 9708 2107 10010
9 9957 2542 4564 10485 10011
9 11532 8338 1578 11531 10012
9 1302 10556 11533 7485 10013
9 10398 11072 11534 1920 10014
9 10947 428 10703 11072 10015
9 11072 10703 2876 11534 10016
9 11535 6771 459 11409 10017
9 11536 10769 1102 9352 10018
9 4350 3067 11536 9352 10019
9 1580 8509 11535 10362 10020
9 6771 11535 8509 2969 10021
9 11409 3242 10362 11535 10022
9 11537 10903 598 11495 10023
9 6802 2996 11537 11495 10024
9 10769 11536 11538 2828 10025
9 11538 11536 3067 4039 10026
9 3894 5505 11161 1207 10027
9 10903 11537 5505 2330 10028
9 5505 11537 2996 11161 10029
9 6386 10878 11539 1279 10030
9 8845 11163 10878 2077 10031
9 10878 11163 3115 11539 10032
9 1118 11509 9892 11540 10033
9 9890 9892 11509 3051 10034
9 11541 6209 1146 6880 10035
9 8787 11542 1141 11136 10036
9 6995 3157 8787 11136 10037
9 2101 7030 4540 11037 10038
9 7029 469 4540 7030 10039
9 10593 11037 4540 2560 10040
9 11544 10575 1328 11543 10041
9 613 6894 11544 10166 10042
9 10575 11544 6894 2343 10043
9 11543 2886 10166 11544 10044
9 6538 6708 10152 892 10045
9 6707 1875 10980 6708 10046
9 6708 10980 3070 10152 10047
9 3616 4343 9964 1882 10048
9 4342 836 9673 4343 10049
9 4343 9673 3038 9964 10050
9 6146 10985 7376 2364 10051
9 10039 1113 11545 10985 10052
9 10985 11545 2843 7376 10053
9 6022 1938 11084 8228 10054
9 11084 11546 2902 8228 10055
9 4394 4749 11377 826 10056
9 11377 4749 1992 11547 10057
9 7372 11377 11547 3114 10058
9 11548 10798 2460 9646 10059
9 3608 3609 8569 470 10060
9 3602 1868 11441 3609 10061
9 3609 11441 3135 8569 10062
9 597 10535 10838 7017 10063
9 7821 10838 10535 1862 10064
9 4106 7017 10838 3186 10065
9 9898 566 10170 9899 10066
9 9899 10170 1901 9810 10067
9 9887 9899 9810 2976 10068
9 11434 11437 9109 1988 10069
9 9355 961 7437 11437 10070
9 11437 7437 2713 9109 10071
9 11549 11550 3197 11551 10072
9 7064 9551 11552 2172 10073
9 4147 10455 9551 1601 10074
9 9551 10455 2955 11552 10075
9 7061 7060 10659 2201 10076
9 10659 7060 896 10243 10077
9 8407 10659 10243 2495 10078
9 8951 10004 11553 2377 10079
9 11553 10004 1136 4596 10080
9 10003 11554 1002 6904 10081
9 8490 10003 6904 2838 10082
9 5237 6460 11490 2269 10083
9 11490 6460 1253 3080 10084
9 696 10814 11532 11555 10085
9 8338 11532 10814 3065 10086
9 11531 3214 11555 11532 10087
9 2139 11329 11119 10000 10088
9 6938 11119 11329 943 10089
9 11118 2537 10000 11119 10090
9 10003 1946 11111 11554 10091
9 11554 11111 2921 11556 10092
9 9563 9565 11558 457 10093
9 9565 11557 3005 11558 10094
9 11559 6760 928 2943 10095
9 5491 5492 9695 679 10096
9 5492 11560 2564 9695 10097
9 11561 11241 2769 11514 10098
9 5492 2195 10977 11560 10099
9 10638 11150 10977 1009 10100
9 10977 11150 2564 11560 10101
9 9895 803 11562 9894 10102
9 9894 11562 3171 11563 10103
9 11564 7302 1310 5351 10104
9 11241 11561 8535 600 10105
9 11514 1972 11511 11561 10106
9 11561 11511 2770 8535 10107
9 3581 4294 11565 1132 10108
9 4293 2050 7360 4294 10109
9 4294 7360 2643 11565 10110
9 1133 8136 11564 7534 10111
9 7302 11564 8136 2432 10112
9 5351 2990 7534 11564 10113
9 3443 1153 7210 11563 10114
9 9894 11563 7210 2089 10115
9 2325 11566 11416 11567 10116
9 11415 2461 11567 11416 10117
9 5716 422 10374 10851 10118
9 10374 11568 2811 10851 10119
9 11520 11521 9580 2222 10120
9 11522 876 8705 11521 10121
9 11521 8705 2494 9580 10122
9 1049 10818 11569 8639 10123
9 4729 8639 11569 2525 10124
9 11570 11567 2461 11571 10125
9 10818 2419 10830 11569 10126
9 3445 1076 8332 10830 10127
9 10830 8332 2525 11569 10128
9 4765 2027 11345 11425 10129
9 11018 854 10743 11345 10130
9 11345 10743 2676 11425 10131
9 7416 1335 7584 10582 10132
9 10582 7584 2682 11572 10133
9 10583 10582 11572 2988 10134
9 11574 11573 1033 8065 10135
9 10412 10411 9381 990 10136
9 10408 1990 11177 10411 10137
9 10411 11177 2738 9381 10138
9 11575 9207 2988 11572 10139
9 11118 11120 10079 2537 10140
9 3830 9976 11120 591 10141
9 11120 9976 2819 10079 10142
9 11576 7556 2238 11574 10143
9 8377 2404 11024 10364 10144
9 10364 11024 627 8330 10145
9 6682 3016 10364 8330 10146
9 6908 10870 11210 908 10147
9 11210 10870 2284 11577 10148
9 11286 11285 11577 2284 10149
9 11577 11285 1075 10926 10150
9 11210 11577 10926 2516 10151
9 7950 11004 10553 1701 10152
9 10553 11004 2972 11578 10153
9 1150 6007 11236 10898 10154
9 11234 11236 6007 2908 10155
9 10899 10898 11236 3055 10156
9 6012 10116 9562 1944 10157
9 10116 11579 2910 9562 10158
9 11014 966 10780 11328 10159
9 10780 11580 3178 11328 10160
9 3308 3307 8637 907 10161
9 8637 3307 2124 8252 10162
9 5494 2586 8637 8252 10163
9 5782 11244 10966 1884 10164
9 8014 891 11078 11244 10165
9 11244 11078 3166 10966 10166
9 982 8761 11581 10396 10167
9 496 6189 10969 9797 10168
9 9429 10969 6189 1902 10169
9 9763 9797 10969 3073 10170
9 1209 10241 11387 11480 10171
9 11383 11387 10241 2704 10172
9 8878 11480 11387 2806 10173
9 6485 5666 11582 2155 10174
9 11582 5666 399 6874 10175
9 11583 11205 2155 11582 10176
9 6874 2663 11583 11582 10177
9 7627 7629 8772 1903 10178
9 7630 1041 11584 7629 10179
9 7629 11584 3129 8772 10180
9 2091 11187 10248 11585 10181
9 8730 10248 11187 570 10182
9 8603 3191 11585 10248 10183
9 3898 1155 8956 10123 10184
9 8547 2091 11585 8956 10185
9 8956 11585 3191 10123 10186
9 11235 1297 7194 11482 10187
9 11482 7194 2203 8758 10188
9 11483 11482 8758 2958 10189
9 11050 11408 10765 557 10190
9 5809 2625 10395 11408 10191
9 11408 10395 2791 10765 10192
9 4028 7343 7345 1474 10193
9 7345 7343 3124 11586 10194
9 874 10373 11587 11588 10195
9 9255 10035 6190 989 10196
9 10035 11589 2810 6190 10197
9 8659 8663 9125 1896 10198
9 8662 460 10206 8663 10199
9 8663 10206 3155 9125 10200
9 6348 10449 11590 831 10201
9 10448 1994 8913 10449 10202
9 10449 8913 2767 11590 10203
9 258 10015 10073 257 10204
9 8028 10673 10015 2007 10205
9 10015 10673 2748 10073 10206
9 4145 4144 11012 2123 10207
9 11012 4144 917 10595 10208
9 11013 11012 10595 2599 10209
9 1429 6557 11591 11592 10210
9 7079 618 3333 7080 10211
9 7080 3333 1898 9786 10212
9 5961 7080 9786 3147 10213
9 6247 6246 11593 2071 10214
9 173 11141 6246 172 10215
9 6246 11141 2925 11593 10216
9 9564 9570 9995 2119 10217
9 9570 11594 2656 9995 10218
9 11595 11596 3057 11597 10219
9 8405 8404 11503 2131 10220
9 8406 971 11466 8404 10221
9 8404 11466 2602 11503 10222
9 11097 11096 11599 2184 10223
9 7553 955 11598 11096 10224
9 11096 11598 3110 11599 10225
9 315 9783 10678 314 10226
9 9212 1982 11597 9783 10227
9 9783 11597 3057 10678 10228
9 11205 11583 11601 1028 10229
9 11601 11583 2663 11600 10230
9 7550 10705 4703 1070 10231
9 4703 10705 2464 11602 10232
9 1069 11167 11603 11604 10233
9 11602 11605 1117 10675 10234
9 4703 11602 10675 2635 10235
9 7628 8089 10637 1919 10236
9 6475 9575 8089 392 10237
9 8089 9575 3074 10637 10238
9 11261 11260 11206 1028 10239
9 11206 11260 2005 10403 10240
9 9469 11206 10403 2783 10241
9 8774 10096 6367 1907 10242
9 7424 10791 11372 2313 10243
9 4450 10919 10791 1177 10244
9 10791 10919 3119 11372 10245
9 11606 11607 3237 11608 10246
9 11196 11198 10428 2544 10247
9 10428 11198 1049 8640 10248
9 10326 10428 8640 2744 10249
9 396 8009 11609 6417 10250
9 10048 10138 9901 1947 10251
9 11554 11556 10138 1002 10252
9 10138 11556 2921 9901 10253
9 7454 2018 10859 7456 10254
9 9706 7456 10859 2905 10255
9 11611 8398 576 11610 10256
9 1195 10634 11611 11612 10257
9 8398 11611 10634 2158 10258
9 11610 3241 11612 11611 10259
9 3455 6519 11033 1274 10260
9 6518 1913 7539 6519 10261
9 6519 7539 3125 11033 10262
9 8051 10666 11613 2507 10263
9 9233 11251 10666 778 10264
9 10666 11251 2784 11613 10265
9 7505 7504 9693 1063 10266
9 6558 1935 4985 7504 10267
9 7504 4985 2982 9693 10268
9 7861 7863 11550 980 10269
9 7863 11614 3197 11550 10270
9 1918 9924 10973 11223 10271
9 7317 10973 9924 1169 10272
9 10126 3118 11223 10973 10273
9 10116 1006 10738 11579 10274
9 10737 1973 11615 10738 10275
9 10738 11615 2910 11579 10276
9 9109 2713 7434 9110 10277
9 9110 7434 468 10387 10278
9 9111 9110 10387 2940 10279
9 9778 9780 10632 391 10280
9 6696 6697 9780 2078 10281
9 9780 6697 2724 10632 10282
9 11617 10786 1071 11616 10283
9 6186 6187 11618 577 10284
9 10786 11617 6187 2300 10285
9 6187 11617 2665 11618 10286
9 8561 11619 1039 6313 10287
9 8562 8561 6313 2734 10288
9 8802 9252 5475 887 10289
9 9251 2138 9654 9252 10290
9 9252 9654 2831 5475 10291
9 6991 7104 8634 2561 10292
9 8634 7104 616 9411 10293
9 5784 2906 8634 9411 10294
9 8070 1941 9988 10944 10295
9 10944 9988 543 6965 10296
9 10945 10944 6965 3020 10297
9 8520 8522 11516 821 10298
9 8522 11620 2907 11516 10299
9 3366 644 9634 8935 10300
9 8935 9634 2223 11621 10301
9 8936 8935 11621 3042 10302
9 8975 8974 11214 1929 10303
9 8217 11124 8974 910 10304
9 8974 11124 3086 11214 10305
9 11623 11622 2417 9971 10306
9 1086 9286 11624 9187 10307
9 11626 11625 1141 11542 10308
9 8787 2802 11626 11542 10309
9 10477 11361 11615 1973 10310
9 6830 798 8053 11361 10311
9 11361 8053 2910 11615 10312
9 5640 861 7739 10895 10313
9 11625 11626 7739 2265 10314
9 7739 11626 2802 10895 10315
9 5599 9074 11376 2166 10316
9 3284 10324 9074 481 10317
9 9074 10324 2753 11376 10318
9 11067 2677 10501 11068 10319
9 11068 10501 609 6930 10320
9 11069 11068 6930 2872 10321
9 5648 5647 10158 1926 10322
9 9991 8106 5647 1217 10323
9 5647 8106 3156 10158 10324
9 11122 11121 8591 641 10325
9 11121 11627 2652 8591 10326
9 11075 11076 11524 2850 10327
9 711 8967 11628 10998 10328
9 9948 10998 11628 3028 10329
9 4677 525 11215 9822 10330
9 11629 8533 1382 8481 10331
9 7665 1353 8017 8044 10332
9 8044 8017 2519 10783 10333
9 1148 8725 11227 9516 10334
9 5860 11227 8725 1958 10335
9 11153 2985 9516 11227 10336
9 7509 7508 11631 393 10337
9 3590 2118 11630 7508 10338
9 7508 11630 3045 11631 10339
9 4527 9830 11630 2118 10340
9 7920 9777 9830 1106 10341
9 9830 9777 3045 11630 10342
9 6326 1279 11539 11126 10343
9 11126 11539 3115 11632 10344
9 882 8092 11629 11438 10345
9 8533 11629 8092 2480 10346
9 8481 3002 11438 11629 10347
9 4228 1212 7122 11331 10348
9 11331 7122 2852 11633 10349
9 8141 8140 11634 434 10350
9 10553 11578 8140 2442 10351
9 8140 11578 2972 11634 10352
9 11550 11549 8827 980 10353
9 8827 11549 2382 11508 10354
9 9847 2472 8827 11508 10355
9 1105 5507 11633 11104 10356
9 11331 11633 5507 2551 10357
9 11225 11104 11633 2852 10358
9 5950 942 11448 10571 10359
9 10571 11448 2214 10341 10360
9 4945 10571 10341 2597 10361
9 7092 7091 9728 2645 10362
9 9728 7091 1317 5962 10363
9 9729 9728 5962 3147 10364
9 11635 8965 3176 11493 10365
9 763 8536 9684 11432 10366
9 7659 9684 8536 2049 10367
9 8013 3006 11432 9684 10368
9 2750 6116 10724 11636 10369
9 3545 631 10724 6116 10370
9 2347 7469 11028 7538 10371
9 10240 11028 7469 920 10372
9 11027 3125 7538 11028 10373
9 7340 7817 10466 542 10374
9 7818 2031 11637 7817 10375
9 7817 11637 3239 10466 10376
9 4530 1304 3930 6224 10377
9 6224 3930 2750 11636 10378
9 10724 2892 6224 11636 10379
9 9041 2295 9309 11191 10380
9 3615 9539 9309 1472 10381
9 9309 9539 3047 11191 10382
9 4616 5424 7982 1258 10383
9 7982 5424 2308 7962 10384
9 7098 7982 7962 2745 10385
9 4047 713 4612 11638 10386
9 7916 1128 8242 8910 10387
9 8910 8242 2196 11639 10388
9 8911 8910 11639 3026 10389
9 6467 986 11397 10733 10390
9 11349 2260 11640 11397 10391
9 11397 11640 3107 10733 10392
9 6796 976 11280 11056 10393
9 11282 2051 11034 11280 10394
9 11280 11034 2789 11056 10395
9 5291 8984 11639 2196 10396
9 279 11326 8984 278 10397
9 8984 11326 3026 11639 10398
9 2197 9270 11217 11641 10399
9 10889 11217 9270 544 10400
9 11216 2937 11641 11217 10401
9 2191 7791 11588 8368 10402
9 7790 874 11588 7791 10403
9 9325 8368 11588 3146 10404
9 10298 843 7006 11199 10405
9 11199 7006 1934 10077 10406
9 10269 11199 10077 3137 10407
9 11415 11417 11643 2461 10408
9 11417 11642 2509 11643 10409
9 11644 10927 1075 8986 10410
9 6325 551 6561 6385 10411
9 6498 2290 11645 6561 10412
9 6561 11645 3203 6385 10413
9 1127 11646 11644 7418 10414
9 10927 11644 11646 2521 10415
9 8986 2641 7418 11644 10416
9 5556 5555 11647 2424 10417
9 3787 1230 10091 5555 10418
9 5555 10091 3052 11647 10419
9 9713 2424 11647 9952 10420
9 5704 9952 11647 3052 10421
9 11648 10620 2899 7788 10422
9 11649 9591 831 11590 10423
9 1065 11650 11649 8025 10424
9 9591 11649 11650 2121 10425
9 11590 2767 8025 11649 10426
9 11435 2029 5823 11494 10427
9 11494 5823 871 11651 10428
9 10451 11494 11651 2924 10429
9 11417 1079 11652 11642 10430
9 11642 11652 2610 11653 10431
9 8724 1948 8921 10938 10432
9 8923 1328 10576 8921 10433
9 8921 10576 3093 10938 10434
9 9901 9900 10491 1947 10435
9 19 11239 9900 18 10436
9 9900 11239 3092 10491 10437
9 5946 9021 4004 388 10438
9 9020 1956 11476 9021 10439
9 9021 11476 3062 4004 10440
9 11654 11357 1024 6925 10441
9 6421 3130 11654 6925 10442
9 3932 681 8737 11632 10443
9 11126 11632 8737 2523 10444
9 4612 1931 6563 11638 10445
9 6564 1051 10435 6563 10446
9 6563 10435 3236 11638 10447
9 3685 1116 11105 11655 10448
9 8516 2127 4872 8517 10449
9 8517 4872 936 10945 10450
9 6407 8517 10945 3020 10451
9 11105 2063 11179 11655 10452
9 6367 10096 11179 579 10453
9 11179 10096 3183 11655 10454
9 6378 1940 9636 6379 10455
9 6379 9636 3153 11656 10456
9 11658 4267 2842 11657 10457
9 3722 3741 11657 2842 10458
9 11657 3741 407 8457 10459
9 11658 11657 8457 2935 10460
9 1021 11317 7865 7848 10461
9 10877 2697 7865 11317 10462
9 7794 2917 7848 7865 10463
9 7906 10441 10909 1716 10464
9 7417 2239 11659 10441 10465
9 10441 11659 2916 10909 10466
9 7216 2299 11418 11517 10467
9 9380 9507 11418 990 10468
9 11418 9507 2558 11517 10469
9 676 7981 10565 6479 10470
9 8519 10565 7981 2137 10471
9 10564 2920 6479 10565 10472
9 9794 9793 9008 1949 10473
9 337 338 10110 9793 10474
9 9793 10110 3132 9008 10475
9 4640 2021 11660 11445 10476
9 11660 6921 2877 11445 10477
9 4581 434 11634 4725 10478
9 4725 11634 2972 11661 10479
9 8604 9208 11662 2533 10480
9 11662 9208 952 11513 10481
9 7950 1045 8844 11004 10482
9 4725 11661 8844 2023 10483
9 8844 11661 2972 11004 10484
9 2341 11663 11664 11665 10485
9 8546 11192 11667 1007 10486
9 10806 2474 11666 11192 10487
9 11192 11666 2933 11667 10488
9 8950 8949 10026 611 10489
9 8949 11668 2901 10026 10490
9 11033 11032 4012 1274 10491
9 11027 2170 8786 11032 10492
9 11032 8786 3015 4012 10493
9 9482 3140 11669 9483 10494
9 9483 11669 1118 11540 10495
9 9892 3211 9483 11540 10496
9 10147 2708 5065 10148 10497
9 3962 1195 11612 5065 10498
9 5065 11612 3241 10148 10499
9 2423 10723 4492 11670 10500
9 3544 4492 10723 631 10501
9 4491 3048 11670 4492 10502
9 11606 11608 11671 2928 10503
9 11671 11608 3237 11672 10504
9 11674 8149 2025 11673 10505
9 7366 1967 10999 7367 10506
9 7367 10999 3096 11675 10507
9 11676 11565 2643 11677 10508
9 8919 8918 11673 2025 10509
9 11673 8918 630 8454 10510
9 11674 11673 8454 2975 10511
9 11678 9004 2197 11641 10512
9 11679 7728 1325 7022 10513
9 10981 2329 10133 11264 10514
9 11264 10133 1029 3909 10515
9 9060 11264 3909 2568 10516
9 1093 6997 11679 6370 10517
9 7728 11679 6997 2285 10518
9 7022 2793 6370 11679 10519
9 6686 8915 10660 1495 10520
9 10660 8915 2051 11282 10521
9 10661 10660 11282 2873 10522
9 7556 11576 10855 508 10523
9 11574 2573 11677 11576 10524
9 11576 11677 2643 10855 10525
9 3308 907 8813 4163 10526
9 4163 8813 2640 11680 10527
9 11182 11181 11681 2153 10528
9 11183 1056 11114 11181 10529
9 11181 11114 2839 11681 10530
9 7027 8920 5684 1307 10531
9 8919 2025 11268 8920 10532
9 8920 11268 2904 5684 10533
9 252 253 8243 11279 10534
9 6755 2153 11681 8243 10535
9 8243 11681 2839 11279 10536
9 93 94 8026 11350 10537
9 6081 2115 8184 8026 10538
9 8026 8184 3188 11350 10539
9 7653 2250 6911 10141 10540
9 10141 6911 1026 11165 10541
9 10142 10141 11165 2934 10542
9 11682 10012 1069 11604 10543
9 11603 2610 11682 11604 10544
9 11664 11683 2377 11553 10545
9 4596 2832 11664 11553 10546
9 484 9577 11684 10646 10547
9 2218 4885 10875 11035 10548
9 3512 10875 4885 1179 10549
9 10623 2658 11035 10875 10550
9 8761 2133 11065 11581 10551
9 11581 11065 580 9256 10552
9 10396 11581 9256 2733 10553
9 8286 2001 8477 10585 10554
9 8476 669 9481 8477 10555
9 8477 9481 2999 10585 10556
9 963 10061 9908 11440 10557
9 9184 9908 10061 2114 10558
9 11441 11440 9908 3135 10559
9 5848 1087 11685 10618 10560
9 10618 11685 3034 11686 10561
9 11687 11474 1032 10720 10562
9 8059 8060 9193 983 10563
9 9760 2882 9193 8060 10564
9 4257 7238 10624 1634 10565
9 10624 7238 11474 11687 10566
9 10720 3076 10624 11687 10567
9 6289 479 4881 6290 10568
9 6290 4881 2885 11688 10569
9 4465 1061 11689 9165 10570
9 11689 11690 3109 9165 10571
9 6290 11688 11691 2111 10572
9 1067 11595 10224 11061 10573
9 11597 1982 10224 11595 10574
9 9384 3078 11061 10224 10575
9 1154 10055 10360 9680 10576
9 10359 10360 10055 2491 10577
9 9669 9680 10360 2922 10578
9 2663 5570 11248 11600 10579
9 4842 11248 5570 1172 10580
9 11247 2755 11600 11248 10581
9 11265 11270 11693 2405 10582
9 11693 11270 1264 11692 10583
9 940 9601 11693 11694 10584
9 5108 2405 11693 9601 10585
9 997 9862 11695 11335 10586
9 9491 10860 11696 2375 10587
9 11696 10860 3107 11697 10588
9 10447 1023 11571 10810 10589
9 10810 11571 2461 11643 10590
9 10811 10810 11643 2509 10591
9 11698 6034 1161 8107 10592
9 9859 2521 11646 10429 10593
9 10429 11646 1127 11699 10594
9 1087 11370 10521 11685 10595
9 11368 2003 10521 11370 10596
9 8432 3034 11685 10521 10597
9 10082 10081 10425 774 10598
9 10083 2152 11499 10081 10599
9 10081 11499 2740 10425 10600
9 5242 6555 9279 827 10601
9 5815 2031 7818 6555 10602
9 6555 7818 2948 9279 10603
9 5653 5658 7074 2207 10604
9 11457 11458 5658 578 10605
9 5658 11458 2694 7074 10606
9 8372 11405 9248 825 10607
9 9844 2289 11226 11489 10608
9 4707 1109 3529 11226 10609
9 11226 3529 3012 11489 10610
9 2958 11095 11700 11483 10611
9 6316 636 11700 11095 10612
9 568 9412 11701 11702 10613
9 9412 2315 10581 11701 10614
9 11701 10581 1103 7636 10615
9 11702 11701 7636 2860 10616
9 11703 5243 1422 11672 10617
9 465 7624 11703 11704 10618
9 5243 11703 7624 2798 10619
9 11672 3237 11704 11703 10620
9 11642 11653 10815 2509 10621
9 4295 423 5786 6931 10622
9 5785 2172 11552 5786 10623
9 5786 11552 2955 6931 10624
9 10798 11548 11621 2223 10625
9 9646 930 11705 11548 10626
9 11548 11705 3042 11621 10627
9 8967 2011 7666 11628 10628
9 7666 11333 3028 11628 10629
9 875 6198 11706 11707 10630
9 6557 3111 11708 11591 10631
9 11591 11708 1174 11171 10632
9 11592 11591 11171 3219 10633
9 6198 3117 10033 11706 10634
9 11706 10033 1558 3611 10635
9 11707 11706 3611 3202 10636
9 11709 10839 1007 11667 10637
9 1300 5904 11325 5644 10638
9 5903 2178 11325 5904 10639
9 10856 3190 5644 11325 10640
9 11167 2512 11530 11603 10641
9 10815 11653 11530 439 10642
9 11530 11653 2610 11603 10643
9 1099 11710 11711 10635 10644
9 11710 2342 3766 11711 10645
9 11711 3766 406 8351 10646
9 10635 11711 8351 2812 10647
9 5560 761 9202 6294 10648
9 6294 9202 3213 11712 10649
9 3907 1426 8832 9044 10650
9 9852 10689 8832 2286 10651
9 8832 10689 2647 9044 10652
9 5748 1215 5862 11712 10653
9 6294 11712 5862 2316 10654
9 11303 11304 11547 1992 10655
9 11547 11304 965 6223 10656
9 5583 3114 11547 6223 10657
9 5730 1060 8528 10494 10658
9 4486 2429 10906 8528 10659
9 8528 10906 2884 10494 10660
9 11363 11366 10691 2272 10661
9 11348 987 5022 11366 10662
9 11366 5022 2657 10691 10663
9 6661 11261 11713 2352 10664
9 11713 11261 1028 11601 10665
9 11600 2755 11713 11601 10666
9 10186 1995 6883 11109 10667
9 3466 3662 6883 1289 10668
9 6883 3662 3121 11109 10669
9 9118 2102 8298 10775 10670
9 10775 8298 480 9676 10671
9 9743 10775 9676 2865 10672
9 6921 11660 10292 850 10673
9 7604 10019 11660 2021 10674
9 11660 10019 3032 10292 10675
9 11714 10135 648 7750 10676
9 7751 2680 11714 7750 10677
9 8906 10036 11715 1202 10678
9 10037 10135 11714 10036 10679
9 10036 11714 2680 11715 10680
9 7819 9388 9369 1479 10681
9 6525 2932 9369 9388 10682
9 4317 1556 10109 10108 10683
9 10108 10109 2592 11716 10684
9 11370 1087 5849 11371 10685
9 5847 2071 11593 5849 10686
9 5849 11593 2925 11371 10687
9 8522 2088 7209 11620 10688
9 3442 4643 7209 1153 10689
9 7209 4643 2907 11620 10690
9 647 10671 11392 5764 10691
9 3971 11392 10671 2090 10692
9 4966 5764 11392 2908 10693
9 1198 10278 11154 10481 10694
9 9931 11154 10278 2661 10695
9 9839 3169 10481 11154 10696
9 11717 7732 650 5747 10697
9 1141 11625 11717 11718 10698
9 7732 11717 11625 2265 10699
9 5747 3068 11718 11717 10700
9 11719 10957 459 10321 10701
9 2062 7460 6882 10971 10702
9 4718 6882 7460 1288 10703
9 6881 2970 10971 6882 10704
9 5845 10987 8572 900 10705
9 8572 10987 3018 11720 10706
9 9791 2346 10306 11089 10707
9 10193 11519 10306 437 10708
9 10306 11519 2954 11089 10709
9 9570 1044 11721 11594 10710
9 11721 11722 2656 11594 10711
9 7563 9586 9510 1481 10712
9 8572 11720 9586 2534 10713
9 9586 11720 3018 9510 10714
9 119 120 9872 11353 10715
9 11353 9872 2420 7078 10716
9 9751 11353 7078 3226 10717
9 2646 10590 10503 11723 10718
9 7380 10503 10590 1640 10719
9 10502 3228 11723 10503 10720
9 5802 2029 11436 5803 10721
9 5879 5803 11436 3089 10722
9 5488 11147 11403 553 10723
9 8764 9324 11147 2180 10724
9 11147 9324 2854 11403 10725
9 2256 9235 11525 11500 10726
9 11044 11525 9235 548 10727
9 11524 2943 11500 11525 10728
9 7630 10800 11724 1041 10729
9 10799 2280 9827 10800 10730
9 10800 9827 3050 11724 10731
9 4815 1218 6373 4816 10732
9 4163 11680 6373 2361 10733
9 6373 11680 2640 4816 10734
9 11726 11725 1064 11526 10735
9 2619 10307 11008 11727 10736
9 9898 11008 10307 566 10737
9 10698 2825 11727 11008 10738
9 9565 2119 9994 11557 10739
9 5672 10310 9994 946 10740
9 9994 10310 3005 11557 10741
9 1117 11605 11301 11139 10742
9 11602 2464 11301 11605 10743
9 11013 2599 11139 11301 10744
9 3503 5549 7558 1338 10745
9 7558 5549 3120 11728 10746
9 8204 794 6951 8721 10747
9 7558 11728 6951 2327 10748
9 6951 11728 3120 8721 10749
9 11480 11479 4491 1209 10750
9 10739 11729 11479 2453 10751
9 11479 11729 3048 4491 10752
9 7402 1039 11619 10104 10753
9 8561 2527 9398 11619 10754
9 11619 9398 3095 10104 10755
9 2484 8687 11064 11730 10756
9 267 11064 8687 266 10757
9 9548 2774 11730 11064 10758
9 1233 9113 11731 11131 10759
9 8189 2549 11731 9113 10760
9 2549 7740 10487 11731 10761
9 7650 10487 7740 1327 10762
9 11131 11731 10487 3173 10763
9 7665 7667 5610 1353 10764
9 8966 10498 7667 2011 10765
9 7667 10498 3187 5610 10766
9 5979 457 11558 9886 10767
9 9886 11558 3005 11732 10768
9 5164 1397 10422 8649 10769
9 8649 10422 3141 11733 10770
9 6015 10846 10212 1221 10771
9 8649 11733 10846 2415 10772
9 10846 11733 3141 10212 10773
9 4600 11663 2341 11070 10774
9 10542 2672 4600 11070 10775
9 3477 1409 7449 8652 10776
9 8652 7449 2258 11734 10777
9 4174 8652 11734 3021 10778
9 9697 11393 3995 2225 10779
9 11617 11616 11735 2665 10780
9 11735 11616 1071 7350 10781
9 1180 11736 11735 5780 10782
9 7350 2722 5780 11735 10783
9 2572 11453 11676 11737 10784
9 11565 11676 11453 1132 10785
9 11677 2573 11737 11676 10786
9 5238 1314 7945 7108 10787
9 9248 11405 7945 2156 10788
9 7945 11405 2874 7108 10789
9 8056 2572 11737 8065 10790
9 11574 8065 11737 2573 10791
9 10436 11062 6400 1084 10792
9 11063 2133 8762 11062 10793
9 11062 8762 2906 6400 10794
9 10535 597 9800 10536 10795
9 9801 2383 9809 9800 10796
9 9800 9809 2760 10536 10797
9 11415 11414 11722 11290 10798
9 11722 11414 589 11623 10799
9 9971 2656 11722 11623 10800
9 2110 8235 11738 6886 10801
9 6299 1003 11738 8235 10802
9 1055 10882 10701 6863 10803
9 10883 2251 10701 10882 10804
9 10014 2763 6863 10701 10805
9 9122 9121 10761 2301 10806
9 10761 9121 1443 11491 10807
9 8964 10761 11491 3176 10808
9 11739 4785 685 8851 10809
9 3261 410 11740 4268 10810
9 4268 11740 3139 11741 10811
9 11742 10730 3083 10010 10812
9 10204 10203 11705 930 10813
9 10203 11743 3042 11705 10814
9 3508 6554 10528 1359 10815
9 4268 11741 6554 2790 10816
9 6554 11741 3139 10528 10817
9 1059 11427 11739 6324 10818
9 4785 11739 11427 2348 10819
9 8851 2703 6324 11739 10820
9 6852 923 7661 11716 10821
9 10108 11716 7661 2520 10822
9 2111 11691 11674 6496 10823
9 8149 11674 11691 1043 10824
9 5630 6496 11674 2975 10825
9 10717 2112 9563 10718 10826
9 10718 9563 457 5980 10827
9 4994 10718 5980 2977 10828
9 4427 5186 5101 1262 10829
9 5101 5186 2324 9509 10830
9 5094 5101 9509 2973 10831
9 7166 1920 11534 11294 10832
9 11294 11534 2876 11744 10833
9 9264 9263 11745 2479 10834
9 8617 1396 8389 9263 10835
9 9263 8389 2705 11745 10836
9 5230 515 9687 10939 10837
9 9686 2479 11745 9687 10838
9 9687 11745 2705 10939 10839
9 824 8048 9484 10268 10840
9 6321 2037 9484 8048 10841
9 9891 10268 9484 3211 10842
9 5815 5814 11637 2031 10843
9 5813 993 5899 5814 10844
9 5814 5899 3239 11637 10845
9 3378 9176 9480 1470 10846
9 10586 2999 9480 9176 10847
9 11121 2436 9043 11627 10848
9 9042 1014 10223 9043 10849
9 9043 10223 2652 11627 10850
9 9610 9613 11296 2385 10851
9 11296 9613 999 9328 10852
9 11067 11296 9328 2677 10853
9 5990 919 9090 10682 10854
9 9076 2475 11442 9090 10855
9 9090 11442 2930 10682 10856
9 10668 10667 11652 1079 10857
9 10012 11682 10667 2515 10858
9 10667 11682 2610 11652 10859
9 5732 2148 7191 11485 10860
9 11485 7191 692 10366 10861
9 11319 11485 10366 2944 10862
9 11195 11201 5147 2136 10863
9 5768 10546 11201 995 10864
9 11201 10546 2963 5147 10865
9 5169 11127 10656 425 10866
9 9286 2497 10093 11624 10867
9 11624 10093 1064 11725 10868
9 9187 11624 11725 2632 10869
9 1008 6523 11541 5255 10870
9 6209 11541 6523 2466 10871
9 6880 2651 5255 11541 10872
9 10008 2403 4541 11369 10873
9 7682 9432 4541 1054 10874
9 4541 9432 2691 11369 10875
9 7009 554 10708 11510 10876
9 10704 2106 9890 10708 10877
9 10708 9890 3051 11510 10878
9 5662 5844 10218 2044 10879
9 6332 8700 5844 389 10880
9 5844 8700 3230 10218 10881
9 11595 1067 9935 11596 10882
9 9934 2108 11237 9935 10883
9 9935 11237 3057 11596 10884
9 410 10264 8622 11740 10885
9 7824 8622 10264 2603 10886
9 8621 3139 11740 8622 10887
9 1459 8222 11746 8384 10888
9 8222 2421 7457 11746 10889
9 11746 7457 1241 10650 10890
9 8384 11746 10650 3231 10891
9 4829 8403 11385 818 10892
9 11385 8403 2204 11423 10893
9 11384 11385 11423 2897 10894
9 6464 8104 9776 1505 10895
9 7090 2485 11747 8104 10896
9 8104 11747 3045 9776 10897
9 10374 2271 7067 11568 10898
9 3942 1285 6989 7067 10899
9 7067 6989 2811 11568 10900
9 4453 2066 8849 11313 10901
9 8850 913 11748 8849 10902
9 8849 11748 3247 11313 10903
9 11722 11721 11291 11290 10904
9 11291 11721 1044 11088 10905
9 10668 11291 11088 2710 10906
9 8405 8414 11749 2559 10907
9 4259 6655 8414 1296 10908
9 8414 6655 2912 11749 10909
9 11750 8588 655 9247 10910
9 2309 3607 10767 10699 10911
9 9339 10767 3607 1058 10912
9 10394 10699 10767 2791 10913
9 2140 11221 11751 9506 10914
9 7305 9506 11751 3081 10915
9 8612 2055 6580 11752 10916
9 3437 1315 7462 11293 10917
9 9861 11293 7462 2193 10918
9 8439 707 10288 9868 10919
9 10288 11753 2818 9868 10920
9 9720 5911 11598 955 10921
9 11598 5911 2634 11754 10922
9 7980 2057 8833 11001 10923
9 5856 5855 10797 8833 10924
9 8833 10797 3234 11001 10925
9 10010 1120 11412 11742 10926
9 11742 11412 2584 11755 10927
9 10730 11742 11755 2716 10928
9 11756 10994 432 7000 10929
9 7320 9982 11755 2584 10930
9 218 11197 9982 217 10931
9 9982 11197 2716 11755 10932
9 10288 2293 11757 11753 10933
9 11757 10162 2818 11753 10934
9 5567 1494 9719 9717 10935
9 9717 9719 2894 11758 10936
9 1284 11446 11756 11759 10937
9 10994 11756 11446 2718 10938
9 7000 3044 11759 11756 10939
9 6855 762 10299 11249 10940
9 11249 10299 2352 11713 10941
9 11247 11249 11713 2755 10942
9 624 8759 11338 5761 10943
9 4984 2168 11338 8759 10944
9 11337 11422 5761 11338 10945
9 8472 2073 9854 8670 10946
9 8670 9854 193 10534 10947
9 6981 8670 10534 3159 10948
9 386 7988 11760 10393 10949
9 10035 2296 9691 11589 10950
9 5696 6902 9691 689 10951
9 9691 6902 2810 11589 10952
9 6403 6405 9103 1277 10953
9 9103 6405 2326 10219 10954
9 8699 9103 10219 3230 10955
9 7988 2242 6410 11760 10956
9 11760 6410 1062 11093 10957
9 10393 11760 11093 2883 10958
9 11650 11761 3149 11762 10959
9 11763 11543 1328 8923 10960
9 11567 11570 10611 2325 10961
9 11571 1023 11497 11570 10962
9 11570 11497 2799 10611 10963
9 1089 10169 11763 7686 10964
9 11543 11763 10169 2886 10965
9 8923 3023 7686 11763 10966
9 652 10071 11258 4270 10967
9 3543 11258 10071 2232 10968
9 10464 2893 4270 11258 10969
9 10373 2098 5765 11587 10970
9 11587 5765 968 9678 10971
9 11588 11587 9678 3146 10972
9 6871 9556 9950 701 10973
9 11650 11762 9556 2121 10974
9 9556 11762 3149 9950 10975
9 3877 458 4502 5309 10976
9 7345 11586 4502 2104 10977
9 4502 11586 3124 5309 10978
9 4369 10726 3094 11764 10979
9 3782 4248 6710 1374 10980
9 4369 11764 4248 2913 10981
9 4248 11764 3094 6710 10982
9 11481 11487 11765 2174 10983
9 7505 1063 10443 11487 10984
9 11487 10443 3014 11765 10985
9 2587 6816 11375 11766 10986
9 8166 11375 6816 924 10987
9 11767 11599 3110 10334 10988
9 4039 1434 8182 11538 10989
9 6976 2335 11768 8182 10990
9 8182 11768 2828 11538 10991
9 2335 7710 11507 11768 10992
9 9652 11507 7710 436 10993
9 10770 2828 11768 11507 10994
9 9541 590 11176 9540 10995
9 9540 11176 2692 11769 10996
9 2179 10508 11115 9929 10997
9 5889 11115 10508 1047 10998
9 5698 2994 9929 11115 10999
9 4792 5760 6640 404 11000
9 8979 3025 6640 5760 11001
9 10473 10474 10488 1641 11002
9 9540 11769 10474 2498 11003
9 10474 11769 2692 10488 11004
9 7683 11278 11312 859 11005
9 10762 2146 9300 11278 11006
9 11278 9300 3058 11312 11007
9 5607 11023 11224 435 11008
9 11019 2362 10253 11023 11009
9 11023 10253 2782 11224 11010
9 2819 9975 9951 11770 11011
9 6598 9951 9975 1528 11012
9 11772 10540 1092 11771 11013
9 6588 2174 11765 6589 11014
9 7467 6589 11765 3014 11015
9 1094 7382 11772 11381 11016
9 10540 11772 7382 2622 11017
9 11771 2626 11381 11772 11018
9 2538 7766 11678 11773 11019
9 9004 11678 7766 938 11020
9 11641 2937 11773 11678 11021
9 3254 875 11707 10293 11022
9 10293 11707 3202 11774 11023
9 10162 11757 3387 1163 11024
9 10293 11774 11757 2293 11025
9 11757 11774 3202 3387 11026
9 10583 11134 11659 2239 11027
9 8847 592 10533 11134 11028
9 11134 10533 2916 11659 11029
9 10461 10524 10392 2173 11030
9 8278 562 11086 10524 11031
9 10524 11086 3029 10392 11032
9 11775 10760 2946 9128 11033
9 4482 10652 9301 2264 11034
9 159 160 10128 10652 11035
9 10652 10128 2895 9301 11036
9 10636 10430 10940 2273 11037
9 10940 10430 2888 11776 11038
9 10834 10833 11343 2189 11039
9 11343 10833 446 10440 11040
9 11344 11343 10440 3010 11041
9 11777 7753 1139 11069 11042
9 1202 11715 11777 6927 11043
9 7753 11777 11715 2680 11044
9 11069 2872 6927 11777 11045
9 1003 9573 8303 11738 11046
9 9550 2199 8303 9573 11047
9 6886 11738 8303 2995 11048
9 11778 9460 1462 9465 11049
9 465 11779 11665 4781 11050
9 11664 2832 4781 11665 11051
9 11470 11469 11780 2631 11052
9 5044 1259 8514 11469 11053
9 11469 8514 2644 11780 11054
9 9478 395 6746 11484 11055
9 11484 6746 2631 11780 11056
9 11318 11484 11780 2644 11057
9 3870 2334 8814 11781 11058
9 6398 651 6843 8814 11059
9 8814 6843 2980 11781 11060
9 1180 11356 11782 11736 11061
9 11735 11736 11782 2665 11062
9 11356 2611 11783 11782 11063
9 11783 11618 2665 11782 11064
9 531 10187 11778 9998 11065
9 9460 11778 10187 2627 11066
9 9465 2633 9998 11778 11067
9 11050 557 11454 11051 11068
9 11051 11454 2843 11784 11069
9 4734 4733 11545 1113 11070
9 11051 11784 4733 2482 11071
9 4733 11784 2843 11545 11072
9 10866 2331 11308 11288 11073
9 10887 568 11702 11308 11074
9 11308 11702 2860 11288 11075
9 8315 11501 7313 2103 11076
9 6499 934 7820 9297 11077
9 7796 2447 10745 7820 11078
9 7820 10745 2742 9297 11079
9 593 6236 11785 11786 11080
9 6236 3009 6827 11785 11081
9 11785 6827 1431 10929 11082
9 11786 11785 10929 3189 11083
9 8361 893 4279 8362 11084
9 8362 4279 2394 11787 11085
9 6678 7142 11787 2394 11086
9 11787 7142 1174 11708 11087
9 8362 11787 11708 3111 11088
9 6244 1407 7234 8292 11089
9 7233 2283 9524 7234 11090
9 7234 9524 3221 8292 11091
9 9577 2212 5728 11684 11092
9 11684 5728 998 6750 11093
9 10646 11684 6750 3001 11094
9 5478 5477 9701 2210 11095
9 9701 5477 1271 11788 11096
9 9702 9701 11788 3007 11097
9 1302 10984 11789 10557 11098
9 636 11790 10899 11700 11099
9 10897 10899 11790 2992 11100
9 11483 11700 10899 3055 11101
9 801 9430 11791 11467 11102
9 10556 2517 7049 11533 11103
9 11533 7049 979 7934 11104
9 7485 11533 7934 2711 11105
9 9430 2556 4953 11791 11106
9 11791 4953 1177 10792 11107
9 11467 11791 10792 2939 11108
9 3322 8251 8431 665 11109
9 8251 11686 3034 8431 11110
9 3595 2342 11710 10853 11111
9 10853 11710 1099 4261 11112
9 10854 10853 4261 2867 11113
9 4942 2275 10401 10617 11114
9 10021 909 9670 10401 11115
9 10401 9670 2922 10617 11116
9 5139 2831 9885 11792 11117
9 11084 562 8279 11546 11118
9 7802 6822 8279 2306 11119
9 8279 6822 2902 11546 11120
9 8882 8897 8665 1419 11121
9 8897 11793 3000 8665 11122
9 9454 11160 2465 9496 11123
9 8842 2757 9454 9496 11124
9 6703 1033 11573 10982 11125
9 11574 2238 7329 11573 11126
9 11573 7329 3113 10982 11127
9 11795 9568 1081 11794 11128
9 636 8027 11795 11790 11129
9 9568 11795 8027 2268 11130
9 11794 2992 11790 11795 11131
9 11796 7007 843 10555 11132
9 1091 5654 11796 8198 11133
9 7007 11796 5654 2207 11134
9 10555 3145 8198 11796 11135
9 9752 9877 11797 2340 11136
9 6533 8860 9877 1432 11137
9 9877 8860 2965 11797 11138
9 6379 11656 11692 1264 11139
9 11692 11656 3153 11396 11140
9 11693 11692 11396 3229 11141
9 6755 6754 11182 2153 11142
9 8207 9714 6754 1395 11143
9 6754 9714 3167 11182 11144
9 8807 956 9725 9452 11145
9 10648 10165 9725 2476 11146
9 9725 10165 3220 9452 11147
9 6161 9823 9543 1048 11148
9 6876 2484 11730 9823 11149
9 9823 11730 2774 9543 11150
9 11080 2363 8447 11486 11151
9 11486 8447 668 10665 11152
9 10661 2873 11486 10665 11153
9 2375 11696 11798 11799 11154
9 11697 603 11798 11696 11155
9 5395 11800 3082 11801 11156
9 11803 11025 2323 11802 11157
9 7258 9458 9443 1469 11158
9 9457 2422 11804 9458 11159
9 9458 11804 2837 9443 11160
9 5304 10467 11651 871 11161
9 10467 2416 2924 11651 11162
9 11805 4756 1243 5233 11163
9 1097 10365 11806 9661 11164
9 10365 3016 6681 11806 11165
9 11806 6681 1387 9115 11166
9 9661 11806 9115 3108 11167
9 10426 10942 11807 2141 11168
9 10943 1088 9624 10942 11169
9 10942 9624 3249 11807 11170
9 10620 11648 11804 2422 11171
9 7788 1077 5973 11648 11172
9 11648 5973 2837 11804 11173
9 977 11515 11808 11809 11174
9 11810 11724 3050 11275 11175
9 9135 9134 9598 484 11176
9 9131 2141 11807 9134 11177
9 9134 11807 3249 9598 11178
9 505 8717 11450 7719 11179
9 8718 2214 11450 8717 11180
9 7471 7719 11450 3080 11181
9 10782 569 9816 10783 11182
9 8044 10783 9816 2759 11183
9 3986 5122 11811 1188 11184
9 11811 5122 3036 11209 11185
9 6068 6709 8496 2373 11186
9 4194 1158 6322 6709 11187
9 6709 6322 2881 8496 11188
9 615 4336 10880 4263 11189
9 10320 10880 4336 2723 11190
9 10854 2867 4263 10880 11191
9 9189 2539 9531 9635 11192
9 7879 444 11394 9531 11193
9 9531 11394 3153 9635 11194
9 1060 5417 11698 8529 11195
9 6034 11698 5417 2576 11196
9 8107 2729 8529 11698 11197
9 9244 11471 10820 885 11198
9 10820 11471 2182 10339 11199
9 9916 3152 10820 10339 11200
9 5908 6427 11734 2258 11201
9 3474 5333 6427 739 11202
9 6427 5333 3021 11734 11203
9 9862 2193 7461 11695 11204
9 11695 7461 638 7465 11205
9 11335 11695 7465 3150 11206
9 3594 2507 11613 4115 11207
9 11274 4115 11613 2784 11208
9 11416 11566 11813 589 11209
9 11566 11812 3059 11813 11210
9 11566 2325 10610 11812 11211
9 10612 10726 7035 10610 11212
9 10610 7035 3059 11812 11213
9 11221 1074 10539 11751 11214
9 10539 11814 3081 11751 11215
9 1073 9985 7923 11390 11216
9 7922 7923 9985 2224 11217
9 5474 3091 11390 7923 11218
9 11599 11767 11512 2184 11219
9 10334 687 9874 11767 11220
9 11767 9874 3168 11512 11221
9 11724 11810 11584 1041 11222
9 11275 2228 11283 11810 11223
9 11810 11283 3129 11584 11224
9 7950 7951 7878 1045 11225
9 7878 7951 2430 2857 11226
9 8949 2377 11683 11668 11227
9 11664 11663 6140 11683 11228
9 11683 6140 2901 11668 11229
9 11815 10544 782 8373 11230
9 5128 1083 10960 10296 11231
9 10296 10960 3041 11816 11232
9 2687 6844 11801 11817 11233
9 5395 11801 6844 564 11234
9 7384 2340 11797 8212 11235
9 5722 8212 11797 2965 11236
9 6620 2328 9387 11269 11237
9 11269 9387 934 6500 11238
9 3935 11269 6500 2987 11239
9 11672 1422 8929 11671 11240
9 8928 2375 11799 8929 11241
9 8929 11799 2928 11671 11242
9 11818 6256 3030 11819 11243
9 7277 7513 10261 1367 11244
9 10261 7513 2706 11820 11245
9 11820 11821 1181 9393 11246
9 10261 11820 9393 3100 11247
9 9207 11575 4883 1185 11248
9 11572 2682 11822 11575 11249
9 11575 11822 2891 4883 11250
9 7583 10062 11822 2682 11251
9 99 11300 10062 98 11252
9 10062 11300 2891 11822 11253
9 10070 2449 4650 11138 11254
9 11691 11688 4650 1043 11255
9 4650 11688 2885 11138 11256
9 19 1 10267 11238 11257
9 11238 10267 2276 10795 11258
9 10492 3092 11238 10795 11259
9 11363 11362 11640 2260 11260
9 11364 603 11697 11362 11261
9 11362 11697 3107 11640 11262
9 10539 2277 8820 11814 11263
9 11814 8820 397 8988 11264
9 7306 3081 11814 8988 11265
9 3526 9386 7674 718 11266
9 5919 2739 11823 9386 11267
9 9386 11823 2960 7674 11268
9 4959 414 7025 7517 11269
9 7024 2459 11824 7025 11270
9 7025 11824 3075 7517 11271
9 4099 5542 10928 595 11272
9 10928 5542 2249 7684 11273
9 7588 3128 10928 7684 11274
9 11515 2769 11242 11808 11275
9 11808 11242 1276 6418 11276
9 11809 11808 6418 3172 11277
9 11496 11498 10725 2799 11278
9 6342 617 6711 11498 11279
9 11498 6711 3094 10725 11280
9 2557 8101 7949 11127 11281
9 7567 7949 8101 1356 11282
9 10656 11127 7949 2820 11283
9 10780 2231 6192 11580 11284
9 11580 6192 563 11074 11285
9 7777 3178 11580 11074 11286
9 5835 1625 10452 10322 11287
9 10322 10452 2924 2416 11288
9 8009 2233 7669 11609 11289
9 11609 7669 977 11809 11290
9 6417 11609 11809 3172 11291
9 11825 11826 2848 10959 11292
9 3801 8186 10566 2443 11293
9 10566 8186 1000 10415 11294
9 7410 10566 10415 2911 11295
9 1298 7135 11559 11076 11296
9 6760 11559 7135 2418 11297
9 11524 11076 11559 2943 11298
9 3435 8086 6919 1424 11299
9 6919 8086 3079 11827 11300
9 2229 8672 11694 11468 11301
9 8504 940 11694 8672 11302
9 11693 3229 11468 11694 11303
9 10042 1596 10344 10727 11304
9 10727 10344 2587 11766 11305
9 11375 2823 10727 11766 11306
9 6919 11827 11828 2588 11307
9 11828 11827 3079 10313 11308
9 10984 2681 11410 11789 11309
9 11789 11410 1019 9182 11310
9 10557 11789 9182 2756 11311
9 6284 7992 10628 753 11312
9 7992 11829 3133 10628 11313
9 7992 2322 9037 11829 11314
9 11829 9037 1112 10774 11315
9 10773 3133 11829 10774 11316
9 3499 4195 3661 646 11317
9 10186 11109 4195 2294 11318
9 4195 11109 3121 3661 11319
9 7531 694 5303 8623 11320
9 8623 5303 3102 11830 11321
9 6256 11818 4398 1287 11322
9 8623 11830 11818 2816 11323
9 11818 11830 3102 4398 11324
9 7922 10137 10383 1100 11325
9 10136 10135 10037 10137 11326
9 10137 10037 3143 10383 11327
9 10313 409 11831 11828 11328
9 11828 11831 3170 11832 11329
9 10203 2355 8883 11743 11330
9 8882 1419 8936 8883 11331
9 8883 8936 3042 11743 11332
9 4337 5197 7019 1222 11333
9 11828 11832 5197 2588 11334
9 5197 11832 3170 7019 11335
9 11833 5434 585 9066 11336
9 1120 10009 11833 11413 11337
9 5434 11833 10009 2513 11338
9 9066 2938 11413 11833 11339
9 1031 9841 11750 3596 11340
9 8588 11750 9841 2247 11341
9 9247 3212 3596 11750 11342
9 2684 8549 9330 3171 11343
9 4913 4915 9330 8549 11344
9 3364 3415 10164 511 11345
9 3414 2245 9453 3415 11346
9 3415 9453 3220 10164 11347
9 11222 11506 11666 2474 11348
9 4422 639 5778 11506 11349
9 11506 5778 2933 11666 11350
9 11491 1443 9206 11492 11351
9 11492 9206 2764 11834 11352
9 11493 11492 11834 3224 11353
9 9499 4182 10205 1579 11354
9 10205 4182 2318 9230 11355
9 9126 3155 10205 9230 11356
9 8897 2399 10747 11793 11357
9 6227 876 11522 10747 11358
9 10747 11522 3000 11793 11359
9 6897 8548 11256 1408 11360
9 11256 8548 2813 11835 11361
9 6377 8470 11835 2813 11362
9 11835 8470 1015 9682 11363
9 11256 11835 9682 2814 11364
9 11420 2619 11727 11421 11365
9 10568 11421 11727 2825 11366
9 8427 10397 10041 2344 11367
9 9433 10803 10397 1663 11368
9 10397 10803 3163 10041 11369
9 11836 10790 1664 10746 11370
9 5306 5452 11831 409 11371
9 5452 7020 3170 11831 11372
9 5452 2674 7036 7020 11373
9 3453 7020 7036 1394 11374
9 11607 11606 11771 1092 11375
9 11771 11606 2928 11837 11376
9 11426 11776 2888 11838 11377
9 1127 4993 11838 11699 11378
9 11426 11838 4993 2604 11379
9 10429 11699 11838 2888 11380
9 10542 11070 11607 1092 11381
9 11607 11070 2341 11839 11382
9 11349 11398 11645 2290 11383
9 6468 10879 11398 986 11384
9 11398 10879 3203 11645 11385
9 599 7580 11726 11826 11386
9 11725 11726 7580 2632 11387
9 11526 2848 11826 11726 11388
9 3096 11309 11840 3097 11389
9 6429 1306 11840 11309 11390
9 8953 10506 11128 1090 11391
9 9439 10504 10506 2267 11392
9 10506 10504 3246 11128 11393
9 5615 695 3482 11841 11394
9 3482 2488 3806 11841 11395
9 4995 9009 3806 1186 11396
9 3806 9009 3196 11841 11397
9 603 11380 11837 11798 11398
9 11771 11837 11380 2626 11399
9 11799 11798 11837 2928 11400
9 1037 10615 11758 9832 11401
9 9717 11758 10615 2585 11402
9 9767 9832 11758 2894 11403
9 11843 11228 1191 11842 11404
9 11844 11009 2992 11794 11405
9 11826 11825 8916 599 11406
9 10959 2559 11749 11825 11407
9 11825 11749 2912 8916 11408
9 8940 1523 9882 9873 11409
9 9873 9882 2533 11662 11410
9 11513 3168 9873 11662 11411
9 10739 1006 10117 11729 11412
9 6012 2423 11670 10117 11413
9 10117 11670 3048 11729 11414
9 5534 9696 9574 1491 11415
9 9574 9696 2564 11150 11416
9 10638 3074 9574 11150 11417
9 2455 9318 10087 9918 11418
9 7694 10087 9318 1383 11419
9 10083 3106 9918 10087 11420
9 1020 9910 11719 9912 11421
9 10957 11719 9910 2439 11422
9 10321 3040 9912 11719 11423
9 6945 2417 11622 11443 11424
9 11623 589 11813 11622 11425
9 11622 11813 3059 11443 11426
9 7365 7769 11401 1337 11427
9 11401 7769 2538 11773 11428
9 11216 11401 11773 2937 11429
9 2323 10355 11635 11802 11430
9 8965 11635 10355 686 11431
9 11493 3224 11802 11635 11432
9 1255 7955 11845 11846 11433
9 7955 2868 11358 11845 11434
9 11845 11358 523 10517 11435
9 11846 11845 10517 3024 11436
9 10518 10896 11123 1720 11437
9 11123 10896 2570 9822 11438
9 11215 3086 11123 9822 11439
9 769 10584 11847 11193 11440
9 10584 2552 10996 11847 11441
9 11847 10996 1121 9738 11442
9 11193 11847 9738 2957 11443
9 7282 7281 11848 2768 11444
9 4381 5001 7281 1189 11445
9 7281 5001 2898 11848 11446
9 103 104 9984 11306 11447
9 11306 9984 2768 11848 11448
9 10462 11306 11848 2898 11449
9 535 8594 11298 10614 11450
9 11297 11298 8594 2660 11451
9 10794 3022 10614 11298 11452
9 11849 9390 704 6013 11453
9 7089 7857 11747 2485 11454
9 5467 393 11631 7857 11455
9 7857 11631 3045 11747 11456
9 1301 3724 11849 4605 11457
9 9390 11849 3724 2845 11458
9 6013 3201 4605 11849 11459
9 11665 11779 11839 2341 11460
9 11839 11779 465 11704 11461
9 11607 11839 11704 3237 11462
9 8662 9611 7892 460 11463
9 9611 11850 3245 7892 11464
9 9611 2385 11295 11850 11465
9 11067 1139 11053 11295 11466
9 11295 11053 3245 11850 11467
9 1294 7101 11709 5733 11468
9 10839 11709 7101 2600 11469
9 11667 2933 5733 11709 11470
9 4672 805 10918 9582 11471
9 9472 9582 10918 3200 11472
9 7198 10881 6594 1385 11473
9 6594 10881 3064 11851 11474
9 3064 9503 11528 11851 11475
9 11460 11528 9503 656 11476
9 1053 6860 9027 11347 11477
9 9026 9027 6860 2408 11478
9 6742 3138 11347 9027 11479
9 11009 11844 11824 2459 11480
9 11794 1081 11852 11844 11481
9 11844 11852 3075 11824 11482
9 5672 1568 9606 10310 11483
9 9886 11732 9606 2531 11484
9 9606 11732 3005 10310 11485
9 1078 6763 11805 8871 11486
9 4756 11805 6763 2727 11487
9 5233 2869 8871 11805 11488
9 1389 11529 11523 10419 11489
9 11527 2591 11523 11529 11490
9 11344 3010 10419 11523 11491
9 10639 884 4284 10935 11492
9 9546 10935 4284 2450 11493
9 5395 2607 11428 11800 11494
9 11800 11428 1059 11082 11495
9 11081 3082 11800 11082 11496
9 11853 8153 1384 6962 11497
9 1118 11669 11853 10741 11498
9 8153 11853 11669 3140 11499
9 6962 3144 10741 11853 11500
9 4579 398 9379 10318 11501
9 10318 9379 2738 11178 11502
9 10732 2961 10318 11178 11503
9 4220 4222 8494 672 11504
9 11549 11551 4222 2382 11505
9 4222 11551 3197 8494 11506
9 7993 1467 8743 7994 11507
9 7994 8743 3185 11854 11508
9 1137 11792 11461 8822 11509
9 9885 2379 11461 11792 11510
9 8692 3216 8822 11461 11511
9 3497 8123 5820 1362 11512
9 7994 11854 8123 2397 11513
9 8123 11854 3185 5820 11514
9 10760 11775 11610 576 11515
9 9128 2381 10588 11775 11516
9 11775 10588 3241 11610 11517
9 2846 8886 11592 11855 11518
9 6862 1429 11592 8886 11519
9 1824 11340 11856 11431 11520
9 7367 11675 5687 629 11521
9 5687 11675 3096 3097 11522
9 2502 11287 11857 11367 11523
9 8142 574 11857 11287 11524
9 442 9876 11816 7679 11525
9 10296 11816 9876 2596 11526
9 6249 7679 11816 3041 11527
9 11858 9416 784 11284 11528
9 1271 4561 11858 11788 11529
9 9416 11858 4561 2993 11530
9 11284 3007 11788 11858 11531
9 2764 11689 11803 11834 11532
9 11025 11803 11689 1061 11533
9 11802 3224 11834 11803 11534
9 5021 8829 11038 2657 11535
9 11038 8829 438 11859 11536
9 6423 10625 11860 2699 11537
9 11860 10625 593 11786 11538
9 9375 1226 6293 10872 11539
9 10872 6293 2699 11860 11540
9 11786 3189 10872 11860 11541
9 3746 1181 11821 7783 11542
9 11820 2706 11861 11821 11543
9 11821 11861 3033 7783 11544
9 7863 2566 10337 11614 11545
9 9083 1441 8495 10337 11546
9 10337 8495 3197 11614 11547
9 7512 9520 11861 2706 11548
9 206 11327 9520 205 11549
9 9520 11327 3033 11861 11550
9 4267 11658 11156 1347 11551
9 11156 11658 2935 11862 11552
9 1086 9186 11815 8614 11553
9 10544 11815 9186 2624 11554
9 8373 3049 8614 11815 11555
9 2739 9968 10577 11823 11556
9 9969 1111 10577 9968 11557
9 10300 2960 11823 10577 11558
9 574 6728 11863 11857 11559
9 11367 11857 11863 3126 11560
9 7930 9754 9730 1498 11561
9 9754 11864 3235 9730 11562
9 9754 2707 9796 11864 11563
9 7313 11501 9796 939 11564
9 9796 11501 3235 11864 11565
9 6728 2571 4436 11863 11566
9 11863 4436 1188 11811 11567
9 11209 3126 11863 11811 11568
9 6580 539 9644 11752 11569
9 9644 11865 3243 11752 11570
9 9644 2589 8632 11865 11571
9 5989 1399 8507 8632 11572
9 8632 8507 3243 11865 11573
9 5884 6839 6842 1351 11574
9 6839 11866 2980 6842 11575
9 6839 2979 10754 11866 11576
9 3870 11781 10754 1108 11577
9 10754 11781 2980 11866 11578
9 1013 6701 11836 11054 11579
9 10790 11836 6701 2861 11580
9 10746 2951 11054 11836 11581
9 11618 11783 9869 577 11582
9 11357 11654 11783 2611 11583
9 11783 11654 3130 9869 11584
9 2634 1581 10335 11754 11585
9 11598 11754 10335 3110 11586
9 11340 2754 4638 11856 11587
9 11856 4638 1050 10051 11588
9 11431 11856 10051 3017 11589
9 4794 7975 10961 1219 11590
9 7960 2949 11867 7975 11591
9 7975 11867 3031 10961 11592
9 1255 11846 11843 9289 11593
9 11228 11843 11846 3024 11594
9 11842 3209 9289 11843 11595
9 7244 1332 7426 11169 11596
9 11169 7426 2687 11817 11597
9 11801 3082 11169 11817 11598
9 633 4929 11382 9953 11599
9 10826 11382 4929 2795 11600
9 11183 3167 9953 11382 11601
9 3995 11393 11842 1191 11602
9 11842 11393 2971 10915 11603
9 3068 5746 7542 11868 11604
9 7177 7542 5746 1331 11605
9 11136 1141 11718 11135 11606
9 11135 11718 3068 11868 11607
9 7542 3069 11135 11868 11608
9 7840 8629 10991 1114 11609
9 11818 11819 8629 2816 11610
9 8629 11819 3030 10991 11611
9 1306 8295 11869 11840 11612
9 1284 11759 11870 8576 11613
9 11871 11266 1761 11289 11614
9 1053 11342 11871 9943 11615
9 11266 11871 11342 2929 11616
9 11289 3027 9943 11871 11617
9 5796 8941 11562 803 11618
9 11562 8941 2684 3171 11619
9 11650 1065 10080 11761 11620
9 11761 10080 2819 11770 11621
9 9951 3149 11761 11770 11622
9 11689 2764 9205 11690 11623
9 11173 10333 9205 400 11624
9 9205 10333 3109 11690 11625
9 11872 7322 1368 7518 11626
9 4826 9980 11859 438 11627
9 11859 9980 2646 11723 11628
9 11038 11859 11723 3228 11629
9 1081 6390 11872 11852 11630
9 7322 11872 6390 2947 11631
9 7518 3075 11852 11872 11632
9 858 11378 11873 8159 11633
9 6181 8159 11873 3101 11634
9 11378 2981 6568 11873 11635
9 6568 11874 3101 11873 11636
9 2876 10707 10989 11744 11637
9 9042 10989 10707 1014 11638
9 11294 11744 10989 3060 11639
9 1190 8722 11875 11876 11640
9 1578 10354 11877 11531 11641
9 6425 8193 11867 2949 11642
9 5348 1214 8977 8193 11643
9 8193 8977 3031 11867 11644
9 2670 8954 10933 11246 11645
9 8953 1090 10933 8954 11646
9 8170 11246 10933 3244 11647
9 8456 8466 11862 2935 11648
9 11862 8466 1123 5628 11649
9 11156 11862 5628 3053 11650
9 8722 2714 10495 11875 11651
9 11875 10495 696 11555 11652
9 11876 11875 11555 3214 11653
9 913 11302 11878 11748 11654
9 10354 2785 8213 11877 11655
9 11877 8213 1190 11876 11656
9 11531 11877 11876 3214 11657
9 626 7073 11879 8782 11658
9 7156 8782 11879 3223 11659
9 7073 2749 4506 11879 11660
9 4505 1200 10510 4506 11661
9 4506 10510 3223 11879 11662
9 4991 6182 4017 1305 11663
9 3101 11874 11478 6182 11664
9 6568 1257 11478 11874 11665
9 4017 6182 11478 3207 11666
9 11302 2794 9190 11878 11667
9 11878 9190 1436 9141 11668
9 11748 11878 9141 3247 11669
9 8295 3004 4382 11869 11670
9 11869 4382 1189 5398 11671
9 11840 11869 5398 3097 11672
9 11173 400 7477 11174 11673
9 11174 7477 2846 11855 11674
9 11592 3219 11174 11855 11675
9 11880 7677 1176 9920 11676
9 1437 7956 11880 7963 11677
9 7677 11880 7956 3225 11678
9 9920 3233 7963 11880 11679
9 5013 712 9087 10915 11680
9 11842 10915 9087 3209 11681
9 11759 3044 5456 11870 11682
9 11870 5456 1234 4238 11683
9 8576 11870 4238 3222 11684
9 1346 7137 11881 11399 11685
9 7137 3174 7171 11881 11686
9 11881 7171 1227 4588 11687
9 11399 11881 4588 3179 11688
NPOIN= 11882
-0.2 0 0
0 0 1
0.8 0.291176 2
0.8 1.5 3
-0.2 1.5 4
-0.1875000000000285 0 5
-0.1750000000000692 0 6
-0.1625000000001037 0 7
-0.1500000000001382 0 8
-0.1375000000001728 0 9
-0.1250000000002074 0 10
-0.1125000000002407 0 11
-0.1000000000002739 0 12
-0.08750000000024825 0 13
-0.07500000000020746 0 14
-0.06250000000016503 0 15
-0.05000000000013829 0 16
-0.03750000000009618 0 17
-0.02500000000006644 0 18
-0.01250000000003798 0 19
0.01142857142855119 0.004159657142849778 20
0.02285714285710191 0.008319314285699382 21
0.03428571428564932 0.01247897142854778 22
0.04571428571419725 0.01663862857139637 23
0.05714285714275134 0.0207982857142472 24
0.06857142857130744 0.02495794285709877 25
0.07999999999986339 0.02911759999995027 26
0.0914285714284185 0.03327725714280148 27
0.102857142856969 0.03743691428565098 28
0.1142857142855081 0.0415965714284964 29
0.1257142857140466 0.04575622857134155 30
0.1371428571425848 0.04991588571418659 31
0.1485714285711198 0.05407554285703047 32
0.1599999999996544 0.05823519999987419 33
0.1714285714281938 0.06239485714271968 34
0.1828571428567326 0.06655451428556497 35
0.1942857142852722 0.07071417142841051 36
0.2057142857138117 0.07487382857125605 37
0.2171428571423513 0.07903348571410158 38
0.2285714285708908 0.08319314285694712 39
0.2399999999994284 0.08735279999979194 40
0.2514285714279669 0.09151245714263712 41
0.2628571428565052 0.09567211428548221 42
0.2742857142850438 0.0998317714283274 43
0.2857142857135812 0.1039914285711721 44
0.2971428571421177 0.1081510857140166 45
0.3085714285706505 0.1123107428568597 46
0.3199999999991829 0.1164703999997026 47
0.3314285714277224 0.1206300571425481 48
0.342857142856262 0.1247897142853936 49
0.3542857142848014 0.1289493714282391 50
0.365714285713341 0.1331090285710847 51
0.3771428571418798 0.13726868571393 52
0.3885714285704202 0.1414283428567758 53
0.3999999999989589 0.145587999999621 54
0.4114285714275631 0.1497476571424901 55
0.4228571428561669 0.153907314285359 56
0.4342857142847699 0.1580669714282277 57
0.44571428571337 0.1622266285710953 58
0.4571428571419765 0.1663862857139652 59
0.4685714285705798 0.1705459428568339 60
0.4799999999991812 0.174705599999702 61
0.4914285714277893 0.1788652571425725 62
0.5028571428563801 0.1830249142854366 63
0.5142857142849823 0.187184571428305 64
0.5257142857135854 0.1913442285711737 65
0.537142857142168 0.1955038857140349 66
0.5485714285708004 0.1996635428569142 67
0.5599999999993976 0.2038231999997807 68
0.571428571427994 0.2079828571426469 69
0.5828571428565974 0.2121425142855158 70
0.5942857142851896 0.2163021714283804 71
0.6057142857137969 0.2204618285712507 72
0.6171428571423967 0.2246214857141181 73
0.628571428571008 0.2287811428569897 74
0.6399999999996159 0.2329407999998602 75
0.651428571428207 0.2371004571427245 76
0.6628571428568172 0.2412601142855957 77
0.6742857142854203 0.2454197714284644 78
0.6857142857140121 0.2495794285713289 79
0.6971428571426196 0.2537390857141992 80
0.7085714285712287 0.2578987428570701 81
0.7199999999998437 0.2620583999999431 82
0.7314285714284376 0.2662180571428084 83
0.7428571428570389 0.2703777142856764 84
0.754285714285619 0.2745373714285367 85
0.7657142857142031 0.2786970285713985 86
0.7771428571428001 0.2828566857142649 87
0.7885714285714033 0.2870163428571336 88
0.8 0.3035109387754996 89
0.8 0.3158458775509991 90
0.8 0.3281808163265058 91
0.8 0.3405157551019983 92
0.8 0.3528506938774939 93
0.8 0.3651856326529974 94
0.8 0.377520571428498 95
0.8 0.3898555102039966 96
0.8 0.4021904489794984 97
0.8 0.4145253877549956 98
0.8 0.4268603265304993 99
0.8 0.4391952653059948 100
0.8 0.451530204081478 101
0.8 0.4638651428569444 102
0.8 0.4762000816324078 103
0.8 0.4885350204078869 104
0.8 0.5008699591833594 105
0.8 0.5132048979588294 106
0.8 0.5255398367342949 107
0.8 0.5378747755097746 108
0.8 0.5502097142852871 109
0.8 0.5625446530607737 110
0.8 0.5748795918362645 111
0.8 0.5872145306117729 112
0.8 0.5995494693872753 113
0.8 0.6118844081627719 114
0.8 0.6242193469382653 115
0.8 0.6365542857137712 116
0.8 0.6488892244892686 117
0.8 0.6612241632647702 118
0.8 0.673559102040272 119
0.8 0.6858940408157694 120
0.8 0.6982289795912711 121
0.8 0.7105639183667685 122
0.8 0.722898857142262 123
0.8 0.7352337959177677 124
0.8 0.7475687346932673 125
0.8 0.759903673468767 126
0.8 0.7722386122442682 127
0.8 0.7845735510197609 128
0.8 0.7969084897952388 129
0.8 0.8092434285707033 130
0.8 0.8215783673461757 131
0.8 0.8339133061216457 132
0.8 0.8462482448971159 133
0.8 0.8585831836725881 134
0.8 0.8709181224480692 135
0.8 0.8832530612235305 136
0.8 0.8955879999989953 137
0.8 0.9079229387745297 138
0.8 0.9202578775500606 139
0.8 0.9325928163255855 140
0.8 0.9449277551011196 141
0.8 0.9572626938766414 142
0.8 0.9695976326521663 143
0.8 0.9819325714276972 144
0.8 0.9942675102032373 145
0.8 1.006602448978753 146
0.8 1.01893738775434 147
0.8 1.03127232652992 148
0.8 1.043607265305436 149
0.8 1.055942204081017 150
0.8 1.068277142856472 151
0.8 1.080612081631929 152
0.8 1.09294702040751 153
0.8 1.105281959183076 154
0.8 1.117616897958603 155
0.8 1.129951836734188 156
0.8 1.142286775509628 157
0.8 1.154621714285101 158
0.8 1.166956653060634 159
0.8 1.179291591836233 160
0.8 1.191626530611805 161
0.8 1.203961469387359 162
0.8 1.216296408162842 163
0.8 1.228631346938271 164
0.8 1.240966285713851 165
0.8 1.25330122448939 166
0.8 1.265636163264934 167
0.8 1.27797110204053 168
0.8 1.290306040815962 169
0.8 1.302640979591399 170
0.8 1.314975918367002 171
0.8 1.327310857142547 172
0.8 1.339645795918179 173
0.8 1.351980734693744 174
0.8 1.364315673469104 175
0.8 1.376650612244576 176
0.8 1.388985551020134 177
0.8 1.401320489795704 178
0.8 1.413655428571277 179
0.8 1.425990367346916 180
0.8 1.438325306122327 181
0.8 1.450660244897761 182
0.8 1.462995183673286 183
0.8 1.475330122448861 184
0.8 1.487665061224428 185
0.7874999999999639 1.5 186
0.7749999999999235 1.5 187
0.7624999999998815 1.5 188
0.7499999999998471 1.5 189
0.7374999999998068 1.5 190
0.7249999999997706 1.5 191
0.7124999999997345 1.5 192
0.6999999999996941 1.5 193
0.6874999999996725 1.5 194
0.6749999999996393 1.5 195
0.6624999999997341 1.5 196
0.6499999999998187 1.5 197
0.6374999999999118 1.5 198
0.6250000000000198 1.5 199
0.6125000000001011 1.5 200
0.6000000000002209 1.5 201
0.5875000000003091 1.5 202
0.575000000000422 1.5 203
0.5625000000005058 1.5 204
0.5500000000006229 1.5 205
0.5375000000007146 1.5 206
0.5250000000008239 1.5 207
0.5125000000009294 1.5 208
0.5000000000010163 1.5 209
0.487500000001054 1.5 210
0.4750000000010916 1.5 211
0.4625000000011228 1.5 212
0.4500000000011539 1.5 213
0.4375000000011851 1.5 214
0.4250000000012162 1.5 215
0.4125000000012474 1.5 216
0.4000000000012786 1.5 217
0.3875000000013097 1.5 218
0.3750000000013409 1.5 219
0.3625000000013721 1.5 220
0.3500000000014032 1.5 221
0.3375000000014343 1.5 222
0.3250000000014655 1.5 223
0.3125000000014913 1.5 224
0.3000000000015169 1.5 225
0.2875000000014842 1.5 226
0.2750000000014514 1.5 227
0.2625000000014133 1.5 228
0.250000000001375 1.5 229
0.2375000000013368 1.5 230
0.2250000000012986 1.5 231
0.2125000000012605 1.5 232
0.2000000000012223 1.5 233
0.1875000000011842 1.5 234
0.1750000000011459 1.5 235
0.1625000000011076 1.5 236
0.1500000000010695 1.5 237
0.1375000000010314 1.5 238
0.1250000000009931 1.5 239
0.1125000000009548 1.5 240
0.1000000000009167 1.5 241
0.08750000000087854 1.5 242
0.07500000000084039 1.5 243
0.06250000000080225 1.5 244
0.05000000000076399 1.5 245
0.03750000000072573 1.5 246
0.02500000000068758 1.5 247
0.01250000000064944 1.5 248
6.111777750561487e-13 1.5 249
-0.01249999999942708 1.5 250
-0.02499999999946523 1.5 251
-0.03749999999950338 1.5 252
-0.04999999999954163 1.5 253
-0.06249999999957989 1.5 254
-0.07499999999961804 1.5 255
-0.08749999999965619 1.5 256
-0.09999999999969444 1.5 257
-0.1124999999997327 1.5 258
-0.1249999999997708 1.5 259
-0.137499999999809 1.5 260
-0.1499999999998471 1.5 261
-0.1624999999998853 1.5 262
-0.1749999999999236 1.5 263
-0.1874999999999618 1.5 264
-0.2 1.487500000000153 265
-0.2 1.4750000000003 266
-0.2 1.462500000000453 267
-0.2 1.4500000000006 268
-0.2 1.437500000000743 269
-0.2 1.4250000000009 270
-0.2 1.412500000001001 271
-0.2 1.400000000001087 272
-0.2 1.387500000001068 273
-0.2 1.375000000001037 274
-0.2 1.362500000001012 275
-0.2 1.350000000000967 276
-0.2 1.337500000000925 277
-0.2 1.325000000000897 278
-0.2 1.312500000000962 279
-0.2 1.300000000001011 280
-0.2 1.287500000001157 281
-0.2 1.275000000001311 282
-0.2 1.262500000001434 283
-0.2 1.250000000001582 284
-0.2 1.23750000000158 285
-0.2 1.22500000000157 286
-0.2 1.212500000001548 287
-0.2 1.2000000000015 288
-0.2 1.187500000001465 289
-0.2 1.17500000000143 290
-0.2 1.162500000001399 291
-0.2 1.150000000001359 292
-0.2 1.137500000001314 293
-0.2 1.125000000001289 294
-0.2 1.112500000001257 295
-0.2 1.100000000001219 296
-0.2 1.087500000001166 297
-0.2 1.075000000001149 298
-0.2 1.062500000001117 299
-0.2 1.050000000001079 300
-0.2 1.037500000001046 301
-0.2 1.025000000001008 302
-0.2 1.012500000000994 303
-0.2 1.000000000000967 304
-0.2 0.9875000000010152 305
-0.2 0.9750000000010672 306
-0.2 0.9625000000011307 307
-0.2 0.9500000000011821 308
-0.2 0.937500000001233 309
-0.2 0.9250000000012971 310
-0.2 0.9125000000013472 311
-0.2 0.900000000001412 312
-0.2 0.8875000000014635 313
-0.2 0.8750000000015268 314
-0.2 0.8625000000015861 315
-0.2 0.8500000000016418 316
-0.2 0.8375000000016933 317
-0.2 0.8250000000017567 318
-0.2 0.8125000000018158 319
-0.2 0.8000000000018715 320
-0.2 0.7875000000019358 321
-0.2 0.7750000000019864 322
-0.2 0.762500000002024 323
-0.2 0.7500000000020797 324
-0.2 0.7375000000020571 325
-0.2 0.7250000000020311 326
-0.2 0.7125000000019992 327
-0.2 0.7000000000019609 328
-0.2 0.687500000001935 329
-0.2 0.6750000000018908 330
-0.2 0.662500000001855 331
-0.2 0.6500000000018209 332
-0.2 0.6375000000017912 333
-0.2 0.6250000000017508 334
-0.2 0.6125000000017107 335
-0.2 0.6000000000016807 336
-0.2 0.5875000000016501 337
-0.2 0.5750000000016107 338
-0.2 0.5625000000015818 339
-0.2 0.5500000000015408 340
-0.2 0.5375000000015056 341
-0.2 0.5250000000014706 342
-0.2 0.5125000000014347 343
-0.2 0.5000000000014007 344
-0.2 0.4875000000013814 345
-0.2 0.4750000000013308 346
-0.2 0.4625000000012871 347
-0.2 0.4500000000012605 348
-0.2 0.4375000000012255 349
-0.2 0.4250000000011904 350
-0.2 0.4125000000011565 351
-0.2 0.4000000000011206 352
-0.2 0.3875000000010882 353
-0.2 0.3750000000010505 354
-0.2 0.3625000000010261 355
-0.2 0.3500000000009804 356
-0.2 0.3375000000009369 357
-0.2 0.3250000000009106 358
-0.2 0.3125000000008771 359
-0.2 0.3000000000008405 360
-0.2 0.287500000000809 361
-0.2 0.2750000000007704 362
-0.2 0.262500000000738 363
-0.2 0.2500000000007003 364
-0.2 0.2375000000006668 365
-0.2 0.2250000000006303 366
-0.2 0.2125000000006205 367
-0.2 0.2000000000005604 368
-0.2 0.1875000000005174 369
-0.2 0.1750000000004901 370
-0.2 0.1625000000004586 371
-0.2 0.15000000000042 372
-0.2 0.1375000000003781 373
-0.2 0.1250000000003502 374
-0.2 0.11250000000031 375
-0.2 0.1000000000002801 376
-0.2 0.08750000000024727 377
-0.2 0.07500000000021001 378
-0.2 0.06250000000017164 379
-0.2 0.05000000000014015 380
-0.2 0.03750000000010978 381
-0.2 0.02500000000007008 382
-0.2 0.01250000000005036 383
0.303559636344951 0.642138352147085 384
0.3719581388521179 1.068647588333249 385
0.1186693556575051 0.3789167591200274 386
0.1112355695169426 0.8853434201793788 387
0.1046491841859247 1.200924887019226 388
0.514034239736489 0.823767062893449 389
0.5239641119352738 0.4794478876063777 390
0.5468458622073975 1.245918459675073 391
0.04693533362238075 0.6180106204635289 392
0.3328617431301327 0.3621389864238994 393
0.306546931043478 1.280493028522142 394
0.5780094891628617 1.025650578723977 395
0.3163595649031539 0.8428354721924493 396
0.00157322692615275 0.2156764926200461 397
0.6085639439517414 0.656112526067773 398
-0.008969224023832149 1.040607751325734 399
0.1905520976169273 1.048922877259472 400
-0.0252855295118292 0.7844574315846715 401
-0.02707223956008804 1.325270653335811 402
-0.02654707926627836 0.467385533369373 403
0.2207841735064193 0.250705527101063 404
0.2395558290157238 0.4899824281190415 405
0.1689850688644092 0.7345925475776476 406
0.4560035354411633 0.6741162333598844 407
0.1640108423888912 1.343899082599144 408
0.6500528771945151 0.3951615330972079 409
0.4873663425753066 0.3376213977888423 410
0.6515882278822621 0.8928452004983033 411
0.4379101334825172 1.347412277150703 412
0.6533705015079789 1.35320698032922 413
0.3807902061360137 0.5132266725361456 414
-0.0537972665490785 1.183447470855832 415
0.4605085996459463 0.9521001205727878 416
0.6626574903072805 1.154763708068481 417
0.4131367102884406 1.195928831567243 418
-0.05451240080002531 0.9159750135921664 419
-0.06214706403913526 0.3317134010846913 420
0.6634260099073327 0.5286830449663223 421
0.2690893695625806 1.151099494932393 422
0.6757085637478153 0.7627129626945812 423
0.1133896563823811 0.5085508572292132 424
-0.07155935514638746 0.6575867612545467 425
0.2931949530174235 0.9702679467914026 426
0.1221222331543133 0.1747486173444788 427
0.1781114821422768 0.6060452499827829 428
-0.08084905067667873 0.1238458279164661 429
0.5239494650420485 1.133839055616735 430
0.3389688890994535 0.247798675925325 431
0.4055487863215222 0.7813497150782418 432
0.2725204673300441 1.392610142782611 433
0.2216963427522372 0.3692929907118037 434
0.5400155666664761 1.384337950676691 435
0.6867719391099567 0.9997715931692384 436
0.06509327233744906 1.389321072653145 437
0.2036247091952925 1.246000400656112 438
0.0899292229657097 0.9995469242684794 439
0.5245969961542878 0.5880983673822797 440
0.2763583302675181 0.7415559446119612 441
0.2046680910915133 0.8368243413853671 442
0.08240249334379035 0.2796836197156958 443
0.688752206588355 1.252852611219157 444
-0.0933098213545494 0.5530353247828921 445
0.4309666244163095 0.4206510117730819 446
0.0730034600608485 1.096054213434867 447
0.05959220394456725 0.7237338701629493 448
0.02872467764368449 0.107670482572998 449
-0.1028540781996266 0.2411328335964781 450
-0.09539121115660137 1.397596277691845 451
-0.0978481425103112 1.088690648515583 452
0.5857006697085211 0.3199601975224002 453
0.5545305751923931 0.9332423882119874 454
0.5356012368213665 0.7294775730913662 455
0.6958916240630318 0.627498400782723 456
0.192646832505851 0.9483149385648976 457
0.4260227544957836 0.2582267155162252 458
-0.09905357188263926 1.263930683980567 459
0.06869101352261137 1.293207484605157 460
0.01716159128705189 0.3863957572016781 461
0.4610572951192894 1.056184090092884 462
0.401852077104035 0.8739191763641612 463
0.01799566442699501 0.8608937171975317 464
0.173846053393152 1.142309501339822 465
0.3619100335430047 1.406838529507863 466
-0.1081673868616275 0.8242455799494756 467
-0.1051744294354487 0.9956980083512079 468
0.3900437627631065 0.6083452039369057 469
-0.1035565681650524 0.4176090972944709 470
0.3180244534592694 0.4451218703458451 471
0.3679601090323606 0.6981449578744027 472
0.7109846885807073 1.086003424732638 473
0.281200017481434 1.060404990017455 474
0.5550591182822128 0.4003955197624208 475
-0.1129552375658201 0.7423217860316181 476
0.7140762362079597 0.455560486723299 477
0.3056978762949022 0.5472627666319282 478
0.110441514057461 0.7979519389417302 479
0.2080078194426813 0.1655017725894977 480
0.02116808639745659 0.9485691357117589 481
0.0288627459501237 0.5345576290666768 482
0.7150556221414008 1.417050674847616 483
0.371592057307771 0.9730754696580484 484
0.6041240296578752 0.8201884504063142 485
0.4649035756288988 1.273524205451812 486
0.715822311363811 0.8396578760833679 487
0.6076970134992095 0.469765731354329 488
0.7168625353695919 0.3465658093151248 489
0.01633899166379198 1.212922741465162 490
-0.01701710484586495 1.41247497901862 491
0.1703120403906727 0.4433380280658654 492
0.4659915079446186 0.5339061674348641 493
0.1599490161812172 0.3042582009174518 494
0.3502875242205465 1.147058056410383 495
0.008824139698297146 0.2960140106562403 496
0.7226118088693209 0.7002713094965086 497
0.2315874258744705 0.6779314634724696 498
0.19057183454792 1.421793702741677 499
0.2822592517855825 0.305932906810659 500
0.5909747472683672 0.5456680364957998 501
0.2825400415451013 0.1857803628698341 502
0.3851041402911596 1.290953172890146 503
0.1161136813866669 0.6628269648521381 504
0.003349374694550655 1.117420970636147 505
0.7226246027573756 0.9228668781042207 506
0.6189756286054378 1.280232340711896 507
0.04871982581664784 0.4651771807537066 508
0.2536887656469429 0.8927801294483451 509
0.594950641417177 1.107553995111547 510
-0.0320364681171211 0.5986980125560207 511
0.614986092528546 1.422887431373977 512
0.4713752160374374 1.422192189517373 513
0.2404498190189996 1.312894561936649 514
0.4097620210210236 0.3340697916219129 515
0.4257705191291427 1.116458618569997 516
0.5308168628140203 0.2700258891187235 517
0.7242280163310584 1.183606014250132 518
-0.0009778742562851397 0.6778238576801217 519
0.5882933280414682 1.18311600310449 520
0.1855364821891326 0.5403543089581072 521
-0.1305848940040556 1.156039709829322 522
0.5239626795990978 1.31366297567673 523
0.6220540101663067 0.9601766525777099 524
0.4757070910889862 0.8824711980345331 525
-0.1303447687097895 0.4912725310450437 526
0.3377347896363256 0.9195655079284015 527
0.4933721883287807 1.200353848395431 528
0.1137848462586486 0.5797409054839655 529
0.5128679261468844 0.9927584234461208 530
0.6104862003209581 0.7287791706738803 531
0.3493421208239687 1.221336037843268 532
0.09336832381944948 0.108455247191162 533
0.1428426076183259 1.279644546015741 534
0.3381606754281337 0.7777590267584941 535
0.4761983208471815 0.7470712978141456 536
-0.1264770718451413 0.1714590109549837 537
0.1426352844312485 0.2388409339928199 538
-0.1303032988278603 0.3049782851292804 539
-0.127524841485715 1.335482854765196 540
0.6548023366283481 0.313039199281016 541
-0.1333062018796947 0.6127748314613991 542
-0.1340673833626428 0.07047230625823842 543
0.7322981668261548 0.5625532269128332 544
0.1239739081078415 1.432646548826324 545
0.6416156813654541 1.065236505411771 546
-0.02914499779670402 0.07129613223070787 547
-0.1296734811261041 0.894962017752067 548
0.2398107987436572 0.5984844650542503 549
0.3235065008864269 1.345489970468003 550
0.2729233746498414 1.219954108692593 551
0.5415607541160383 0.6563969675000377 552
0.6424174916549898 0.5920292725754879 553
0.4560249154275479 0.6094691456039703 554
0.2578260425362019 0.4244757403676443 555
0.04903965302118055 0.1713212029942124 556
0.03753526757573888 0.7948102059997482 557
-0.05525374708732256 0.18505455726081 558
0.4977615373313733 0.4287480076521184 559
-0.04029130761989216 0.9803060562514194 560
0.5286205403465923 1.066553073915624 561
0.5870198000318048 1.33727712057806 562
0.3910628798029243 0.2104514458919975 563
-0.04526374336705366 0.4010981929194039 564
-0.03519782464202199 1.260345038472794 565
0.06034761747167682 0.3398361320745659 566
0.7395032777819085 0.7738209555592579 567
0.1234923497555615 1.055117575250987 568
0.1595415832121445 0.1203981582803206 569
-0.03876207564585278 0.8341381478684793 570
0.5629146352364811 0.8668464494964777 571
0.2253277647945358 1.106073569935143 572
0.2390455642081029 0.9941428533022345 573
0.6411191236084427 1.214603651301591 574
-0.1333142411518424 0.6781570922955275 575
0.04263832947795453 1.168019118056571 576
-0.05713177246345906 0.7186529851622137 577
0.2591140909683663 0.8082916654923484 578
0.3218403085695705 1.019509972655595 579
0.3047749041281207 1.438202391539631 580
0.3599221369761406 0.3047603651744791 581
-0.03589987386859221 0.5313932374308283 582
0.1724340289262024 0.8883508502590232 583
0.4518545869486028 0.8250258865641613 584
0.4107461238624674 1.439643732695687 585
0.4376613305827647 0.4822911126282633 586
0.6652651524609614 0.6916657358622571 587
-0.1335482025029376 0.3712772813474439 588
0.1297014550227747 0.94917336327543 589
-0.04581430755645796 0.2567322444887055 590
0.05272632124466253 1.046480878600938 591
0.7355901079033256 0.4080176652101689 592
0.1051518300077455 1.344822098925967 593
0.7367552363119336 1.035030971589511 594
0.09814582896848455 0.4341259414395364 595
-0.1385404215501024 1.443936797886148 596
-0.1370134040133408 1.217035046906301 597
-0.1372283885722146 1.045058087694493 598
0.2215955585055622 0.7610936261110526 599
0.3690272828237929 0.8287273389783191 600
0.3647350167124778 0.4180640822443285 601
0.5596631260575049 0.7878356708534799 602
0.2127384255295827 1.184686682472408 603
0.1605251087555882 1.201810461580075 604
0.5765750846549591 0.6065746376024738 605
0.1539926170647107 1.002286952760343 606
0.2731736028443307 0.2473880363678567 607
-0.06515537354355153 1.043633899970729 608
0.03137823065557471 1.340340853872062 609
0.1725337717186649 0.3893644309752938 610
0.1145176648165099 1.150183617747592 611
0.4851567917287032 0.2375472616905891 612
0.4295495940277542 1.008167092383685 613
0.0390225975378741 1.442729718373148 614
0.1622961624752118 0.7948855817230658 615
0.2464939936572013 1.439260039313359 616
0.06585458182345098 0.9350298731674761 617
0.3043163994229114 0.7045774725579832 618
0.5562790142505882 1.437982136999404 619
0.6633288486012012 0.8219422078633102 620
0.3393511434072568 0.1866955163738449 621
0.4154026079977781 0.7247873836587241 622
0.2840485239538936 0.3741424703593385 623
0.08526727960456025 0.2198316461518353 624
0.7424374024841838 1.131416567919267 625
-0.1436506722078598 0.9538138664290934 626
-0.1421424521856861 0.7869161710910252 627
0.2172008893476841 0.3090897697149407 628
0.7467812487643095 0.5079270357318546 629
0.07169614672826115 0.8444597337108612 630
0.3780931277923016 1.346349485590812 631
0.4897044191164409 1.366037077501387 632
-0.05918379745368095 1.4420876374645 633
0.6044406253894374 0.3711731701768527 634
0.4087934369215794 0.9324586667959501 635
0.3518091194579985 0.5623414581736789 636
0.3167087751573084 1.099048985791672 637
0.662911965552325 1.441935575239887 638
-0.01505344674991686 0.1607511548816366 639
0.215396913494871 1.365589850602615 640
0.1765258366666566 0.6766180981261674 641
-0.05078389041089566 1.117160084839416 642
0.7408039392352936 1.271246921486613 643
0.7488027233996521 0.9727297231594774 644
0.008205099638403789 0.7318197541357864 645
0.534441382727104 0.5392744242784482 646
0.4176378140421158 0.5670046833244954 647
0.009963857491486268 1.283215852629988 648
0.3254310620373937 0.5058478579557176 649
0.65897733953757 0.4496682799622581 650
-0.07463404210635097 1.346118507479968 651
0.1399958073801826 0.8372290352119206 652
0.7411700828192797 0.6512876367879542 653
-0.1454099001371036 0.5425470658400255 654
0.1164826443886305 0.7471145190881097 655
0.4562973300952348 0.3752652597963546 656
0.03942061663414487 0.2537071605047381 657
0.5391635619413401 0.3452895464440834 658
-0.1435851637974964 0.126433266514841 659
0.5786684154830367 0.2684090997891763 660
0.3973116838190831 0.6580536623291104 661
0.3861696515222154 0.4668635770942533 662
0.6614144653604975 1.300797156609064 663
0.2299725499377579 0.5397245537332686 664
0.7419836094879595 1.373404049614771 665
-0.07661341391681491 0.7824965243934056 666
0.4633996098444513 1.145127213344563 667
-0.1451506565952011 1.108207718463294 668
0.501518923212308 0.9266710607867948 669
0.02516657463475559 0.05933130060501276 670
0.4765522098461338 0.2793078625437832 671
-0.07127067003348087 0.4949659708777437 672
0.1836529652464182 1.288869689925507 673
0.6749023847473505 0.9493788937437708 674
0.3627826000318502 0.6482377176887784 675
0.749149788013499 0.8776965531402109 676
-0.07741112640489882 0.6062754131584944 677
0.07524738912875614 0.4018343258379773 678
0.06999735129445259 0.6694998758105903 679
-0.1484502036773988 1.379581304802992 680
0.3127603085483207 1.181401642977933 681
-0.1491468001465734 0.2516233356018852 682
-0.01209478861068389 0.9050191997690892 683
-0.08095610230695768 0.05169105826100995 684
-0.01377002526116039 0.3452576465747973 685
0.1609316022032233 1.097200504295003 686
0.5972069876899324 0.8994452074268662 687
0.2453638769287507 0.1444043447766251 688
0.4188877841728564 1.251946033958322 689
0.497638712439829 0.6815781735633193 690
0.06448195779904312 1.242027765046937 691
-0.1468052085059637 1.280772041021512 692
0.5641775359546086 0.4433145530613096 693
0.4828594624859673 1.101538980228364 694
0.2423453804067522 0.9470850851257399 695
0.7504584759200787 0.6037921511533919 696
0.7525013548421443 1.451630056890814 697
0.5754851229036627 0.9765002479108753 698
0.534380931313607 1.174583903001909 699
0.2356623499110273 0.1980100268828241 700
0.02362094955041642 1.002437228567353 701
-0.08821460285395323 1.215475034644269 702
0.6446297331184058 1.014032221876068 703
0.4958492904656445 0.6422434504219399 704
0.5977144667571902 1.235818653995803 705
0.1105389013216015 0.3187936861420201 706
0.075234749885771 0.5398928101070627 707
-0.1521067238639274 0.444623950376474 708
-0.07743685550848156 0.2898144740701302 709
0.008519140829921975 0.4382725082776054 710
0.1641522722193359 0.193520677109988 711
0.5748431529610091 1.28498981481581 712
0.4371933692724144 0.2109686946359169 713
0.5755023944406226 0.6919543357573581 714
0.3844008835191454 0.2550891296948538 715
-0.002081826291654662 1.175768859319324 716
0.512611133364642 1.454281690158592 717
0.6245929436005299 0.7797071897593781 718
0.2467969218380171 1.261856005207155 719
0.416777312899433 1.069316229377296 720
0.6706712076297228 1.106379419927681 721
0.6560443621198785 0.6394284317082639 722
-0.1455823085020071 0.8512582004712818 723
0.2064136433354126 0.4224931970498022 724
0.7029246994824845 1.369529307062115 725
0.6087442053541442 0.4168236999580993 726
0.5071486890031218 0.7734645597075106 727
0.5729248950752263 0.4920495077758855 728
0.7544844396169779 1.225627552852323 729
0.6851138346741962 0.5751318846753922 730
-0.03939540373199649 1.075668019706197 731
0.1852544403675921 0.4891637400246177 732
-0.0653046465787442 1.295316646258735 733
0.5035046349752902 0.3793719961458188 734
0.6953561234402096 0.8873106403527278 735
0.2844445114045799 0.4839216892635332 736
0.4741861436161363 1.314694636653513 737
0.6930104887513903 0.4139322964549048 738
0.6222515865395485 0.2697802171486389 739
0.1350319281318379 1.377702757670016 740
-0.101318548109528 0.9541204225809383 741
0.4077578726946659 1.388116680426924 742
-0.002285107464504266 1.37141984702408 743
0.477361847253338 0.4718517242992172 744
0.2825446069644896 1.319364097982974 745
0.4029975200411168 0.3819286065591379 746
0.2718598415894796 1.013003877892442 747
0.7064860411372941 0.3076649478926619 748
0.02765123804091987 0.5782795984802535 749
-0.03356030509795581 0.1177521860941619 750
0.3694968760944954 1.449900932488964 751
0.3720744652398132 0.7425296717914082 752
0.0122184511397017 0.4868066499319996 753
0.314792716127451 0.5925844019537493 754
0.6588235908244767 1.396076416296738 755
-0.09171237993485974 0.8704974268348799 756
0.3215201026860875 0.4044271132894313 757
0.6184552102467985 0.5155666269200661 758
0.08201433882717524 1.452916815087513 759
-0.09134268925046908 0.3720844270914834 760
0.0655462122873708 0.0715600594410913 761
0.03413738241421886 1.0854374840574 762
-0.07289289330500166 0.4503656903438708 763
0.1573035251324085 1.455514098539438 764
-0.1546867678320415 0.9972982111265827 765
0.7550621618541655 0.8119565343524703 766
-1.26685983269316e-05 0.6262073499941045 767
0.6713385950235202 0.3553986976900053 768
0.2642317232965177 0.8506787517213348 769
0.2016172029456617 0.1252656894408646 770
0.7664130874665996 0.3254148023286523 771
0.687312519890245 1.043630458102451 772
0.312975950415056 1.394612873744885 773
0.3883214226576321 1.021499610020036 774
-0.04966894743580193 1.383489376444644 775
0.3361298911465675 0.9533688358248016 776
0.2362687193129234 1.040713929832579 777
0.6999368863649695 0.4999430221645994 778
0.3760145965004663 1.110657288545971 779
0.393242601610959 1.15521876776712 780
0.6118472818305239 1.376065002817982 781
0.2147522367988957 0.7190357195430165 782
0.2480967535900548 0.6378401257748488 783
0.3533583971822765 0.8676169134133715 784
0.3030750200799792 0.8863535868536971 785
0.7567566810802762 0.7310905265088451 786
-0.1534536344611336 0.2125809564603203 787
-0.1571134556415832 0.720605215640037 788
0.05460695968665935 0.8857294226032312 789
0.1296398258963323 0.6213334666508731 790
0.509620261027342 1.272837963678532 791
0.0003143176574765187 0.8239253552397062 792
0.7583789050507137 1.070720478194843 793
0.6992101144425831 1.136596164849589 794
0.07028860286264448 0.7663082518179063 795
0.6833915251270134 1.196338900853525 796
0.06700462398703616 0.5000337024757533 797
0.4296638218135049 1.297830352160642 798
0.756329750152866 0.4458571214921453 799
0.3417656954465633 1.305604955307012 800
0.2028522384940012 0.5741199546656803 801
0.5607068442140514 1.13847990000289 802
0.6183915563931954 0.867673290474977 803
0.2695484147578338 1.109339763553308 804
0.5163711718290763 0.8851846685701458 805
0.1352968349897402 0.7054531813528503 806
0.1334080588696347 0.5373323200763018 807
-0.09073363302439642 0.6991583573086435 808
0.4570749737445006 1.224814699922843 809
0.3209503034109126 0.3270778133793577 810
0.6149052970066371 1.144455910791208 811
-0.02226601537200428 1.217896242133755 812
0.4701765781461431 0.9953214296646072 813
0.1882627317904511 0.3490111422771209 814
0.7003628432850034 0.7982394681916242 815
0.174381389607138 0.271462094349144 816
0.1309794469888056 1.237121923310079 817
0.260400645722175 0.7006123813856301 818
0.1310471679467465 0.2850421007838543 819
0.6955260324641808 0.664860652809237 820
0.5570230322208189 0.8222177890841313 821
0.2126413538737622 0.9094312214868623 822
-0.03250113302130374 0.3011922366499106 823
0.4789156998748889 0.5750731511853537 824
0.4109166940480111 0.8368264249336259 825
0.6820702489854618 0.7254924471006158 826
-0.159747005927755 0.578795459532485 827
0.5699416925874687 1.067510525354038 828
0.4399245571792381 0.9046282396974452 829
0.7570250755513444 0.3678226845631666 830
0.05868763654652259 0.9718587830132053 831
0.05167348528348741 0.2996154911247757 832
0.3056739232495578 1.230238365724329 833
0.1456424390315559 0.481812314302158 834
0.1355519534228804 0.0955147790537542 835
0.09085128526164067 0.6279118644474813 836
0.3532417575222332 1.264686322308521 837
0.7037279694551339 1.463832469140524 838
0.6222974252014506 0.3399233560749298 839
0.4035192776513838 0.2951567978510957 840
0.3060591298256685 1.138500181434736 841
-0.0009610956006978679 1.457086869169867 842
0.2922300338303279 0.7850615938776904 843
0.2088951637900557 1.458738087062074 844
0.4487075079102134 1.461492337791051 845
-0.1558657622205385 0.04417282486892183 846
0.2055432824239522 0.6432654370658943 847
0.1234573453612997 1.102009057196496 848
0.1456342230701876 0.3504902926826709 849
0.4491653431345567 0.7830602711150035 850
-0.1558939396271339 0.4003291677159592 851
-0.03395776728242411 0.6353722847168078 852
0.01287104335699199 1.401555133947191 853
0.0880434233893347 0.1484296578669366 854
0.491028584938956 0.5130031741993055 855
-0.03126784491538733 0.9434522541661242 856
0.4466287042247128 0.3210242256268453 857
0.313559878701234 0.2834534470714021 858
0.1391808946711311 0.4203004566036659 859
0.2708398151921725 0.5201652069664221 860
0.6525103299766412 0.4948572969409789 861
0.6299813369084761 0.5555755662471673 862
0.5214705514431852 0.2330610018963125 863
0.6543001754341503 1.254482442034577 864
-0.1639739300840501 0.6462123241761744 865
0.4241594328969787 0.5221162199862622 866
0.03624882178995963 1.127649561906304 867
0.2591543839210459 0.3400342291324786 868
0.6229643310145345 1.323868278513686 869
0.2295635851298491 1.143321161389131 870
0.5455504410970323 0.3065902372176563 871
0.3098276651897681 0.1525889909783496 872
0.528604922542814 0.9632783577494396 873
-0.08611978326531838 1.151402477156106 874
0.07207865253895113 0.5871824761606224 875
0.7607394887917436 0.9203758643470992 876
-0.1550804847173727 1.18148648764163 877
-0.0986506603193307 1.454564766809574 878
0.1743747401753132 1.379869610094802 879
0.7620441860939181 1.17143632789665 880
0.7574197241320643 1.410287145787442 881
0.5962774022875587 1.460584585790399 882
0.108624512764982 1.299906302170591 883
0.1960968905143061 0.2216198334539542 884
0.2497775119683415 0.2744508361239533 885
0.5438774763869011 1.347014963905173 886
0.3808968240534789 1.186629330993223 887
-0.05502807831977254 0.5609677419717776 888
0.02994012124926905 0.3273070906432468 889
0.04328997977001588 0.2138026682016394 890
0.2313159017758865 1.402903356787037 891
0.2203076757992125 0.8652761888236872 892
0.1940983489246849 0.9793502310483074 893
0.5798060277853068 0.7462853925971672 894
0.3086908365092578 0.2115907423372028 895
0.0005380478444501111 0.2548318843835236 896
-0.1596492544822699 0.3299800268963854 897
0.5602800589283619 0.5755926367122246 898
0.1617038564198769 0.5797187250535757 899
0.7600345413903056 1.309356428241133 900
-0.09350805799320223 0.1989342734651375 901
0.5124180537341887 1.409731024700978 902
0.3724763315605668 0.3411429912224902 903
0.7587152824872057 0.6904519730643536 904
-0.03617858704665151 0.6828009387532324 905
-0.08789843467495351 0.1566566602091274 906
0.3282249699160335 1.059899416778213 907
0.5469191767036041 1.102774503973075 908
-0.03725127419595524 0.2212868449831868 909
0.4414468889395078 0.8629272439211902 910
0.5395744465468184 1.031400741482598 911
0.4481762455357305 1.389772483910147 912
0.3751846422311179 0.9072817733362692 913
0.5811404149457814 1.400104557013659 914
0.09954754722911804 1.265451234131095 915
0.09377069576467603 0.6937664982416654 916
0.4222019966421181 0.6263051707171652 917
-0.01026076057662552 0.03534373358699871 918
-0.1053379292673271 0.3354411337815847 919
0.50987342612715 1.23630270838122 920
0.05621871534278126 1.20253343153723 921
0.2554478567840407 1.348431167677027 922
0.2002968028122223 1.331221517874288 923
-0.04012712432191259 0.8778026043223455 924
0.5595057824222502 1.206896129494829 925
-0.1077959364416104 0.6477497633985375 926
0.6286712422285631 1.098472252307115 927
-0.1573402484454949 0.9190363474797523 928
0.6086292517181762 1.059807218832384 929
0.7077947166178034 0.9657402188190995 930
0.704291639488298 1.289712662133955 931
0.5133971563994196 0.3057514830035623 932
0.4869782950205288 0.8387834823038915 933
0.5256009256606865 0.4319142959190403 934
0.4575542341935935 0.4453928975547738 935
-0.1557198896993733 0.08612610181529266 936
0.03322189648269855 0.6924942606390727 937
0.7620527496929693 0.5362857177583389 938
-0.1653905863394668 0.5009199229408859 939
0.7103113599123546 1.219738427411044 940
0.4532269082201491 1.184920915257847 941
-0.02478113067864833 1.146591006996806 942
0.09161863855323824 1.034597135237506 943
0.4834216451090536 0.8029507994933845 944
0.06229905288310576 0.1208937526079809 945
0.1608830205893909 0.9218037496772187 946
-0.1586373202429861 1.252799723677057 947
0.6216747037533543 0.6887160382573753 948
0.120665933032955 0.2132658261455371 949
0.6529277517517479 0.7373219270440462 950
0.0849026026656617 1.166145246233168 951
0.6280560968129876 0.9258005290171193 952
0.1222867959091311 0.1347494770902224 953
-0.1616489978205801 0.1533286756662293 954
0.5931950574996941 0.9446375128348002 955
-0.01010682775866235 0.5570388637904479 956
0.6645147334499114 0.8623918898733317 957
-0.09335049599326073 0.09200754567166987 958
0.03931357743110839 0.7640525931966086 959
0.1608694672123957 1.248944647764447 960
-0.1082509783847414 1.035457395452091 961
0.212676740829167 0.4576011289588414 962
-0.1107691818917157 0.4528901605226386 963
-0.1638017796112025 0.2880710897165376 964
0.7209902906709977 0.7360686769074577 965
0.3683727992849697 0.1785122176520724 966
-0.1123562773148803 0.03637535552029141 967
-0.1104031452345687 1.124082819717882 968
-0.0523033109683948 0.148739015047914 969
-0.1057706316977135 1.304458442148356 970
0.2254967208522304 0.8021388078848983 971
0.09245274848571305 0.4758314627803679 972
0.6300424593211799 1.176431915467578 973
0.3762758856196924 0.7897013672005215 974
0.2813974177468113 0.5802609044936634 975
-0.1607581128461445 1.073599117587112 976
0.3328446165526546 0.81783112605776 977
0.1124879658689023 0.2437312427495511 978
0.419804185179029 0.9598926914052617 979
-0.1049556409144384 0.519998618791601 980
-0.1570217705706985 1.138484532466081 981
0.2817044436393632 1.457805584169284 982
0.09605210638173278 1.397228953629561 983
-0.1568169627519604 1.346337485419187 984
0.6640045346489025 0.2799176546925908 985
0.2506930297862087 1.186636618307059 986
0.229865160587179 1.220843454793347 987
0.5011662326994936 0.7304794749432673 988
0.3847839115935746 1.231011524593474 989
0.5739400110137106 0.6425313847034907 990
0.5442993277066688 0.6269163169594477 991
0.3463262780331524 0.6063100716452177 992
-0.120063325320228 0.5763315306234751 993
0.1402285060377101 1.312769606264103 994
0.466465972342811 0.7055662993266758 995
0.6160611706008513 0.6153275323013138 996
0.64247006021546 1.463085042756818 997
0.3629868592091724 0.9420913746299869 998
0.06437112226971085 1.329242428204744 999
0.4995862957976911 1.160930682661256 1000
0.6061495461760033 0.9982447812093348 1001
-0.04610720456510582 0.03427088370805466 1002
0.6914716262568713 1.329154978184306 1003
0.4597295562510834 0.4014031053977579 1004
-0.04969048063998893 0.8079414340786275 1005
0.4022907040462522 1.321489549603935 1006
0.02440626893708131 0.1492654600211395 1007
-0.1627493060156985 1.409346822051285 1008
0.03174809256195893 0.6603042427027573 1009
-0.009619718625849543 0.9789158409659227 1010
0.6979259396566087 0.5416802058037316 1011
0.7619816629927675 0.8501451143074216 1012
-0.02921849044230627 0.4315750918024782 1013
0.1611421979950764 0.6431585595678998 1014
-0.1125433067688583 1.363620307444128 1015
0.2907896649050597 1.35608564165716 1016
0.158542826928744 1.417432240719103 1017
0.4328665839800476 1.15988134111121 1018
0.4673055440394996 0.9230017817328205 1019
-0.072793645839 1.247419794864705 1020
-0.0992916509167428 0.9087825824203194 1021
0.2818455422577442 0.6652969434262233 1022
0.09582027092873618 0.9593638075449534 1023
-0.05085087553790545 0.7559143188030459 1024
-0.1668177857880505 0.819080141290641 1025
0.1184045864022152 1.462863851239534 1026
0.3568467642149925 0.2092959700466085 1027
-0.003640692553304162 1.077990780011634 1028
-0.03700333341457566 1.01693853736814 1029
-0.06430700392679616 0.9995841926722716 1030
0.1448962554822667 0.7653259868033667 1031
-0.1151458567207981 0.2695449191631302 1032
0.03808208532412696 0.4195314083932172 1033
0.2867793906850473 0.4439833173486227 1034
0.5609150010887208 0.2435466945337525 1035
-0.1632550767077612 0.7585595441826919 1036
0.6573575655396797 0.978690139571426 1037
0.3570677288618908 0.4759403398460992 1038
0.3521450131814635 1.370989163181752 1039
0.4915571844355748 0.967422281079219 1040
0.1016304521061664 0.07214313401847551 1041
0.7646362421517744 1.003885369354948 1042
0.1083048674441834 0.8374620369781737 1043
0.1580116881373363 0.9660839121880052 1044
0.2476191878618722 0.3911069878316966 1045
0.7629891206942301 0.5719260747009564 1046
-0.004324815146199111 0.08944215941965356 1047
-0.1650222413868432 1.463469453206953 1048
0.2817967569045149 1.257848493844207 1049
-0.05857927507648856 0.09585907698819057 1050
0.4149037127460556 0.1868441292960144 1051
0.7131568270228759 0.3874887843810722 1052
0.7202522715665669 0.5900152331579971 1053
0.03972835136697174 1.259212350060844 1054
0.1535349842345309 1.036125367751063 1055
-0.04093542084851582 1.461963933523025 1056
0.0722292361350001 0.8153258777897349 1057
0.0397621575085928 0.8352235707036045 1058
-0.01912239406342063 0.3780336253984374 1059
0.3255777509475971 1.462150983382627 1060
0.1995723591706122 1.082216582932748 1061
0.08463298133303021 0.3723203931325175 1062
0.08381838726231457 0.1872660698890982 1063
0.2468460225759822 0.7688596506674628 1064
0.06114938883091843 1.005961321110602 1065
0.6069545702373591 0.5825557031727987 1066
-0.1662079873742136 0.8789739850016567 1067
-0.1141103000996277 0.1353508087749067 1068
0.1234441226472251 1.014318655453169 1069
0.44707445940726 0.5734215726725524 1070
-0.0185442124774055 0.7088973379794697 1071
-0.1126988800606002 1.192293971894768 1072
-0.002521440015618893 1.252715041172914 1073
0.02253754842144489 0.1870359735618363 1074
0.5110227452916696 1.095077428269986 1075
0.265729786595802 1.290283416770569 1076
0.2147767780113449 0.5115160079501351 1077
0.3344640819585009 0.67766222493478 1078
0.1282053806261179 0.9776674858844702 1079
0.6794808494669641 0.9129697950221517 1080
0.3510269183984197 0.5331792981684514 1081
0.460157978461201 0.6396767748991621 1082
0.1763659219307054 0.8554501114857289 1083
0.271140785611945 1.413259255741915 1084
0.4285144572820289 0.7601402396908435 1085
0.2397784557787977 0.7392295448995416 1086
0.7668370045448345 1.345479766621042 1087
0.3514478143628257 1.00863795268 1088
0.4304755623709191 1.038750767054369 1089
0.538123508716298 0.689923229834331 1090
0.2956536408386302 0.8137457469526529 1091
0.1789072882032764 1.179356963519422 1092
0.7596012080402146 1.110449203043664 1093
0.1903701434124016 1.206879523237108 1094
0.2526315137477745 0.4571316421190174 1095
0.5332948802083856 0.8503840568280568 1096
-0.1149790745953061 0.7712883986359383 1097
-0.06993405841263804 0.5325211321482651 1098
0.177465965437769 0.7602597796260205 1099
-0.02020112950874949 1.281987771515217 1100
0.6693381488144645 0.6073161765242162 1101
0.7246001904151996 1.000270054132485 1102
0.09707241525904284 1.0671599367295 1103
0.5721185901167742 0.3523699488539099 1104
0.416680928215284 0.4549729852741609 1105
0.3625016689371925 0.3787778989278082 1106
0.6733632050524538 1.226291132910169 1107
-0.04300576864359962 1.356729605331694 1108
0.4537513197685352 0.5070577968924316 1109
-0.04990900838558174 0.3693854048199932 1110
0.5829485185779593 0.7844675799430969 1111
-0.00367747220290299 0.5218451545241388 1112
0.0105531643356636 0.7775503982622116 1113
0.4434933125130633 1.086070832462905 1114
0.04623278965192903 0.3677564141948045 1115
0.3122350245041983 0.9849288377053358 1116
0.4220245701508413 0.5959106180758761 1117
0.4902168872911022 0.6054230003679701 1118
0.01606483856854914 1.15448200885181 1119
0.396892510915159 1.462598514316306 1120
0.2368705776082739 0.8337116714444168 1121
0.5809330621052995 1.369811834370297 1122
0.4175265289928771 0.6842976099934923 1123
0.06485818340069006 1.426359466398268 1124
0.177204161161694 0.100769187274088 1125
-0.08412374736118755 0.4189449040530103 1126
0.491402966415274 1.07048880442213 1127
-0.1641349372464856 1.314462899230813 1128
0.08472873391421172 1.128011630328618 1129
-0.1654180607284795 0.6826408067110364 1130
0.5519960574295493 0.9023885037270434 1131
0.07789442894488179 0.4305604027264591 1132
0.4709659172669613 0.2048422867924931 1133
-0.05989943758088839 0.9578188864921381 1134
0.2497019592970846 1.077745002100168 1135
0.1450731780822957 1.126761011068015 1136
0.3405783669707935 1.17902307636314 1137
-0.1218870139289661 0.8524271059728893 1138
0.03565019000768738 1.3110217807582 1139
0.5053920790832646 0.4576980032716713 1140
0.6774704671504893 0.4715018412815391 1141
0.7663209290740848 0.7840778275294632 1142
0.2874465584865483 0.4077100536498212 1143
0.2647402005137706 0.5525789706539678 1144
0.1446632918017459 0.8777476193986318 1145
-0.1305970440504031 1.407376942161377 1146
0.1525715783941227 0.5125606207773225 1147
-0.01409808967021842 0.8587316396085561 1148
0.4105143858203193 0.2277290303688397 1149
0.3808216121246721 0.5520693379881408 1150
0.2904387385809596 0.336988680066735 1151
-0.02228927383388432 0.1890931434158873 1152
0.585920852957222 0.8530761411639594 1153
-0.07163432696389198 0.2207113676143048 1154
-0.07568810707022078 0.8469275701749929 1155
0.4367931895808433 0.2913410494089581 1156
-0.1647950767407317 0.6130965067764301 1157
0.5070240615833016 0.5500296325964388 1158
0.1885717642733028 1.112500360751029 1159
-0.1285326515464242 1.075806666425845 1160
0.3406318624980139 1.432670278623759 1161
0.4905620182469383 1.466664349747856 1162
0.04305858205837829 0.5647540093211018 1163
0.08764080339014005 0.306104397548174 1164
0.2772745637726557 0.617546559094984 1165
0.2057371260637422 0.3849300733339653 1166
0.4473663802062423 1.414868309292789 1167
0.7605037889123925 1.047587070835222 1168
-0.1632384748379434 0.4708476895217114 1169
0.2833714426488088 0.1433662943591474 1170
0.5550993673997057 1.004849526471452 1171
0.02536617025388763 1.050434149996714 1172
0.6479849770455055 0.7900239853462527 1173
0.2042632173308291 1.015663291315206 1174
0.7624821988857754 0.9561706487907876 1175
-0.04268392738347717 0.4991312493963684 1176
0.2148204490045266 0.6038132859526583 1177
-0.1188874786103841 0.2161706341955728 1178
0.3959134083483845 0.4922251908400451 1179
-0.02380544600261902 0.7406869854247495 1180
0.5345284490646518 1.468479070786986 1181
0.2504736709115366 0.1810340586868968 1182
-0.07177193147994342 1.068103453440354 1183
0.1343907877834647 0.8073484758312495 1184
0.7661280680784258 0.4287712479922074 1185
0.2152728579305577 0.9761952190776689 1186
0.6280076035377592 0.3689583037594896 1187
0.604437121816956 1.209720793611743 1188
0.7667209227020044 0.482557524810277 1189
0.7682749250431902 0.6271019429608918 1190
0.5374721738630013 1.291769013115772 1191
-0.08220368869844089 0.7346744495364875 1192
0.5764277276476411 0.3982543002718343 1193
0.3523231182540212 0.4385129727357568 1194
0.02544036061341944 1.191849533084371 1195
0.7301551963214725 0.3003204553921226 1196
0.6770766026111883 1.076377963147794 1197
0.1338942929665234 0.4578143390396199 1198
0.2323941617797192 0.1193086956821491 1199
-0.1660247638365004 0.9715969560067449 1200
0.6132818533763601 0.3076205696154669 1201
0.007965720061803207 1.318845559267306 1202
0.4933198262618583 0.2652580118039628 1203
0.06346842019877325 0.2519300400055126 1204
0.3033919466594204 0.747132744870871 1205
0.09911121422042202 0.4118618703580859 1206
-0.1695469755959664 1.025064720183988 1207
0.3521798163854165 0.2673791389046774 1208
0.3712942275603723 1.326661958872022 1209
0.7731277133082624 1.196468319283096 1210
0.2072881582048268 1.269664478823815 1211
0.3876278473207276 0.4247075505402694 1212
0.631012244641324 1.125127449293986 1213
0.2761136111127368 0.215019190640005 1214
0.03488165485317736 0.0911770557234549 1215
-0.1363205569068346 1.250151126059164 1216
0.538269656594994 0.7507057031643372 1217
0.2957989133723796 1.03903124089778 1218
0.2416387435757535 0.2402791356549678 1219
0.3842603334979178 1.42503815425197 1220
0.7663548131940505 1.246556510119776 1221
0.6368824321074137 0.4282447583314709 1222
0.7006627409715798 0.7656629293890634 1223
-0.06879727155866062 0.2598778732789871 1224
-0.1234834419548636 0.7098340249777153 1225
0.06967191762025088 1.36231634772047 1226
0.2490506451964745 0.3110963116519496 1227
0.03975793738828501 1.371265214821157 1228
0.5905374180104268 1.269038320488898 1229
-0.09729390515632159 1.429956572782746 1230
0.4651563475938753 0.2588554323997032 1231
0.1709039429573803 0.8250185555282876 1232
0.05781765434128107 1.463850551720639 1233
0.4251246607078804 0.8074840852604974 1234
0.3183854145687673 0.938884971827436 1235
0.7182417159395775 1.050284780640587 1236
0.3006493426995397 0.52167565089137 1237
-0.1780834360078618 0.3556491542371877 1238
0.4743724414938341 0.3647940117308178 1239
0.528187220205365 1.206006371655612 1240
0.6284589992449043 0.8313748407741285 1241
0.09767695462606742 1.234349090831824 1242
0.3669423875194054 0.6735688400681975 1243
0.3503746751951137 1.046410523387377 1244
-0.1773608241469253 1.209114145548 1245
0.05472597666903543 0.04670520067317301 1246
-0.05521158342747821 1.417040440060654 1247
0.5947468538571663 1.301727451232781 1248
0.3519399295832659 1.094672435759995 1249
0.604522541170572 0.2563636765791278 1250
0.6580701593552583 0.5630835461006205 1251
-0.1262936222568701 0.1005478030770588 1252
-0.02590845442561258 1.112365908317355 1253
-0.08522268516399722 1.182409128211572 1254
0.5484117944122141 1.31700689260086 1255
0.6748576348503005 0.3773305857431994 1256
0.2803164623432944 0.2753695202065974 1257
0.6896746225441177 0.3209491086992398 1258
0.6228824227589165 1.029458129544888 1259
0.2319834273102325 1.477684950254055 1260
0.3751958686727802 1.25650023282844 1261
-0.1338302456725197 0.3954815545580275 1262
-0.06055106995684051 1.210766772876897 1263
0.7269567840204758 1.249083789339813 1264
0.7250390984093947 0.4305380543804157 1265
0.1354091859139255 1.345613289113913 1266
0.3136456457117493 1.311247300324518 1267
0.5396313247024243 1.417751507589033 1268
0.1268465938836681 1.184774820436838 1269
-0.1292076481824491 0.8147211489989152 1270
0.3234848877174534 0.8751538137997624 1271
0.1848026827884026 0.2387555626945289 1272
0.05563311290625893 1.072650618091258 1273
0.4694323481536356 1.242751634387927 1274
0.639162502138938 0.6591504304856928 1275
0.3439482894488849 0.8404244171678276 1276
0.5332967457814316 0.7930520004183128 1277
0.1991989165098785 0.6881962913650859 1278
0.2824401994123323 1.198085106583752 1279
-0.1381206513535602 1.47061491849515 1280
0.6902059455004816 0.6981136987902984 1281
0.71768429958172 1.113559296351057 1282
0.1117444088947902 0.3467780521960358 1283
0.3955656149028266 0.8106660051006989 1284
0.2421232194697105 1.122893519829985 1285
0.1286470872530522 0.9112439569873908 1286
0.4518404149421578 1.12147744810486 1287
0.1805295954305389 0.4229637188392404 1288
0.5427366201119941 0.5097075545562376 1289
0.3812029830081395 0.6377420457513621 1290
0.4906514055184076 1.334741638344086 1291
0.5238338435230964 1.36619357707094 1292
0.6263827376458259 1.239294261094102 1293
-0.004278442221022969 0.1315978157044566 1294
0.7033915959211499 1.173342649586525 1295
0.1884062496767308 0.7873563985506115 1296
0.3817694133903522 0.5835544553669405 1297
-0.1259739625033401 0.9324544203437208 1298
-0.171762403095904 0.2352613452880291 1299
0.1079122966956271 0.5335335610557581 1300
0.4762148740268321 0.6688685724147375 1301
0.4377173169006972 0.9345038687173393 1302
0.6672568343148223 1.017738400526737 1303
0.3754663514387424 1.386700076431151 1304
0.3051900066391611 0.2480233475861836 1305
0.7374974886323397 0.4712513596751053 1306
0.08868791256138206 0.8839321730477921 1307
0.7277550556067833 0.6237251997379469 1308
0.684026448389441 1.417409510616537 1309
0.4980601045041262 0.2104553651800362 1310
-0.006210358245038749 1.010084958219128 1311
0.4724401648991443 1.34973413604828 1312
0.394779491678076 0.7052317265577031 1313
0.3824107000975108 0.8603220168227843 1314
0.6408047840339267 1.421402277223046 1315
0.2053975787369161 0.2811089891360619 1316
0.3144170032524315 0.6652252815717803 1317
0.01880166274193778 0.459661029093578 1318
0.424289580140993 1.467499862656947 1319
0.3532398475783123 0.1508276507818326 1320
-0.08107872597827186 0.806943878181388 1321
0.7671417251024375 1.476498687417264 1322
-0.126215554764979 0.9752346610685141 1323
0.4887917209606932 1.132790536569281 1324
0.7707735749588732 1.141652823730103 1325
0.1412296018618071 0.5886797419859219 1326
0.02427069020442236 1.476447062643956 1327
0.4530372002252251 1.0191896664801 1328
-0.1727859009020633 0.187777399531181 1329
-0.03680393336753907 1.043971701162268 1330
0.6835437371723694 0.4341302234499323 1331
-0.008026188633130614 0.4132333408651416 1332
0.3204267495815946 0.6265322781086736 1333
0.5582003142898962 0.5327555479538079 1334
0.7711288435552117 0.3888348760024974 1335
0.7717868019681456 0.7560842613039471 1336
0.7310700838200934 0.5225588332102499 1337
0.7258563680381971 1.159220149756266 1338
0.3988117195431823 1.007686267114797 1339
0.3145828906728131 0.372483068456837 1340
0.4902212105451831 1.398886310212953 1341
0.04386669490524187 0.5048048745638855 1342
0.1519280161947398 0.3764578649196779 1343
0.6923666550563148 0.8217946905360444 1344
0.4151013859992391 1.358461224115543 1345
0.2297813129629559 0.3348012206887472 1346
0.4297909540472931 0.6501542408622962 1347
0.6038726211928959 0.7506797414903651 1348
0.5876391592976273 0.4456540291805934 1349
0.6776022840334068 1.470964649597635 1350
-0.04996684915094549 1.323717140874907 1351
0.5820527663483763 0.4691186002249459 1352
0.1389914719426493 0.1562173178927639 1353
0.4498035676713354 0.7285639720485448 1354
-0.08491366877782455 0.6307269650891957 1355
-0.06411911149768404 0.6958529949399979 1356
-0.01126045291107763 0.276451307585847 1357
-0.172550455030818 0.5545977672181567 1358
0.5193615743257712 0.3582907626331818 1359
0.7142981839506937 0.8736919812067717 1360
0.4969907955009008 1.301796502625581 1361
0.531533400042737 0.3776757634556987 1362
0.3979257003088975 1.094265769344687 1363
-0.1260742882555912 1.016976334458678 1364
0.3134133256850272 0.4783627228359748 1365
0.3273845587123211 0.5656555733433316 1366
0.5774547686128932 1.473971280719374 1367
0.3540919324539314 0.5030039304920811 1368
0.7226444840473873 1.387795194869709 1369
0.5128075014538072 0.6644612774607437 1370
0.7251253930071204 0.6698541068243338 1371
0.7253291926560241 1.351647495815595 1372
0.1859913041818016 0.3166869978155113 1373
0.07233443445355185 0.9014154364447521 1374
0.2943788001780857 0.7226434808389396 1375
0.6346700697411936 1.397219525360677 1376
-0.08330336252031448 0.9767893244381354 1377
0.01591812915957125 1.427406912452977 1378
0.04699069808114857 0.9512924481834849 1379
-0.1732251684374233 0.7890973591549433 1380
0.2233160165496439 1.430881628583218 1381
0.5873933669951316 1.430312472332289 1382
0.3937867079510666 1.055354276145856 1383
0.5146897397271977 0.6170681262745036 1384
0.4158090809611383 0.360961553938649 1385
0.6335740840106322 0.4693126908805452 1386
-0.1377717774116724 0.755502517668865 1387
0.434370887469149 1.270383450925838 1388
0.4250464250071488 0.3927668174773003 1389
0.1923828008210284 0.6608151801195153 1390
-0.08244822845333211 1.112242575374785 1391
-0.01233464429903974 0.6466413801742108 1392
0.2379988129479823 0.7062846499523212 1393
0.6637879070216347 0.4274229095667367 1394
-0.07680377888419004 1.47573309669184 1395
0.3839579041182457 0.3095375439410174 1396
0.7720982989218116 1.284309342455056 1397
0.2250482806511962 0.1452113488184312 1398
-0.1322917441506502 0.3431192326257061 1399
0.7704902387865156 0.890991713387339 1400
0.1715742473846555 1.318566229304286 1401
0.3202908340089295 1.210817303569446 1402
0.1326504617124997 0.6733176542254843 1403
0.6226782613694161 1.353945861911575 1404
0.1666219763465644 0.7057513097963463 1405
0.3102986165766449 0.1837267374538068 1406
0.3038304810198993 1.07525728118002 1407
-0.09887776402972219 1.328523625302648 1408
0.593551350094066 0.298644239721975 1409
0.5499043725210284 0.2812352967065252 1410
0.2441020071973146 1.374956234277666 1411
0.7278446941290968 0.8935795151168044 1412
0.4797627067821793 0.7690721466293051 1413
0.5985125223197597 0.4936570293633784 1414
-0.07965824286720413 1.371616249033684 1415
0.0489227299668082 0.8567247714660731 1416
0.01863602891949942 0.3546290386860714 1417
0.7727657718511314 1.384623623386779 1418
0.7383881147872615 0.9500711910920232 1419
0.09467509009043179 0.7243142948539418 1420
0.3966540369618785 0.9525065117380596 1421
0.2052503379898609 1.147903278196429 1422
0.1031046771417662 0.7746187872367071 1423
0.6151964400887285 0.3859123951767762 1424
0.7279200381558695 1.475950722358655 1425
0.340246953918013 1.117034571461053 1426
0.7266919224029461 0.7997447741535919 1427
0.687497322647211 0.2771702738603967 1428
0.1726517910712045 1.018365684538184 1429
0.5814328407385965 1.153396046556086 1430
0.1045022046979628 1.374980811656592 1431
0.7663555847276287 0.6701445787129361 1432
0.7722932178545852 0.5111862743801966 1433
0.707303075839797 1.031126941593139 1434
0.2266982833812275 1.062837789491798 1435
0.4074989757357897 0.9036215354957159 1436
-0.05443743623279158 0.4748891793320102 1437
0.1879416744979487 1.475362230457306 1438
-0.1723281015227305 0.1141984967668398 1439
0.03208288213810848 0.2762533097178869 1440
-0.09430827755031809 0.4759830953399358 1441
0.4438808091834848 0.979412723215335 1442
0.1669287749265238 1.057854946882596 1443
0.02216250145326134 0.6072818477206349 1444
0.3485188493949772 0.3260645316297128 1445
0.3028061493775965 0.4266044141954929 1446
-0.1754865533613977 0.9435776809744088 1447
-0.05201934835211254 0.6122982241763522 1448
-0.09397456188325615 1.063195171055822 1449
0.7777615791089106 1.430143726074913 1450
0.09354444817815673 1.42620401448544 1451
0.2340962798379192 0.439914276930595 1452
0.5353053112063241 0.4557707595218054 1453
0.1406075245860988 0.7362193192072822 1454
0.1818960446558106 1.358680576897048 1455
0.1978145263341986 1.391634635549933 1456
0.7371613553819072 1.094290991628707 1457
0.2301414581153411 0.5649747326241489 1458
0.6225409177904035 0.8026727508242653 1459
0.5499359582385664 0.9590448717190639 1460
0.03445905866341399 0.7201429097627448 1461
0.6383710329337955 0.7108761799702923 1462
0.4410657808183513 1.32155545614912 1463
0.2248248199052721 1.33855806288268 1464
0.4612606100063307 0.3474784449215502 1465
0.2113483596018914 0.1889349269721291 1466
0.5691753604703237 0.3765302048886066 1467
-0.0003657127485494253 0.9327351496482524 1468
0.2092233014578503 0.5525881405497026 1469
0.5310753934796932 0.9205977807378301 1470
0.6722828415286113 1.280439230961949 1471
0.09369536127838198 0.6500457855782674 1472
0.5206182579198115 0.5621297747374078 1473
0.4596853843026907 0.234859965170495 1474
0.1214451100821723 0.8611051821352036 1475
0.6435776016334609 1.279517166928491 1476
0.4045269253794368 0.749482523392722 1477
-0.05318287717988011 1.150259132019191 1478
0.5310674746119206 0.4058311209825567 1479
-0.01869594875887431 0.4878274425138718 1480
0.7241113329753115 1.297769643057827 1481
0.01642571623397941 0.02914231935762319 1482
0.6481370093039661 1.323612542269128 1483
0.01363245680193559 0.8909271466904791 1484
-0.01414495944969478 0.3198185631607974 1485
0.2398619415030576 0.5167162873791766 1486
-0.08692951033356539 0.02551701139305495 1487
0.1382139932728652 1.082154964502529 1488
-0.03831058437305395 0.3275780158362306 1489
0.4375068089094817 0.5516272548628208 1490
0.06688987944188847 0.6425168304591353 1491
-0.1764820278918753 0.4255596959160737 1492
0.09110007094768668 0.6006756806974276 1493
0.6460627566219859 0.9456758416886567 1494
-0.175673707133518 1.11495478314202 1495
-0.1211508354863398 0.5562546505294999 1496
-0.1731205677884179 1.388224657582915 1497
-0.1299202654205396 0.5170480738518157 1498
0.5640286878758524 0.7174249820447572 1499
0.6975801746831913 1.398037491420404 1500
0.4909663909104066 0.8983718891594991 1501
0.668668812853582 1.367913865868558 1502
0.3281237729951781 1.257156269239627 1503
0.651999298871658 0.3455878818234531 1504
0.3471559873541826 0.3969592643906821 1505
-0.06095317662066423 1.095336495876766 1506
0.4254281426371507 1.216803569307444 1507
0.070546667215445 0.09870386615470968 1508
-0.06578288454814366 0.3817693156548841 1509
-0.1773003533917384 0.2645845842579875 1510
0.5493704010483326 0.4864010407939198 1511
0.1695051787301782 1.269026388156959 1512
0.7726532889728379 0.9808971368728513 1513
0.2333127524945112 0.4127616919717488 1514
-0.1310382129883693 0.4193576978036538 1515
0.3257271752501178 0.5335683000132336 1516
-0.1032402526728655 0.8013892507947312 1517
-0.0236313477337606 1.389139973792104 1518
0.05550326289272872 0.5254931310977067 1519
0.7628260297631498 0.3468766106411608 1520
-0.1760237816443896 1.433621891630261 1521
0.2404618099450861 0.9166559804051556 1522
0.6242913219649262 0.885287157405241 1523
0.007470365478737481 0.7051000725082878 1524
0.2158810953116566 0.9360643964252079 1525
-0.08184099288460933 0.31711948401402 1526
0.5625149576435751 0.4218835345085094 1527
0.03059221351222117 1.026881176145807 1528
0.6971922916074575 0.8567251609188176 1529
-0.1782078853533744 0.06801811788463338 1530
0.05727431825669849 0.2759643178890289 1531
0.3442931916469983 0.9819398544671222 1532
0.2510224144911538 1.022720393399892 1533
0.3607570005346697 0.2337773205376205 1534
0.5609062024292596 1.171882074198448 1535
-0.05986827751458041 0.2834160016426555 1536
-0.0941246658325543 0.5839855171055449 1537
-0.0332806047555142 1.434876908630556 1538
-0.0245834971813144 0.810051566823237 1539
0.1369254297942356 1.477619568039312 1540
0.02189380944628137 0.2337642319825173 1541
0.5368222765541396 1.15354062125644 1542
0.394564480251878 0.352317095679767 1543
0.0850334911711049 0.5212217394245727 1544
0.5827983268178899 0.2412751591739155 1545
0.1047638462207318 1.170544027485602 1546
0.6140483330251834 0.445566223968668 1547
0.1190127264400022 0.4810952940964547 1548
0.479789688930848 0.4049681173207063 1549
-0.1366649191018622 0.1486270561457028 1550
0.7160307049536841 0.3268715712129477 1551
-0.007665365563060343 1.206067730212372 1552
0.3742729567498542 0.2803041353126962 1553
0.6763626659684855 1.134083950081286 1554
0.584424985832296 0.6686549353113731 1555
0.2161567811795126 1.294399612342261 1556
0.2949175914151085 0.8662384886958295 1557
0.04376383295605893 0.5928713501133686 1558
0.7362564678468035 1.422599589570077 1559
0.3512444800879317 1.347593322677535 1560
0.3269038551812903 1.163358645621593 1561
0.2984854921641657 1.160646296413012 1562
0.2678641530329279 0.9544889579015067 1563
0.4017172550679795 1.271491706054745 1564
-0.005582671955189683 0.7550214559280289 1565
0.4794018806405713 0.3108373287436856 1566
0.6802719468780997 0.6475555531816057 1567
0.1821632743146547 0.9088804028039101 1568
0.6637474139872449 0.6672926154561978 1569
0.02750506476687096 0.9756412759098858 1570
-0.05989834951383295 1.27381798974847 1571
0.1240666825095536 0.7846599905129613 1572
0.2448553623970686 1.233049386950713 1573
0.6290854362430967 0.6406341600406404 1574
-0.06286579633011045 0.8700715990665998 1575
0.04224237413398309 1.227681038281802 1576
0.1917598592377735 0.8765632795071986 1577
0.7791280099700497 0.5995279026052228 1578
0.05896977232414394 1.266923597015937 1579
-0.1259332051602385 1.28377190478221 1580
0.5740677201472989 0.9170226474780481 1581
0.651469341475759 0.2632225325028925 1582
0.2615947354192817 1.038203628430858 1583
-0.1140723061439181 1.241737785746181 1584
-0.1760622944841929 0.5275019092076362 1585
0.5848790540116606 0.5752757225585112 1586
-0.1352349833554585 1.133042677499012 1587
0.2669847386775127 0.1622891309283817 1588
0.134570657545303 0.3099472163534477 1589
0.4521269334412897 1.294189759719215 1590
0.1037239683639703 0.2955944262536279 1591
0.399673929045837 1.125886349775 1592
0.696484202709488 0.9313262639824627 1593
0.3717292355043643 1.167861266929812 1594
0.1500217736116117 0.2643683711483434 1595
-0.04299228354157269 0.9166969291612687 1596
-0.02115060551240467 1.189000280011884 1597
0.6925911822147809 1.096336534730584 1598
0.1676649191578127 0.08154095311018944 1599
-0.1023353614504757 0.6083531171706351 1600
0.6736765293519456 0.8055164161558869 1601
0.06607558000966425 0.2054493555761123 1602
-0.1766346261650636 1.292174553351336 1603
-0.1317665816751573 0.02112845129546497 1604
-0.04729633379833202 1.233086021892645 1605
0.4811915723888938 0.9436473902861729 1606
0.3511926690352538 0.7263196639028804 1607
0.3012850022232689 1.478927484271304 1608
0.1954172014741481 0.4412765433126543 1609
0.4975458908456187 0.8704508259265989 1610
0.6548094927988731 1.177169544320716 1611
0.1345928867795294 0.1907304933077634 1612
-0.05429926723278099 0.06236101965959417 1613
0.290422472929436 0.9945682108464063 1614
0.2578332276229321 0.5016053467629388 1615
0.04483326132922358 0.3950805624739415 1616
-0.1366771964291313 1.35596157690898 1617
0.440265205022062 0.1828871953282916 1618
-0.005015331222375888 0.06509578359351281 1619
0.4417416444825913 0.6942484290256221 1620
0.3434920922265163 0.7053770051509411 1621
0.1852212493475597 0.1399922399612069 1622
0.3470113118637586 0.7541688058370517 1623
0.7447137640367943 0.8361800219144727 1624
0.5185723701829312 0.3297546070776569 1625
0.06386894097314834 0.6938565747666228 1626
0.315961276075962 0.796249077899334 1627
0.590711525268984 0.5171712654851637 1628
0.7129080068296928 0.6480514103841599 1629
-0.1212394895851117 1.09845069770807 1630
-0.1732043968509953 0.8397378361010885 1631
0.007750183719063734 1.343929613781478 1632
0.4765782535135951 1.174214310851892 1633
-0.1230532292592049 0.2449636087152265 1634
0.6810941850061353 0.9748000305845301 1635
0.3279866353441122 0.3027195865092449 1636
0.1970208033296362 0.7433979762837186 1637
0.2922654363277622 1.399707329713934 1638
0.3744678617433634 1.138371694469937 1639
0.1704326594840179 1.22044147382678 1640
-0.01467183899671654 0.2315079246240791 1641
0.5758889253378929 1.004556646869116 1642
0.5710344137716125 1.226102057590125 1643
0.5007209357733023 0.4892613931995344 1644
-0.1292551079010398 1.3052517391856 1645
0.3981163346992272 0.26978895110425 1646
-0.03586468035651615 0.1713521215477809 1647
0.3343411020253011 0.4266457016287872 1648
0.5971356658253696 0.7024339867141397 1649
0.58067620816058 1.210022520097865 1650
0.7756435310819405 0.7119541737241715 1651
0.246323429862552 0.8743295013526811 1652
-0.1050196408711673 0.06152288209736554 1653
0.2636041389831832 0.1192392933087486 1654
0.1863560122139812 1.449765491102034 1655
0.1688739200072967 0.4728435664309715 1656
0.2490982413206609 0.6628148995061649 1657
0.5999149623108732 0.9674664529884798 1658
0.6435781374564827 0.8737226697913258 1659
-0.1009729597237804 0.6700557152792836 1660
0.06655456070110255 1.144812805849221 1661
-0.1155618198574524 0.3591346172750448 1662
0.5587899673108264 1.044588323629933 1663
-0.007413973967940076 0.4537390170936818 1664
0.1673320455959519 1.11942129685491 1665
0.2732056118747266 0.878413422612475 1666
0.5611323765627853 0.330470622404477 1667
0.6370368945545054 0.5323292069290546 1668
0.1635031638459349 0.2260239350853067 1669
0.6503356363658804 0.7623528851945124 1670
0.6017247170847696 1.0866510690092 1671
0.1674633626668836 0.3626356698842941 1672
-0.1395762226392456 0.2812799671971119 1673
0.493179284303534 1.440133940985704 1674
0.09226756257285483 0.5715319687147523 1675
0.4931031253437068 1.0156469557712 1676
0.4688204405034421 1.078644650626676 1677
0.7781995566789015 0.3068725230421377 1678
0.6965129764785534 0.3643275853950708 1679
-0.09679548489564313 0.7585092348470617 1680
0.594503934904444 0.3451503335554384 1681
0.2399944933005971 0.6203786291035177 1682
0.02704219723538416 1.109118219650082 1683
0.1865717782606583 1.260512675193551 1684
0.4530410557003937 0.4658842727256611 1685
0.2480218316049221 1.164181085954995 1686
0.6448431640846077 1.035703501361986 1687
0.3938411367045458 0.4033378499133327 1688
0.6773619822076853 0.5065501962152079 1689
0.3146431291046843 0.34808924723242 1690
0.05443690372340102 0.9161841095977965 1691
0.01492754103472709 0.5567697042336991 1692
-0.002258757132952369 0.5984115742309014 1693
0.7394027605311289 0.3446722579825457 1694
0.121531647641818 1.327024307276643 1695
0.6245031272737533 0.9873025578133616 1696
0.0159110663516573 0.4136715938080034 1697
-0.17912623822987 0.6624574452699568 1698
-0.1368727265865032 0.4663014831008651 1699
0.03274980613402851 0.4794777724966295 1700
0.2607176139631358 0.3693728472398368 1701
0.04710835543650736 0.148576121274825 1702
0.513653631461722 1.481898862212948 1703
0.1348147268170442 0.6481298184904694 1704
0.2270779062173232 0.2263328447149798 1705
0.1880873284015474 0.7190197776308254 1706
0.4244679672550209 0.3106268924792179 1707
0.1864313836363282 0.1864966000898224 1708
0.7410312037369789 0.5813042856237104 1709
0.6452702371834985 0.9204369612780871 1710
-0.12218586612873 1.387290624229321 1711
0.03084902428354348 1.281536387451885 1712
0.4972611100558851 0.7509107723008204 1713
0.6787602854790168 0.3029420741276676 1714
0.5676017218283463 1.115788015095069 1715
0.735138812282185 0.3666361538603032 1716
-0.1042153127586667 0.3003898525460939 1717
0.4031638234471919 1.416299695157681 1718
0.3375797787007814 0.5863854437822497 1719
0.4627396975723437 0.8455314479025687 1720
0.06965186999378395 0.4752938831787799 1721
-0.1783783936494716 0.7089694380256684 1722
0.7470870548190877 1.20148769436759 1723
0.4385218287579971 1.063281030069166 1724
-0.1802632703128438 1.051736206558827 1725
0.05572450259281098 0.7462077821338108 1726
0.6260302433338415 0.492466128690768 1727
-0.1768744800762854 0.3117664466410138 1728
-0.1235974476426937 0.9535969950165768 1729
0.153092177189191 1.362757934181899 1730
0.618739929241546 0.5368113341240309 1731
0.1855663420879772 0.6365254388750523 1732
0.5542442205626659 0.598688996759424 1733
-0.02576156369414413 0.139616465493732 1734
0.611309887057387 1.12299779865639 1735
0.779669086705408 0.8213324453901525 1736
0.03965121870612242 1.420854461314752 1737
0.5362059344146966 1.445012305915181 1738
0.5138646110906865 1.186644608801251 1739
0.2755544991070648 0.8267806335046455 1740
0.6531139623211304 1.086389986297785 1741
-0.02005546241331669 0.6192567047486315 1742
0.5708169056602345 0.8070133552042559 1743
0.2415988484942284 1.290569705634319 1744
-0.1340489790033695 0.64499304152298 1745
0.553972752885031 0.6769000201256492 1746
0.05159912945256376 1.096927160687798 1747
0.2997791237844647 1.118692966290743 1748
0.2846014775515693 1.136038291875178 1749
0.3863966566289627 0.2345252415825951 1750
0.09594994703415047 1.480841814702804 1751
-0.1782469823036787 0.3794890330099259 1752
0.3679043425915434 1.236753039489562 1753
0.3598031789180396 1.285323319712069 1754
-0.08733102235141937 0.3945858467033836 1755
0.1761948005782271 0.5156805098677579 1756
0.4511455938449114 1.254983501110038 1757
0.699929320112899 0.9082417527869604 1758
0.134701279691966 1.410085269920643 1759
0.2903469151049655 0.2304600882251609 1760
0.7068676729706476 0.5626767295408522 1761
0.6785813155291129 0.5507641950989641 1762
-0.0427114359221694 1.302167730012007 1763
0.305724331754515 0.6149400941198454 1764
0.626953705757888 0.7549613006642331 1765
0.7775105113419366 1.224588517687411 1766
0.065213015353809 0.228689539745585 1767
0.7030172467918143 1.196659768287327 1768
0.3322817990423198 1.281453412081862 1769
-0.04703572872067681 0.4507208753650255 1770
0.6456335657508138 0.6160733387294416 1771
0.1335962033408062 1.448891912029913 1772
0.7480908490635522 0.705550449012432 1773
0.3758260056706335 1.090914759171607 1774
0.6394878584164262 1.369945363102394 1775
0.4132785360970088 1.021593326779371 1776
-0.1777277196424626 1.160832938919613 1777
0.5177422101037983 0.7090647444427935 1778
-0.07829933613148335 0.9348030362718206 1779
-0.05653866977912597 0.2371080635377394 1780
0.3927160592272001 0.5345427229623054 1781
0.3835281986742728 0.7663604901332042 1782
0.08337526110528355 0.3264982979728515 1783
0.2021328386965637 0.3628512667709798 1784
-0.1446687160992217 0.87454171976762 1785
0.07509073600019575 0.05110248460889269 1786
0.2591363272922765 1.326622077453729 1787
0.7457299142025405 0.4294971735296401 1788
-0.05068033025907696 0.7805695396230669 1789
-0.0576665381370253 0.3079931302298338 1790
0.7789564787140209 0.8650234477402348 1791
0.7157815199009057 0.2853919036468822 1792
0.2121452483612638 0.4860885535202091 1793
0.3714410408805895 0.8797366329961021 1794
0.3548479511703959 0.896245150480718 1795
0.7157886303531261 0.4782741960454601 1796
-0.08483108103333271 1.28727938825152 1797
0.3653816936000011 1.47821875640953 1798
0.166958809795493 0.334845644771393 1799
0.5753820221723507 1.317844248594521 1800
0.4011566403611982 1.175930868747747 1801
0.6698469369297501 0.886739534614411 1802
0.08130863324069586 1.309970398137981 1803
0.4320326096438122 0.3411643459167106 1804
0.3935801581936128 0.7281197531067203 1805
0.5087222045755386 1.38290415491295 1806
0.3069685400714018 0.3037271960416695 1807
0.4823069032385846 0.4506702730122035 1808
-0.06670369710959081 0.3573782358182267 1809
-0.06552632557557816 0.8935037331882826 1810
0.3443638951942009 0.9389457720769008 1811
-0.04666301234977165 0.6553756970126825 1812
0.2309509392439902 0.2920362215574248 1813
0.5201916186260658 1.339253623247399 1814
0.1370803424922414 0.1174015253991549 1815
-0.1043159251832619 1.171654690030077 1816
0.6383938172758156 0.2909100507192176 1817
0.1359692076189624 0.5663860311676832 1818
0.6222328855608396 1.450414872058175 1819
0.2256319322924341 1.25103073527501 1820
0.4310687827213553 1.374625861533914 1821
0.5806623323541245 0.7728692611022003 1822
0.3152147616846749 1.3662531663061 1823
-0.0279529891770155 0.09273948211756997 1824
0.1823835038500919 0.5674173281217043 1825
0.6921809312031143 0.5985246274964346 1826
0.7462847481061987 1.331580117975521 1827
0.779943640258105 1.069379795106906 1828
-0.06196410694707249 0.6356214599614186 1829
-0.1103944295514306 0.889751163340041 1830
0.1238326933325138 1.25899013923621 1831
-0.02330080175483689 0.9677690240505712 1832
0.2712622446928065 1.08680245578382 1833
0.6150894041132109 1.47302394761906 1834
0.3372014416356391 1.407410728773651 1835
0.2102302771249904 0.1020795497527697 1836
0.1598478305709384 0.5577425319343644 1837
0.2939103413289055 1.216558721390677 1838
0.571797594632781 0.2928072582746257 1839
-0.05540625429463227 0.1214798302099733 1840
0.6088140070196456 1.398817270285531 1841
0.08288685383998773 0.7886847877575005 1842
0.6578729819612993 1.478295260605612 1843
0.1829982174174117 0.2927356138595366 1844
0.6498011355515521 0.3733354299073837 1845
-0.1363657046744361 0.1955623412378787 1846
0.18150030659877 0.5850919269543384 1847
-0.1788532963278913 0.1380994137986321 1848
0.1168346381658655 0.687322275341409 1849
0.2309043852092267 0.1687443770479552 1850
-0.1209145202455499 1.430398898713833 1851
0.6063361206628052 1.166288680068576 1852
0.6638760722045716 0.5845610216892756 1853
-0.1806417723393854 0.9949739308740627 1854
-0.01804680307114504 1.348396848864669 1855
0.3031893792767684 1.33323344642968 1856
0.1032661896695507 1.119892685352603 1857
-0.1770344508410117 0.7385229508334014 1858
0.5502423101682314 1.080007151100513 1859
-0.1772231147624996 0.02279044608576567 1860
0.5206539849705716 1.251880073117569 1861
-0.11459512416269 1.214659720788116 1862
0.02212576248227162 0.8178642063721154 1863
0.510622900125001 0.799547318764085 1864
0.07903076150000771 1.051957015018022 1865
0.419954200865816 0.8585252871353322 1866
0.6894396997118123 0.7465747686638319 1867
-0.09352940415415686 0.4388731277360429 1868
-0.1032036884604659 0.1117441032460621 1869
0.3996366937510283 0.1668733953042371 1870
0.5416655013924906 1.127136728351181 1871
0.4698967803729387 1.378558037252601 1872
0.4321649618594881 0.8343025506395788 1873
0.489249224517026 1.280223172770122 1874
0.2310543655867986 0.8934049209152769 1875
-0.1289434388979409 0.04666944940180335 1876
0.2582942481703714 0.7236639750961061 1877
0.4230336860146666 0.8850843169672041 1878
-0.1807545530215625 0.211467428466785 1879
0.05226722959836921 1.351349382706641 1880
0.7000334930032422 1.434822546532055 1881
0.1125714736727992 0.6377826728560712 1882
0.2068433730914182 0.3277488325144465 1883
0.2552885385943186 1.409082142425981 1884
0.08103231240659955 1.213882011775451 1885
-0.1370296892663915 0.2321250681334621 1886
-0.007407004532889498 1.393429979613553 1887
-0.02607408314677497 1.240612703055122 1888
0.4733047173436533 0.6242450707104181 1889
0.2563307960622078 1.478539820353963 1890
-0.07516076396303012 1.319467072242198 1891
0.685107009189198 1.148775238508753 1892
0.7389559607301812 1.400501636836985 1893
-0.1367798943675693 0.568132299144087 1894
0.4648112222109497 1.480181159144307 1895
0.09648827072363882 1.291268462008702 1896
0.1324503232840266 0.5157639952059959 1897
0.2848535373580725 0.6946983081152179 1898
0.5894941632139569 1.129577399463871 1899
-0.01657865547891269 1.475516569987785 1900
0.05245081023660984 0.3210150441143307 1901
0.02864678289897297 0.3001061915729575 1902
0.1255760602280863 0.06824188371985647 1903
0.5370574310665175 0.251810874973592 1904
0.5155756391104113 1.015568626798562 1905
0.09166686687714817 0.7496667489828397 1906
0.2984359062288214 1.018983785891851 1907
0.2326669258364419 0.6471862449316065 1908
-0.01363646613116659 0.8847285905893996 1909
0.07585658261829646 0.616761395118784 1910
0.4915630850875268 0.8240248326600685 1911
0.3080973884158454 0.9567059720619009 1912
0.4765280056510582 1.214305900057491 1913
0.1196403390169633 0.5991294595185743 1914
0.121966331678287 0.7251664523666779 1915
0.7399959159910786 0.7461558851539004 1916
0.392245063121474 1.206347632034322 1917
-0.1756833367925905 0.4520700670864673 1918
0.023011357504189 0.6329703710020648 1919
0.1511958424426098 0.6078725466263527 1920
-0.1318299367126805 1.17916079539153 1921
0.0204271449264529 0.8382104328644379 1922
0.7440561588637175 1.050840640612977 1923
0.5700159535651177 1.41759405764789 1924
0.2835633892668474 0.8997959260494266 1925
0.5190671172059309 0.73778959269151 1926
0.05135055568726903 0.7791542128599525 1927
-0.05504832706972029 0.4245412890647435 1928
0.4483803557078301 0.8863251216666533 1929
0.374465379915465 0.488847093270848 1930
0.4145087726469528 0.2063412341209054 1931
0.4633655096934196 0.5568149698343595 1932
0.03509210677668671 0.8737962850578148 1933
0.2768244666507952 0.7703679628923434 1934
0.1090115966581314 0.1917470393534533 1935
-0.03318106632552829 0.5536004034360528 1936
0.2116895355288029 1.041682557289505 1937
0.5983528019858476 1.358358967475814 1938
0.777924109737529 0.4530119293155621 1939
0.7196757432399994 1.277434691875813 1940
-0.1559455922213252 0.06607079501433782 1941
0.3560722947350392 0.1929298801001294 1942
-0.178290495668239 1.363841868006015 1943
0.4201371703007079 1.334071232341605 1944
0.7061327952530376 1.313841901236046 1945
-0.06392122414461446 0.02013949782410857 1946
-0.02728351596203149 0.02419860062637495 1947
0.4756148295057023 1.032236087578305 1948
-0.1798117141172494 0.5954132740086874 1949
0.6634635599938765 1.055308519134672 1950
0.660261772733297 0.7151045498594617 1951
0.1129375343094759 0.1565814515713209 1952
0.1312025046358505 0.3336211321044594 1953
0.3117461110198164 1.419608432174472 1954
0.2717848759260632 0.645288146448329 1955
0.07995623109204686 1.186448740349718 1956
0.587893670405414 0.724165595349234 1957
-0.01965632523338243 0.8318664840304747 1958
0.2621725592168543 0.9972098402529259 1959
0.2601671477958128 0.928257445892624 1960
0.1540246396237214 0.2815717230994446 1961
-0.05273194514777813 0.5870791734263964 1962
0.2912218576848967 1.29833644932132 1963
0.3293674090512608 0.1426480252818756 1964
0.5833659483688016 1.049325886157398 1965
-0.08016582799736567 0.1816734500168662 1966
0.7193076258742535 0.5079927841607728 1967
0.375707087244049 0.4429824344657362 1968
-0.09831554632977156 0.8484439316986517 1969
0.7783642772880268 0.555932483048531 1970
0.5472907782256982 0.225300168514162 1971
0.3540560311931253 0.8041738712790241 1972
0.4038803438450719 1.300692600568764 1973
-0.1787412360120995 1.261627423965013 1974
-0.1272873608757741 0.8348582449521703 1975
0.6379550433969863 1.153385278762846 1976
0.555152688196508 0.8457893300763092 1977
0.3324411052340371 1.235105443957212 1978
0.6208866417079061 1.076577832791396 1979
0.304738287052752 0.572832784164336 1980
-0.1460042214982098 0.6988032914327974 1981
-0.1800377082231164 0.8608416673758676 1982
-0.117629720012696 1.055237150502722 1983
-0.1016464727890222 0.7214990870951938 1984
0.7346772154193406 0.4508453358443846 1985
0.6090215998257963 0.5632630464927759 1986
0.71197087307887 0.8159073894765118 1987
-0.08406575306607021 1.018428376411392 1988
0.5218527222973427 0.6410306617086515 1989
0.5903015066937174 0.622668082311517 1990
0.09791890087310001 1.09274627486177 1991
0.7056503712383579 0.7191517069353808 1992
0.07438994608705309 0.9552630846254413 1993
0.08560555599639433 0.9709773600409985 1994
0.5152915845137418 0.5083930908302163 1995
0.7254346662878893 1.44752088015728 1996
0.4947686252828807 0.2942897440954346 1997
0.1333596124753977 0.259819686949049 1998
-0.02215766042142701 0.9968644920970675 1999
0.3349903641312463 0.208156035784334 2000
0.5058620688774121 0.9520231902973058 2001
-0.102809622997489 0.1778423831714881 2002
0.7801247372190463 1.362496731160865 2003
0.1176440978005652 1.275081406826144 2004
-0.006916385102990499 1.097644054541358 2005
-0.1332001352876289 0.7329092044434327 2006
-0.1149165775774006 1.480329626533545 2007
0.1953770471959894 0.2591461261325447 2008
0.5079366774975049 0.8460617259644463 2009
0.03919577207224356 0.3477184965649904 2010
0.1519859634980761 0.1766791842802253 2011
-0.1787475134916228 0.6318428847656088 2012
0.4516974214364126 0.7595752144476221 2013
0.7558973097865251 0.3003543667975248 2014
0.324276662856256 0.7517724518089388 2015
0.5055141989616019 0.2481874380501715 2016
0.4333900780542106 0.5023674606619415 2017
0.6509599719626958 0.8413884797793757 2018
0.5749166366335337 1.089493026501309 2019
0.2149856841882243 1.12563204309227 2020
0.4643388451625263 0.8071793406414166 2021
0.1390327987036279 1.210059766186633 2022
0.2255586701769048 0.3865832435611855 2023
0.6436480438139166 0.5168367992041135 2024
0.09166554388905886 0.8527103455687567 2025
0.1081956191476801 0.2710086964786226 2026
0.08383688297794469 0.1282322832750122 2027
0.08289112160505485 1.378819646975698 2028
0.5282712327530118 0.2921968794236796 2029
0.332683989901856 1.326907274708154 2030
-0.1370172236645145 0.5882108989811777 2031
-0.0932147509127747 0.2726641738541795 2032
0.7144532041982741 0.4095351265534627 2033
0.5716029874226257 0.9527254892067478 2034
-0.1503340719463024 0.1741399944175773 2035
0.7809129158449569 1.019389467095145 2036
0.5032166152783295 0.5758011199281878 2037
0.6620854027876341 1.204449683502702 2038
0.636244998415358 0.3186946277729777 2039
0.7338908896790984 1.070402724774048 2040
0.1520074149967064 0.8989241914817943 2041
-0.1102953601415603 0.1568961823610399 2042
0.4310245421616887 0.438723142070898 2043
0.5375485148283202 0.8309008135643985 2044
0.5106568454898091 0.9743155376033409 2045
-0.177735418789521 1.235847883805915 2046
-0.07317318359508367 0.143195274204222 2047
0.4665525235554455 0.9733690493103515 2048
-0.0740369915194396 0.4734399359722579 2049
0.09216357020279455 0.4557010683833979 2050
-0.1801582662654933 1.094340752373707 2051
0.74667308880223 1.249343675628661 2052
0.4716498624549963 0.5166913018807449 2053
0.02029596412566664 1.379836745183844 2054
-0.151619417076073 0.3030127083478611 2055
0.745583867362269 0.9081010025159405 2056
0.3219258345677985 0.7131801401682643 2057
-0.1544960462639665 1.159752431148136 2058
0.01093358311288617 0.653611553314126 2059
-0.1126406677978289 0.6887663291607018 2060
0.1907008431701403 0.4652195733157182 2061
0.1627629226162626 0.4076626112751454 2062
0.3321416518738237 0.9984692873961293 2063
0.05778536976350796 1.4457633887496 2064
0.4445956716276073 1.20435385164836 2065
0.3803837127921069 0.9303034700729432 2066
0.2128378064328496 1.478144833252062 2067
0.2226639025837935 0.8437984912882799 2068
0.09041632676006332 0.4997245975179396 2069
-0.1476797631836625 1.32572699957269 2070
0.7749211967608194 1.323460399069196 2071
0.5389309083490154 0.8757964458676757 2072
0.7116600687303954 1.478772221093783 2073
0.1519862152333994 1.394684530904475 2074
-0.150291459446405 0.6634473668488616 2075
0.4663491010095525 0.3867384405388244 2076
0.2725046400201049 1.175635510901031 2077
0.5275628605278446 1.230842553713243 2078
-0.1779203090440467 1.184411769153284 2079
0.4556414431077805 1.43393510079125 2080
-0.1120806949941837 0.6286780013483088 2081
0.3025462331212914 0.1302948099497762 2082
0.2571848959008148 0.5740997340193319 2083
-0.1776327336575453 0.3361361788244549 2084
-0.1560983736449928 0.3762103926187727 2085
0.1105100434256064 0.08797580066884214 2086
0.3763225224770568 0.1589012615767976 2087
0.5805058757132038 0.8261907519668353 2088
0.6090749602680713 0.8425437748736453 2089
0.4023093783644498 0.5871535343077984 2090
-0.06196600416675507 0.826637618699783 2091
0.1122714081201536 0.4608174679305485 2092
0.3297307231534625 0.6493607800282308 2093
0.3820380258160754 1.408313159017994 2094
0.247338787749087 1.100481390156607 2095
0.609539591427306 1.256953402369613 2096
0.6437702596229662 1.301948589715306 2097
-0.1081817248514005 1.151078923203418 2098
-0.001506831858599134 1.228882453078141 2099
0.6044747625504155 0.6810534672685621 2100
0.3992729092716339 0.6278007789328887 2101
0.2054670087097281 0.1427156414288512 2102
-0.1495641424597805 0.4844095388427535 2103
0.4329734623718005 0.2332877590058786 2104
0.1414643383586229 1.105611851738832 2105
0.4627566655207058 0.5863993666616116 2106
0.2710766828987155 0.3242107439790071 2107
-0.1771534824125826 0.899666796043377 2108
0.04048104802887736 1.147817635199291 2109
0.6701911104060457 1.338847583903779 2110
0.095299136632942 0.8140036190663218 2111
0.1799611352297777 0.9656901374026241 2112
0.4323773414518021 1.183438888595123 2113
-0.1310165260516452 0.4457287158334459 2114
0.7781775023642591 0.3729117719924491 2115
-0.1780619982144163 0.4847667889764669 2116
0.4918997068936403 0.9931001651700111 2117
0.3597468292447988 0.3582618557446746 2118
0.1683717786865365 0.94620973324714 2119
0.3040019247690223 1.257106625347804 2120
0.04387729755575522 0.9897485896201924 2121
0.1176344129376238 1.219869831061131 2122
0.4433588572292788 0.6275451866778018 2123
0.3470623516044687 1.072362948211693 2124
0.1485246787745072 0.4408242909309247 2125
0.3622329334579217 0.7693733233923569 2126
-0.1500504705540757 0.1059291062952968 2127
-0.1491818553501284 0.6285062962582854 2128
-0.07247955880792456 0.5504806359688963 2129
0.3267123208149303 0.2703540917486107 2130
0.1988049388847067 0.8117800744821869 2131
0.1597286343065108 1.299598702980038 2132
0.2860906690768097 1.437008977769951 2133
0.4164293755738726 1.145822307740194 2134
0.2409393460549846 0.795180323332268 2135
0.4794612916736178 0.688430352208882 2136
0.737748792313288 0.8558364557644078 2137
0.3703643681751067 1.213615639012525 2138
0.07758921576922757 1.018071321558872 2139
-0.000547306456009691 0.1795326911528 2140
0.3804602228790174 0.9995292852695141 2141
0.03803550051381542 0.1265456474526487 2142
0.3938192377032785 0.6824906903931655 2143
0.3631605812886303 1.428614810874669 2144
0.5418302634043045 0.559576437666408 2145
0.1189463062159735 0.4032020349023557 2146
0.6275758866376537 1.048237831288139 2147
-0.1399453692606447 1.260255100561864 2148
0.3059219863220373 0.5004375479101415 2149
0.07916164149094833 1.410205395712185 2150
-0.01684423342547757 0.5375080538174692 2151
0.380066126948208 1.044628602700394 2152
-0.0562865652615306 1.479818523760365 2153
0.6990169750606305 1.064517500419718 2154
-0.0195941097254071 1.062315081204579 2155
0.3899546999758604 0.8344753211158638 2156
-0.06748909686733649 0.1652793842332055 2157
0.02186369857661338 1.174182784014016 2158
0.2701857703178516 0.4636070430356397 2159
0.6724431011071574 1.24644706194445 2160
0.04617697896555516 0.1095188672794188 2161
0.1664761726116369 0.4933515512036596 2162
0.0622383075486119 1.119733386694914 2163
0.6489698706551035 1.23372820280149 2164
0.5752536975702712 0.8907690502478632 2165
-0.008196421981221499 0.954258931656766 2166
0.7781174778183906 1.407652255724775 2167
0.1025707090899602 0.2235196173687898 2168
0.6130187664397417 0.9382060079821094 2169
0.4973608564299795 1.249514636519418 2170
0.7442343773232347 1.001002631062909 2171
0.6886378015075794 0.7819154227884666 2172
0.5608288768094396 1.332972986032317 2173
0.07478544289041171 0.1654856220843657 2174
-0.05584905435215654 0.9370932799160197 2175
0.1265600342328797 0.3589090135870621 2176
0.7765197793544253 0.7333250989880941 2177
0.1150451768424164 0.5561606903646639 2178
-0.01118682846304684 0.1072314254120357 2179
0.6252144098946572 0.5777395332145908 2180
0.2259411640335959 1.022995933792846 2181
0.2555084318067196 0.2520268215435079 2182
-0.02892056201799879 0.05312136394176162 2183
0.6064145700518629 0.9227933402192111 2184
0.7456435516909942 0.6752858048760135 2185
-0.03226503746692955 1.165958342178871 2186
0.1264605006608691 0.2318247576407407 2187
0.1991565145083792 0.8955644857462058 2188
0.4497985716173769 0.4236178760008875 2189
0.1765247067329702 1.405217193353081 2190
-0.06984269624952942 1.134454005696361 2191
0.1622358213493853 1.481334012739807 2192
0.642611429857723 1.442477117409519 2193
0.4578872449517137 0.3001520132868086 2194
0.04884216786637736 0.6771101991417897 2195
-0.1781004176975693 1.334516302092626 2196
0.7494699284307359 0.5522480647592934 2197
0.3594420258003004 0.9216725944361817 2198
0.7103118926550286 1.335296679326459 2199
0.2747581560960559 0.4249604195229877 2200
0.009927667981210182 0.2760653836988651 2201
-0.02405654059531124 0.5106708816218596 2202
0.3684697319672148 0.5991131292694455 2203
0.2475096687470646 0.6898427000587355 2204
-0.03980809935786615 1.280502536462271 2205
-0.0633447537930322 0.9787742207329511 2206
0.2798500587793567 0.8007534684238102 2207
0.3009374783207553 0.4617775678594563 2208
0.4260264761121353 1.402607905448323 2209
0.3252283106419801 0.8946091983118213 2210
0.4353410489505534 1.443684985456248 2211
0.353967645895428 0.9638634730721694 2212
0.5935131556979742 1.385518564677751 2213
-0.003565262479882255 1.142877758934153 2214
0.5950391601801432 1.48126078626466 2215
0.07275637363089368 0.3002460290354552 2216
-0.07880650577210986 0.0717841433528895 2217
0.4030925539485562 0.5110539067178854 2218
0.4281442880316697 0.7816830622627342 2219
0.3216709935420567 0.2337229164711054 2220
0.5374998248901793 0.9413184682702092 2221
0.7794537728460341 0.9371228159982744 2222
0.7247639384929896 0.9798787876229652 2223
-0.002087809539956659 1.275500345123631 2224
0.5394011076609547 1.268657778524533 2225
0.2826785320441317 0.5373966195334422 2226
0.171303761495602 0.9869308435353258 2227
0.09540252651236983 0.05437714608776822 2228
0.6948774786552609 1.233526955367504 2229
0.5550145610380666 0.7409255751594536 2230
0.393924358341944 0.1879942727301085 2231
0.152612203466831 0.8164621127244382 2232
0.3145214002954337 0.8174602070571998 2233
0.6770213713834401 0.8387641825833216 2234
0.007335662029480931 0.3352611565928821 2235
0.04509662900340212 0.192328034755081 2236
0.2904282446846694 0.9456738582624704 2237
0.03537333036859233 0.4458612077407171 2238
0.753980737082257 0.3877492007589494 2239
0.7789535059400242 1.092534869164063 2240
0.03372539941447924 1.069994860794697 2241
0.09414155742541594 0.3908142014078791 2242
0.365942485898211 0.620145824789304 2243
0.2720326820284321 1.337357279001219 2244
-0.03392251461207645 0.5727392513548645 2245
0.2308864696446112 0.4688716966359967 2246
0.1216638059115081 0.7664655741171253 2247
0.6706263042801732 0.9962817927740883 2248
0.1193118143312751 0.4200141571516453 2249
0.1059290263501208 1.443208393317307 2250
0.1325382333919433 1.033109077213616 2251
0.2669959427466252 1.366667650955939 2252
0.4916223443803961 0.7075500269341084 2253
0.1325171982441253 0.4978233883853168 2254
0.473913940563594 0.4267141317630432 2255
-0.1479780567334648 0.8957565626511313 2256
0.443041775330895 1.137306536600093 2257
0.6005506144959498 0.277310947881879 2258
0.6307920146299436 1.259125606537887 2259
0.2320154589693144 1.202325853625028 2260
0.612389297096778 0.3576002048216162 2261
0.5666969898468704 0.6223567668229958 2262
0.1155424569748112 0.116404510486599 2263
0.7803349963455857 1.163581281690654 2264
0.6580849274387824 0.4705928495062915 2265
0.01321056599563023 0.08277327465194664 2266
0.5561846998265649 0.6957505671201641 2267
0.3383426565585313 0.5489998143483313 2268
-0.03619576908322568 1.134174966192004 2269
0.4478921267136826 0.2746370338192116 2270
0.2485442496273485 1.144553823312368 2271
0.2129220471080817 1.204088743289977 2272
0.5201195903317583 1.0389172955758 2273
0.4583292014012193 0.1939469761830625 2274
-0.03860634482774232 0.1978745367012454 2275
0.001593803791067211 0.02066680863204497 2276
0.02090456978353867 0.2118766186261958 2277
-0.01944786213914355 0.6894407561761955 2278
0.2854151407977861 0.5074038727397552 2279
0.08836713958820326 0.09030004975901251 2280
0.2918081945263541 0.8426219058209981 2281
0.008149824315707667 1.026828300250841 2282
0.2929842220077892 1.100124785614589 2283
0.5244861373934169 1.111132652767345 2284
0.7789000878810521 1.11495816244385 2285
0.3296383417397463 1.141030111364304 2286
0.480852320663895 0.7285832828896532 2287
0.5845964470058927 0.4216572156918799 2288
0.4783291581648407 0.495713589804318 2289
0.2503642137210595 1.209649413397166 2290
0.0907054054696384 0.2552544941758598 2291
0.6840605033235716 1.448003017700276 2292
0.06884506076902314 0.564362251974532 2293
0.5100846137882047 0.5319521579010053 2294
0.07887726616658999 0.6773305563860891 2295
0.405221443560804 1.226910459578236 2296
0.4561107964492825 1.166600212333476 2297
0.2533433932204158 0.534153461756729 2298
0.5529944929410228 0.6418665371069012 2299
-0.04152718970805998 0.7013135648954298 2300
0.1441887644467277 1.06006830740795 2301
0.3265593507194852 0.166704627056947 2302
0.7470852691783149 1.152361871008052 2303
-0.006487458357328005 1.435241236940379 2304
0.02005752453778477 1.449412137660068 2305
0.602525962477817 1.322166139855951 2306
0.5328382374525578 0.9872696851700828 2307
0.7059067069969882 0.3317588322507052 2308
0.05854548383429785 0.8287809535780787 2309
0.5546342824157818 1.367226070204024 2310
0.7177001291928048 0.7795394677714244 2311
0.1471369081448669 0.2105970731753255 2312
0.1964681548377159 0.6171626347705821 2313
-0.05531693086634283 0.5152667929201027 2314
0.1172419436012101 1.076024252202235 2315
0.04375308568143828 0.06953484516863555 2316
0.1508529274343049 1.229538542989967 2317
0.08058916037761467 1.256849308916119 2318
0.002254428898791763 1.47788226575104 2319
0.7751858267577126 0.8010218034293637 2320
0.4448706305798023 0.5283827769902837 2321
0.01937805982898451 0.5130644559070237 2322
0.1811780194094147 1.092825341334012 2323
-0.1131106746636688 0.3790491529424192 2324
0.1103659983602235 0.9434101224192795 2325
0.5457664473054258 0.8053218024225695 2326
0.720892568778035 1.135261853033502 2327
0.5133864769613865 0.4202925741312039 2328
-0.0482323180695527 0.999763532233919 2329
-0.1455167750244186 1.024095254978463 2330
0.1135863151474027 1.035484906547187 2331
0.2320438287704247 1.4554526260497 2332
0.1590235946179911 0.09963283504514774 2333
-0.05954704348598532 1.364175957301812 2334
0.6889438710094203 1.016644859092454 2335
0.2936556310098177 0.1673291280513336 2336
-0.1038435738539475 0.975347632949257 2337
0.02208782868775069 0.6769265604165003 2338
0.6702047415764777 0.743342142790533 2339
0.781081768593926 0.6449336071216376 2340
0.1636251626334163 1.160041255819557 2341
0.1582542631166641 0.7493241343224915 2342
0.4490717189747211 1.000534735787255 2343
0.5415619840852048 1.051931740478517 2344
0.2939597257354347 1.378778300216175 2345
0.0402892161574924 1.394593052439147 2346
0.5053871653493585 1.219614808553492 2347
-0.03305031223088638 0.3578177640561687 2348
0.2650754762132382 0.2913126647776146 2349
0.5231027799923599 0.2136694220680413 2350
-0.1796105627333019 0.1601773947191286 2351
0.01713765919537152 1.090868578422873 2352
0.06485914711926538 0.3830646045950537 2353
0.5166370203200148 1.29486662327626 2354
0.7154264369276983 0.944714337385636 2355
0.4136621271196277 0.4125910089675885 2356
0.1601703482076526 0.8701648267480514 2357
-0.07823875397070926 0.10233746734041 2358
0.5127187518712608 0.9076981132040133 2359
0.1399160268485459 1.255345992802407 2360
0.3217479131020747 1.039760719592262 2361
0.5666996709943548 1.384753300095585 2362
-0.1455614188055543 1.087515705498149 2363
-0.002849838927599522 0.8002120725016257 2364
0.5180855748488404 1.4296253012992 2365
0.7414930604176817 1.178613666478923 2366
0.02302165532038776 1.13161635315532 2367
0.3120705983287216 0.7723590012407624 2368
0.2891726425081776 0.2031261016401108 2369
0.6500922743215322 1.109430322226234 2370
0.49310635860605 1.422980618803036 2371
0.1308562393443596 1.298114505890326 2372
0.4880462923741778 0.5343361239228491 2373
0.5691911908742052 1.191794443508185 2374
0.2219635910818913 1.164712994756085 2375
-0.05191633043059594 0.5416007068253095 2376
0.1364088701429384 1.144494294281676 2377
0.30043546581532 0.3890716415247786 2378
0.3405254959875084 1.201922364480212 2379
-0.1784130368591772 1.137639628213546 2380
0.06116747720810534 1.184801775020325 2381
-0.08094803612888736 0.5162034798866961 2382
-0.153766306599224 1.203625106759279 2383
0.172140501914703 1.433247161044167 2384
0.05801826578717656 1.310584520565357 2385
-0.09381544472957552 0.2186602760031272 2386
0.2408248675374526 0.257036459559768 2387
0.6211312078758343 0.5968261242188304 2388
-0.1562200333671248 0.3517949579292837 2389
0.7793175838657448 0.5348301116407296 2390
-0.0280692693262178 1.37004933305355 2391
-0.1780000263656247 0.4028969277679066 2392
0.7803854456043144 0.7743162160262731 2393
0.2119784432068468 1.000002505287426 2394
0.416881857995034 0.9866121952664484 2395
-0.1818200667198838 1.013571657961736 2396
0.5525029443361783 0.3629175751719919 2397
0.2076178414247681 0.2369140924641734 2398
0.7432674382150871 0.9260899555165041 2399
0.6207389943688381 1.301933732069325 2400
0.5574125947555827 0.260143102372429 2401
0.4110572237889544 0.4786647312316539 2402
0.0219812383736614 1.240034775746313 2403
-0.1244334884622693 0.7941625089391263 2404
0.7312765212999831 1.229275823306658 2405
0.6232700402571506 0.2499007314540484 2406
0.2686003483695275 0.5968963599542607 2407
0.7320568877438163 0.6068883205518623 2408
0.1031357438820465 0.1355608370409764 2409
-0.1212995540206947 1.455276518966304 2410
-0.1509523606910167 1.230614727486802 2411
0.2230806077250713 1.384124987681006 2412
0.4682115432972572 1.403196179009616 2413
0.1520397230976605 1.330852276258705 2414
0.7831786955736446 1.264147550636358 2415
0.5366800230642321 0.322236791605967 2416
0.1412020407742231 0.932998854973478 2417
-0.1490243590277236 0.937207020786603 2418
0.2860784773506418 1.278427075113489 2419
0.7799132941462821 0.6891086267554363 2420
0.6414316139595042 0.8140522342050245 2421
0.1999802525997203 0.5251947419484182 2422
0.3995420380453872 1.341800968203105 2423
-0.07830795867034021 1.452419748012763 2424
-0.0210786353793933 0.2117803953105852 2425
0.7502029730666647 1.475709021659539 2426
-0.04991446910529986 1.058880197525957 2427
0.02725621512438598 0.1684284359744552 2428
0.3426019704138322 1.47929410467779 2429
0.2710598404525728 0.3924457215057076 2430
0.4423194168765139 1.478361347604866 2431
0.4827748994187693 0.1961824131380413 2432
-0.06916106863028972 1.167110132122916 2433
0.5922246896305833 0.5988947404272027 2434
0.5584966882207399 1.025853815441494 2435
0.155610081639576 0.6626371789380293 2436
0.2847961504769197 0.5597413722966682 2437
-0.07325568436922773 0.5746089868567845 2438
-0.07938906173027925 1.267247491398327 2439
-0.03784539390961603 0.8184153436513357 2440
0.5905872374761763 1.069573701363808 2441
0.2426758586062634 0.3522258501297651 2442
0.5047682860634455 1.141575094550174 2443
0.7081590075182851 0.683832241895627 2444
0.2757876444448002 0.3527726607425885 2445
0.2639200242243634 0.1986333501469009 2446
0.5465205716851248 0.4221572531960181 2447
-0.00461989938464201 0.4765377929974526 2448
0.1269284865958087 0.8269115056280444 2449
0.1790600152682582 0.2087360960364941 2450
-0.1196115162410198 0.6601157121646933 2451
0.7775118978441588 1.304133215295432 2452
0.3838200770585167 1.312325173123067 2453
0.7325910485874098 0.7225065201842908 2454
0.4087444275217355 1.050014522393752 2455
-0.1009843875443848 0.9321140856139655 2456
-0.004456615926663715 0.3918406162163096 2457
0.007765543251274359 0.5423180356794338 2458
0.3730891849864058 0.5321119323766683 2459
0.7018596079786543 0.9852343455087521 2460
0.1117467349215918 0.961719677860656 2461
-0.03801112549911853 0.855247994431571 2462
0.08380726937921423 0.4154149062953786 2463
0.4406310091355413 0.5937045349532484 2464
0.02184613256961111 0.9271816335117411 2465
-0.1477282948849397 1.400328684543172 2466
0.2572693370997741 0.4788167263228006 2467
0.1915942607289083 0.4025456908708726 2468
0.3738728249549754 0.2154830686065047 2469
0.3592429639467745 1.12348760631185 2470
0.3475349327239819 0.1696318175019916 2471
-0.08891565657183638 0.5335123453182166 2472
0.3646845778582051 0.4588594359793731 2473
0.01084093397582738 0.1660792119109334 2474
-0.07820228136277718 0.3400208445006888 2475
0.006379025134987153 0.5735696455147982 2476
0.5616523768498086 0.7626246223522586 2477
0.2110552933858429 1.412147593721011 2478
0.3884070625102483 0.3300826839416839 2479
0.5782432875114792 1.449235679683379 2480
0.4682793813753204 1.19541087223046 2481
0.02903870228581006 0.7777413221925209 2482
0.1999680618193442 0.3030380118244735 2483
-0.1788400919464842 1.479031159896785 2484
0.3278137414333834 0.3832297470261983 2485
-0.06658763000477196 1.227150029370374 2486
-0.02719980456436779 0.7627230890549643 2487
0.2383113365725887 0.9708667110646374 2488
0.500020841409369 1.11532187158245 2489
0.544786236076681 0.5795204425024461 2490
-0.07492729445240409 0.2024786936034319 2491
0.4187131052606533 0.2784565036517042 2492
-0.1826993382202232 0.2880692488883885 2493
0.7778745750289897 0.9155731989249526 2494
0.02139277864527143 0.254757753518803 2495
0.3363088537955441 0.2262736373542765 2496
0.2600006825397586 0.7549306068849982 2497
-0.02080981530563014 0.2559552074615106 2498
0.09201956605025784 1.145509639375676 2499
0.3624462352202892 0.8489973058570054 2500
-0.1776898713337836 0.09099853885280727 2501
0.6409581028580617 1.19314517142461 2502
0.5662744989454601 0.5579043526577905 2503
0.2435253101675045 1.420067910649732 2504
-0.1807144962934728 0.5105923150787381 2505
0.5256690782531793 1.400028645764812 2506
0.6850083817443037 0.5254431874087548 2507
0.4645963761117153 0.8994139297662491 2508
0.102669799384582 0.9799430453722396 2509
0.2409132143538994 0.8160585948087087 2510
0.747612773948978 0.7931546114387903 2511
0.1030918409636608 1.015794927457517 2512
0.3903679761734732 1.44416255622582 2513
0.2795106947879972 1.479235628283241 2514
0.1351783386615072 0.999956393639725 2515
0.5286338797028109 1.089189758617422 2516
0.4401294080778256 0.9573828412752493 2517
0.412011258641272 1.170223707704224 2518
0.1396518362377397 0.1344864525102087 2519
0.1940334715687351 1.310584665719483 2520
0.5084892929490192 1.075894740532572 2521
0.7571218637564274 1.024363824094693 2522
0.3020632284678975 1.20079682221144 2523
0.6375490944969286 0.4479583424646222 2524
0.2667887319006533 1.268619976010164 2525
-0.1091044014137807 0.02050450676016123 2526
0.3354562430635374 1.382504103436382 2527
0.01957572387639085 0.7545086864539097 2528
-0.1450966623057141 0.8288173791053798 2529
-0.1789169883417341 0.7621136621184508 2530
0.1983483895322336 0.9261147736917622 2531
0.471315398481971 0.8244659086086465 2532
0.6349231551309056 0.9040485358324933 2533
0.7502230306404926 1.29181892317827 2534
0.4752411324332583 1.287927283704796 2535
0.7828746672688341 1.000052160054084 2536
0.06850482574183418 1.03165095477291 2537
0.7459402224067463 0.5261392466358463 2538
0.6976773928397076 1.273821921234906 2539
0.1733878978560525 0.698984070416783 2540
0.4215657536958419 1.091813300253543 2541
0.3001229621085214 0.3182795625727066 2542
-0.1781947752154132 0.04542642274716923 2543
0.2867062478324557 1.239823703925273 2544
0.2265744073528332 0.1858923108445771 2545
0.2987858342207436 0.3592243969798238 2546
-0.116853844260079 0.5400742791906346 2547
0.00412689212153823 0.8703255960194834 2548
0.04752099077207075 1.479134823840696 2549
0.6891165371252044 1.209067524072953 2550
0.3940856672074729 0.4478029493275296 2551
0.2423922811577355 0.8544976300180579 2552
0.2644998394582168 0.4451016626943641 2553
-0.07832564201513653 1.090897906615178 2554
-0.08741805964682979 1.039743166617382 2555
0.2220158768892747 0.5850105333608238 2556
-0.05666604788334068 0.6753676741629926 2557
0.5643956833891856 0.6585014454757518 2558
0.2129937745136126 0.7891189165772626 2559
0.4104140518663456 0.6113945885901682 2560
0.2580163233531375 1.456670074173181 2561
0.5359091406342364 0.7700694423791116 2562
0.2544335106822803 1.055349734954085 2563
0.05403064208237571 0.6576692325691599 2564
0.1134444455154691 1.481190470172811 2565
-0.1153389233433755 0.4995632006324284 2566
-0.1432661305581032 1.063233676669205 2567
-0.061999154116628 1.02060027098188 2568
0.2125680013758667 0.6624480199658066 2569
0.4775913635659524 0.859405040725059 2570
0.6236933797763689 1.221658069250434 2571
0.06158996602968191 0.4193697229396827 2572
0.05392465543312411 0.4368203739878892 2573
0.3738544399487754 0.3228271197156457 2574
-0.09460685598576538 0.1387862948140778 2575
0.3200722843743614 1.441688969888547 2576
0.3279719696262611 0.6107540169656289 2577
0.09425992850712502 0.1750022569107828 2578
0.7171893168748573 0.7566326231301175 2579
0.395473899418756 1.071063152648523 2580
0.5458173853746697 1.192575533218384 2581
0.1459045830208227 0.07519710225584769 2582
0.09725418427965775 1.322999840426047 2583
0.4063621003914753 1.479475041953634 2584
0.6417917582503936 0.9706444646238895 2585
0.3263107908751869 1.080588538780332 2586
-0.04454460040945656 0.8971979768344926 2587
0.6296477891088335 0.4066735042563905 2588
-0.1183180224939627 0.3196811465087129 2589
0.4227948833287987 0.9178596541042302 2590
0.4440378844839014 0.390235724438145 2591
0.2187403194028523 1.317174289346405 2592
0.6895125870695784 1.300280149011895 2593
-0.07927447201723833 0.2378117764609345 2594
0.04270962093174734 0.2359681932276567 2595
0.1999305745192046 0.8557739165925266 2596
-0.01128348060962673 1.161704181494316 2597
0.7576204868387693 0.7709333438642214 2598
0.43136909292328 0.6108157607477429 2599
0.01687824150589563 0.1285009226797628 2600
0.5059759807467546 1.351710686297213 2601
0.2192937807232337 0.8216258531239822 2602
0.4992527875752764 0.320341996064942 2603
0.4816747330571948 1.04980397397978 2604
0.2913197334138186 1.417338416914424 2605
0.6722258761119702 0.6270064020526553 2606
-0.03757604556002699 0.3811996589636971 2607
0.7808700398380181 0.8430688871263481 2608
0.6419313828236622 0.6884847354629875 2609
0.115537163892808 0.9969960025129743 2610
-0.04214367879451721 0.7396510475826983 2611
0.7777769094056733 0.3295765146210746 2612
0.7244566307269389 1.202575904938032 2613
0.601103190062408 1.282559283500869 2614
0.6946021510059339 0.9536034329601544 2615
0.4526653022644933 1.363120309959492 2616
0.5181466098417433 1.159341391177851 2617
0.6370050546559421 1.483495363381904 2618
0.06710911989051631 0.3591770203749577 2619
0.4116426555283944 0.6423830908601423 2620
0.4710597288160797 1.450773416195568 2621
0.1763436980937242 1.19568317882326 2622
0.7770086516346764 1.457824400482219 2623
0.2174511554241021 0.7408078288963363 2624
0.06087715229339506 0.794922938118809 2625
0.1967558472413896 1.187918199877133 2626
0.6178253051114303 0.7084054488823809 2627
0.02492292121944562 1.359012957386344 2628
0.5356420241035202 1.010083634945202 2629
0.180871796092954 1.336697917415654 2630
0.5984127928402572 1.018559491516287 2631
0.2359731131900397 0.7572125267270332 2632
0.6318736982215298 0.7319766323047378 2633
0.5758240347240334 0.9274669887986489 2634
0.4286062869909413 0.5780232980249143 2635
0.3475590103084207 0.4138457429480749 2636
0.7815509086128734 1.245935901787836 2637
-0.1819527013098226 0.9228667688545664 2638
0.7327259805681202 0.8216375248573385 2639
0.3100757194402127 1.056170901682751 2640
0.493698689146044 1.089442781893355 2641
0.6738528114006148 0.2616321844701678 2642
0.06798923290949886 0.4523226731067899 2643
0.6063630270370233 1.037743391559648 2644
0.2893532320105325 0.6585951112685042 2645
0.1829412503480288 1.240449363619359 2646
0.3187536094293589 1.120124662368636 2647
0.202178477328057 1.349172501270446 2648
-0.1575837585261688 1.478851069747675 2649
-0.1135125326368615 0.08066082163916961 2650
-0.148727992019686 1.426718694052267 2651
0.1738349734997572 0.6560574714553222 2652
0.002582906638240497 0.2344133576826833 2653
0.2934026222081459 0.5986169164901384 2654
0.6719906979280572 1.318045709360937 2655
0.1499576526561139 0.950882330103054 2656
0.2139603067530326 1.225407448125752 2657
0.4176209435083018 0.4979730155693634 2658
-0.1596542422318424 0.1337297838529952 2659
0.3572339526309486 0.7850461726397093 2660
0.1542110973032023 0.4631103662995683 2661
-0.07413468863258305 0.7595975797873881 2662
0.005802279615725768 1.058559921435076 2663
0.02871762802721533 0.369274125017189 2664
-0.0345711466287981 0.722427317579172 2665
-0.09162770162613783 0.6517077004096874 2666
-0.1571699276770551 0.7416955531729981 2667
0.6075476120377821 0.9836098004540834 2668
0.6238394984419776 0.6712544293939077 2669
0.5299659342662684 0.6729892265116372 2670
0.4043366513454107 0.2469932697483491 2671
0.155129185350176 1.181801216911643 2672
-0.1136160788490975 0.1905030421393105 2673
0.6695482417379471 0.4036662944190728 2674
0.608969941475465 0.3267889161979143 2675
0.07030201822336089 0.1464981861801892 2676
0.04605968296577362 1.326546157019751 2677
0.6920100244893681 0.391227527686975 2678
0.1478426997834231 1.433284162048666 2679
0.01909030443375141 1.30124073660643 2680
0.448307442123927 0.9190127103806551 2681
0.7783727786943752 0.4053843506477589 2682
0.2083997078863541 1.10172816242991 2683
0.6027174822866102 0.8784838806964208 2684
0.2870980527507607 0.1191023377637341 2685
-0.110908525163976 1.412277793208073 2686
-0.02765411923754035 0.4112037083194805 2687
-0.1833997939096842 1.410174554333182 2688
-0.1546413085802504 0.02159988728323639 2689
0.1638870024924956 0.5966183005276273 2690
0.01675232600520864 1.263713510757881 2691
-0.03537306235499554 0.2406468554775673 2692
0.6375507789262481 1.342440069044244 2693
0.2613642223562917 0.7875561136020637 2694
0.6776773096690323 1.170193096320909 2695
-0.04408528487268716 0.9597612982505213 2696
-0.08733568969842323 0.8931614084122256 2697
0.5735342899362975 1.250010822686297 2698
0.08321723384546963 1.34312137248522 2699
0.2700538200288092 0.9818359328927119 2700
-0.1238158334751189 1.032293036216366 2701
0.3364201784906516 0.4594508222667126 2702
-4.187049864946206e-05 0.364855312295405 2703
0.3503384637537149 1.325538970844394 2704
0.3994564386892363 0.3186916812039952 2705
0.5563416898758662 1.480218089627838 2706
-0.1538423347144837 0.5213861251253533 2707
0.03739258310980654 1.208070616915374 2708
0.4116301509712377 0.5437191435558856 2709
0.1475019415664058 0.9843281237540614 2710
0.4212384206449733 0.9429309467415021 2711
0.058692406821687 1.374455748627847 2712
-0.1049531495906653 1.015823815972049 2713
0.7489814255989821 0.6277353908074824 2714
0.2194403568078875 0.6972474306442601 2715
0.3881746397358236 1.484982865173493 2716
0.2578434999738576 0.6193911838257062 2717
0.3912191541637906 0.7932384241702912 2718
0.4125947752536475 0.7631644407626925 2719
0.7806298348456981 0.5781942800398159 2720
0.1187902817804126 1.392528901184941 2721
-0.01045482899284003 0.7280506346489851 2722
0.1435223078722217 0.7862077484299177 2723
0.5471583931601046 1.223457941337066 2724
0.753004057538164 1.39203328771707 2725
0.6624877199817412 1.419273876678461 2726
0.3484430470872996 0.6625619964349359 2727
0.2616502185756674 1.311578956917099 2728
0.3471690830712217 1.455496980980835 2729
-0.1599270221397284 1.121419650285199 2730
0.4211782660095808 0.1732382132491268 2731
0.4682138649436985 0.3290742352978022 2732
0.3024213808647851 1.456871663401711 2733
0.3562471796961547 1.386412682703887 2734
0.6053442299560944 0.2361964527621864 2735
0.03833083780984388 0.9015311473792859 2736
-0.1619624239395059 1.363248377271127 2737
0.5947395229395585 0.6408596610086077 2738
0.6036521015347326 0.7970025233704634 2739
0.3690759532930284 1.022311151593881 2740
0.4807012378229827 0.2542881887114931 2741
0.5441285680132701 0.4372609283564942 2742
0.04865909479329343 0.7074648770281604 2743
0.2646137866894177 1.24593363597798 2744
0.6864418424378163 0.3442047647402049 2745
0.1844780545301473 0.3714501291642794 2746
-0.01764139058220669 1.023763273889743 2747
-0.09701341259900097 1.477674577743858 2748
-0.1471474262763548 0.972400540239216 2749
0.3714107096498691 1.367572912068718 2750
0.6214682913691038 1.012560237176044 2751
0.5686196271281114 0.2249421378760095 2752
0.009383464407164796 0.9664560295106202 2753
-0.03911494724179296 0.1025683819875042 2754
0.0170273132644971 1.071696103046676 2755
0.4555545133336899 0.9370018679569748 2756
0.006995168499479943 0.9113249323266043 2757
0.2122320115004351 0.4411129381388316 2758
0.1627301239768365 0.1424399857236793 2759
-0.1340240019526631 1.200017081813156 2760
0.7036098988897438 0.4341080506462464 2761
-0.03486940405601761 0.274807022739935 2762
0.1449969214930361 1.019151231904406 2763
0.1842808604773472 1.066539443527918 2764
0.6553237934850793 1.378563990724781 2765
0.1232209801720673 1.124436931286653 2766
0.07266124872391444 0.9878265673717298 2767
0.7847151104519137 0.4923430518084375 2768
0.3502424706264461 0.8227745351487826 2769
0.3732314152057102 0.8087863511853897 2770
0.1890900216415208 0.08910590614045531 2771
0.07817337991222061 0.7099652963021601 2772
0.3419421108769003 1.025150968158156 2773
-0.1806181700357738 1.458447087216102 2774
-0.1808207250747638 0.9705648972685228 2775
-0.07073392631996341 1.197607656743257 2776
0.5538359119575341 0.982227547782863 2777
0.382181906729721 0.3727132973858017 2778
0.5341283639842481 0.607440423458016 2779
0.2744335000686866 0.7112811714348088 2780
0.1831890383126448 0.1149488250492059 2781
0.554145057365387 1.401750210690129 2782
-0.02248975987909848 1.087451432596691 2783
0.7083124994999734 0.522374311952718 2784
0.7856040792080725 0.6214177448692614 2785
0.5144128010144298 0.2560021157713096 2786
0.3379715032772251 0.4843273580955926 2787
-0.01065241630856322 1.331399081550836 2788
-0.1805225453627838 1.072943808777041 2789
0.4961152427750846 0.3583411460932286 2790
0.04725395393359011 0.811552219869909 2791
0.3913962549957137 0.9789557188465507 2792
0.7589669672772164 1.12634419564442 2793
0.3896737666699874 0.8919264011429557 2794
-0.04470450630652556 1.446539359664137 2795
0.2273848379139275 1.274382809022724 2796
-0.1123572096127417 1.075570792022565 2797
0.1950311738649185 1.131932129891519 2798
0.09185066490405348 0.9449793513840642 2799
0.2452385097742327 0.554223276685255 2800
0.486785984275486 0.9161054073891647 2801
0.6733777253116815 0.4875765766039469 2802
0.0751096376781249 0.7375730244171331 2803
-0.05007236988410287 0.3438239689392031 2804
-0.09798912020484668 1.10752112546275 2805
0.3659471931886854 1.306436455219949 2806
0.07162062559085922 0.865733547690704 2807
-0.1496360858080243 0.8040282020212519 2808
0.3466139571258316 0.6324118198197221 2809
0.3949285614734866 1.24461025539224 2810
0.2613713996229033 1.130331680750375 2811
0.1815565185447656 0.745931338774841 2812
-0.09526571082676689 1.350311528315265 2813
-0.1127785754503371 1.34365197046788 2814
0.07219882095541467 1.479562678995459 2815
0.4608807946636898 1.099913563619211 2816
-0.06433203798035785 0.7951904989416422 2817
0.05214995203292608 0.5498174795181398 2818
0.05145036506398901 1.023976764691249 2819
-0.08080517011045557 0.6784303015005062 2820
-0.1156458963399265 1.321682273895536 2821
0.5204963937214564 0.8672096855844291 2822
-0.02812049808324183 0.9006012980794724 2823
-0.1538141443514199 0.4228946408811503 2824
0.08857580845580479 0.350582913454143 2825
-0.09623221287765711 1.377311938322725 2826
-0.09675947031000236 0.04390093315335811 2827
0.7077653784885656 1.007328609324365 2828
-0.09646485511998978 1.195476014413218 2829
0.5906510125241129 0.9897493578273585 2830
0.3609199066295531 1.192794672508668 2831
0.1550721649217668 1.142914301482689 2832
-0.1560218292127708 1.450109326862735 2833
0.6910932587296643 1.118472379528268 2834
-0.1826526386243138 1.035185331910755 2835
-0.1161176530503184 0.4737390979543475 2836
0.2193582622005757 0.5300393235236827 2837
-0.0662697909773487 0.04311535350955362 2838
-0.03804979109744389 1.48378074728082 2839
0.180413899680596 0.8046000067409471 2840
0.3390335257237904 0.3465842331976223 2841
0.4507785754183026 0.657244265878942 2842
0.01924216008862633 0.7940176015175987 2843
0.5854961110242248 0.8064649251045283 2844
0.4742199242572461 0.6485334343562947 2845
0.1776945485893273 1.040845658508997 2846
-0.1573720935436597 0.2723473809356058 2847
0.2305772870770087 0.7785846113553923 2848
0.006677115414026749 0.9910764705843945 2849
-0.1216283286402938 0.9085017748816882 2850
0.07822470479185765 1.080355875452264 2851
0.4092558316331312 0.432191929109656 2852
-0.1545889313642175 0.7729737761818292 2853
0.6406392752754327 0.5726078832738156 2854
0.6336682336088892 0.3522799157035804 2855
0.6799650005762652 0.6796349713576106 2856
0.2649050323633642 0.4026999134482658 2857
0.5970308150115327 0.3939043089462549 2858
-0.1273278560461478 0.9964120060087067 2859
0.105836822036826 1.04973785687191 2860
-0.009761806062246223 0.4340673776434024 2861
0.2258529853060182 1.085646466382396 2862
0.1319092170930608 0.8911509935451358 2863
-0.1280888239569772 0.1204195791293185 2864
0.186306107662025 0.1617443101083851 2865
0.5705430903497948 0.5881331054119393 2866
0.169192222357574 0.7766427732988725 2867
0.5348649872700897 1.328654291474797 2868
0.3520254630910544 0.6852414295775332 2869
-0.01018217190798447 0.297164942458487 2870
0.03532587579772565 0.03777179339632572 2871
0.02442434703997186 1.323761708754693 2872
-0.1623244091375514 1.095241002979581 2873
0.4021661710692692 0.8536482091969035 2874
0.16294143727415 0.2489682827237354 2875
0.1651390738931046 0.6252974255844933 2876
0.4696674370858994 0.7878680745509332 2877
0.03629404437846978 0.7396673457478903 2878
0.7207475995173571 0.5450606176008392 2879
-0.04117585810004763 1.206890194896343 2880
0.4905898241684594 0.556115785517397 2881
0.1107073781236667 1.414757497195092 2882
0.1017159802262454 0.3649599287537083 2883
0.3217768405184183 1.48071385922006 2884
0.1143718849323417 0.8138816573794727 2885
0.4376047815504528 1.021410345177787 2886
0.006644931927408861 0.048037263618589 2887
0.5028881645874691 1.054525195754246 2888
0.2162359962253531 0.3502216870853193 2889
-0.02581320944612549 0.6652095459420742 2890
0.7834995631418895 0.4252712492286441 2891
0.39305224406966 1.368894363203899 2892
0.1586827037171767 0.8447308668446407 2893
0.661974315860125 0.9610387843195346 2894
0.7846555604049105 1.179870920025724 2895
0.7306679097601632 0.6922552742071066 2896
0.264028709306425 0.6788263089070783 2897
0.7835826675619081 0.4741045882622811 2898
0.1975966627148785 0.5055844135067998 2899
0.7562912294012284 1.429565073483337 2900
0.1314425075192945 1.1605518824231 2901
0.6058586843598389 1.341659232780634 2902
0.5070955157749695 1.321750641043419 2903
0.1025729925008786 0.8701118848563634 2904
0.6319544302740312 0.8550909299288536 2905
0.2647004818803634 1.433087975406746 2906
0.5653571809431364 0.8409453909734768 2907
0.3949746443740895 0.5635521525947401 2908
-0.1188094580258249 0.8786285765120152 2909
0.4202317410492426 1.314267860358915 2910
0.4826234650687513 1.153199238732105 2911
0.1998788557153347 0.7680583098436125 2912
0.1054853898327904 0.9050850550943249 2913
0.7786038357102811 0.9583562030347076 2914
0.4240229244418744 0.7394892734579496 2915
0.7334037538078935 0.3872390056977313 2916
-0.07719223934229359 0.9137737002406804 2917
-0.1093859409105452 0.5669720648237452 2918
-0.0361110447891012 1.400836831520716 2919
0.7633221644861508 0.8659741579432838 2920
-0.04205153650049398 0.01615210212390447 2921
-0.05423275036572486 0.2125402179797503 2922
0.6099396686961608 1.103717833526082 2923
0.529997573214057 0.3167070125915381 2924
0.7847854145332277 1.3418077970868 2925
-0.08826525310559748 1.303881382592286 2926
0.4887618682408392 1.485346901789368 2927
0.2014735086903088 1.168590031557062 2928
0.7034926840348767 0.5803558418466133 2929
-0.09696465242485854 0.3516853637970043 2930
0.2370010535720176 0.1009957519390994 2931
0.5036002858210642 0.4036206609727051 2932
0.004184336676904639 0.1519012777114983 2933
0.09846648899620965 1.465237248736444 2934
0.4369979005191812 0.6741939657557375 2935
-0.0231198467083909 1.455089773392305 2936
0.7398946463830237 0.5389087927877001 2937
0.4111563746643217 1.45661838498827 2938
0.1964213987273078 0.5937347790741796 2939
-0.08450337265784258 0.9974112418293448 2940
0.0009853289392915885 1.415917930290723 2941
0.08293010851476404 1.108752200973261 2942
-0.1447348804841834 0.9156213205934985 2943
-0.1615556359919425 1.271544944195746 2944
-0.151353891034166 1.302337661377004 2945
0.06383366219212334 1.165557976714557 2946
0.3396845583403411 0.5181016761473503 2947
-0.1494488600459822 0.5982317831732883 2948
0.2470840305542386 0.2138400730877576 2949
0.04831851008141487 1.243094839575595 2950
-0.02505289809620789 0.4488247349021008 2951
-0.06948800106580257 1.392404567767273 2952
0.4243923880721318 1.423053002658509 2953
0.05867183482886265 1.405625299289319 2954
0.671409647433221 0.7822758089466039 2955
0.7851238982710633 1.478139752122691 2956
0.2569802810224294 0.8308201999235492 2957
0.3571779985116559 0.5800466245453649 2958
-0.1216968530732614 0.289243215659449 2959
0.6022994342234523 0.7740886727829053 2960
0.6100744678270654 0.6350800684664123 2961
0.6459854964343281 0.9927208062251214 2962
0.461014878722378 0.6912202330411531 2963
0.3184544732995512 0.6919260792563604 2964
0.7620465668310898 0.648272562774278 2965
0.6679525953201805 0.3245668628530502 2966
0.03788558641765435 0.9303278083385746 2967
0.7602568642542489 0.8307702411716712 2968
-0.1198111896341499 1.263169046839276 2969
0.158410158836886 0.4235830791248161 2970
0.5556836779375759 1.279464878247213 2971
0.2374372199240114 0.3716512401673882 2972
-0.1097865517975907 0.401243222088132 2973
-0.06935119683617051 0.4024412021177423 2974
0.08284091436828997 0.8317914128539841 2975
0.06830003477336655 0.3156393675927209 2976
0.2034922585929443 0.9616215608090062 2977
0.6570949019012208 1.131057683525985 2978
-0.03603636315021219 1.339267493895621 2979
-0.05406470389849495 1.342889395001527 2980
0.2970319353011073 0.2915152071130572 2981
0.09087439922722468 0.2016737067633633 2982
0.588740557925387 0.3717568902997011 2983
-0.03704528963184812 0.7947372594332019 2984
0.005670950885849742 0.84484225823599 2985
0.49570983622464 0.4736124955694304 2986
0.5111355864621305 0.4400619118074905 2987
0.7574277871290239 0.408305315937934 2988
0.4815723399308162 0.3839105451020035 2989
0.4775558879635436 0.219671024409744 2990
0.7394975864127732 1.112565884410084 2991
0.364084980022591 0.5453696545573771 2992
0.3352098094236814 0.8573268489949827 2993
0.01260227014502649 0.1074936850398619 2994
0.6869539344218439 1.352391404374574 2995
-0.1585818115615553 1.04841626186096 2996
-0.09595317752268284 0.7833751412793521 2997
0.4937923185647964 1.177497253252219 2998
0.518232295378278 0.9385746555563076 2999
0.757479725087903 0.9384696593965609 3000
0.377375568312428 0.9565835017435314 3001
0.604767166613109 1.440915159948648 3002
0.3727739272778685 0.3960444458581932 3003
0.7538668491296199 0.4654816548470773 3004
0.1813474586553238 0.9330751708869837 3005
-0.09284757137861198 0.4552724017527196 3006
0.3420489521063244 0.8801901929335252 3007
0.03125718080708424 0.8485205917253633 3008
0.1191913234298701 1.360330554377195 3009
0.4357674704741 0.4073966751691789 3010
0.3776243053206444 1.274103542391947 3011
0.459732761037946 0.4877715375730088 3012
0.3462888420884744 0.2876116667082313 3013
0.06783925609333684 0.185270985127009 3014
0.4802640771212356 1.260667997992215 3015
-0.1342325356137466 0.774335598223322 3016
-0.04205192702965093 0.07987972155661867 3017
0.7389798389649274 1.309720883329939 3018
0.4236179056108569 0.7075507949706021 3019
-0.1386059913537206 0.08468621002632798 3020
0.618464659102844 0.286967811778318 3021
0.3353551332884532 0.7983546311700966 3022
0.4548384187998962 1.03695801451187 3023
0.5368933244310219 1.307590929040178 3024
0.2259488608864691 0.2721977702336368 3025
-0.1886262513394908 1.312559819785395 3026
0.7194664522718806 0.57049972009163 3027
0.1732714378647488 0.171753751587721 3028
0.5706080363066113 1.35175275274959 3029
0.445332765405572 1.107151571579937 3030
0.2603845062366505 0.2291479349817241 3031
0.4469365475405561 0.8040700845060855 3032
0.5364007153861189 1.483345250420346 3033
0.7586402137437038 1.362580754850103 3034
0.3771858711871358 0.6593867554454034 3035
0.6112261889235665 1.190455460504616 3036
0.1522214566649475 0.720398340981493 3037
0.1051502154743277 0.6198626637139418 3038
0.06098625493844476 1.221874614327034 3039
-0.0926725662986389 1.242642342358751 3040
0.1874153988475871 0.8355937942028501 3041
0.7219946841747198 0.9608415955254804 3042
0.3109963718961992 0.8617863512868782 3043
0.4094848829249299 0.7991502990781832 3044
0.3466101593160152 0.3754719599800939 3045
-0.1511547681662454 0.4604906562120015 3046
0.1027916574431069 0.6724993752337083 3047
0.3876014901946936 1.328299050457817 3048
0.2304509308903595 0.7209060028737007 3049
0.0857067892272298 0.06762478141279692 3050
0.474569322452491 0.6038646149857096 3051
-0.07765654442730262 1.429486755492799 3052
0.4160160966964187 0.6671089813336423 3053
0.2158414293668322 0.4033114949412907 3054
0.3729630817724983 0.5692514760676028 3055
0.3256157097100979 0.9706076795327426 3056
-0.1816972237835781 0.8797675376182285 3057
0.138270469343292 0.397502541084146 3058
0.1222974655722162 0.9313817690056038 3059
0.1471061171093924 0.6302832453722749 3060
-0.0539321931904484 1.253576656854785 3061
0.09624723516784162 1.185418838675087 3062
0.2357679115301691 1.356652792353257 3063
0.4415680395564461 0.3619575535992085 3064
0.7640864247752522 0.5909537295553156 3065
0.1576484727658068 0.5343534257980849 3066
0.7244038723274656 1.017658543820757 3067
0.6782615187712673 0.4541509746345699 3068
0.6941659262276758 0.46083063221926 3069
0.2137704109427909 0.8863501062833848 3070
0.1132647401653692 1.24788171222786 3071
0.6699951264807487 0.9312381321373833 3072
0.006873016331145222 0.3122333930593532 3073
0.04298914331221285 0.6390384981150907 3074
0.3644197340937874 0.5199110774446547 3075
-0.1310681713453822 0.2624385013942472 3076
0.4927074002972445 0.7888941718668865 3077
-0.1616846056783611 0.8626400051263707 3078
0.6371784113704773 0.3886533027851016 3079
-0.01856094313947119 1.120575187896916 3080
0.0002746719199721258 0.1980919964072397 3081
-0.02362028803847833 0.3956548712631544 3082
0.3792979849030614 1.468441346459566 3083
0.4577463497859059 1.333384906232845 3084
0.7412931223045459 0.3183784130587943 3085
0.4582531833000705 0.8698048372644493 3086
0.2265094549770567 0.5010518477177091 3087
0.4372285997159826 1.237022396914519 3088
0.5102814476712315 0.279003188433114 3089
-0.1877476131894043 0.6875629168547103 3090
-0.02099718746353921 1.265841121271711 3091
-0.01437402843404545 0.01516489332127643 3092
0.4722017540784289 1.015073394667015 3093
0.08855964504133679 0.921826544365538 3094
0.3377749594752448 1.363393762823292 3095
0.7348817770179482 0.4936347222746268 3096
0.7445391791424476 0.489741969389571 3097
-0.08827686744882278 0.8319144446656302 3098
0.2026545062558136 1.438673745734965 3099
0.5551068626207226 1.458678264626379 3100
0.3009589552635255 0.2719599866543462 3101
0.4694451958026556 1.120556857285455 3102
0.0542765232457388 0.4850140977791884 3103
-0.1875366319861936 0.6168138847229629 3104
0.1984091956413723 1.373152888164331 3105
0.3969644084231438 1.034021351972477 3106
0.2328474935497155 1.17992981660864 3107
-0.1215978402387496 0.7562957329004242 3108
0.2030579758657619 1.062703513249265 3109
0.5919856710601549 0.9196944968664026 3110
0.188057455852467 1.002836741937265 3111
0.1489270122169432 0.3250638540918507 3112
0.02365954057994746 0.4317854610571935 3113
0.704045199375519 0.741733983969645 3114
0.2904758808782826 1.182602569612125 3115
0.5656136287028442 0.5135272054442346 3116
0.0601818482386327 0.6027355226404301 3117
-0.1853689502448196 0.4707735159805621 3118
0.2179664713893809 0.6267708878952492 3119
0.708815785732145 1.151564332784383 3120
0.5286165516394872 0.5217561661636401 3121
0.4584356658312199 0.2139784288005089 3122
-0.01923670932200528 0.9224221220568282 3123
0.442866391296644 0.2526495979496082 3124
0.4875821605087225 1.231438355624088 3125
0.6259537168454659 1.200230303511679 3126
0.6662847065065971 1.0381280153205 3127
0.1251919249054241 0.4378324957451543 3128
0.1085258966630306 0.05970596805232269 3129
-0.06208025304114197 0.738752536648193 3130
-0.08028999516349045 0.9560522231254067 3131
-0.1843043008488603 0.57392499968059 3132
-0.003123657608561608 0.501545132658884 3133
0.5968211941605579 1.412961792888065 3134
-0.1124119595209431 0.4309797560595671 3135
0.1092818962622607 0.7051295758095315 3136
0.2914722502714795 0.7580038261169667 3137
0.7096847667452273 0.6102092290514719 3138
0.5056991754880175 0.3443559968086802 3139
0.5068533020265148 0.5988937806595992 3140
0.7620205077278625 1.263426741839571 3141
0.2787975296604938 1.033160724091383 3142
-0.01486437369846892 1.305689349229232 3143
0.4945530329424239 0.6224748250706368 3144
0.3012855994655825 0.7976619268815446 3145
-0.09061198317530247 1.12947608317184 3146
0.2991095116532261 0.6792480027507091 3147
0.07963719452124757 1.434414524048204 3148
0.04108492917883531 1.008563727873977 3149
0.6596409610557403 1.458764272070411 3150
0.2159443551919665 0.131435222371257 3151
0.2676247603193109 0.2649218700260176 3152
0.7090693743465362 1.258195926151051 3153
-0.01611190330427469 0.07973046807446754 3154
0.07884275949949746 1.277981940287988 3155
0.5175020198108873 0.755113222286653 3156
0.6953908159475103 0.4814453116949066 3157
0.6479154235029123 0.544450615399674 3158
0.6930412154094006 1.478149477491207 3159
0.03107155884412888 0.5544009675245481 3160
0.5526612708973304 1.154754570602507 3161
0.714981142661292 0.366648059598833 3162
0.5548205364815508 1.061286303361284 3163
0.7840065626856921 1.044433291833285 3164
0.7402264267324375 0.2862659615630298 3165
0.2500774680196718 1.394205739894844 3166
-0.05899285763091758 1.462872984127405 3167
0.6145947240381787 0.9100646463783129 3168
0.1329402070216782 0.4725299802758111 3169
0.6477280891102306 0.4111264141543509 3170
0.6022528938047655 0.8686443708764321 3171
0.3308544374709608 0.8330084536546232 3172
0.04135452750952959 1.4585502546223 3173
0.2314300979143822 0.3174630829101314 3174
0.6275247360808721 1.434128247692717 3175
0.1604304766709652 1.076245670792106 3176
0.661750051287625 0.9087372882706184 3177
0.3733554677045571 0.1983807966766394 3178
0.2471397728721667 0.3299076799777428 3179
0.6829084893320783 0.8723958554497415 3180
0.2447022318385432 1.331756392952401 3181
0.7583623667620489 1.091675144955571 3182
0.3088759679417328 1.002452784517548 3183
0.152280417764451 0.6897980583260694 3184
0.5512781219294256 0.3800319115056116 3185
-0.1292789335529144 1.231779456980829 3186
0.1348834944031357 0.1721562239839344 3187
0.7841191377124086 0.3538696963152391 3188
0.09463411695547369 1.360482058170793 3189
0.09370226910917248 0.5472779632913578 3190
-0.05824269940757084 0.8495751825899767 3191
-0.005778899440840111 0.7769151480853822 3192
0.008810158485352665 1.192429910605408 3193
0.3176690492305647 0.5199545041001519 3194
0.4183234581430478 1.285346429828981 3195
0.2194051527813244 0.9578002121033738 3196
-0.09331596128603797 0.5005015397059538 3197
-0.03705122146444524 1.095404061121012 3198
0.3733036759883711 0.7188363615988365 3199
0.531147854893949 0.8949511849853973 3200
0.4960655567290053 0.6592553856041337 3201
0.05576810880862726 0.5772403965115022 3202
0.2662609799896942 1.200667282942275 3203
0.6589810149661718 0.2961692927094986 3204
0.2963186652911508 0.9230871621585024 3205
0.06911421039808478 0.5158647581332633 3206
0.2888018369290405 0.2573025365566883 3207
0.3479552008841623 1.244299622704884 3208
0.5598608145679564 1.301256246735007 3209
0.6790032115889745 1.386970975547813 3210
0.4869616853714379 0.5911252142053419 3211
0.132844543061644 0.7490593825480679 3212
0.05464342180211518 0.09007177097056776 3213
0.7661995116962756 0.6118441218478382 3214
0.1472339374771035 0.8586191307898089 3215
0.326390154127382 1.189376969170505 3216
0.6819869389556585 0.8970283303081802 3217
0.2174300665697615 0.2084183771492883 3218
0.1934437542667009 1.031274887239088 3219
-0.01834174155858686 0.5791611190910227 3220
0.2863724916714225 1.081510822720814 3221
0.4107384491252868 0.8203809393209008 3222
-0.1587292645072792 0.9558740921666831 3223
0.1753519680059251 1.07893357498359 3224
-0.03680095531864719 0.4825545251768549 3225
0.783277869928925 0.6668099891165602 3226
0.3536580611598329 1.165633375163938 3227
0.1949054533238166 1.226162727047364 3228
0.7102841879977038 1.239862216147364 3229
0.5298417243571693 0.8137179552527563 3230
0.6192648848097275 0.8187796899036665 3231
0.2641719649702942 0.9109740280142167 3232
-0.05622204339158677 0.4903262314906829 3233
0.3166640748973534 0.7336078285111998 3234
-0.1428871683806073 0.5043793465803128 3235
0.4265937750326777 0.1936363825334869 3236
0.1883121758942253 1.157973785794381 3237
0.3646055515239315 0.2557976285301967 3238
-0.1183848387013818 0.5942622143128506 3239
0.5584465617375501 0.4644085343693153 3240
0.04365403506494232 1.187164495941114 3241
-0.1045103242425623 1.283972035249801 3242
-0.1377805799427636 0.3231940453421812 3243
0.5183765552556492 0.6865477217352203 3244
0.05063435825032556 1.292643359773681 3245
0.5420851110559547 0.7083750800063938 3246
0.3936306355760261 0.9181147424714103 3247
0.1972712577322575 0.2012306947743766 3248
0.3621778010246618 0.9915988182187461 3249
0.10141526818636 0.5905758036476214 3250
0.08776197247363544 0.5831639493132543 3251
0.1046533253764349 0.5764999800410531 3252
0.08161682484138458 0.5930508198667895 3253
0.07675104543562422 0.5778919617670006 3254
0.5564536922736105 0.3477061655850558 3255
0.5498792056640436 0.3378967485194265 3256
0.5672006888206329 0.3417137358506887 3257
0.5921181867138104 0.5837658463877251 3258
0.5847516409975388 0.5901855328764626 3259
0.5776546281429711 0.5819371219612757 3260
0.4813890184693356 0.349102891985699 3261
0.468452418878849 0.3558902886593818 3262
0.4711262439187161 0.3414262589257834 3263
0.08728272944927608 0.2948697981526233 3264
0.09619423776996827 0.2839821810137239 3265
0.09377831357376479 0.302027082950258 3266
0.6526119253090487 0.6616995083309766 3267
0.6573028733617816 0.6781858681591397 3268
0.6424614043184416 0.6746607007518275 3269
-0.05717673209727069 0.1097032287223671 3270
-0.06846751532235268 0.110510261536246 3271
-0.07123043392984081 0.09982508816859298 3272
0.09664121747902801 0.3116810794822751 3273
0.1077633786828505 0.3068108799480903 3274
0.6678441115818499 0.681780407360455 3275
0.6539137600029394 0.6897611275420753 3276
-0.04928298928449081 0.3315605457328317 3277
-0.0597938214748346 0.3209925703014828 3278
-0.04269954846054547 0.3162691856546489 3279
0.05258883967410354 0.9620978500565218 3280
0.04396853936785553 0.9718776945326572 3281
0.03448624364311802 0.9610394978531954 3282
0.03194615480129984 0.9458390368564706 3283
0.02111782362052057 0.9600396376027351 3284
-0.1108185522155542 0.04700416677739336 3285
-0.1160052182773035 0.05546041800347688 3286
-0.1181454899286341 0.0399299052430729 3287
0.2322942797248242 0.555208566369115 3288
0.2196409948893721 0.5588006407155436 3289
0.2239626468193461 0.5487738268742707 3290
0.4898046680190546 1.350760809779331 3291
0.4806982772860217 1.357868110071424 3292
0.4817214344355618 1.342184554864051 3293
0.3025134157204923 0.4070669160007446 3294
0.310963494731176 0.4165931502485861 3295
0.2952800307735947 0.4168525349383091 3296
0.2160431429090676 0.5692369689528912 3297
0.2057608191777575 0.5634421337296844 3298
-0.1190912389266421 0.819711941443519 3299
-0.1163068608258352 0.8087987554478632 3300
-0.1055543756278215 0.8123928722225467 3301
-0.187482086771644 0.551635198796291 3302
-0.1871148786861591 0.5390446088939072 3303
-0.1741177951159095 0.5389767348722353 3304
0.3553121844540846 1.058089422222845 3305
0.35912073560137 1.069805195914405 3306
0.342788818039926 1.062745449835664 3307
0.3352566069927013 1.051687421899972 3308
0.5676117050455133 0.703737339387286 3309
0.5809994063775893 0.7091844883885912 3310
0.5759759960701853 0.7206693145521078 3311
0.2933729927750491 0.7472337290642714 3312
0.2885706891805243 0.7349056230710601 3313
0.3027677485607091 0.7375228206075933 3314
0.7628123343626387 0.4357416563105683 3315
0.7729884431819126 0.4405612036292926 3316
0.7652487480192584 0.4488761348220852 3317
0.5170255414262397 0.4622262604995902 3318
0.5294704659101798 0.467106415222355 3319
0.7318318080066288 1.379591441569507 3320
0.7232965825872099 1.37007798950793 3321
0.7365904868458824 1.361075988048814 3322
0.1494880503856445 0.5728261949491538 3323
0.147934504950902 0.5613103029006661 3324
0.1606033075013369 0.5692766925912771 3325
0.1485482903581786 0.8008421921262943 3326
0.1577594270948341 0.8055037806992499 3327
0.1434834337402893 0.81195596607216 3328
0.7127907321388487 1.37878511434784 3329
0.7144225924213381 1.360870566185581 3330
0.2994278798613971 0.7129446518433764 3331
0.289412921313656 0.7081588074689119 3332
0.2951137853688916 0.6998165799100594 3333
0.6551831888467412 0.600111406303684 3334
0.6576684311934158 0.6116106087059558 3335
0.6433310855221034 0.603653915281312 3336
-0.1073437784641823 0.8623932761304619 3337
-0.104317537624937 0.8741192523038158 3338
-0.1201274222919113 0.8641461200897514 3339
0.5324650767195777 1.375047949449189 3340
0.5251675088040024 1.383753711352642 3341
0.5164496517806437 1.375052191057154 3342
0.7275713153785184 1.042599892678823 3343
0.7124442624817906 1.040350296921412 3344
0.7218590472619966 1.033256613774203 3345
0.2517049517215757 0.9620150466248066 3346
0.255063392883542 0.9503654849721985 3347
0.2636240987355727 0.9661128251060104 3348
0.6850790878600672 0.6175525729661843 3349
0.6714930096792793 0.6188383223991041 3350
0.3934561593272323 0.1540858853501745 3351
0.3882218791351721 0.163187060107985 3352
0.3819924198456183 0.149962227707589 3353
-0.005809691501188879 0.6366262099099737 3354
-0.01677315220905246 0.6319866917418112 3355
-0.01141748108551474 0.6220258800081638 3356
-0.02336712913470635 0.641398001852089 3357
-0.02644233611208505 0.6254992982919421 3358
0.482901803532963 1.325166424616641 3359
0.4738318595965337 1.333303487616337 3360
0.4652848405490043 1.324611837659943 3361
-0.03875872469962163 0.6048445188967568 3362
-0.04753562440667269 0.6018179452310329 3363
-0.04147864377969528 0.5927908398979235 3364
0.7577373922839732 0.9618531654497158 3365
0.7431163229919968 0.9601694949112338 3366
0.7520704419641264 0.9540352144811609 3367
0.6946886943717577 1.081665236012079 3368
0.7002340029976486 1.092139562718323 3369
0.683271644963374 1.090763136622808 3370
0.2720655652765258 1.403308068011984 3371
0.284264474898805 1.396158731712023 3372
0.2824699834910473 1.405798406324204 3373
0.6687710452779443 1.093828832284061 3374
0.6817421392046406 1.105182270474452 3375
0.4648116671444049 1.341311893644419 3376
0.5492557941718748 0.9184053424231833 3377
0.5388999755554374 0.9283880472982732 3378
0.5369063429825631 0.9104173859820169 3379
0.4867219728358437 0.302216603301438 3380
0.496552066895247 0.3077201723339167 3381
0.4895220918904082 0.3158004947349917 3382
0.6080424205693594 0.5048632724606753 3383
0.6049166770301915 0.5166353247896063 3384
0.5944325420159965 0.5052296672916458 3385
0.03617105194761973 0.5711363129502086 3386
0.0492491272018384 0.5710948970486611 3387
0.04248333615265232 0.5783501371840692 3388
0.5860265072846825 0.6975395438168466 3389
0.5925972562561365 0.7131526056099424 3390
0.1758596448248264 1.349601583872781 3391
0.1720214967782866 1.364143911061915 3392
0.1632189679858793 1.353295261458059 3393
0.1782729138604887 1.370644627683804 3394
0.162791516414403 1.371169718102187 3395
0.4392361314994527 0.8176180320031917 3396
0.4426852705509031 0.8299509297254033 3397
0.4292573039619483 0.8215287261713616 3398
0.2755360580573066 1.30390803642288 3399
0.2721457486641242 1.314417847585625 3400
0.2639051511190569 1.301542090033621 3401
0.2397303873200907 0.1315044518697105 3402
0.2331477587871719 0.1454379498626845 3403
0.2295719236760495 0.1351051706476754 3404
0.03233917210861614 1.232979740612079 3405
0.04568285470840738 1.23696035980772 3406
0.03788244841014156 1.242758625276295 3407
0.4415227537693576 0.3059903220923623 3408
0.4352683361018678 0.3162917359259386 3409
0.4310995864815096 0.3004930862464087 3410
0.3027390479656523 0.9780272476979509 3411
0.3013699764187458 0.9634243820720771 3412
0.3099513115094145 0.970998312266923 3413
-0.04359256974803151 0.5785098813943833 3414
-0.0340477345563158 0.5842330059263244 3415
0.5018008378605759 1.460753329683661 3416
0.5130129514083195 1.469965523016672 3417
0.4998181780967155 1.472895796245226 3418
0.2481949500726182 0.1601558599801056 3419
0.2414231533869916 0.1736321114901131 3420
0.2329762545083506 0.1569806705327734 3421
0.05158149520625657 0.2492529447524019 3422
0.04126635493026936 0.2462858628603941 3423
0.05345239611745189 0.2381921136162135 3424
0.07367403220628019 0.2656799149172867 3425
0.06985561292672253 0.2772850698523772 3426
0.06037399307798098 0.2638743855828252 3427
0.11463539777683 0.3299516987915327 3428
0.1261079328803591 0.3243883407461621 3429
0.1212332834290897 0.3394661034669926 3430
0.6589957686768002 0.2743831764601672 3431
0.652673492247151 0.282508774000032 3432
0.6396982534685272 0.2760737413635079 3433
0.6147619724431298 0.3714189359401083 3434
0.6222490497804065 0.3780015149680642 3435
0.608641174338325 0.3771750351619735 3436
0.6305271313892989 1.424109517771183 3437
0.6227354521483159 1.412653170451361 3438
0.6374615415027847 1.40992931729364 3439
0.5977549178823658 0.5785508497555565 3440
0.5999945379405547 0.5917222667435409 3441
0.5745491341341333 0.8600408935377168 3442
0.589707561189024 0.8636056915749563 3443
0.5793406681440196 0.8705398926676663 3444
0.2794695856211262 1.291353151049651 3445
0.2867743788165295 1.309000760761251 3446
-0.120190144817072 0.06530594477468729 3447
-0.1319010170365012 0.06012191554676329 3448
0.539868619345147 0.2753486673813818 3449
0.5340013009935692 0.263594017122858 3450
0.5431020201678693 0.2634102740237621 3451
0.6472872087326493 0.436092156932635 3452
0.6530404889839677 0.4239954761877462 3453
0.6604855780506256 0.4387705817888611 3454
0.4632544617813537 1.234011569074988 3455
0.460080023739351 1.248505289907064 3456
0.45347282420437 1.239823000148936 3457
0.4664014330759768 1.25740717586521 3458
0.4582145966635561 1.264381202573289 3459
0.633101158387348 1.023080489186753 3460
0.6445372812371515 1.024878303897153 3461
0.6313542817801625 1.034625633102831 3462
-0.146891329016948 1.351221394631489 3463
-0.1524978739195374 1.335886177785012 3464
-0.1424154691747701 1.340805796015051 3465
0.5409536438362885 0.5226973702632076 3466
0.5548358126830938 0.5219642463579319 3467
0.5462345644733946 0.5355638529781598 3468
-0.1003584002079663 0.8853279017497624 3469
-0.1882537212979297 0.4256257391907727 3470
-0.1760043498676251 0.4374091595579684 3471
-0.1881509520019727 0.4377933786932608 3472
0.6303051902507546 0.2643431909521127 3473
0.6267926294856903 0.2789316529576397 3474
0.5982856689909232 0.3150725875530414 3475
0.591173361894678 0.306780996959816 3476
0.6032053235033428 0.3029776762355582 3477
0.5946192752245065 0.4698013344089235 3478
0.6031854402826849 0.481688964733016 3479
0.5900501452668212 0.4816041071090368 3480
0.248850304644138 0.9730564774744651 3481
0.2402144381539472 0.9595274759466668 3482
-0.05592638435431116 0.2546585266556063 3483
-0.05229935905295748 0.2679028390409421 3484
-0.06372359602921698 0.2716581320955439 3485
-0.1458513441768553 1.24614151638201 3486
-0.1555716034476222 1.241448977816514 3487
-0.1417173506867118 1.236264345988384 3488
0.03963522154714559 0.05337166257268469 3489
0.0302100950632344 0.048590194346493 3490
0.04517835396961862 0.04225164478155578 3491
0.5776344966690653 0.4804090768299489 3492
0.5855274088370547 0.4931677092108613 3493
-0.07447698996847631 0.2764979717068747 3494
-0.07034309978604003 0.2871568473502835 3495
0.5286710591684707 0.3522102542395519 3496
0.5349400974550154 0.3639889990871623 3497
0.5239758740347729 0.365370717192258 3498
0.5210620746650879 0.5445151279652524 3499
0.529080903332793 0.5549078436812125 3500
0.5129294287592582 0.5547058794884046 3501
0.7170381675662888 1.175796620133345 3502
0.7155997202491381 1.161814960846796 3503
0.7285795036995391 1.170715812475523 3504
0.7052332525858638 0.8287870746537895 3505
0.7063665209705388 0.8481061210319342 3506
0.6957635857768838 0.839315185495412 3507
0.510228984296477 0.3638620415503214 3508
0.5175324278838328 0.3750738316150152 3509
0.3920059958696467 0.4811833972239074 3510
0.3976190573905232 0.4716038357282844 3511
0.4011055333092067 0.4870368587759078 3512
-0.1354663095011061 0.9439292727600103 3513
-0.1242493027579335 0.9430882388984059 3514
-0.134456175461888 0.9537199408428823 3515
0.2616831175490391 1.410793927862053 3516
0.2618632673856025 1.402043985434721 3517
-0.161666871919244 0.2011358866548299 3518
-0.1600855964160541 0.1804092644377776 3519
-0.1528773620644754 0.1924293613603552 3520
-0.08125882556433192 0.6189432064913212 3521
-0.09375420436294227 0.617938468258868 3522
-0.09038142233838221 0.6053538838785184 3523
0.6360403122317226 0.7844811710583371 3524
0.6342857409159878 0.7966485636846683 3525
0.623679694816224 0.7916422503215415 3526
0.446532521728211 0.4947374939203542 3527
0.4488658356867873 0.4850275448212349 3528
0.456841574550653 0.4969868933853779 3529
0.3640214819803184 0.6607074237147362 3530
0.3709667260337401 0.6545830382712752 3531
0.3735385653979872 0.6655321234327143 3532
0.7183747373786508 1.098922511079159 3533
0.7288111048313042 1.0876708473482 3534
0.7315597911825756 1.103283185741579 3535
0.1493502099942469 0.7427479879929011 3536
0.1439896389894705 0.7498561999469755 3537
0.1359848057799907 0.7437833833323246 3538
0.6307761170385963 0.6206661433523988 3539
0.6193596077307604 0.6043379770536647 3540
0.6310030021110082 0.6054333358398598 3541
0.1670030349116843 0.8100794176873203 3542
0.1616851469142561 0.820741820500708 3543
0.3739020149328889 1.336251322779196 3544
0.3658253002331253 1.346932948222874 3545
0.3627677908013028 1.336125053222301 3546
-0.1067631008461898 0.6792441746747164 3547
-0.1170042661796142 0.6743570181499099 3548
-0.1107161981060217 0.6655430072782645 3549
0.5572641285762848 0.5006298627367256 3550
0.5453859067904182 0.4980537010471609 3551
0.561289602587895 0.4893899957163348 3552
0.5323811697254277 0.4957528255500703 3553
0.5368455509845649 0.4832660829703352 3554
-0.05265219187552955 1.39853658963541 3555
-0.06302462696738015 1.403065548475722 3556
-0.0592638603257758 1.38836195355927 3557
-0.08557641564779045 1.077373778782858 3558
-0.09626207812090194 1.076109572425245 3559
-0.08278077931899348 1.065379494144625 3560
0.3623118675022596 0.3316874607333823 3561
0.3660338504553124 0.3494745123898914 3562
0.3551067090516736 0.3425985217250117 3563
-0.1051068773612682 0.6573060725290116 3564
-0.1127042450079091 0.6525870368972805 3565
0.003292062289267896 0.3901212100717796 3566
-0.001835351965662232 0.3803315027196203 3567
0.007536904962907323 0.3745611722634055 3568
0.4431533773728814 1.404694358402062 3569
0.4578444412846979 1.397673575040318 3570
0.4586714166255872 1.41224558747355 3571
0.128504681454631 0.3476589210426634 3572
0.1203398365648706 0.3539955797838503 3573
0.4609044634679479 1.422853686023089 3574
0.4694749822960745 1.411532580261442 3575
0.02682374708632548 1.220352245927207 3576
0.01519899887265172 1.230037091169072 3577
-0.05409416224517154 1.046869244692692 3578
-0.06250607413044347 1.032076217963129 3579
-0.04779330175302578 1.033970465543794 3580
0.08724422955205241 0.4330173522067202 3581
0.08146920121609737 0.4215022844872359 3582
0.08954541523909082 0.4229381088467222 3583
-0.1888674022586996 0.4502621946624566 3584
0.2835481410768202 0.7170236449647268 3585
0.2796867608678104 0.7035270955914196 3586
-0.09110204977602382 0.5403857993249646 3587
-0.1058953420117526 0.5452765845864176 3588
-0.1008348342942086 0.5356725280976866 3589
0.349630823250059 0.3519242564268646 3590
0.3437007874349469 0.3367002155680028 3591
0.6737346993348088 0.537304169600638 3592
0.6767712090791491 0.5273515305269456 3593
0.6870369978982002 0.5354198147120267 3594
0.1527648618219065 0.7567615315693103 3595
0.1371385755553159 0.7548096663286747 3596
0.01694356762480209 0.6186915880434051 3597
0.005013557536898828 0.6146305012339245 3598
0.01013535208839162 0.6023130152780369 3599
-0.074827591096415 0.4361962841931624 3600
-0.0865969111771729 0.444527107774546 3601
-0.08779661146262011 0.429836651029628 3602
0.06494869007720008 0.8520967161895411 3603
0.05406381076219866 0.844639837467042 3604
0.06448928407377842 0.8368320508801306 3605
0.04151302136565651 0.8441313683659829 3606
0.04967573526704402 0.832820345118102 3607
-0.09573769299717449 0.4179158224343724 3608
-0.09843004801408466 0.426618220157553 3609
0.03525067929480748 0.5864306640205897 3610
0.04991304156693974 0.5846094446840403 3611
0.6647513643042853 1.081632429954114 3612
0.6590507109983419 1.070420631155188 3613
0.6704308667405553 1.064988880364962 3614
0.1038822446821112 0.6593928244380143 3615
0.1060140526773748 0.6429423541853868 3616
0.1152295527085867 0.6530892176034515 3617
0.02087871976974185 0.0437577784370767 3618
0.02569526120591632 0.03342908838812234 3619
0.3717610454620939 0.6428086186264721 3620
0.3800875225519977 0.650748473734154 3621
0.2929567541707293 0.1518433605843367 3622
0.3015759843138121 0.1597200671191143 3623
0.2848180745440723 0.1605419440870061 3624
-0.06952397958641297 1.417541034135147 3625
-0.07460970133507557 1.406122598917331 3626
0.485778089428802 0.2724971035178349 3627
0.4788923633002782 0.2645857556066831 3628
0.4858131902359762 0.258723514233091 3629
0.7042711995636618 0.8809276173935471 3630
0.7207909785662019 0.883753814360092 3631
0.7095954215017737 0.8912132956529613 3632
-0.1108434312865161 0.553911780650688 3633
-0.1199580784979457 0.5499469270658744 3634
-0.09880142420664025 0.2880684839679863 3635
-0.1130920079369319 0.2941050825117706 3636
-0.1087435796033727 0.2830105084944373 3637
0.5786064686481591 0.3367346584118298 3638
0.5731761027941291 0.3243342165211218 3639
0.6104357511966569 0.3185585410158798 3640
0.6013885652839117 0.3291411163897585 3641
-0.07536641753681364 1.080070658605337 3642
-0.08770964490867601 1.08914351839358 3643
0.7072611117695984 1.426067514392319 3644
0.7227683523087789 1.426432810617476 3645
0.7152220734548839 1.43592783826703 3646
0.1787004483688594 0.2822606579074118 3647
0.1679694746803266 0.2881242303264462 3648
0.1642754558476287 0.2771569631551131 3649
0.7284567700567779 1.419516641827946 3650
0.7320255317318334 1.433333237439569 3651
0.501340736469654 0.1955687873898262 3652
0.5127790305229216 0.199465602136797 3653
0.5122558761935972 0.2118513476228243 3654
0.5753947822894725 0.4449496370570025 3655
0.5751885805317675 0.4334833296783375 3656
0.586982895397077 0.4334603669661704 3657
-0.1492458908659485 0.1555747914059955 3658
-0.1413049296973642 0.1671578655951986 3659
-0.1548149516441415 0.1659535115482416 3660
0.5307624119897965 0.5289775609841177 3661
0.5318042389920229 0.5177754750297957 3662
0.2670393529774938 0.3078846753797368 3663
0.2765076635611832 0.3149965514918066 3664
0.2614253986310908 0.3176639953572163 3665
0.2454069537094057 0.982878101223466 3666
0.2379055225331867 0.9790669216882919 3667
-0.04936719975985225 0.04796742715810432 3668
-0.03838013246809629 0.0421874794775655 3669
-0.04335356328555026 0.05760006015222168 3670
0.6642797451814301 0.3517922205179718 3671
0.6621317708954981 0.3628506043716926 3672
0.6510427782999367 0.3611284692139087 3673
0.5497875626022257 0.256848053678314 3674
0.5541432995414378 0.2705084225959108 3675
0.5902874649114216 0.3326339940272974 3676
0.5830134380912043 0.3486092126966948 3677
0.6172954251975499 0.5265303062194218 3678
0.6040889544413196 0.528578674208627 3679
-0.04555202076564021 1.368416796243574 3680
-0.03734212124495018 1.361650767600389 3681
-0.03985519949557752 1.377432047154208 3682
0.5690827492208521 0.5028952985697596 3683
0.5548007294450225 0.5114161618436444 3684
0.30582911926835 0.9918567478736519 3685
0.2962037370242514 0.9856704446231728 3686
0.1716325010361449 0.7999888969262985 3687
0.175903425430856 0.8145966758010107 3688
-0.0433292711189892 1.392446080724886 3689
-0.04448029910847302 1.408078300196528 3690
0.7387493189442544 0.6387936915828687 3691
0.7298693609532499 0.6540171937876186 3692
0.7243438010002072 0.6383863900772224 3693
0.7660234209903511 0.9666975537702085 3694
0.7615390407855773 0.9776456701880812 3695
0.5657885486199502 0.3995257428724372 3696
0.5625615723728238 0.3887647242139339 3697
0.5726131622927956 0.3870818896323416 3698
0.3315644252181032 1.311126092673509 3699
0.3212835394326898 1.298157542176823 3700
0.3362894594521134 1.293896859472908 3701
0.3058207197851027 1.292637708741551 3702
0.3192108484215637 1.281919396348664 3703
-0.05857425765231003 1.072677384916671 3704
-0.04885778273386995 1.086571494613034 3705
-0.06665423883949817 1.085647959227944 3706
0.6879557249330318 0.6377416104621281 3707
0.7047315455165356 0.6373446448409349 3708
0.696345965624853 0.6467847427844683 3709
-0.007061582816256815 0.6108004089577712 3710
0.7587728471823105 1.239499559190647 3711
0.7660722480967191 1.224660523657796 3712
0.7698410747018332 1.236055116877308 3713
0.3891825432870669 0.6468548603264106 3714
0.3906654319658497 0.6326191380495798 3715
0.397549016832623 0.6415412973781733 3716
0.4504516648591619 1.272526027711269 3717
0.4584210465724789 1.282942430748581 3718
0.4421331949653618 1.280506324958475 3719
0.06475064270268745 0.2401972699809765 3720
0.05408314398353995 0.2268996465801392 3721
0.4617771581727159 0.6615287687649704 3722
0.4641652359511954 0.6528716357048042 3723
0.4748795603459995 0.65856523543998 3724
0.6373190749813608 0.7715769617545797 3725
0.6494779144191218 0.776244075748767 3726
0.5633249042266656 0.9045092322877777 3727
0.5634610511175389 0.917449246154349 3728
0.433104200906371 1.286771860033666 3729
0.4371475503581366 1.29665361897584 3730
-0.06846212166684942 1.05583457839806 3731
-0.07959268556716922 1.05340775656935 3732
-0.0765219055572437 1.04181448705233 3733
0.3872656875320543 0.5029721414828208 3734
0.377285732410536 0.4995007527710176 3735
0.3880819113760576 0.49094839255047 3736
0.6810530825522951 0.6031978058621552 3737
0.6967598067036365 0.6093924196822217 3738
0.6573849105224583 1.097314758040259 3739
0.4656032356185065 0.6717749080954107 3740
0.4546298379384873 0.6674774064083331 3741
0.3635838078056788 0.4806849144720349 3742
0.359734620425982 0.4687564972641955 3743
0.3699224289148373 0.4723205231468147 3744
0.5239354280713145 1.461624594993629 3745
0.5268996146252757 1.474143424584901 3746
0.4698603404986472 0.2693736209487335 3747
0.4743634939417949 0.2559781667642745 3748
0.3102902978801125 0.4359868218422425 3749
0.3093449477078068 0.4537260495169101 3750
0.302087753259718 0.4447242099237152 3751
0.2154814060014934 0.6815908997730015 3752
0.2060572638649421 0.675938951590463 3753
0.2228479205665892 0.6711973956071555 3754
0.1748971346483613 0.07376453794104795 3755
0.1861386739360011 0.07767707934345001 3756
0.1787324248904599 0.0850876957214307 3757
0.2950186080995992 0.4353813295158681 3758
0.2937110691881454 0.4533441066936475 3759
0.6067565647058225 0.7394391365975757 3760
0.5952411543426812 0.7375390668248465 3761
0.5993981748987779 0.7267720582723944 3762
0.4765052979526971 0.2958171803234351 3763
0.4853161726460292 0.2873941856361493 3764
0.1546937651963502 0.7351015757277335 3765
0.1633627418165719 0.7417405031155065 3766
0.5921158033323567 0.7488337345943668 3767
0.5835186044517446 0.7349797856275164 3768
0.5856015579816929 0.4573075636428505 3769
0.5733846823631471 0.4560045725022714 3770
0.4050678664045239 0.6357926720300721 3771
0.405366278061714 0.6491630577717016 3772
0.4432396311060765 0.5047615123700134 3773
0.4358721721115176 0.4924641247275283 3774
0.5982779080609036 0.4576330732956623 3775
-0.1889563557112207 0.3536637449818459 3776
-0.1890653154484553 0.3657037101023817 3777
-0.1238335702591633 1.128849679942631 3778
-0.1281015957941825 1.116263465369185 3779
-0.1170819065393559 1.110276022190465 3780
0.07206508079205869 0.8844099236186262 3781
0.08098189339067177 0.8929414653676262 3782
0.06366805482811629 0.8930018625908829 3783
0.586935094091022 0.396312199976453 3784
0.5825635300439005 0.3849730297820914 3785
0.592245771099806 0.3828871043658405 3786
-0.09829541188888161 1.442121087163394 3787
-0.1093506193892231 1.442413762941993 3788
-0.1089813773181844 1.430284090323416 3789
0.7597362000081163 1.059136454212552 3790
0.7493477695910111 1.0598433191071 3791
0.7507528519469565 1.049455273899947 3792
-0.1393432955409417 1.121298070790509 3793
-0.1321213582495476 1.103933191980706 3794
0.7496700238444971 1.039490430903937 3795
0.7410585594422208 1.044477204623491 3796
0.7576736010023379 0.9899375140801886 3797
0.7463913697687186 0.9883629217694841 3798
0.5141897412167635 1.137145504930395 3799
0.5164694984218359 1.148285147326078 3800
0.5073851459600539 1.151411661538996 3801
0.4194053649903828 1.206205301942391 3802
0.4153300166495331 1.222402748874813 3803
0.4091712964285052 1.211679814217382 3804
0.2305271222622247 0.9824068638959739 3805
0.2262422954905756 0.9704423774775747 3806
0.7414752514934435 1.015572671508025 3807
0.7547159599166944 1.013353098441351 3808
0.7464734605589818 1.028889340697284 3809
0.1879994255791951 0.6820405155608612 3810
0.1842399064563909 0.6660904255837863 3811
0.1979442093849444 0.669374369408972 3812
0.6455759570443852 0.6459425266413501 3813
0.6634389652271633 0.6492192415515183 3814
0.4989935053946287 0.4438040401855948 3815
0.49412848262161 0.4538088887014982 3816
0.4866437576366959 0.4373987025174412 3817
0.677613460086272 0.5913260599923401 3818
0.6665269852721307 0.5958286900473726 3819
0.6744934794812232 0.5797575506420476 3820
0.6882978542521246 0.5871013916299667 3821
0.4027284699178544 1.201436369254031 3822
0.3987203334310587 1.216499458626042 3823
0.364391460867416 0.6882034466609962 3824
0.3780739206041456 0.6815241317742399 3825
0.3806864433639004 0.6952183326908558 3826
0.6533003790485273 0.5888666481511243 3827
0.03785240227252518 1.048549869435462 3828
0.03320593801353526 1.037580592182391 3829
0.04459085323710452 1.035206917541289 3830
0.7682666715546661 0.9927732676996885 3831
0.7550765674596595 1.002084648614144 3832
0.5642304415376036 0.4324406954470635 3833
0.5729630005287322 0.4219786504539047 3834
-0.0929703278592004 0.3247404966319005 3835
-0.1027825408277458 0.3216754601166088 3836
-0.09474377170715464 0.3076086404805095 3837
0.459178534065292 0.7148254912286233 3838
0.4748159146091863 0.7203001117195883 3839
0.4665796285852903 0.7328908482361167 3840
0.5243381880427151 0.2029424963327866 3841
0.4648188841254903 0.7463066925662936 3842
0.4780764884721024 0.7366485038209774 3843
0.6495581871487656 1.408691202323953 3844
0.6472596147996564 1.396752350758695 3845
0.4110947516591512 1.107318379252887 3846
0.4129675505105087 1.120954452726267 3847
0.3952971004142835 1.110052293145733 3848
-0.1323815428331312 1.345396169470549 3849
-0.1371526062563251 1.330419206318956 3850
0.7003545885574893 1.046884745362161 3851
0.7000260500232462 1.035917896399224 3852
0.7281137279021492 0.9114620369201251 3853
0.7368632514174156 0.9016866252252477 3854
0.7380492252667709 0.9159991228901423 3855
0.3833593529877878 1.102488622876671 3856
0.3823046614342371 1.120283427052221 3857
0.260812124909548 0.1427005159433435 3858
0.2505438808454448 0.1267622447818137 3859
0.2732466877684254 0.1333698432199861 3860
0.2297856415762165 1.050551767178824 3861
0.2428064309727215 1.052747617065048 3862
0.2395891193946942 1.064100975575279 3863
0.004048240947291904 0.6920409270630653 3864
-0.008036582634854208 0.6951664590660399 3865
-0.0130385580465185 0.6855732444240563 3866
0.2379278532952828 1.075430911643547 3867
0.2518172816821702 1.066515122632471 3868
-0.05497233809915332 1.373700540398009 3869
-0.04999898419980787 1.359946374830886 3870
-0.06940558053526021 0.4186267289204936 3871
-0.05925225826210812 0.4372224283721834 3872
0.5617239646858858 0.3573144889525692 3873
0.5460447470191586 0.3547405700740798 3874
0.01629581306771139 0.3682837727005751 3875
0.009248714841270735 0.3593294334896714 3876
0.4359979188964934 0.2624411769807259 3877
0.4352039600129762 0.2753660406197584 3878
0.4229939406484583 0.2688060449889533 3879
-0.1762033029009118 0.01139957638195494 3880
-0.188073555268873 0.01193520312160059 3881
-0.1885863737373658 0.0238292795938221 3882
-0.1889240799766847 1.210745503479646 3883
-0.1888594819005442 1.223531987798561 3884
0.07692111183568236 1.155561878826451 3885
0.07946853993112579 1.145099443088579 3886
0.0883905301766609 1.156080736752349 3887
0.5726414309691522 0.7854297381365858 3888
0.5753528552691703 0.7966649858666338 3889
0.5667780502213559 0.8000698387146019 3890
0.3766684121782959 1.437150830368038 3891
0.3871791462290949 1.434183730994993 3892
0.380055962513166 1.446997443821788 3893
-0.1595495786766978 1.015170674893015 3894
-0.1764765585485673 1.017668453270454 3895
-0.1716399510675039 1.008159903675621 3896
-0.08437776463114507 0.8537495912640999 3897
-0.06897755783833598 0.8543107897788798 3898
-0.07698027582099728 0.8658466468490117 3899
-0.1094162787540576 1.181957926824967 3900
-0.1227533677426335 1.190720632743701 3901
-0.1201052476527705 1.179709338887335 3902
-0.144968505809757 0.2036113951837549 3903
-0.143726009538425 0.1849118450401258 3904
0.3340053935268869 1.097821022665982 3905
0.3438746600149367 1.108379198158615 3906
0.3295304436567129 1.112352581290258 3907
-0.03725865281097746 1.028439386823497 3908
-0.05047156397557488 1.01990294634642 3909
0.7852832000550123 1.146038217158773 3910
0.7876813712119604 1.129875095710697 3911
0.5790714819520975 0.3739772203177568 3912
0.6404693429038897 0.3607961138146575 3913
0.6399874915849197 0.3497049546314748 3914
0.2291536593214723 1.48883263397279 3915
0.2413282201340732 1.488971861732639 3916
-0.01749171316504457 0.9724710825115125 3917
-0.0156716583481462 0.9878465172468474 3918
-0.02350866374552899 0.9807232011911361 3919
0.3906948241607813 0.4573704891046974 3920
0.4020485743411912 0.4614517745927668 3921
0.787342364726841 0.7573581901505954 3922
0.7751507732641445 0.7434646772407845 3923
0.7874064032905659 0.7458903801477532 3924
0.315187815782735 1.151154646049848 3925
0.3125523655316911 1.165304040449302 3926
0.3029809471350886 1.148971945610098 3927
0.3640868030592536 1.386999123986833 3928
0.363431949807861 1.378135196822444 3929
0.3734285646519244 1.376705863525826 3930
0.3173486419302761 1.174442568798091 3931
0.3042388760237724 1.176570564887976 3932
0.5258862522538171 1.144689263743562 3933
0.5276450318543703 1.155658143105667 3934
0.5051053471600055 0.4357296870505675 3935
0.5093163826637677 0.4473376235150305 3936
-0.1159815953322731 1.166157766021719 3937
-0.1305150697842232 1.167703296609899 3938
0.2346966801897857 1.108675748282257 3939
0.2310953970016358 1.119912194116428 3940
0.2211467316650279 1.115758960197291 3941
0.2394493552672682 1.133692445057043 3942
0.2261209225064201 1.133244524989372 3943
-0.1448047398115539 0.3978592743135774 3944
-0.1325022910039138 0.4074482469299971 3945
-0.1437822403171728 0.4096045602589959 3946
0.3631038245824804 1.396343009644626 3947
0.7340371633536261 0.6652893996223939 3948
0.7195921334815408 0.6595613032306625 3949
0.4411500233963804 1.121154703913695 3950
0.4481972620621532 1.127733312325933 3951
0.430521611823337 1.130770145249365 3952
0.744300455131731 0.9189954796446914 3953
0.7338292724613447 0.9256211682863111 3954
0.5695876522215458 0.4106474046684364 3955
0.5589566870454669 0.4111637155946871 3956
-0.1299932796377836 1.485351688133638 3957
-0.1421306534891663 1.48762843444846 3958
-0.1476945814842382 1.475821575054967 3959
0.4399233494600874 0.3313315992649337 3960
0.4282519882679313 0.3268817107562545 3961
0.02469153973747511 1.202848255340801 3962
0.0150773051008385 1.19840268458912 3963
0.01908036547939017 1.192567979800945 3964
0.5705216968019955 0.7738616617433107 3965
0.3556527898477942 0.4875365230512864 3966
0.3629924171907675 0.4963669421386466 3967
-0.02157444909899713 0.607907789390553 3968
-0.03716054736506018 0.6157865800339526 3969
0.385888448631924 0.5942251851623531 3970
0.392224622596148 0.5842724721364876 3971
0.3959398222335443 0.5977111879661587 3972
0.6304143675828513 1.111645522081347 3973
0.6205457598177527 1.123862628624978 3974
0.6202165660251617 1.112542138505323 3975
0.3111869037183178 0.5581041312221768 3976
0.3165957887800855 0.5406706341104415 3977
0.3242459992768536 0.5524060103135084 3978
0.6715451191537428 0.5211248888131881 3979
0.6543946110419327 0.5215980810292969 3980
0.6631697333079634 0.5103564584688146 3981
-0.04489770312372017 0.6289735348629122 3982
0.3593540510849195 0.428474787701037 3983
0.371850061091977 0.4343775504102579 3984
0.3619390667337549 0.4441825351115155 3985
0.6003277567965933 1.196875294377187 3986
0.5896613344703325 1.20958097587592 3987
0.585858937334291 1.19602347210436 3988
0.06148420618533986 0.03559308971068639 3989
0.05108291707189626 0.03139827797308097 3990
0.5300821024372506 0.3905536367025318 3991
0.5171299051361691 0.3906083419536495 3992
0.5255751924830916 1.281518091936597 3993
0.524208373440007 1.267602391126132 3994
0.537695941127692 1.280451347919478 3995
0.5419831956445036 0.3903884458839056 3996
0.5445041630599368 0.4019586971682246 3997
-0.1873882124804483 0.2500243186113305 3998
-0.1750262676454619 0.2520598626162957 3999
-0.1885440856956832 0.2628820033372695 4000
-0.02988341656277098 0.3126562205969498 4001
-0.04487811769448002 0.3043596777352612 4002
0.1149727971019177 1.19402103760693 4003
0.09958153304609796 1.191660103434893 4004
0.107588163477039 1.185111507139661 4005
-0.107479204442887 0.2271699138854623 4006
-0.1027323960011719 0.2179685929844107 4007
-0.09286380067590114 0.2286462519003086 4008
0.1894975132349397 0.1015385238815453 4009
0.1953313707992736 0.1097826718180442 4010
0.1797922150059078 0.1063716747423774 4011
0.4750810065599394 1.251715072207342 4012
0.4721573377041509 1.266571543688727 4013
-0.1078290186142339 0.2077919012982661 4014
-0.09410243426651706 0.2087957694960691 4015
0.2977450683469161 0.2387502668071728 4016
0.2956724674146016 0.2538276807112555 4017
0.2894830241616803 0.2458834385329924 4018
0.5097010613564797 0.4754330038370699 4019
0.4999967603159336 0.4674780797920922 4020
0.123085221507239 0.6668169212368975 4021
0.1284195403535048 0.6580390564153893 4022
0.1391733192011976 0.6647048575761555 4023
0.7877983161750466 1.392451430197422 4024
0.7888140812017999 1.404696567328391 4025
0.7762201808689193 1.396192901834385 4026
0.4726407027726604 0.2461313902749554 4027
0.4620936515917867 0.247061292105985 4028
0.4732765802823315 0.2332868306753972 4029
0.3447227523355792 0.2584601744227684 4030
0.3543285358983125 0.256128636397274 4031
0.3572222972608744 0.2631473257882969 4032
-0.1880546660576252 0.5269998872488675 4033
0.7877978342770521 1.201297970791352 4034
0.787711449189604 1.213759986259782 4035
0.7750572810719232 1.212112710640149 4036
-0.1318533239567415 0.1601989064555215 4037
-0.1349860475496695 0.1779248481044082 4038
0.7161946838901175 1.024611694583274 4039
0.7308785693445145 1.025646998854321 4040
0.2591764546036509 0.1553718182589703 4041
0.2583832513214377 0.1716626518209983 4042
0.1361168246819668 1.489108578069351 4043
0.1196181042703342 1.489411968992912 4044
0.1253412467669644 1.476384345621182 4045
0.2031951155809714 0.6621073769685513 4046
0.4395293669544487 0.1984737326103382 4047
0.4494311511843858 0.1885499791158049 4048
0.4519541051998206 0.2028193527207637 4049
0.2663255335944335 0.1814432987619047 4050
0.2778594841067536 0.1727013532682188 4051
0.4607146836777607 0.2060697511301344 4052
0.4485463460806343 0.2126604678868517 4053
0.6709787241820472 0.4416077806253348 4054
0.674263593509161 0.4307913656773477 4055
0.2746876574394448 0.1525448734944984 4056
0.1894354334237438 0.2759913519214225 4057
0.1940342345994465 0.2866327308422597 4058
0.007962911124163627 1.169488579674126 4059
0.01883886363992066 1.164578322046689 4060
0.01237850503018757 1.178854835129114 4061
-0.005149040779200101 0.7068911649981944 4062
-0.01871020631628962 0.6966583969795802 4063
-0.09782495124428295 0.7396011753090767 4064
-0.0866372280674966 0.7485013175497519 4065
-0.1044793001399235 0.7494775067618691 4066
0.03122565168044978 0.1008656870654872 4067
0.02279274963327111 0.09786778414197873 4068
0.02560742128026472 0.08703341079680793 4069
0.08222757377503272 1.134933420761582 4070
0.5555860464929844 0.8870873189459112 4071
0.5416167812865995 0.8873690096740731 4072
0.5507633136157085 0.8720295608381979 4073
0.1602614737892134 0.2669730759305299 4074
0.1515646360278662 0.2712018765769741 4075
0.5328782687921791 1.3924974840634 4076
0.5174334083303007 1.391266876278104 4077
0.7277785670685833 1.334422761090486 4078
0.7378968442658986 1.324787696670512 4079
0.7361420891539561 1.341782529272876 4080
-0.007389589483270966 0.6605888415994091 4081
-0.01437753147120272 0.6703868790716009 4082
-0.01904968099771617 0.6559438802007714 4083
0.5863551116939215 0.2841816032182216 4084
0.5832451376524658 0.2958827793231913 4085
0.5754760345592334 0.2803089827738233 4086
0.5645796853950794 0.2757574718917741 4087
0.5603132920661675 0.2874266866531975 4088
0.2727666862269185 0.1914070134311005 4089
0.2576392319203121 0.1899324104042504 4090
0.4645563314935923 0.3695927113400799 4091
0.4580944412818271 0.3618002603367605 4092
0.1027097513147319 0.8817716004639152 4093
0.1083095198181792 0.8949491632693056 4094
0.09792185688456197 0.8905590755945216 4095
0.3842030814829328 0.1733114245226476 4096
0.3724630644758495 0.1687771597134654 4097
-0.0213060949321006 0.678938109676236 4098
0.09926729111363587 0.4226695625748964 4099
0.08992599302849737 0.4138119004824293 4100
0.1994540611018057 1.282231169862198 4101
0.1875560809688724 1.27260490776484 4102
0.1970294714432764 1.264764158616393 4103
0.5834930307343416 0.603821978958301 4104
0.5771971974623848 0.595844703590891 4105
-0.1372244640090527 1.227973108742685 4106
-0.1326388941412416 1.240397626003861 4107
0.6219378024037195 0.6317151087521786 4108
-0.06708145138068397 0.1224662597232193 4109
-0.07904008479451183 0.1102764830794988 4110
0.1232581793192986 0.8023789003409422 4111
0.1163143266935979 0.7922172362955203 4112
0.1312632303338708 0.7912592393576313 4113
0.6897740803590405 0.5457112474228306 4114
0.6980260228473891 0.5340379028563962 4115
0.7230381157894721 1.312172564337443 4116
0.7136816474142288 1.320365610399739 4117
0.7150452605956947 1.306037545623928 4118
0.6539677275513566 0.8680444108798248 4119
0.670084356375499 0.871893426805711 4120
0.6599810669823247 0.8800455989700379 4121
0.7194551148213184 0.3002339601068495 4122
0.7236223355993174 0.3122297777484548 4123
0.7120331072121044 0.3174183468909857 4124
0.7164341012926206 1.292926393720635 4125
0.7064793836335197 1.30018395484416 4126
0.6478758296437197 0.883859465598963 4127
0.6582576358970427 0.8895103299509991 4128
0.05378801488992817 1.419743402542603 4129
0.06080715297923567 1.436074504170168 4130
0.05037517480723381 1.433245970871087 4131
0.03942000538937671 1.432856116740463 4132
0.04821345851165746 1.443197234848022 4133
0.33160109485509 0.8434530549175491 4134
0.339899055329356 0.8488466697359242 4135
0.3264090209218471 0.8512694664159723 4136
-0.1338611998778831 0.8524216597901982 4137
-0.1327741238612963 0.8640290255337858 4138
-0.1444463126544163 0.863114076517808 4139
0.4186590413472119 0.2419270213820519 4140
0.4151866101285554 0.2524690265421936 4141
0.4079395225350704 0.2379107687196393 4142
0.4225472659542805 0.6374412141808877 4143
0.4310447266594066 0.628141463220511 4144
0.4343973129852833 0.637147236528826 4145
0.6568691484912307 0.8087072659423983 4146
0.662478399553026 0.7950801768532418 4147
0.6672335626356926 0.8147517569598312 4148
0.6862117818002039 0.4260745833017332 4149
0.6804509882485227 0.4183227688272355 4150
0.3824571786874752 0.706370776197552 4151
0.393958876253905 0.6943012777197648 4152
-0.01868880360232178 0.1753270073343087 4153
-0.02884729767101322 0.1805150940836815 4154
-0.02539803587738412 0.165833636035887 4155
0.3690297445929883 1.102009174892425 4156
0.3646251519106883 1.092150429098077 4157
0.3762304366979677 1.098407447250227 4158
0.282189811274647 0.2383087723360672 4159
0.2828141744795315 0.2534045069527422 4160
0.3618227626606819 1.081249051062218 4161
0.3739186586363906 1.080542854519225 4162
0.3217638426236576 1.049622534117486 4163
0.3337959649550687 1.038357347477222 4164
0.4857208531394882 0.954822791818 4165
0.4780765294329005 0.9704662236793148 4166
0.4747205095478442 0.9589995138594259 4167
-0.00722898987130999 1.167275758632898 4168
0.002760234452753898 1.158394994223465 4169
0.04555058467171275 0.2613804169802481 4170
0.4706385159121513 0.9483605929941481 4171
0.4636054285665692 0.962481422218027 4172
0.6262752143174951 0.3006976908538641 4173
0.6161360521444748 0.2968302030232544 4174
0.6277134276730553 0.2892880752721426 4175
0.7269265508762721 1.488061334957607 4176
0.7389772028185202 1.475453067872994 4177
0.7383631947433731 1.487884931161563 4178
0.7854804493842202 1.37810860067648 4179
0.07857938720968664 1.237950513205038 4180
0.08891432343370874 1.244922120121189 4181
0.07290676681916407 1.254856052421437 4182
0.0977882648733316 1.250440751414202 4183
0.09101251074918668 1.260398737581022 4184
-0.0961348249821203 0.4083174086263855 4185
-0.08282737221205286 0.4061343208654059 4186
-0.1422821952227029 0.6539108199812391 4187
-0.1269789116690938 0.6531565119895458 4188
-0.1346976628122657 0.6618886431885136 4189
0.04056605816770042 0.02715942708150642 4190
0.4822927345758216 0.2473349596464831 4191
0.03221818836549043 0.5632106576185189 4192
0.03852239782144925 0.5606384331863639 4193
0.5085607285819462 0.5426407499520102 4194
0.5208997876959747 0.53126901134307 4195
-0.1493958843553646 0.6454668966757986 4196
-0.1573804251275644 0.6546185288273599 4197
0.6434687811360431 0.481369374531373 4198
0.63953145841042 0.4930320760082533 4199
0.6300185964834815 0.4809912221774739 4200
0.2503493675275714 0.6484640610175266 4201
0.261524052450429 0.6411889656878826 4202
0.2591327740091629 0.6553382473582063 4203
0.2663157233527595 0.6635323563163951 4204
0.2760825453142494 0.6570932178457933 4205
0.4405952585085759 0.2845755525312859 4206
0.4276516475698704 0.2849880876757065 4207
0.3213979388261439 0.8597327936862047 4208
0.3128532463168521 0.8549425767131238 4209
0.361870276667351 0.2741224490835598 4210
0.3546843933572083 0.2814739672376309 4211
0.3295179147212704 0.469971855063107 4212
0.3376001175047189 0.4735483891214323 4213
0.3247875032853904 0.4811047730699051 4214
-0.03889478188268395 0.06694858788069023 4215
-0.02914864019477711 0.0650864156287948 4216
0.1607569830894401 0.8572794489507219 4217
0.1526324657717024 0.8632252512353851 4218
0.15187136533075 0.8529704556722337 4219
-0.06687418008835877 0.5072324417183819 4220
-0.0713810851916397 0.5185425199183478 4221
-0.08011139808724772 0.5070744248241547 4222
0.7595502037921723 1.035994770279875 4223
0.2558041096567534 0.9866995720554654 4224
0.2538569852714566 0.996668602989884 4225
0.749885195417213 1.487856987429843 4226
0.3760563278961769 0.4215199230216546 4227
0.3853612906886554 0.4352895944278429 4228
0.1142585880746546 1.176221947809476 4229
0.09986379210174785 1.179502522770909 4230
0.6725625211092372 0.3634433326688125 4231
0.6822288298371906 0.360039743422141 4232
0.6865119906124451 0.3702624118092077 4233
0.4150620726314212 1.134084502705502 4234
0.4276362092668155 1.145123063021287 4235
-0.05760996712736663 1.058089379355023 4236
0.4196238116080966 0.8253263014237749 4237
0.4160865266455414 0.8161407516683465 4238
-0.0890230726538213 0.2947205348775312 4239
-0.08308805525809904 0.2837911612075859 4240
-0.1536977055861571 1.489073665106132 4241
-0.187049233078355 0.2370135105920205 4242
0.08797539170292264 0.4050161747548745 4243
0.08416209078389875 0.3958930721746282 4244
0.09768265926076029 0.4013098233277883 4245
0.2753191094615751 0.9717716556639379 4246
0.2595507845251204 0.9768636181558399 4247
0.09191765553371528 0.9028231318367287 4248
0.1696540227803978 0.1088154521718178 4249
0.1712402586690634 0.1183731671310618 4250
0.6227858470137335 1.429292575516705 4251
-0.029628055825843 0.9723552598971824 4252
-0.03049309180067234 0.9894746224929387 4253
0.312698037040524 0.6502103812157255 4254
0.3207837540454845 0.6418334824627164 4255
0.3221512405022235 0.6574128600960275 4256
-0.114935428910886 0.2430895615328105 4257
-0.1203306344035802 0.2334985972207416 4258
0.184416921102787 0.7756631467277726 4259
0.1767530768671096 0.7805538118903558 4260
0.1733285044412169 0.7686481878680114 4261
0.177372397116821 0.7899702447079061 4262
0.1657253458920815 0.7853433113156145 4263
0.3168524266362532 0.464654678584957 4264
0.3267883359811797 0.4528567429793423 4265
0.4457115659322456 0.6434255539596732 4266
0.4405911441348897 0.6536045410739145 4267
0.494566131108015 0.3493252103821706 4268
0.4854706218142802 0.3611854140058219 4269
0.1491135297661018 0.8410687392682196 4270
0.1417635394085788 0.8504480724840373 4271
0.688216342323051 0.6558966471489224 4272
0.7037823937750809 0.6566795227939547 4273
0.4916892967428032 1.45308204075947 4274
0.5023269998862455 1.44714860456539 4275
0.2238631542354834 0.9975824712690045 4276
0.2194468285964585 0.9860031857270644 4277
0.2073672815305812 0.9782113483566834 4278
0.2056690861714702 0.9876961281181679 4279
0.1584122342055335 0.1097993212057458 4280
0.1697920075076501 0.1003996689934697 4281
0.1908059873000367 0.2275126920341743 4282
0.1811250700167331 0.2266050075939282 4283
0.187786594236275 0.2154691394769589 4284
0.1096100642871396 0.7841883259785534 4285
0.1177611312752785 0.777498364226658 4286
0.2927918104363167 0.6316535495057329 4287
0.285930656882141 0.6449744739274732 4288
0.2769542464923088 0.6300216166299052 4289
0.7162935233636607 0.8566204024577676 4290
0.725576560645553 0.8476090737301163 4291
0.7248156387599515 0.8657885890102125 4292
0.09529461417266728 0.4453733745607364 4293
0.08406531392484588 0.443459744631816 4294
0.6642452882987594 0.7663446076895275 4295
0.66229161084213 0.7516942362470121 4296
0.6722699687983243 0.7516334181002741 4297
0.4514073487235767 0.745836152892392 4298
0.4383984583036741 0.7469740955008359 4299
0.4347981486758372 0.7350772308138781 4300
0.2557905647147306 0.1022295743233435 4301
0.247543921794816 0.1085494697154407 4302
0.2433996900068015 0.0957919376404147 4303
-0.04586219414449828 0.1775357339667053 4304
-0.06548087925871988 0.1748824075549224 4305
-0.0535626336825004 0.1680538769993886 4306
0.5683413014157981 0.8781081794379194 4307
0.5646237193549298 0.8945240171685717 4308
0.7139262056110548 1.188676658743653 4309
0.7030482658165498 1.185520142223938 4310
0.04879097056726105 0.6929610098037188 4311
0.04125568887365866 0.6844418297654621 4312
0.0562834506525333 0.6855892163736782 4313
0.1515708919910937 0.5834820273919648 4314
0.1383664197720607 0.5780840393546985 4315
0.2161334633478263 1.283062699034058 4316
0.2027566705308256 1.296329924288474 4317
0.2991230884657599 0.5351361307593905 4318
0.3121199810779689 0.5304766039824239 4319
0.6917272237036415 1.183960468654924 4320
0.6933978037117603 1.195395265673679 4321
0.3258335114588132 0.9295697036264083 4322
0.3416724518601646 0.932204379182613 4323
0.3338243376427783 0.9381323335014342 4324
0.5487144901941254 1.091001054067184 4325
0.5610859459168593 1.085117980376741 4326
0.5595076842274765 1.097072856267162 4327
0.3276008895663482 0.9465874799250051 4328
0.3409994132427797 0.9448197784522775 4329
0.02353781281163387 0.3413127966263297 4330
0.03453507837355061 0.3378072339424804 4331
0.02876169255853717 0.3509461690920037 4332
-0.1877897872178745 0.1865762413085694 4333
-0.188299808065122 0.1992955956985199 4334
0.1394344023006296 0.7964694667575403 4335
0.1524123826280348 0.7905267489759347 4336
0.6275959551307129 0.4210383222297105 4337
0.6303614418183352 0.4369268889316623 4338
0.6163045107144247 0.4306503867129172 4339
-0.1131456720481688 0.325494614601947 4340
-0.1111425681976077 0.3109554213985937 4341
0.09150015805308817 0.6357150716750954 4342
0.1008839340667995 0.6335033320639369 4343
0.6188034506933112 1.134261981081716 4344
0.6295047353477257 1.137554153111742 4345
0.6262012335692206 1.149316863064271 4346
0.353883317988135 0.3151581305046527 4347
0.342106861083886 0.3098705864317263 4348
0.3484524676954691 0.300241001344677 4349
0.7305026697195602 1.009811180738029 4350
0.3126161595031728 0.6340733379617302 4351
0.3289415360807061 0.6328920994961543 4352
0.3896995224332012 0.6584808401066248 4353
0.3367190762215396 0.3207186865906144 4354
0.3247339239776906 0.3161308735980166 4355
0.4212117553901853 0.2939197623294619 4356
0.4140522235769762 0.3031253381402823 4357
0.1320201319147986 0.8469282012659819 4358
0.1241805650195053 0.8399447412705746 4359
0.1320552499275561 0.8316154087811696 4360
0.5149145588851793 0.2233117703874055 4361
0.5128990187544323 0.2399327331300928 4362
0.5019801747205859 0.2287495726329661 4363
0.1194213041313687 0.8981047918051258 4364
0.1170510050573084 0.9079854128392203 4365
0.487697795112009 0.2269554702844531 4366
0.4957693410373921 0.2418027743541847 4367
0.114480796340419 0.9176869717425121 4368
0.1034288194491329 0.9149284061371911 4369
0.7319239340110338 0.8757902359622887 4370
0.7390638056845608 0.8851325970039834 4371
0.3834428419346174 0.3474603401493936 4372
0.3769058094407597 0.3563470884917206 4373
-0.1127614198885427 0.8371342709853462 4374
-0.1246659908177403 0.8416713410147592 4375
-0.1232564127083833 0.8289165277590589 4376
0.6370672768467469 0.3033530443218744 4377
0.6236364310842917 0.3125055595774557 4378
0.6475878627217422 1.07577917591525 4379
0.652490986868949 1.060120293203056 4380
0.7734904124178623 0.4713349448460802 4381
0.7588872688084759 0.471109916779048 4382
0.7661831990669861 0.4602030106812642 4383
0.6512340656695557 1.336365789493222 4384
0.6636747812464416 1.33093528927723 4385
0.6615707972065684 1.345577492294153 4386
0.3201803223164927 0.291216950411181 4387
0.3199950309843244 0.277864695406961 4388
0.3288061045543825 0.2857710705950135 4389
0.3638425257770953 0.6345945020293191 4390
0.3735294175185721 0.6285430698876785 4391
0.2430689994394184 0.1902933965329665 4392
0.2494624580254552 0.1982519442090616 4393
0.6886637334886829 0.7159770059571843 4394
0.6715558523519523 0.7195852276472585 4395
0.6779345927108444 0.7057380944275058 4396
0.4569178337429646 1.131191081590299 4397
0.4583387246468194 1.12132170500144 4398
0.4666405931215086 1.13397272653535 4399
0.4238304873260357 0.2198410255042788 4400
0.4353266250635011 0.2219092359165007 4401
0.4215418100015654 0.2308031452374884 4402
0.4117927933376293 0.2866368015151721 4403
0.2659006950787107 1.068569447981872 4404
0.2751705312463807 1.077920509474849 4405
0.2614094317341581 1.081920762299121 4406
0.3794620402682358 0.267729841115823 4407
0.3905829241266169 0.2612635611093221 4408
0.3896753600415898 0.2739886608376108 4409
0.3993183361957399 0.2247319925900604 4410
0.3975117553244121 0.2352516874572718 4411
0.3862750551979018 0.2217664126243854 4412
0.4014067112809959 0.2136389558156752 4413
0.412535986147989 0.2168836073084585 4414
0.3367768417222755 0.2792808186038513 4415
0.3379898404717083 0.2939096921532194 4416
0.3907008291054758 0.2851242523696914 4417
0.4042020677738732 0.2785275050128905 4418
-0.03645463230526955 1.148882158879063 4419
-0.04472017318508894 1.141822433548384 4420
-0.02937081310722681 1.141554475540414 4421
-0.008719068277600902 0.1698424254944303 4422
-0.01247687150375719 0.1839918494765915 4423
0.1493987002762115 0.4997092170568723 4424
0.1385098103861914 0.5056849747860629 4425
0.1397515101769556 0.4903928377510665 4426
-0.1341532277035467 0.3834853954811399 4427
-0.145045979142948 0.3857921033663066 4428
-0.1445671096510667 0.3732588939647858 4429
-0.08596072069123435 0.2521287034999549 4430
-0.08041867527928083 0.2649934458970342 4431
-0.09900768331533032 0.2548630359730237 4432
0.6015639985837554 1.22063414050135 4433
0.589770011162949 1.223371829586192 4434
0.7878462566081151 0.7343089508204624 4435
0.6164735105050225 1.217338218445264 4436
0.6105221142578339 1.228657246307109 4437
0.7648834271968483 0.7386442356736429 4438
0.7585446120764784 0.7476570648840662 4439
0.7490092389851465 0.7389580748199369 4440
0.6595046552048158 1.321211809085782 4441
0.670990491374192 1.327519556080877 4442
-0.1561269839941319 0.3884237647337848 4443
0.4466195979496489 0.2958205701351987 4444
0.452256935062057 0.3106705899338629 4445
0.7706075719355153 1.057964706007734 4446
0.7693494438995214 1.069817554620123 4447
0.2282931295419015 0.5974242066822352 4448
0.2390803293559173 0.6102055345855882 4449
0.2257789447334917 0.6102586611398667 4450
0.4031412799062186 0.9411611186886121 4451
0.3897585898082587 0.9424388777077973 4452
0.3924509088531594 0.9325877419099915 4453
0.2827374998572364 0.9597000233102335 4454
0.2862063196354212 0.9787639367124037 4455
0.2635802479936227 1.057543890408545 4456
0.08162278746580073 0.3032675858562384 4457
0.07723672975183152 0.2906016949767453 4458
-0.09438986559087678 1.41533312069725 4459
-0.08558846278302967 1.409551394355857 4460
-0.08663870732105514 1.421754020296632 4461
0.2043161030928865 1.092011020330626 4462
0.21466337525311 1.087606959318163 4463
0.2172248891684057 1.097622907924817 4464
0.2108726369235982 1.07500459916839 4465
0.2256026604890056 1.07465873139865 4466
0.09822315319400371 0.3234318589539559 4467
0.08664270756270176 0.3134071119723923 4468
0.5644199310747104 1.12746205663536 4469
0.5782893092671402 1.122841323631762 4470
0.5748394360740658 1.134511798255102 4471
0.2047830081133347 0.7305692963081265 4472
0.1934793788783916 0.7324766628727463 4473
0.2035147753197682 0.718507037154076 4474
0.476668812801351 0.7555691655355334 4475
0.4667715349695781 0.7632782052292858 4476
0.435155090102897 0.9937231321701012 4477
0.4242262696054206 0.9988285907521302 4478
0.4319935894718356 0.9825983514725336 4479
-0.1098813356034503 0.8505183463917417 4480
-0.09523279355996299 0.8588690310119727 4481
0.7894799729774843 1.158942283754135 4482
0.7781308048939937 1.155614167463894 4483
-0.1350900730274284 0.8416894227050642 4484
0.354230664041565 1.478276929326432 4485
0.3394202128053694 1.469000063046024 4486
0.3509269414998005 1.467024497990579 4487
-0.09954919342057421 0.8380279167482505 4488
0.5669702470393595 0.3083917468788392 4489
0.5825622347433987 0.3077444128583196 4490
0.3810200658857787 1.327809805922936 4491
0.3840921988039097 1.335783544196224 4492
0.407103973141193 0.6947100027645585 4493
0.4061787743075702 0.6836651816698786 4494
0.2052854924369492 0.7058287318628919 4495
0.192364838374473 0.7037098247243416 4496
0.4322357814189153 1.410170844706295 4497
0.436536396817087 1.396229106716005 4498
-0.03462169676452601 1.416729717405893 4499
-0.02221036563417256 1.425625913760328 4500
-0.04219664372443088 1.426202074943517 4501
0.4301326907572248 0.2463818608200882 4502
0.3842753396895362 0.9550883961124351 4503
0.3797605912187915 0.9429064997429096 4504
-0.1600757431413841 0.9825995807731547 4505
-0.1555057059267419 0.9691426528240874 4506
-0.1495346079817019 0.9807547907173266 4507
0.648263328785365 0.5063575093174298 4508
0.6352467719531092 0.5045403286314777 4509
0.1316550271876256 0.5522849787516133 4510
0.146512451697214 0.5489667153784478 4511
0.4071835718701903 0.7162139468217869 4512
0.4071779630041996 0.7258516217144622 4513
0.3950240576167884 0.715982709849102 4514
-0.1644703646753868 0.6296485385802744 4515
-0.1712177484909538 0.6392367578916786 4516
-0.171627838469095 0.6220673241360978 4517
0.1729830216352854 0.09270619621247383 4518
0.1820596547888568 0.09611101919319383 4519
0.3174384867381515 0.3376445741797164 4520
0.3065066328696065 0.3330031799855491 4521
0.3102595541590242 0.3228354417635181 4522
0.1283639786202406 0.1448846459513292 4523
0.1273197155432935 0.1556322952962894 4524
0.1162707146954175 0.1417075449830083 4525
0.3879095328500714 0.3619789515316682 4526
0.3697110135537819 0.3679311420378173 4527
0.4764277513655896 1.13798610302167 4528
0.4802633309833687 1.127272657080815 4529
0.3877281450847968 1.384048307516849 4530
0.3922133774248521 1.399691170569042 4531
0.3754281848140951 1.397226543237108 4532
0.2939195906950855 0.3983616541200152 4533
0.3097634724666725 0.3967498567605672 4534
0.7064003610986962 0.8648151923409738 4535
0.6975451474536809 0.8723814576275036 4536
0.214883483777001 1.141785314189046 4537
0.2078179139074542 1.133880888219419 4538
0.4058349369621564 0.6010694343042233 4539
0.401593702872608 0.613051995168409 4540
0.02855779146659684 1.252701325258113 4541
0.0446364896887402 1.249421732526873 4542
0.1276901740955972 0.1655018062476228 4543
0.118492298179298 0.1684988088171097 4544
-0.1571075391750606 0.6210049456780745 4545
-0.1567635535626916 0.6374365667495969 4546
0.6756309051733201 0.6918697803646312 4547
0.663437607939482 0.7033439764265349 4548
-0.06899291821698157 0.620919729896908 4549
-0.07330875650181337 0.6327296608203454 4550
0.2914237591549061 0.6139339611744907 4551
0.3069790146911586 0.6252433104746087 4552
0.5917936386384249 0.4079312346853254 4553
0.6026528854025717 0.4051053357990019 4554
0.1442549631182895 0.5253002840349187 4555
0.155309603821696 0.5231771356738204 4556
0.1454102728629595 0.5366334614765775 4557
0.0558305237009338 0.502237257431978 4558
0.06818441203021833 0.5094617277386306 4559
0.0589139641903593 0.511894121101419 4560
0.3300097979625253 0.8654602441825998 4561
0.3155960438080793 0.8667807677590562 4562
0.3019677144147157 0.3447911685592681 4563
0.2957456498795781 0.3277137784901482 4564
0.1548331637635322 0.4874774413386618 4565
0.1597584651747435 0.5012649315566333 4566
0.592848582104512 0.2611850169747425 4567
0.5809418143395039 0.2565234432715489 4568
0.5965517248117836 0.2518155016553091 4569
0.5215099306385478 1.446755038895515 4570
0.5351171521260863 1.453482925561518 4571
0.635068807161306 0.6510090407979614 4572
0.6390879231000177 0.6341515622294617 4573
0.06307249719193983 1.458467843226809 4574
0.0723280959953078 1.46639084110818 4575
0.4738680830027637 0.7785961482940438 4576
0.4626511397741482 0.7745835936038989 4577
0.6254281489602906 0.6565711129990119 4578
0.6176512339834639 0.646620042553075 4579
0.314723289138638 0.6222267536404598 4580
0.2163460546741903 0.3774168853172399 4581
0.208078941844397 0.3695744597494924 4582
0.45362029805209 1.316955652332831 4583
0.4473659674922723 1.307052986110356 4584
0.4616074809698588 1.30445338087535 4585
0.4366356975658336 1.309368368798874 4586
0.2568555066273537 0.3268674031026599 4587
0.2481584212564014 0.323408444917515 4588
0.7332588407255222 0.7369006155529629 4589
0.7408404166723825 0.7302141228895934 4590
0.4264410760076406 1.353279480883146 4591
0.4183921578374065 1.345658229611779 4592
0.430493470399075 1.340182126664029 4593
0.1567680649869626 1.122547932639729 4594
0.1602787257079792 1.133003337776711 4595
0.15161597225434 1.136612839141351 4596
0.1330429796333258 0.5256045297232047 4597
0.1420950496200568 0.514786439231234 4598
0.1412313647288427 1.172353394274787 4599
0.1535499985272581 1.17157955404379 4600
0.1424702810128788 1.183537549870709 4601
-0.1061178141766461 0.2711092752227615 4602
-0.118038363719661 0.2792777546638883 4603
0.4880553656713335 0.6771025365622777 4604
0.4891878142383846 0.666158806147134 4605
0.5002848392099222 0.6709397560981201 4606
0.1455391707906095 1.195019374896841 4607
0.1573584258680269 1.191929702826151 4608
0.6206410899072351 0.4694596356392918 4609
0.6111668855984097 0.4577392371168648 4610
0.6237138932789814 0.457995959218363 4611
0.4256412661601385 0.2091283999470856 4612
0.3504812737825806 0.2457300190532667 4613
0.3624061233756645 0.2450949894254127 4614
0.2391334035023622 0.1146454151776961 4615
0.6962770622230958 0.3149831963861474 4616
0.6828889825914733 0.3185415973537437 4617
0.6888009263419221 0.3081166000322489 4618
-0.1133087692048725 0.9316585154767703 4619
-0.1125933327987176 0.9428698636553405 4620
0.2355870326692396 1.226117978536574 4621
0.2401596450305322 1.244103616755934 4622
0.2279867995254073 1.236217450412628 4623
0.3648874784657922 0.2920020207808773 4624
0.3525612858946069 0.2934081384263551 4625
0.5269814088950492 1.292668762291687 4626
0.5137059459614564 1.283842360880819 4627
0.00302959578740027 0.4271864824726336 4628
0.003875046910220004 0.4134144808938612 4629
0.0154888636371655 0.4246572532360989 4630
0.1650875877327143 1.211180077582242 4631
0.1607684332505291 1.225263000789927 4632
0.1551508765374094 1.215657647671531 4633
0.1500319818802802 1.205701658057527 4634
0.1449399080672879 1.219870578896806 4635
0.4647973784910833 0.3357412649822425 4636
0.4776333218662052 0.3332574637625155 4637
-0.045903185905266 0.1004306710039736 4638
-0.04626990921223531 0.1096554855199452 4639
0.4741776474804364 0.8019868663785683 4640
0.477459426679731 0.8139601779643646 4641
0.4685099861280839 0.816970719348294 4642
0.5698435493763212 0.8497871869080621 4643
0.5339361817864013 0.5612536490426288 4644
0.5429324132016066 0.5695000462368397 4645
0.5302905906833144 0.5707046707799512 4646
-0.1591257237425429 0.2444917403305159 4647
-0.1636336477934444 0.2565442653230831 4648
0.1150491681157182 0.8480944698408336 4649
0.1180780043362856 0.8281213673806139 4650
0.3644601578820459 1.465856784291092 4651
0.3586599662656484 1.452856433835158 4652
-0.1071280924107339 0.7044404253037667 4653
-0.09593436520747463 0.7104265217749601 4654
-0.1123930124835514 0.715413754695 4655
-0.117632117247734 0.7263948987538921 4656
-0.1075223885254601 0.7324259540480303 4657
0.06987796850712293 0.3924729108171767 4658
0.07945067419836699 0.3866554111179121 4659
0.744712469423001 1.349175702003535 4660
0.6993359846149677 1.416617880423209 4661
0.6910508794959423 1.407616894717527 4662
0.7067457007951448 1.407207849496738 4663
0.7123796099702224 0.6276511278605165 4664
0.4550929666957116 0.4556677836238303 4665
0.4698901057041123 0.448060265622388 4666
0.4674923242426382 0.4587033808506875 4667
0.04869231950908776 0.5157737000817952 4668
0.06385743947602805 0.5196824062393235 4669
0.4653308132209739 0.4690756063182759 4670
0.479371686195819 0.4612328458737305 4671
0.5075902391263227 0.8889494069016985 4672
0.491609969010572 0.8841239039696314 4673
0.508206283866061 0.8744346299812998 4674
-0.08915318316327087 0.844559680145388 4675
0.482082274231604 0.8876867431059187 4676
0.4813394688195407 0.8743491031215689 4677
0.1486522827022593 1.489525821785271 4678
0.0702020703247746 0.9181828079193758 4679
0.06061487055189625 0.9253480683028529 4680
0.06312642322773453 0.9090754882137982 4681
0.2468071212775727 0.4249955294025518 4682
0.2599916220299258 0.4353741447281346 4683
0.2485062363278069 0.4412896749589736 4684
0.3318599900866298 1.027990662868735 4685
0.3456528438682316 1.035206951893397 4686
0.1454756495220027 0.8870456228682374 4687
0.151186850703983 0.8748885489446176 4688
0.1570636204727063 0.8837157796023433 4689
0.1955306570280261 0.4184698682024537 4690
0.2031243166824647 0.4322984752039845 4691
0.1882196752479211 0.432009607404359 4692
0.5748350677323271 0.5432969337037818 4693
0.5716181308871346 0.5287088860861547 4694
0.5895693647871438 0.5297763527937988 4695
0.2811935546358605 0.2905323264242735 4696
0.2737742900533242 0.2988637667434863 4697
0.2730220725404701 0.2834088949875588 4698
0.05512819888169741 0.9008928570675558 4699
-0.09034601150411289 0.2397992369271839 4700
-0.07449583177297678 0.2484122978864189 4701
0.4483719674112455 0.5655533636041625 4702
0.4380400793184793 0.5781200986771446 4703
0.4339996404278997 0.5650907580005853 4704
0.008139637245366226 1.206103158855709 4705
0.0008802601039190354 1.19897881640545 4706
0.46629296426779 0.5097373473317097 4707
0.4594208362966241 0.5208922221178698 4708
0.4494267940424663 0.5177247749141851 4709
0.2447977507803489 0.4556169961507428 4710
0.2573243624487201 0.4510402450754367 4711
0.7896266246292815 0.9466977514654521 4712
0.7890884505104034 0.9581759736209742 4713
0.7793616481686796 0.9476269250501954 4714
0.1106786988455025 0.5200232169700062 4715
0.09549937108477624 0.5259720832703285 4716
0.09921334479974622 0.5152052874230098 4717
0.1758413135262999 0.4333947120560753 4718
0.1840389059265618 0.4422846387142584 4719
0.4625121020578271 1.430265559652673 4720
0.4508693252886906 1.425130862492255 4721
0.2557850708174715 1.115646982430971 4722
0.2450599673514181 1.11182740191821 4723
0.25803696824136 1.104659205005991 4724
0.2272991625770947 0.3782042438886449 4725
0.2182753072070702 0.385439034423696 4726
0.2570296198201224 1.266028916238398 4727
0.260101924242699 1.255388352114776 4728
0.2689166247485194 1.259542714248302 4729
0.3588669560200393 0.1416631469734235 4730
0.3474043950170294 0.1376297556911471 4731
0.1979358268549461 0.2963757461894019 4732
0.02096004090796265 0.7802779602898011 4733
0.01651125561058817 0.7700434672476283 4734
0.02824163778798307 0.768898040984901 4735
0.7657680438856138 1.182954407936828 4736
0.7552202587599647 1.187013864540817 4737
0.7519616144545812 1.175203543380036 4738
-0.1579174440800047 0.5482483839962625 4739
-0.1615353312522002 0.5362186786582483 4740
0.01249264852389803 1.417477447004098 4741
0.02441934240375579 1.408799292808955 4742
0.02727331467403125 1.42330689905538 4743
0.02849979263942895 1.434944764020084 4744
0.08509154514179268 0.1024496007380443 4745
0.08805378580396475 0.1181355140800367 4746
0.07607314469774995 0.1113482979242133 4747
0.6972545270264736 0.7079950621704214 4748
0.6954917360322732 0.722361667640378 4749
0.2303446058569436 0.1907088669994959 4750
0.2359654125343518 0.1834234817286383 4751
0.413105583835944 0.3468284145176287 4752
0.4054983981053326 0.3566357570510973 4753
0.4021280209994322 0.343392484181068 4754
0.08044346523789835 0.4100334258366166 4755
0.3575724245737259 0.6680463504658521 4756
0.3553810295053411 0.6550103175226173 4757
0.1638157043806315 0.0701514752051518 4758
0.04904744238948384 0.3810193029477953 4759
0.03534284703782999 0.3793343689114554 4760
0.0359770939047729 0.3692126257296266 4761
0.6077193996368335 0.3652787150138143 4762
0.619906213671115 0.3634069478367646 4763
0.06584085998594705 0.1124805260765147 4764
0.07301669931941518 0.1246824415409997 4765
-0.1462514974686124 1.136394143728811 4766
-0.1439293013867525 1.147177255301234 4767
-0.155524831097713 1.148827270329446 4768
0.7880888742001927 0.7112777143117207 4769
0.7879202943072262 0.7228208655850326 4770
0.7761418238486864 0.7230424372789392 4771
0.4089708820963417 0.3714363623724914 4772
0.3987157776720782 0.366794819220612 4773
0.434800832310941 1.052074523529362 4774
0.4236868277176171 1.055763994336153 4775
0.4184947743543405 1.045500324229008 4776
0.5100651116827902 0.6742736461117358 4777
0.503385991493979 0.6614749505663997 4778
-0.04592477187042583 1.066598903897196 4779
0.1705954408161195 1.130118598177612 4780
0.1621737331340594 1.142314049852968 4781
0.5704250151036947 1.14565735237015 4782
0.5860652199069453 1.141570605660025 4783
-0.02036405142354268 0.3348021106448847 4784
-0.02388179409429614 0.3514076093074516 4785
-0.03387716139221562 0.3405429486909883 4786
0.7331590654415849 0.83841649848788 4787
0.7421087116528626 0.8429028853645033 4788
-0.01150379134544387 1.182335167704667 4789
-0.02679972999522764 1.178916507324112 4790
-0.01640044578195272 1.173088732175901 4791
0.2313422887438523 0.2489011376634068 4792
0.2197201850687176 0.2405167908686228 4793
0.2330066269625494 0.2368092864947033 4794
-0.1368342114072184 0.2140900194074545 4795
-0.1282134536497892 0.2239702874686373 4796
-0.1451430632156464 0.2230080701935974 4797
0.7650575145896175 0.8068531864279498 4798
0.7514635955450955 0.802423895971301 4799
0.7613706915564548 0.7976245727270801 4800
0.2222289923360365 0.4516047800571901 4801
0.2332961770362683 0.4536163140286096 4802
0.2190573919565851 0.4615842577871431 4803
0.06560026285685081 1.086667713746276 4804
0.06542310942126023 1.096448210246705 4805
0.05447682149856405 1.083996379933363 4806
0.04375780901494887 1.080966351430727 4807
0.04000665351761326 1.089497794585783 4808
0.7389235342839187 1.167264714382068 4809
0.7315893141215597 1.181361478094569 4810
0.7517304081325631 0.4384056343058008 4811
0.754678884804396 0.4317400728900131 4812
0.07437022148247502 1.228352402150089 4813
0.08977360266608672 1.226122784623202 4814
0.290002279582428 1.048314750321305 4815
0.300205958365209 1.052714702643208 4816
0.2956206909512356 1.062905786932951 4817
0.3287426028282967 0.1818681306422993 4818
0.3359160966011502 0.1970573410132809 4819
0.32114226669902 0.1943677583785381 4820
0.2929734677993643 0.1365895587632568 4821
0.302059052371227 0.1449315806653894 4822
0.03610041874579088 0.7091915163338141 4823
0.02301681930686284 0.7029560051780303 4824
0.2047902003681933 1.256483279948992 4825
0.193716168912774 1.250670751658605 4826
0.02199907804816628 0.7194043498520654 4827
0.008926834186778348 0.7187411896307521 4828
0.2511954561916002 0.7004010108241209 4829
0.2619235231329595 0.7093837781510097 4830
0.2500596037850261 0.7123111775746425 4831
0.2091111369397647 0.1776157579675129 4832
0.2193862664152977 0.1776234351816504 4833
0.2203314890387222 0.1870656691470675 4834
0.3099200718910069 0.1996300793547882 4835
0.3230456488106176 0.208854583468331 4836
0.05649762419827264 0.9429047505484929 4837
0.04208905208822354 0.9401399404044922 4838
0.05141414678351688 0.9328632844775231 4839
0.7042296800532928 1.3883884462247 4840
0.0421230221953413 1.059820297790869 4841
0.03059218754137625 1.060514617262406 4842
0.6611771161536822 1.168130673091042 4843
0.6447276812099655 1.170441249532053 4844
0.650122189143352 1.156259241751854 4845
-0.09076307922420128 1.051184473262553 4846
0.2231852695392927 0.1128569784822296 4847
0.2229918588333194 0.126018317539297 4848
0.2130655246115317 0.1171109252410705 4849
0.3797071609079485 0.4104596461088356 4850
0.3905016942164071 0.4141168502938762 4851
0.6399140797874913 1.180637379890149 4852
0.6337951645255466 1.165238541576437 4853
0.7146280937705457 1.397623923809493 4854
0.6738448999952452 1.40767441742469 4855
0.6692302215534233 1.392920072112807 4856
0.6840136506062368 1.397929660836855 4857
-0.08947579136646017 0.9334578744935936 4858
-0.08894655980985795 0.9226454488235786 4859
-0.07772574869440332 0.9241706997724767 4860
-0.09234058950834895 0.8144763632462203 4861
-0.09508294618875057 0.8039031841183863 4862
-0.1567003951256261 0.1204425484399656 4863
-0.1609489478064687 0.1098200912941866 4864
-0.1467234855384169 0.1163515509967393 4865
0.3838828098257955 1.456529787589963 4866
0.3744151003757175 1.45980912955956 4867
-0.06462043222480858 0.2434848501317871 4868
-0.04921364702941835 0.2445131892942161 4869
-0.1278623553568491 0.2059642310484278 4870
-0.1643744056367746 0.09889788874334729 4871
-0.1533177050065447 0.09609598487501211 4872
0.2877904035804135 0.5214813848207173 4873
0.2894834907838931 0.5316462227022267 4874
0.2768598176503944 0.5291075545862534 4875
0.4647235287909796 1.067214923219544 4876
0.471924546948077 1.052944543740932 4877
0.4756171168399202 1.063456882987961 4878
0.7115128121076577 0.293397600355329 4879
0.7257634171935918 0.2894772952897187 4880
0.1125312092666248 0.8058400274488733 4881
0.2888544082864126 0.5450699443397398 4882
0.7733664842685589 0.4277760497044568 4883
0.7861320066675945 0.4350605656193767 4884
0.3985065952462156 0.4995110833856288 4885
0.3930552518349372 0.5115012734699891 4886
0.419525195543806 0.6948477112912157 4887
0.4077925315690751 0.7058406883130063 4888
0.3562405396845115 1.275022403285288 4889
0.3447128186322241 1.278835117202753 4890
0.3417669521251936 1.267512766251542 4891
0.4185165667904055 0.7187388124332895 4892
0.7647755443149314 0.3362710144674426 4893
0.7510201118044955 0.3452004461752513 4894
0.7528004972043812 0.3337984888553718 4895
-0.07099588727357858 1.212862235477235 4896
-0.0785425706001498 1.205459143043973 4897
-0.06463520068718477 1.205300306798775 4898
-0.1349916873878119 1.453434420400413 4899
-0.1455737265986256 1.45731263904279 4900
-0.1448208890761022 1.44709460379385 4901
-0.1540635327219262 1.46561586883645 4902
-0.1612201460321827 1.458120703189439 4903
0.6597018448866451 1.108290655937645 4904
0.6594869420722574 1.119442120575642 4905
0.6515455721553975 1.117918628729794 4906
0.1877246215378516 0.7448896059302482 4907
0.1835969273481321 0.7361931485818933 4908
0.0332924805684254 0.3601202974350247 4909
0.02441776924455379 0.3632708952101525 4910
0.2194206169633537 0.1664124397243429 4911
0.2281825485448216 0.1791033712996971 4912
0.5922253196690876 0.8854580974558941 4913
0.587500289942422 0.8956593420689722 4914
0.5851947697967217 0.879475539435648 4915
0.5448556553274736 1.207191680968872 4916
0.553508513267575 1.214085925221813 4917
0.5373451860309626 1.214271446110268 4918
0.6532460456061904 0.8222490477865284 4919
0.6454173526647191 0.8024924212139339 4920
-0.1043549542428945 0.1959210846824841 4921
-0.06464850407279199 0.6088918893115592 4922
-0.05679798826249091 0.6242681882389253 4923
0.6564608668240633 1.266182501613371 4924
0.6564803042949962 1.279022295521499 4925
0.643358668003592 1.268197262704171 4926
-0.05756368662831857 1.431171222731515 4927
-0.0478436893758214 1.435643999024632 4928
-0.05057494653645375 1.444499917162272 4929
0.6165713975952076 0.2615154250606667 4930
0.611210398180454 0.2535552163761974 4931
0.6234458801045324 0.2588272735245467 4932
0.7889227981760765 1.441014043631275 4933
0.7889808957296245 1.42855904650556 4934
0.6650067394495655 1.293622357946606 4935
0.6548193557817893 1.291103909608752 4936
0.7064071792459184 0.7003164408013491 4937
0.7146270523685658 0.7085865211575774 4938
0.7599885084495309 0.3575784480968129 4939
0.7485453567101421 0.3563506101017835 4940
-0.03812772156611778 0.1861947813252738 4941
-0.04577058529862862 0.1930977764701609 4942
0.3962341726473592 0.3044720502448007 4943
0.3813873045987211 0.3004453389976429 4944
-0.01883538459766666 1.163654135322027 4945
0.1777438267941582 0.3087985764058593 4946
0.1765259887137743 0.3254980717584977 4947
0.1639856110255632 0.317121860414339 4948
0.6481406180896969 0.4484423667226198 4949
0.6380933870358559 0.4405636601515713 4950
0.3064027515015194 0.2312588159320506 4951
0.3140515741447498 0.2406929329401136 4952
0.2184845946463138 0.5942495932242784 4953
0.2290381021353113 0.589094317961653 4954
0.2825390482297834 1.041813702502628 4955
0.2889236058206989 1.036990495294737 4956
0.1875633600696648 0.3323241557575499 4957
0.1778729701042825 0.3419312556348428 4958
0.370488045237234 0.5071826225753652 4959
0.3704054653056422 0.3097012827309488 4960
-0.07623982862129217 0.7925418840799587 4961
-0.08813599827566668 0.7959236137881095 4962
-0.08750422205451024 0.7828243908949538 4963
0.3807582695323776 0.476938235253098 4964
0.4020321977099177 0.5386826208294601 4965
0.4034444973898512 0.554001851621562 4966
0.3951391802363955 0.5483448320390026 4967
0.5998819039769163 0.4325141018359348 4968
0.6001917663611624 0.4452307787322333 4969
-0.09700872126889883 0.6294584899231846 4970
-0.1057290111736657 0.6159167603223819 4971
0.04419412586036139 0.5333363896719361 4972
0.04177708452895681 0.5457989923515929 4973
0.6310615784948186 1.279848651464786 4974
0.6315456007667556 1.291001762437446 4975
0.6199617107227532 1.291117730637042 4976
0.1622086105292714 0.8939577324158114 4977
0.1665734463654863 0.878615218528193 4978
-0.005567539874928427 1.190993033364007 4979
-0.01454106509580311 1.197784601407835 4980
-0.01598241617167852 1.212858271754254 4981
-0.02299128142269698 1.205145452102966 4982
0.1060353231221928 0.2077644846821271 4983
0.09745162067596314 0.212901343815926 4984
0.1001956192317058 0.1976293778174459 4985
0.1305624630823758 0.1814908412312338 4986
0.1248390689952748 0.1964157123634589 4987
0.1193593411847853 0.1837306317730482 4988
0.3256107227229053 0.2500294161703828 4989
0.335337569368744 0.2632879986068741 4990
0.3134514074526593 0.26098402152404 4991
0.4795777071230515 1.074639844927855 4992
0.4854914935856705 1.059583236097259 4993
0.2017559294154387 0.9703437673202008 4994
0.2124358598122647 0.9675905343005279 4995
0.06715942325833023 1.075630787184421 4996
0.07504032861465756 1.08968775973729 4997
0.03985186360658811 0.5547356157568422 4998
0.03069224697824117 0.5451691162950825 4999
0.7812954228243619 0.4639007085549652 5000
0.7779622775694656 0.4780721091528934 5001
0.2976302480134959 1.315400440766689 5002
0.3081621830513888 1.322378011318903 5003
0.2928504658372544 1.326184995526942 5004
0.1305261976338002 0.2076966296805411 5005
0.1152246577951693 0.2021695836443396 5006
0.1384917229313408 0.8593614501763508 5007
0.5824967223792626 1.276739073775797 5008
0.5968082033810246 1.277120303511937 5009
0.5902499723357523 1.284234861192552 5010
-0.04105736356149539 1.110186645850268 5011
-0.03208212397683693 1.103982334198923 5012
0.567274557805829 1.277822027532202 5013
0.5746819641273496 1.269070747853344 5014
-0.1266140018212798 0.8045048599638523 5015
-0.113750012146388 0.7974745614123914 5016
0.3652305464195649 0.2652311525691085 5017
0.3491051170124035 0.9494653621305371 5018
0.3449993370074503 0.9588187704897544 5019
0.04585585065152771 0.9236833218871646 5020
0.215309323928773 1.23661363627941 5021
0.2235099020847896 1.223290223495411 5022
0.390556865684169 1.263866017929485 5023
0.3772528838888143 1.266558814399049 5024
0.199043452836222 0.09475123988290016 5025
0.5657726034349607 0.4781275159159024 5026
0.6761253564909173 1.428761223454404 5027
0.6874021614409628 1.43641047668175 5028
0.6735059450143678 1.443805007250397 5029
0.2338605233331587 0.4260565868898197 5030
0.123329377595215 0.5133487463970833 5031
0.1220528628514759 0.5237946662058898 5032
0.4503922601980853 0.5543321683751764 5033
-0.08641791060869325 0.5932397508384809 5034
-0.08153516992691628 0.5782111778458986 5035
-0.07428677459479691 0.5912110809648129 5036
0.5997396607001022 1.100161355317384 5037
0.5862890780532414 1.100432076574042 5038
0.5932670415777579 1.092477598208982 5039
0.121220595831247 0.5354594433475856 5040
0.7625469501575003 1.212258661408831 5041
0.7506259861234363 1.213475599557068 5042
0.7591177581238989 1.199437981629287 5043
0.6223751426558098 1.022675076249219 5044
0.6331799805555047 1.012619017847654 5045
0.1762787681939766 1.488935602995115 5046
0.1888407311132321 1.488111908110045 5047
0.4689381671227877 0.5237398924179003 5048
0.4555845756260549 0.5314366790114851 5049
0.02954845611510292 0.9352085279331315 5050
-0.08145676672192441 0.8236452378649276 5051
-0.09733783487543468 0.8274742657604665 5052
0.4778548003879324 0.6789471334665806 5053
0.4679426710936549 0.680994014157581 5054
-0.1291894999523436 0.6938451861361351 5055
-0.1231477641896946 0.6837765882040808 5056
-0.1181361217328562 0.6991667798454811 5057
-0.04171311231235394 0.3501945996568996 5058
-0.04483024477635834 0.338563962746419 5059
0.5578993916614954 0.9449542617203441 5060
0.5686585851544013 0.9414162606542126 5061
0.5606750555344187 0.9562281271135128 5062
0.7392677666416978 1.388473505759347 5063
0.7320718330486207 1.39606509033717 5064
0.03560456442542421 1.199004860263337 5065
0.02993194033607025 1.210166942869078 5066
0.03703909139595776 0.5200492358866589 5067
0.7384812629829586 0.6267458278289743 5068
0.7500043610064271 0.6386026473141233 5069
0.2505343343520738 1.250264765910629 5070
0.2552759925894761 1.239799399638261 5071
0.736498155575521 1.155769965456119 5072
0.7494266046746926 1.163629789528662 5073
0.6992737908446834 0.2666417460957901 5074
0.6885725069280805 0.2613032457029701 5075
-0.0936816326482158 1.20242941253291 5076
-0.08534600172390158 1.197073450714278 5077
0.1325185961128318 0.2980458801732633 5078
0.1198545153266844 0.3016352259053372 5079
0.1160248606160188 0.2865306049226299 5080
0.7036542845676595 1.103230311114515 5081
0.2126605861289587 0.4505197603717534 5082
0.2222260120490963 0.4402703259975665 5083
0.2220193468397333 0.8540311309676094 5084
0.2092826835162861 0.860475307196106 5085
0.2119220512105254 0.8502989796836383 5086
0.5341641679355376 0.632639728377236 5087
0.5495140730457878 0.6358437332904957 5088
0.5407479621804996 0.6414838725837327 5089
-0.177565531651984 0.2024783000939792 5090
-0.1889110800558788 0.2120414872386126 5091
0.1226825180579104 0.3137419369995879 5092
-0.1178590472224103 0.4176762283205008 5093
-0.1209332168166399 0.4046705771278865 5094
-0.1065339696527824 0.4111526072712423 5095
0.5932614915263803 1.252811954681988 5096
0.6038891380579743 1.246712294690627 5097
0.599807968796377 1.262669657644285 5098
0.6869107837511305 0.8480849637324017 5099
0.6854436612516178 0.830470280028234 5100
-0.1226291923981851 0.3929561752768181 5101
0.1039930248330846 0.4744116229470371 5102
0.107127961518455 0.4888499395559908 5103
0.09209988697766697 0.4875015319177754 5104
0.1183106146430814 0.498331450311882 5105
0.1024368893983868 0.5033948268649471 5106
0.7387761084484513 1.214819073865909 5107
0.724850882713545 1.216329146052781 5108
0.7358656369809139 1.202885064186633 5109
0.7619207003383611 1.465273659154129 5110
0.7641487996865655 1.453901885326944 5111
0.7721147035048637 1.467793466314048 5112
0.5593276525832978 0.2144188618727337 5113
0.5698226299731625 0.217892462639341 5114
0.5607681485567789 0.2247742013763356 5115
-0.04315285135888938 0.161233770879224 5116
-0.06140419508168478 0.1596211386150427 5117
0.393287761477208 1.281405736903136 5118
0.3841099659417713 1.27668561531234 5119
0.6115286432855128 1.13076099233513 5120
0.6004335418309471 1.18668082583858 5121
0.6090544896266699 1.19667767760276 5122
0.243892311572126 0.6299969838740412 5123
0.2413675613986794 0.6417016871908124 5124
0.2349259649694208 0.6330216251845336 5125
-0.06214475948374758 0.5237445184797516 5126
-0.07466554121541119 0.5249564181296466 5127
0.1868969363792848 0.8637383127951064 5128
0.175960531387621 0.872204507534947 5129
0.1685224299282814 0.8637511701469659 5130
0.1817289907748609 0.8821286033254594 5131
0.1112868935540215 0.2182646639991424 5132
0.3495025143163819 0.4241735267520312 5133
0.3545535951790069 0.4154518307673555 5134
0.3191663814224203 1.355487126093756 5135
0.3085888263292881 1.350334481899565 5136
0.31337797875264 1.339689975096083 5137
0.3697971039302994 1.179302320795754 5138
0.3571998213411728 1.179714417653853 5139
0.3614130696903177 1.166527586605814 5140
0.3041377396539519 1.361113433566282 5141
0.2977566876778816 1.34388754339146 5142
0.5642933279723947 1.15523071794518 5143
0.5562844465649806 1.148121464508684 5144
-0.134689368688841 0.7046004642497665 5145
-0.1395830965433547 0.688125376690125 5146
0.4701241342355985 0.6897430152671955 5147
0.4583640343469632 0.682654132899023 5148
-0.1889524736462567 0.9468897230478041 5149
-0.1894336442046076 0.9348172561449852 5150
-0.1792543432646179 0.9305791095166668 5151
0.4304715668673401 0.97074263027787 5152
0.4186109881133975 0.9714974691935998 5153
0.7654027592337007 0.6999643576828005 5154
0.7606099075485352 0.7129974990117089 5155
0.7548836880429577 0.6967669360882804 5156
0.3496852585024896 1.406703571429933 5157
0.3619676173440588 1.417793441720547 5158
0.3504302882464022 1.418714873606536 5159
0.7656811555206814 0.7253527968434315 5160
0.7492205745902538 0.7224256595218715 5161
0.3384383520651341 1.420450626108274 5162
0.3521168590839765 1.430288028483962 5163
0.7852904362508288 1.279002611857132 5164
0.7874552481872988 1.291886309536839 5165
0.7756864448121285 1.294281085117656 5166
0.1454428881252326 0.655411390027559 5167
0.1503188557031775 0.6722176975911566 5168
-0.06173196143818147 0.6612322789570684 5169
-0.06690658463367505 0.6468727163607516 5170
-0.05663033176188868 0.6507894219520478 5171
0.6348538936729451 1.227262327812928 5172
0.6454371227631316 1.223885602421176 5173
0.6376737351661111 1.236855069995908 5174
-0.02990750534581613 0.128337593916787 5175
-0.04141580202640446 0.1317471812790316 5176
-0.04421070703577423 0.1201658786594721 5177
0.6513440006454553 0.7492698891878989 5178
0.6632228261574717 0.7407090278890224 5179
0.6402059918994278 1.246978874427082 5180
0.6515687347474987 1.243857963093107 5181
0.31384295535366 1.221455560185029 5182
0.2986072989838439 1.221984298138916 5183
0.3052452517055642 1.214805312478954 5184
-0.1234897916493635 0.3704388562724335 5185
-0.1234237600343434 0.3814586630220624 5186
0.1516238031927107 1.346226166113747 5187
0.143834299340161 1.354124858418322 5188
0.7876721615103693 0.899862994177053 5189
0.7870135861056533 0.8871783616904527 5190
0.1352791309757699 1.361666219939894 5191
0.1441014870882318 1.370261178949351 5192
0.5567014355309521 1.015551393769573 5193
0.5471059968368103 1.017823884621878 5194
0.5454896292992155 1.007051062307163 5195
0.6198121856637052 0.4117801139255518 5196
0.6357611850221088 0.4139951489386974 5197
0.6726282713920745 1.120054174243725 5198
0.6685253815028442 1.132925355825061 5199
-0.1577124706579912 1.434191933211323 5200
-0.1501240912297703 1.441916016733287 5201
-0.1647077019613186 1.442977194734082 5202
-0.05951448547499812 0.5973483444506296 5203
-0.06470977551066999 0.580431332370076 5204
-0.03752477354863434 0.143866973663346 5205
-0.05358163397681309 0.1336666644207958 5206
0.6343439141379765 1.043779560054076 5207
0.6212230324075567 1.040696417387831 5208
0.1270707319806861 1.468118264045767 5209
0.1156324637752289 1.474097830050945 5210
-0.1904783116308447 0.9844788064882853 5211
-0.1902519356152711 0.9722128043224372 5212
-0.1808023777615042 0.9830556716284276 5213
0.4854455780897169 1.117540398562123 5214
0.4912553672034318 1.108675272607198 5215
0.4938371192589043 1.124220018466078 5216
0.1700902895293354 0.2340638660386033 5217
0.1714532482202992 0.2176275910688896 5218
0.5845068863464516 0.9068728103689851 5219
0.574313582691873 0.9052883266489812 5220
0.4897416656850168 1.381184795231209 5221
0.4793274521439179 1.387139988475182 5222
0.4800734135189028 1.37264800530745 5223
-0.09158579421297468 0.7286928493749558 5224
0.6885180641516794 1.070559736063085 5225
0.7049170674932288 1.075023185951882 5226
0.2733888268957245 0.6070168844665712 5227
0.2787949972764907 0.5938239897042038 5228
0.2837813277981439 0.602979311689633 5229
0.4160905970643475 0.3230453814321483 5230
0.4207722666222664 0.3371194741900576 5231
0.5478051299689878 0.2112294204181781 5232
0.3585842828158887 0.6807247808844368 5233
-0.141682410264681 0.5547529274763232 5234
-0.1535808899658238 0.5607547274473135 5235
-0.05276991864857197 1.133916571725918 5236
-0.04355713767862422 1.126062808378226 5237
0.3921288454016141 0.8674394065295389 5238
0.3866600992482376 0.8769404362149404 5239
0.3772536954468049 0.8703998479387236 5240
-0.1646214729477924 0.5675723489629546 5241
-0.1495702892162667 0.572901115543668 5242
0.1996212942297224 1.139849314368032 5243
0.2022477616538454 1.128814863748086 5244
0.5746160643160743 1.16653655190801 5245
0.5559365062726392 1.161813926987263 5246
0.5964714397878544 0.4198543355352227 5247
0.5806236318332774 0.4096473489475332 5248
0.3677764620339713 0.8641932551929886 5249
0.3621389884185911 0.8733014662567273 5250
-0.06968561020671954 1.114938299761839 5251
-0.07002151635157816 1.10416409462866 5252
-0.0564418606193001 1.106822941861649 5253
-0.1651883395839382 1.425291624618468 5254
-0.1558139952901159 1.418175295481532 5255
0.6433781919226401 1.290863882408291 5256
0.6324979250567787 1.302019604660364 5257
-0.0899255259143158 0.944261314046957 5258
-0.1011305665325267 0.9433156288642652 5259
0.4394608215238963 0.7592459901250329 5260
0.427024454879693 0.7497654385979651 5261
-0.1697939091832173 0.9959068711881273 5262
-0.1707858384824302 0.9830532089267002 5263
0.5834590733216666 1.292798876819377 5264
0.5988527658667326 1.289370294457183 5265
-0.1564155545957794 0.6915240981818382 5266
-0.1578543369899983 0.6731303387031679 5267
-0.1491153086723701 0.6811215708007629 5268
0.07587667331038155 0.2536303285892119 5269
0.08604938694171919 0.2683340087668656 5270
0.2258225747024081 0.6380637046863782 5271
0.2302685775496199 0.6228890233476617 5272
0.6610103498314397 0.3755164324070397 5273
0.5865794191471412 1.08314682623358 5274
0.5961016825834609 1.078067991212352 5275
0.5987052045735006 0.3586611854565699 5276
0.5981897802922415 0.3708769844086143 5277
0.5863680357283686 0.3604122426018894 5278
0.4245398536395104 0.5608640818784522 5279
0.4242617478629639 0.5733967067414243 5280
0.1556099896948501 1.315210221299057 5281
0.1613725121857462 1.324233798064295 5282
0.1461214419459487 1.322009504716084 5283
0.3848533701083525 1.159677611826515 5284
0.3968129712274578 1.165591632629659 5285
0.3840448676575201 1.170728448794666 5286
0.1667954035779212 1.332679481337698 5287
0.158834997508225 1.338697526797263 5288
0.5419053027080166 0.4715308990681727 5289
-0.1894264512925325 1.350271469845568 5290
-0.1901061135508305 1.336849723397586 5291
-0.1788014251009032 1.350816585081926 5292
0.6986646227285475 0.813365822494867 5293
0.6832106973681862 0.8135553041031067 5294
0.6911347868947522 0.8051975672905308 5295
0.3778257338282462 1.179324859912371 5296
0.390815092844155 1.181566373714217 5297
0.7696446511241242 1.48464430055348 5298
0.7606499494481248 1.487490746828406 5299
0.7602611122861528 1.476140421596935 5300
-0.1877946973564562 0.1073013474661612 5301
-0.1853088118172583 0.1219075498061601 5302
0.4769027472805374 1.110589314046665 5303
0.5514245115846109 0.3186262642428723 5304
0.5539008526368031 0.2983382183659183 5305
0.6577759304708346 0.3897470265576559 5306
0.6476647222029889 0.3839029887563742 5307
0.6762146473971213 0.8220526500711003 5308
0.4369416326494036 0.254601229865371 5309
0.4455828519185941 0.2631489114959827 5310
0.569974982829434 0.466986015851531 5311
0.5618378670331998 0.4536637095632973 5312
0.06502538929038572 0.4899370632897938 5313
0.07789391981195172 0.4851689364840485 5314
0.07833784401812978 0.4987772036557485 5315
-0.1811378130036003 1.006300106282734 5316
0.0787966243066075 0.6462731997205725 5317
0.08092683941403801 0.6335773326348967 5318
0.03233875210924415 0.3911387140298563 5319
0.0246820998049615 0.3753787998625006 5320
0.6828685671889361 1.057008607660116 5321
0.6716615005958929 1.049240690380794 5322
0.4099295475340116 0.7350009941380919 5323
0.3994420987162587 0.7400148266760994 5324
0.03391601735112908 0.4626732501035306 5325
0.04086695623291845 0.4722839475645629 5326
0.025908179454661 0.4698079593122821 5327
0.3243489128382295 0.6715628662932194 5328
0.3317992427643718 0.6639964960066557 5329
0.7425663940667601 1.227014207335128 5330
0.6943732891842604 1.056568835235044 5331
-0.1016707886958948 0.694055524052712 5332
0.6200026890863459 0.2802805006873961 5333
0.01864654087777961 0.4777609244120617 5334
0.02575270644720534 0.4837215335217824 5335
-0.01816325085096346 0.309545267529293 5336
-0.02581381450766852 0.3238215041432324 5337
-0.008951511843709337 0.3299445545264537 5338
0.690669934108181 1.392411405218082 5339
0.6408989472002096 1.110385591367153 5340
0.5288668783796956 0.6225481388255812 5341
0.5180410811120935 0.6274685327116327 5342
0.4799567573471824 0.8954022335075759 5343
0.4882458265294525 0.9088532960423968 5344
0.475348917441273 0.9073023547126682 5345
-0.1419397743297107 0.6712219766908724 5346
0.2836176269573021 0.2081620059460927 5347
0.2699500424872184 0.2071277265056168 5348
0.2781553939737266 0.2005749091709718 5349
0.479762138278043 0.2262810795415991 5350
0.4864128802276132 0.2164639841847008 5351
-0.1735454683913195 0.6905364593697431 5352
-0.1650706773680977 0.7038885540451942 5353
0.7174965744048065 0.3364475454163207 5354
0.728639798415741 0.3341491618412142 5355
0.7278487856353851 0.3454209741922635 5356
0.7896761721073448 0.935094733989202 5357
0.2399516157205292 0.2999311679026761 5358
0.2484405203905202 0.2915544330156709 5359
0.2575636070746604 0.3002195172975863 5360
0.5073092412232511 1.366802299075183 5361
0.4989659632204538 1.374260733969846 5362
0.5042095114065623 0.3002362848409568 5363
0.5061637517117423 0.312791203058009 5364
0.4083410913861682 1.405500391866894 5365
0.4172351013589268 1.396149404489668 5366
0.4184283848971141 1.410484601335228 5367
0.4274659318376972 1.066534687504145 5368
0.4132076873514695 1.059109701931567 5369
0.02049297869926415 0.9371088613868608 5370
0.02805016855862568 0.9283984716409179 5371
0.05601281104113392 0.7009252688148259 5372
0.04144203274810743 0.7004274770118701 5373
0.1624571143202266 0.3830822529356009 5374
0.1669771284916547 0.3985863024307296 5375
0.1564108117932393 0.3924973571241485 5376
-0.0774744188653038 0.6439476194031576 5377
0.2148085332690031 1.248064816040218 5378
0.2121266118434651 1.25906692495496 5379
-0.05563687631513074 0.3740185827936507 5380
-0.04292918095374925 0.3761780322593521 5381
-0.05209344498711689 0.3831927779027567 5382
0.6731565213617756 1.484246472096837 5383
0.6605397150968634 1.488536837888613 5384
0.6654905191367276 1.475725190019938 5385
0.3165579751102985 0.9211204180966651 5386
0.3260168774042627 0.9109545777088007 5387
0.550016847996417 1.177293244542934 5388
0.555202635304702 1.186799549984543 5389
0.5400105361107342 1.18362305077375 5390
0.07654411499209131 0.7769149331191539 5391
0.0706975675247475 0.7962145717539502 5392
0.06630028571185063 0.7829174175217518 5393
-0.05589004869634293 0.3959797391762366 5394
-0.03844964451936666 0.390532305662795 5395
0.7675903792366201 0.4948173955790084 5396
0.7590951637884863 0.4997684974527836 5397
0.7547821627187382 0.486779665724093 5398
0.5302808427023453 1.190096799727044 5399
0.520449641363688 1.196636881253736 5400
0.5245278560448439 1.180514623993738 5401
0.6790190002069467 0.6308652663184826 5402
0.6736847386333514 0.3140682395914861 5403
0.5083209584430951 1.337119786847703 5404
0.4991499535008111 1.327622860113791 5405
0.5118816769800243 1.328652953752201 5406
0.1213415374835905 0.8880809808378116 5407
0.1304980191195597 0.9009874066274548 5408
0.6149704035552819 1.242126655939421 5409
0.6242447792213077 1.229070532509398 5410
0.3812426948609089 1.242078831142416 5411
0.3714801571136159 1.246495841888957 5412
0.3775718887511308 1.233239468059065 5413
0.6318007911874439 1.453005850534893 5414
0.6293941302059306 1.467900094833403 5415
0.6189903605270666 1.461627274953281 5416
0.3227145925095022 1.451877108398534 5417
0.312639816116408 1.45520064141651 5418
0.3116029619745689 1.44544463490546 5419
0.6095505525696859 1.456258670814297 5420
0.6052538635124234 1.466706220302279 5421
0.3641036673617147 1.260611737804481 5422
0.361002548884393 1.250550170214122 5423
0.7015689534413727 0.3232400321347347 5424
0.5372239305919447 1.198957743422254 5425
0.552386668249864 1.200465396703721 5426
0.7071955461833371 1.12657325165574 5427
0.6966020909726457 1.129823114096907 5428
0.7053586974261931 1.115246283716892 5429
0.1993519609630644 0.1191694949529904 5430
0.3915778388104985 1.422621922966349 5431
0.3985720150922394 1.428696387784475 5432
0.4108697670740664 1.429428053370254 5433
0.4006164861358111 1.441271327889973 5434
0.3090314331551015 0.8954083062090443 5435
0.2995010234001876 0.9031212523993459 5436
0.2935827531894185 0.8929535158488608 5437
0.28706001125689 0.1959934732730882 5438
-0.189685516397578 0.9236652597183271 5439
0.5210775028307896 1.327989935415542 5440
0.51556693209811 1.317503890214702 5441
0.4250281608452325 1.414124893518111 5442
0.4136036619709095 1.419636899536325 5443
-0.1401252486276074 0.7159465443686743 5444
-0.1516050407988319 0.709994705801711 5445
-0.07602893248520214 1.222605348716503 5446
-0.07962621313693895 1.233698795647384 5447
-0.09056677972561997 1.230531368443631 5448
0.2036907596670653 0.8719275144340245 5449
0.197050525866261 0.8634267512562303 5450
0.6710000350316154 0.3912859557122106 5451
0.658765419237367 0.4026352609493765 5452
-0.1885364760869598 0.7755431303554309 5453
-0.1879660065253915 0.7885985949511666 5454
0.4271585237773436 0.793142843460572 5455
0.4151486454403734 0.8017665685769481 5456
0.4171764258220771 0.7922229447973861 5457
-0.09945534147414387 0.7909090726426573 5458
0.00816612283203433 1.007777245838116 5459
0.01596505830816605 1.01599578172048 5460
0.0009626561236296168 1.017565016147075 5461
0.5636698307885366 0.5210021125543105 5462
0.2003060575329882 1.473169782147358 5463
0.2051430188425422 1.487866277575034 5464
-0.07763620654314246 1.189807333871491 5465
-0.09197034415344991 1.190209719143912 5466
0.3231640548611578 0.3634667880740958 5467
0.3114563332919164 0.3577200393850428 5468
0.3252352960920454 0.3519391387502488 5469
0.2684092485322358 0.107678974760675 5470
0.4704115655345343 0.8905271422435261 5471
-0.02981673826557974 1.282203854684527 5472
-0.02906876011215813 1.272246073209001 5473
-0.02067785362816528 1.272270956401939 5474
0.3715805179844905 1.189734266650796 5475
0.3125626849274113 0.8804275548170419 5476
0.3242144144952276 0.8835993356120602 5477
0.3179738638742632 0.8882840432123004 5478
0.774921077071803 1.177728466812824 5479
0.7807999826284195 1.185659716339295 5480
-0.05437294927322629 1.219697210764024 5481
-0.05372679019099515 1.209258989967317 5482
-0.04423688918932205 1.221609385625176 5483
0.6087497601344032 1.408758307735139 5484
0.6211448808662042 1.398274642589035 5485
-0.03332527959837591 1.224908433437047 5486
-0.0293479996347195 1.214036704810286 5487
0.629596254950007 0.592347453154354 5488
0.3548840590700335 0.6409205054323079 5489
0.3565483553452478 0.6258314223387309 5490
0.06336716473661461 0.6779463283045237 5491
0.05577413097997084 0.6703164991147742 5492
0.3237562012920526 1.088279870305445 5493
0.3374672926328872 1.083064919644509 5494
0.3928405268915162 0.3773805658113195 5495
0.3878160039766773 0.3883596265754806 5496
0.3773667641226008 0.3844268614983945 5497
-0.1409587102318084 0.9871375414897753 5498
-0.137163246204338 0.974288170993439 5499
-0.1781376257441003 0.3671444801835168 5500
-0.1891496335462465 0.377735225108196 5501
0.7643823154274954 1.4009457668939 5502
0.7699873648415112 1.40895225090175 5503
-0.148534345405523 1.015497708464383 5504
-0.1546318975914697 1.029329433453951 5505
0.4142125055579017 0.4655774930533403 5506
0.4050720780580505 0.4514678510847105 5507
0.4939744847508736 0.2797535286837032 5508
0.4687189682188025 0.2223085984914707 5509
0.4584857870375102 0.2235811189406644 5510
0.4669629799036146 0.2138656640861646 5511
-0.05138600597969932 0.8737266025480199 5512
-0.05334781852132518 0.8846143590368807 5513
-0.06481231233329872 0.882061209573558 5514
0.6012902268304562 0.380625740814957 5515
0.6560381321515991 1.016065436019428 5516
0.6567498596119828 1.005151880739601 5517
0.6681667446672822 1.006838435492445 5518
-0.01890045232498292 0.1242094832011928 5519
-0.01481781331243528 0.1353037940327057 5520
0.5653083004500624 1.182425518366097 5521
0.5603158811942103 1.195427361913701 5522
0.3162848579475607 0.6153628905665813 5523
0.3254802120445767 0.6179858243235989 5524
0.2291505604000399 1.303989458193759 5525
0.2290698115976938 1.292496945112957 5526
0.240807100201704 1.302140677155384 5527
0.193524547333145 0.4488860663073769 5528
0.1779703777836618 0.4522401640821733 5529
-0.1650336570013769 0.7161703428504471 5530
0.07170989141796538 0.0396044222612832 5531
0.06340899410230766 0.05047468505478531 5532
0.0754006108309378 0.6588618789590946 5533
0.06514258496501253 0.6537406724190765 5534
0.4509643069101859 0.4754491341830358 5535
0.2962932457859423 0.7539502177766699 5536
0.2841963206685755 0.7504709655966925 5537
0.3447887230972401 0.2728905667406235 5538
0.5060409825003249 0.6518964445705547 5539
0.5073393580710869 0.6413457537768075 5540
0.5166450376826152 0.6544641033988111 5541
0.109666201433935 0.421472012905995 5542
0.3268029059270178 0.6851533976687765 5543
0.3166578630422787 0.6786392920342277 5544
0.4092099602358 0.9575889928311231 5545
0.4065362570798698 0.9696592328701021 5546
0.3948043528131755 0.9671820719663108 5547
0.7051840534822621 1.161575945058357 5548
0.7154460957198898 1.15381006464945 5549
0.6902786901828363 0.3805027312694466 5550
0.6826250479529317 0.3839259884879517 5551
0.1981230062198844 1.460840533502037 5552
0.1862938841919954 1.462109492126496 5553
0.1966474320387963 1.449677508470876 5554
-0.08783099079324955 1.441433605676149 5555
-0.08820653559163479 1.453387416770186 5556
0.1709125608290384 1.462782998486595 5557
0.1749596501360211 1.447932525097363 5558
-0.0446122203435153 1.052510758795522 5559
0.05751134825085646 0.06410115864557553 5560
0.07194659183337836 0.06347375920396089 5561
0.2172140238002019 1.488788168226278 5562
0.2205548978721971 1.478040089384815 5563
0.6372254447641161 0.9353584646462266 5564
0.6276346117068714 0.9429482302806758 5565
0.6212224073391911 0.9328294648544814 5566
0.6346818529141703 0.9548560046487309 5567
0.6175622587410511 0.9485705747472702 5568
0.01657892104315837 1.039607563637892 5569
0.01473610220206267 1.053895322000534 5570
0.007426269032904908 1.044451772066921 5571
0.504663404747776 1.436654226757353 5572
0.4939564612399455 1.43024216073993 5573
0.5041468986792127 1.42579684858593 5574
0.2221467060158887 0.1014625770045522 5575
0.6647660368559941 0.309255063890981 5576
0.6599237590605994 0.3178164989776018 5577
0.6855482221577713 0.7600741758567418 5578
0.6811624295321348 0.7494168604095159 5579
0.6944660645532519 0.7563369348374185 5580
0.7085346126307226 0.7609965783717083 5581
0.7025052476227512 0.7523109929021708 5582
0.7098353544624876 0.7478308551070564 5583
-0.188460466552197 0.341507933769824 5584
-0.1780301339210297 0.3440119174008744 5585
0.7254160179128695 0.4194241388538066 5586
0.73597615662524 0.4188722745996067 5587
0.7353817993974511 0.4296801655534793 5588
0.5110600300303735 1.440081786325637 5589
0.03227416545760288 0.2646781347071732 5590
0.0442892701486324 0.2757773493414895 5591
0.64570630551324 0.7234495354719884 5592
0.6490362884681719 0.712569703097866 5593
0.6563231315903677 0.7264821171111329 5594
0.531503201436917 1.353719641878153 5595
0.5489941847844977 1.357432406480907 5596
0.5402099581904133 1.365785799977168 5597
-0.01667136685396484 0.9389154150075305 5598
-0.004070865496042537 0.9439335330776448 5599
-0.0159384442580169 0.9500582745952142 5600
0.04225288791842747 0.2882038148989659 5601
0.05416681084530865 0.2879809390357514 5602
0.3981061325874652 0.3926925201768887 5603
0.3835436373104929 0.3995216856665301 5604
0.3659190707636895 1.439291601560128 5605
0.3742063104204726 1.427011213166968 5606
0.547100711232641 1.375565485099471 5607
0.5836057263855248 1.310291363137387 5608
0.5756650366012801 1.301303334505977 5609
0.1368847969795589 0.1659026359803936 5610
0.128669667017225 0.1735743161416419 5611
0.2189548425871738 0.4274063230049424 5612
0.2216154613782791 0.4140715231500006 5613
0.2454534461846971 0.9348949957080485 5614
0.2301877387448681 0.9458709347307743 5615
0.2306359378415084 0.9299757672649627 5616
0.7509873624911181 1.46366346194161 5617
0.3752947040727068 0.4629345993292837 5618
0.2210918811704141 0.9175683076052354 5619
0.2114432568840133 0.925976263023368 5620
0.7704729949724952 1.15652453186512 5621
0.7717564444015905 1.167552602219945 5622
0.1269490843932141 1.369045727483466 5623
0.1273660952560606 1.352848123609642 5624
0.1698363070437691 0.4606823380372094 5625
0.1758731613330959 0.4700537787689505 5626
0.4064383390697868 0.67314279323155 5627
0.4165784825371298 0.6743013201872463 5628
0.06546904690914593 0.8227059962986526 5629
0.07878524353562132 0.8245704319775302 5630
0.07184807740328222 0.8303222169604721 5631
0.7657440380376344 1.441947580645291 5632
0.777377971211701 1.442421999938553 5633
0.307335485663703 0.9125371556792594 5634
0.2893856426210821 0.9102186666176276 5635
0.7896677866167943 1.189841414480938 5636
0.5801885647095595 0.6802652211481518 5637
0.5638608346469122 0.6857874525778244 5638
0.5695220534906568 0.6742095880798057 5639
0.6642771376085046 0.4971155477761997 5640
0.3660331810833722 1.117823899671492 5641
0.3559868100101597 1.108610479363764 5642
0.5066835820673584 0.6304926977077748 5643
0.09900251669611278 0.5417572466991465 5644
0.09039826322666791 0.5355494372408505 5645
0.5402589652582077 0.73862552939156 5646
0.5305499259719926 0.7454275420400786 5647
0.5259202456655963 0.734051272668321 5648
0.6714176886610588 0.5682478712462509 5649
0.667768611878007 0.5569078063239612 5650
0.6823032006070505 0.5630398213654482 5651
0.2817149971080249 0.8174845808548761 5652
0.2736255561871676 0.8096666170752886 5653
0.2873617441816178 0.8078552761259771 5654
0.07580971689693713 0.2296986661006052 5655
0.0761888393483274 0.2413847240563414 5656
0.2652874517857574 0.8193042116495239 5657
0.2661240665630228 0.802049410404039 5658
0.5471791273120439 0.7348576596193995 5659
0.5449321045589695 0.7470842283152437 5660
0.5204570261833648 0.8513610868687929 5661
0.5257076412929222 0.8364017377219057 5662
0.5336627669006744 0.8426659832232819 5663
-0.1024907535707522 1.228851493148451 5664
-0.1037805287856017 1.24144581610093 5665
-0.01843617935937871 1.046409853187139 5666
-0.02693744063095031 1.03412613092198 5667
-0.01471666472203071 1.030820010158837 5668
-0.02478732788311662 1.021508896546993 5669
0.1770811297930373 0.8985745149135153 5670
0.1669729356655329 0.9047356481370854 5671
0.1717986381911574 0.9155374223763996 5672
0.1560152345987855 0.9102047992246622 5673
0.02817854145646408 0.5960896817445883 5674
0.03855759608705031 0.6021503565761286 5675
0.1529126001400419 0.3596748113962766 5676
0.1604934081001733 0.3679800751222428 5677
0.03373782986418711 0.6123031687035135 5678
0.04847352982513885 0.6063234994756369 5679
0.323933999574702 1.319466828949634 5680
0.3182995170779973 1.329357128756135 5681
0.71520955188933 0.9049320881985601 5682
0.6988588312094346 0.8971433109997472 5683
0.09568738857371958 0.8760013708995353 5684
0.1059512750243492 0.8758845209113463 5685
0.7549624458335624 0.5085872614153499 5686
0.7465235941093702 0.4989758716648857 5687
0.1691472228156799 0.3745590086224895 5688
-0.1225762186193253 0.737113967958527 5689
-0.1286802509327707 0.7213021650717427 5690
-0.1467332509434604 0.7292388944442181 5691
0.5902283744439225 1.171710126155101 5692
0.5763031104399156 1.181032332862517 5693
0.4266629637377859 1.261352798262564 5694
0.4184813314801745 1.269784215190509 5695
0.4101632287061875 1.26136610191532 5696
0.02218992807062096 0.107668801575065 5697
0.012932739262944 0.09661719080905075 5698
0.715154512203539 1.068011424401985 5699
0.724879001968266 1.060015747179803 5700
0.7217347702414639 1.078396094629903 5701
0.7709896245720727 0.7921488136211147 5702
0.75716073717288 0.7889139472820246 5703
-0.06805392530127673 1.429485994538287 5704
0.4146298925043685 1.006083307299703 5705
0.421191785968796 1.014499196144041 5706
0.4064332960167684 1.014127661624744 5707
0.08051219692729236 0.5305881033326114 5708
0.08574541470611585 0.5447144746947498 5709
0.2928221657778804 1.144091693674861 5710
0.2980452218677982 1.137063851835587 5711
0.0835227388786498 0.4759766110728363 5712
-0.1890024114497169 1.198245636868328 5713
-0.1777718539272533 1.196545762626584 5714
0.2843386721983235 1.156985909158594 5715
0.2761568897943102 1.145225806221237 5716
0.1002040995913602 1.217412200687057 5717
0.1109547553060435 1.210638079190353 5718
0.1075659901568301 1.226262355104246 5719
0.392402560182488 1.015932485435674 5720
0.3990312762358764 1.021315440944186 5721
0.7602056573197611 0.6379676578960849 5722
0.7522358795204677 0.6497554463039569 5723
0.1126857333042721 1.316291858919657 5724
0.1228740294030996 1.299137383901722 5725
0.1253594216121624 1.309618361066466 5726
0.3513267279094711 0.9400477913710891 5727
0.3581663845300356 0.9540194241467415 5728
0.5388613710058001 0.5499116683590322 5729
0.3147251833167412 1.467799659714524 5730
0.3021448886416235 1.467879006631293 5731
-0.1492436368387226 1.256637007367528 5732
-8.785908560695287e-05 0.1422507356281248 5733
-0.01025292337555383 0.14600747669552 5734
-0.02448250801670328 0.7938576599060785 5735
-0.01481921243790789 0.7873285559547225 5736
-0.01352822978184896 0.8024409120083674 5737
-0.1718282055741365 0.9713254328810659 5738
0.4212196133125838 0.836350509432654 5739
0.4107713096569942 0.8270176017776736 5740
0.6191345970897579 1.252456368252207 5741
0.4891552964403746 1.094035807365582 5742
0.496644623546055 1.100238026225134 5743
0.183049513018405 0.7977633565222431 5744
0.4998563964713049 1.390062634144795 5745
0.6806424124986042 0.4444523611548079 5746
0.6692235703174638 0.4517903312493763 5747
0.04283820852554321 0.09537645142845036 5748
0.03876278145626663 0.1048199703435061 5749
0.547156377403572 1.42688892335973 5750
0.5438576220551642 1.442073823956515 5751
0.5376856427807973 1.433117495977532 5752
0.5531329993824877 0.5681858459767273 5753
0.5540495303358671 0.5770967140194416 5754
0.2212386722683674 1.467527392797402 5755
0.2109082038400235 1.469868876786563 5756
-0.1527250304940613 0.2330417031155221 5757
-0.1436092379314401 0.2413030996135467 5758
0.2406291050546693 0.2479683972391997 5759
0.2325310687034365 0.2593215952262008 5760
0.08547756468302629 0.2297668902397667 5761
-0.1613516641545954 0.2231617251408168 5762
-0.1046906007747132 1.407019721908419 5763
0.4109909175090727 0.56066592046094 5764
-0.1094123844621995 1.139401856778843 5765
-0.1209187657910936 1.141368163984945 5766
0.4455102259293725 0.7070288163882095 5767
0.4570973082348758 0.70183707565 5768
-0.1325475145999451 1.144403036791719 5769
-0.119118079511915 1.153314448141242 5770
0.4551953976547159 0.6482633794871185 5771
0.4656309769720968 0.6435547384694202 5772
0.655908929646664 1.02662033621844 5773
0.006584190021640263 0.7437147158395014 5774
-0.006750532581657744 0.7418970257631279 5775
-0.002968898170952371 0.7297683633838211 5776
-0.02076401689418122 0.1504891394112647 5777
-0.005285216102592583 0.1557581043326342 5778
-0.01559282348240931 0.7461393715373468 5779
-0.01558591539020836 0.7332583742095919 5780
0.3927062878805094 1.41469681258303 5781
0.2508967892450508 1.413785344508205 5782
0.2587283193788381 1.419232781586414 5783
0.2520975089838806 1.429139875106011 5784
0.6912512924049766 0.7724570094145568 5785
0.6790973113358378 0.7729607539241259 5786
0.6383829916762925 0.8891606984953141 5787
0.6338740398281651 0.879512113323457 5788
0.01301423572436641 0.4487437627140294 5789
0.0032941225314224 0.4529403250260007 5790
-0.0001270135533191435 0.4420978582295708 5791
0.1014184352439719 0.337911826573857 5792
0.1836492109748001 1.413442547843723 5793
0.1809814521580319 1.427384275208329 5794
0.1740982110225461 1.419217383240213 5795
0.6206928756914268 0.8751020269919901 5796
0.6292488406934806 0.8701227756083946 5797
0.7894027936502354 1.453752363069428 5798
0.02148424260722599 0.4432199677569272 5799
0.02735238544860236 0.4528074971815058 5800
0.7880166490021853 1.303316304767344 5801
0.5346532035705354 0.2842992717322292 5802
0.5254313106006874 0.2778287859830315 5803
0.6789608174653476 0.2682049253730249 5804
0.6787390858037672 0.2565796541543381 5805
0.2248972745976933 0.687150576180105 5806
0.209742123908736 0.6933225279929461 5807
0.06056772726350437 0.7729024674050357 5808
0.05700703527291157 0.7882869601030921 5809
0.7244239219694496 0.4419096453373071 5810
0.7140023304553129 0.4439193080367043 5811
0.7144014040071243 0.4322622174738058 5812
-0.1262763152937245 0.5734156059643138 5813
-0.1284169901426461 0.5820125028675256 5814
-0.1373744626395532 0.5811386734976874 5815
0.02114626186668888 0.5677964956138849 5816
0.02176127340153036 0.5560552261347327 5817
0.1762770170916901 1.278671068356664 5818
0.1799634442159167 1.264236068496328 5819
0.5423421446775439 0.379395064963035 5820
0.5526947764623197 0.3898463599408917 5821
0.5439590128510084 0.2907198203168428 5822
0.5369262629487698 0.2986442428317284 5823
0.7561028315799244 1.250633882704921 5824
0.7454807619897081 1.238735584543182 5825
0.4692509098849822 0.4039360353424402 5826
0.4768306744605816 0.4160158724531501 5827
0.4657078775413306 0.414349644827498 5828
0.01026699056364617 0.06351626164499315 5829
0.0199206067256839 0.07012389707250738 5830
0.003826037261885189 0.07234995929743594 5831
0.03465576791413148 0.06451070344016301 5832
0.02977619493543955 0.07566430361826253 5833
0.5209716172284637 0.3437778483342 5834
0.5306411044194205 0.3347026446716597 5835
0.490211849470579 0.4185831811045646 5836
0.4830213818731208 0.4275631677634968 5837
0.6444803657766822 1.125044542385996 5838
0.6414142252144731 1.140224843622972 5839
0.2003485165464681 0.6548972217020992 5840
0.1870231480427594 0.6524297615469202 5841
0.1961485700725581 0.643714160305884 5842
0.5122838373293299 0.8345473055603703 5843
0.5240091376460905 0.8240009378802687 5844
0.7576830442083238 1.319807297960154 5845
0.7704047424630829 1.315063087939374 5846
0.7653604988804861 1.330347911532152 5847
0.7560849325996073 1.341210063445912 5848
0.7723335062173932 1.338122828036644 5849
0.3589828162554184 0.7123447162002393 5850
0.3474100559893672 0.7159356797925636 5851
0.3556483613109619 0.701828840893288 5852
0.1858930981628371 0.4124276192965413 5853
0.2011986363012326 0.4081823549191724 5854
0.3396722573191862 0.7294874297963846 5855
0.3361426331902774 0.7193129291891082 5856
0.4553315379199458 1.34862317124788 5857
0.4486608853633174 1.340680769482161 5858
-0.01159222814362827 0.8160803912210828 5859
-0.009730409758301238 0.8279516403353525 5860
-0.02140427016896208 0.8205015014169137 5861
0.038987984318382 0.080430280007284 5862
0.241422385489292 1.028330980028809 5863
0.2569840009981994 1.031991843759059 5864
0.2468081783107288 1.039882137462451 5865
0.05409912291166149 1.454221911979254 5866
0.06795646697464976 1.449347599904339 5867
-0.1692090661370589 0.2122679808178562 5868
-0.07752843357319963 0.3815043507372199 5869
-0.07671816521067898 0.3924231019235058 5870
-0.08930058080824087 0.3835789634731286 5871
0.5187457650077566 0.7817382997346611 5872
0.5240924615054046 0.7682021472824293 5873
0.5338266227122658 0.7819601928789 5874
0.13637842347504 0.8724094294571637 5875
0.133398300602684 0.8813426382442999 5876
0.1223510212743602 0.8772778397946838 5877
0.5080956137297088 0.2639831900128183 5878
0.5166351297329866 0.2710807100449832 5879
0.5014566898245816 0.272005928427871 5880
-0.1166871206348912 1.294179099070121 5881
-0.1172576915957655 1.304825604850921 5882
-0.1278428962668699 1.29427294467076 5883
-0.03963563420057223 1.326678384125735 5884
-0.04579714491061746 1.312944233954085 5885
-0.03109709750496326 1.31450619690617 5886
0.1124077117242554 0.8758255959683494 5887
-0.003119426641605505 0.07932744014745803 5888
0.001706822078204545 0.08724743957449548 5889
0.08640137556703828 1.469456787763805 5890
0.08470377083430039 1.4799401608738 5891
0.3396937374629603 1.256425147325863 5892
0.3297502475818932 1.268868900858577 5893
0.6612479092414562 0.5736059539819436 5894
0.3221671156604461 0.9554093762635232 5895
0.3130893694414665 0.9482018854677398 5896
-0.1083918590086109 0.5806207217378273 5897
-0.1087169066784176 0.5901240281372235 5898
-0.1192636059719703 0.5828493261767731 5899
0.4592016331872013 0.2729154046390151 5900
0.4554261108975046 0.2612069146742477 5901
0.7333294144221332 1.051546093774601 5902
0.119266867233263 0.5464397963283958 5903
0.1114444420220767 0.5435898522244886 5904
-0.08615543094706163 1.164957589801584 5905
-0.09413135947271281 1.176376132549005 5906
-0.09950206361747795 1.161531953532766 5907
0.6059208364791817 0.2660570825098473 5908
0.5897327703596876 0.272672118623407 5909
0.5655301552038148 0.9298433934304878 5910
0.5789923946102896 0.9374952835362029 5911
0.7378611974429475 1.260301450763381 5912
0.7365958692089802 1.249695750562871 5913
0.7480769916378034 1.258925529304138 5914
0.4527075277213858 0.5426189920243094 5915
0.464579020044725 0.5450944815615608 5916
0.6128656954699054 0.8097252277053544 5917
0.6037299641819839 0.8085666059970338 5918
0.6130743953964496 0.7992723386040745 5919
0.2807254950838146 0.8591988051140282 5920
0.2841881263908182 0.8714524035196822 5921
0.2653955217898122 0.8660233219547708 5922
0.1622084411952055 1.441754107930497 5923
0.1513042886681694 1.441289743586474 5924
0.1567865191719546 1.429790825787735 5925
0.7104403993656444 0.6668204509177688 5926
0.03530959655589337 0.7316150680138179 5927
0.02183457341412091 0.734948341599353 5928
0.7618178531967205 0.7646782798510652 5929
0.7490985860908925 0.7585341202376459 5930
-0.1892100850126421 1.26194934211926 5931
-0.1892341299682431 1.249097412569567 5932
-0.1785579539333331 1.248948379915229 5933
0.583272644107699 1.260404667194083 5934
0.5865654374035782 1.242763062155013 5935
0.2754393695902864 0.5872106448768011 5936
0.2883174285631699 0.58991411473986 5937
0.4923870728532247 1.317969626121819 5938
-0.1016149338245081 0.5951808045442118 5939
-0.1089753759765086 0.6029109890456181 5940
0.1525228245112718 1.290306994530726 5941
0.1430537488436148 1.297593540275084 5942
0.1350254281291436 1.291471657609253 5943
-0.1324570802610365 0.8237768861989293 5944
0.6062820476766615 0.3529532769640161 5945
0.09418022823250065 1.206979984171762 5946
0.2077613470924685 0.9510176701009269 5947
0.2183383316908693 0.9474770627297263 5948
0.210393787341369 0.9595655161710958 5949
-0.02765055150300437 1.153309224495871 5950
-0.04382998798381058 1.157811718368008 5951
0.241530641057598 0.7218055096274391 5952
0.2337754224902002 0.7150551971223865 5953
-0.1887479367994232 0.09525549375612256 5954
-0.1756597766819724 0.102946443215839 5955
0.004776304765716433 0.7669242810816346 5956
0.005798328175538263 0.7553487112153674 5957
0.402541771230806 0.9819199855017277 5958
-0.1103772987559094 1.391813011180948 5959
-0.1150569881626041 1.40151169073896 5960
0.3089358842843963 0.6854232998303967 5961
0.306821966920256 0.6722329913403956 5962
0.6447784188309209 0.559103809940422 5963
0.6488051661684903 0.5683656828495661 5964
0.636232562811488 0.5642297069955482 5965
0.4760134589195291 1.399871679125479 5966
0.4684532640075831 1.392159359696617 5967
0.3887668733137837 0.746615307505085 5968
0.3950420025606627 0.7566581489317652 5969
0.3776734953670581 0.7530648192280133 5970
0.2249129077852669 0.5144928015021815 5971
0.2307870902367875 0.5232496323961089 5972
0.2164836066988168 0.5180001671494238 5973
0.6849449754960265 0.9892329844691796 5974
0.6804157330460094 0.9983369930323304 5975
0.675297353814115 0.9855169535915402 5976
0.4374568144304713 0.8054623894354974 5977
0.4484741509564584 0.8145223549908613 5978
0.2026436318693419 0.9402800231200559 5979
0.1990984096419378 0.9562256279818433 5980
0.6654863504336449 0.9819770758769381 5981
0.05826192574935155 1.341554884618589 5982
0.07459971640594791 1.33663309763672 5983
0.0676865241184626 1.34685847181793 5984
0.6391181579678552 0.55031488064093 5985
0.6533901628829778 0.5532005776241632 5986
-0.02714508821070882 1.407527580143788 5987
-0.0459818952837548 1.100232962352421 5988
-0.1173984370353419 0.3365128491794892 5989
-0.1067220372944923 0.346161037177194 5990
-0.1172369046764035 0.3494063999075498 5991
0.4279576291909907 1.24386582094178 5992
0.4352118015436118 1.253415423135258 5993
0.1283971268208464 1.336446047857228 5994
0.120105342109109 1.344114736904512 5995
0.7146500715428354 0.4208387307599709 5996
0.7248170369336484 0.4086020163864135 5997
0.788900260106859 0.2991748968906184 5998
0.7776641806677655 0.2949178693588234 5999
-0.0620614689874513 0.4923680772744077 6000
-0.05665578162922215 0.5001852785497163 6001
0.5619136094241458 1.074155704761654 6002
0.5718131838977296 1.075346633692541 6003
0.6327882431425897 0.6648772111260268 6004
0.6166808914432556 0.6636723713303367 6005
0.3865149887456643 0.5440132578235611 6006
0.3881045417352588 0.55683193569906 6007
0.5392461002218462 0.960973937585746 6008
0.5414439024466332 0.9728051301969102 6009
0.5309850190396358 0.9757094158023554 6010
0.4073224774197975 1.350069931583183 6011
0.40975594202786 1.338768957012477 6012
0.4959082724272857 0.6522064088735257 6013
0.7798512116827728 1.236028895134237 6014
0.7727630716099108 1.24589125187056 6015
-0.1297647654206795 0.3571727665087021 6016
-0.1225790768724445 0.3624577031831077 6017
0.251363749226117 0.8638069998811813 6018
0.2558004489481078 0.8787344315556589 6019
0.6141688100548625 1.361074717751005 6020
0.6049428408472387 1.366951964013684 6021
0.6069482916000776 1.353196132350134 6022
0.6667205344693257 0.7306807597879832 6023
0.5317107405360803 0.7194690723025136 6024
0.5181501781973562 0.7231031029746111 6025
0.7085399787235336 1.0576655322747 6026
0.1640668697833176 1.010583480853934 6027
0.1637525266254629 0.9948610269197754 6028
0.1719018626059507 1.002622176305598 6029
0.6720794986009865 0.2792170941344806 6030
0.6838014293188099 0.2913021412962409 6031
0.6717426464616114 0.2889364943555439 6032
0.3242029565088217 1.423634802571752 6033
0.3296872443783557 1.436727652773358 6034
0.315539616824544 1.433833826624802 6035
0.3828948501735641 1.415656554848107 6036
0.3729937799419064 1.417078006452724 6037
0.503278896106148 0.7199096004975869 6038
0.5116825907803606 0.7340912469014955 6039
0.7347782045372773 0.4403405803433361 6040
0.7245128127272282 0.4531705404291645 6041
-0.1093312438277635 1.45508764559615 6042
-0.1201671322229948 1.441569198497969 6043
0.1578196053125643 1.273751315785761 6044
0.1641559540511281 1.28416268830718 6045
0.3737186673535 1.407371217006357 6046
0.2508699893416991 1.361383827150301 6047
0.26127815386731 1.357124736050482 6048
0.2552183658588308 1.370979537521809 6049
0.5121170203879633 0.5693989535651139 6050
0.5051764222077294 0.5610157593110749 6051
0.4838558126655881 0.7482339939423224 6052
0.4865232676505613 0.7577507713129998 6053
0.2117679073067644 0.2652389388321669 6054
0.200526040984975 0.2701791023449546 6055
0.2077916624727467 0.2520039843228811 6056
0.4398562647898138 1.466884452054671 6057
0.432511002911471 1.459611589353125 6058
0.4420577985517769 1.453038603338568 6059
0.2586744398109286 1.381515979838963 6060
0.2742123417312256 1.379588969968289 6061
0.2384911360041769 0.2814851366892998 6062
0.2570591535553869 0.2832643031565318 6063
0.1748323495724434 0.2438722660374456 6064
0.1633773969804713 0.2387225163889486 6065
0.3758599459596033 0.2555790815052974 6066
0.5010662874779596 0.5218138191642965 6067
0.4992622395754783 0.5329458786186241 6068
0.4896581610033386 0.5235174300213962 6069
0.1570659057059361 0.2345865118804291 6070
0.1520289009591148 0.2439006600747124 6071
0.7891642234193833 0.3112806914857943 6072
-0.03159972212734477 0.1941837085614284 6073
-0.007599702645275864 0.9943831093650924 6074
-0.01405049860690581 1.003396271354989 6075
0.1846513441046542 0.265265869706397 6076
0.5675778206614081 0.2643378912208656 6077
0.569415679271939 0.2533630069611454 6078
0.7854773990242682 0.3894585578299772 6079
0.7744625469542752 0.3825304053767188 6080
0.7887748617755628 0.3758951152340706 6081
0.5689739338812069 0.2434090682294432 6082
0.5593947187093514 0.2505475957914525 6083
0.376958204288894 1.153177910506678 6084
0.3900416916204773 1.14433209074652 6085
0.1438896142693939 1.448900651512016 6086
0.138520046190476 1.437155008472123 6087
0.4509666136215321 1.214721127447171 6088
0.4532131349286171 1.197490001293171 6089
0.4626397516785022 1.207130162686351 6090
0.7271744690144448 0.3229673473918832 6091
0.7405280375146125 0.333003136524919 6092
0.5336904885386846 0.2179664075259716 6093
0.5358758145990213 0.2070875248775232 6094
0.5089767793526605 0.4861365533208938 6095
0.4980523149459565 0.48012454388041 6096
0.5240752195219551 1.414416611439244 6097
0.5302767306492262 1.423726723435936 6098
0.5144250586276293 1.416785211848939 6099
0.06350783187804691 0.756776188350871 6100
0.05404928890788673 0.7639544292084111 6101
0.6293770300745538 0.5252988411980529 6102
0.6298645690321331 0.5340839492044979 6103
0.04644349348185833 0.7565606418299918 6104
0.04562041798805522 0.7707438575478885 6105
0.6335055612455174 0.5420856429619235 6106
0.6234969875786917 0.54638942248639 6107
0.1132736340543309 1.115133159527463 6108
0.09800217607121982 1.110052152133047 6109
0.1094005883700795 1.101411389196315 6110
0.1250570042945474 1.090438440713354 6111
0.1138177690512388 1.087284719662708 6112
0.1277139146137161 1.079139314913416 6113
0.66134046486412 0.7799128310049867 6114
-0.1897479733274481 0.2745599407327701 6115
0.3690620750411679 1.357805779915158 6116
0.3578459289879934 1.359474665822822 6117
0.7258846092539226 1.408352537515573 6118
0.08314788384001398 0.6086785957178464 6119
0.07468232403898403 0.6015349054584811 6120
-0.06248320755827683 1.28445316361206 6121
-0.04983660741755094 1.277408241021031 6122
-0.05191949183895878 1.288199815285906 6123
0.3626694429463655 1.041012549231589 6124
0.370757748651189 1.054296002056255 6125
0.6180689617453393 0.7411692092602011 6126
0.6156048203482453 0.7526690827788263 6127
0.7469137495241487 1.100616474866516 6128
0.7493190057149891 1.111104287342075 6129
0.7390046965938917 1.105744325888115 6130
0.7549626031196025 0.4580662438374686 6131
0.0002862508790454633 1.000827657220428 6132
0.01482678664830032 0.9970590411687567 6133
0.7906298056151086 1.465985934345371 6134
0.7912826145402141 1.477096502459532 6135
0.7818507079938287 1.469796603183857 6136
-0.001600972432186957 0.9850618551126783 6137
0.3023284911908778 1.304350904524236 6138
0.1296946753441143 1.170433673571345 6139
0.1410946487978122 1.162024103478076 6140
0.7762225503533761 1.477555736055495 6141
0.7817167109059068 1.485983956708468 6142
0.4097062637600558 1.093982090756246 6143
0.4231438911257031 1.103895499490665 6144
-0.01600717762780888 0.7756409707532249 6145
-0.004651439696165307 0.7881273669566449 6146
0.04887831073457637 0.05826097897088933 6147
0.06717960869447274 0.627436943405754 6148
0.08462000733868147 0.6237119849144371 6149
0.01494822775611374 1.113404622858821 6150
0.01015729803088749 1.104144496345262 6151
0.02164942710745331 1.100063951807498 6152
0.2795230499574441 0.5127727008126988 6153
0.2926864143813879 0.5093202243896051 6154
0.7894431676308203 1.093017303761401 6155
0.7893845144704434 1.104838648860313 6156
0.779188592408893 1.103525461207942 6157
-0.01597093744998862 0.7540633805884739 6158
-0.005787917006207349 0.7659014909365881 6159
-0.01626901325665872 0.764596328705784 6160
-0.1619819322964997 1.469560800716392 6161
0.423748009655884 0.9024630382029903 6162
0.4151503362940852 0.8951259139314858 6163
0.4345290693546588 0.8930000977614606 6164
0.5941950943961218 0.8075258630784619 6165
0.4056726970280402 0.8889399878792915 6166
0.412255554642549 0.8792320637943616 6167
-0.1428784154916159 1.158068407077429 6168
0.01405671057598309 0.6774413300426774 6169
0.01636582861659827 0.6886529432058486 6170
0.04030235818797666 0.3004244832059521 6171
0.03071311529228094 0.2880185413148499 6172
-0.05298469552965131 0.979514823618105 6173
-0.05197184630243276 0.9685812392695737 6174
-0.04268717967559108 0.9671446773828889 6175
-0.04992523733613569 0.6887234751529485 6176
-0.03917611563796092 0.6919552050647664 6177
-0.05271415494980113 0.6985783448723644 6178
-0.1894197514825036 1.430041926605741 6179
-0.1896124566590284 1.442386223425783 6180
0.3106868793858892 0.2728761613197684 6181
0.2994892830413777 0.2630412767908942 6182
-0.001343874034738649 0.8979424504593886 6183
-0.01210547604615352 0.8957448789596747 6184
-0.001689863265694836 0.8873833805692887 6185
-0.05513791269413882 0.7085627704715516 6186
-0.04362605658153517 0.7108848245620899 6187
0.01975273792407735 0.2872596879768613 6188
0.01810517781286427 0.2977383685817174 6189
0.3890102721570162 1.236617832580395 6190
0.385521360817233 1.251431244354594 6191
0.3926591648615276 0.1995486626085139 6192
0.4036828166973151 0.202652523091354 6193
0.02457957395499649 1.488441438362035 6194
0.01288427652706963 1.488507798156327 6195
0.01280146563619827 1.476854179570272 6196
0.06766460560579057 0.6092167286245477 6197
0.06618664664773627 0.595430527625704 6198
0.3844027934275213 1.059396984744433 6199
0.3942976646901656 1.061597420552069 6200
0.3843068511490942 1.069866621054905 6201
-0.06997232907366757 0.3243262221393713 6202
-0.0695161171205229 0.3118131972159253 6203
0.2438280919275616 1.477977740826496 6204
0.2535397723484359 1.489324980486483 6205
0.611135447688694 1.112915849054214 6206
0.6186068101350097 1.101457785159375 6207
-0.1262236980024661 1.397526592260238 6208
-0.1408787391535719 1.403403062460268 6209
-0.1372526779866116 1.39415889069835 6210
-0.1340587080242664 1.383340462382238 6211
-0.1479407064813728 1.392917301839339 6212
0.08343263405557985 1.00923436989187 6213
0.07507993489140012 1.002974418074956 6214
0.08110552646287202 0.9938524223656194 6215
0.6131369833695631 0.4012924652629991 6216
0.6067365909378896 0.3906254019997815 6217
0.7392995053116476 1.462722137729367 6218
-0.07556118848929579 1.161379698732598 6219
-0.07734178958578325 1.174612814057959 6220
0.2195981823480339 0.5071801771474825 6221
0.233173377628656 0.5085495799296794 6222
0.7160243312578517 0.7421276104522542 6223
0.3831942346344279 1.373780090902258 6224
0.3999023837164316 1.378661798678627 6225
0.7633736069166425 0.9092734498311834 6226
0.7529650376342778 0.9141819345881683 6227
0.7563168598237692 0.9008049485298789 6228
0.7577271322416612 0.8843258037066558 6229
0.7476247140365292 0.8929673336668171 6230
-0.06310217205037671 1.21746133883457 6231
0.2412846314801131 0.5017954673375956 6232
0.2490908848690673 0.4922623458271706 6233
0.248654002882064 0.5095124365579565 6234
0.1129187053692663 1.335823778810062 6235
0.1123193891656728 1.352231454095262 6236
-0.06178953428858794 0.9681924186783823 6237
-0.05057882346205318 0.9588511729908996 6238
0.05462160806509604 1.060531919789627 6239
0.06461174473176709 1.050091508826128 6240
0.06943343013818616 1.061341962128854 6241
0.2555410829555924 0.5183040062714448 6242
0.2646397521083317 0.5106274633421276 6243
0.2936121924208545 1.072883041513505 6244
0.3067688978138428 1.065527544640201 6245
0.7895459789125819 1.328483280242645 6246
0.785932118230197 1.316235412534977 6247
0.1846033730767399 0.8191323960329914 6248
0.1932527604977752 0.8239826839534593 6249
0.1793227507613602 0.8298975957393966 6250
0.5814639901586367 0.504446837037233 6251
0.2678569399072601 0.4906545465278696 6252
0.2579434331839472 0.4870663182986774 6253
0.2670076696266059 0.4769550367692508 6254
0.4365237597491445 1.111425893040004 6255
0.448710704624638 1.115465870007607 6256
0.03218929813471063 1.09553391352571 6257
0.03880376610771012 1.104052014164989 6258
0.03211130024617397 1.118215440330733 6259
0.04466938921082426 1.113714587738866 6260
0.2844372060659791 1.006703798769132 6261
0.2662914637979656 1.003557787727473 6262
0.2740316110891031 0.9971332514792941 6263
0.3470368674277134 0.4945459822688396 6264
0.3500931722254014 0.4789428508490368 6265
0.469713720562095 0.3776574165922348 6266
0.4623921046118253 0.3821185722935827 6267
0.1774397691976519 1.304120292915842 6268
0.1661119170212397 1.30929700349809 6269
0.1711959223053003 1.294205771631506 6270
0.045110796109259 0.7191124460903604 6271
0.04849004121202954 0.7306819469661168 6272
0.5829582006193992 1.013338118689904 6273
0.584037046066314 0.9972197335663644 6274
0.5942749810950446 1.006108556563196 6275
0.01708933720841754 1.390697048369621 6276
0.03010510710830541 1.382719825688919 6277
0.0282285971134516 1.393857397083469 6278
-0.04038770201738125 1.441960565876492 6279
0.105889712804695 1.241519564978658 6280
0.1060316608710664 1.256266083943745 6281
0.3394724702694349 0.5027754424877393 6282
0.3307561312752391 0.4964897056591266 6283
0.02444061720359467 0.4945700521684102 6284
0.04098400247758476 0.490548422362528 6285
0.7604916527648279 0.6783186364188338 6286
0.7740778427599893 0.6757885434634675 6287
0.7690951576124043 0.6895701781913406 6288
0.101427029637413 0.7948898433368179 6289
0.1042509032071968 0.8090273618722242 6290
0.0894629226370672 0.8013417418826465 6291
0.06129955921059718 1.356335585509175 6292
0.07641402087634432 1.353260521159084 6293
0.05208038400165801 0.07489360890520307 6294
0.2500216400538288 0.8125399541981585 6295
0.2539264186773487 0.8217131566059717 6296
0.2449021068854311 0.8242591873456656 6297
0.6897149613849387 1.31530958396085 6298
0.6830242099620845 1.323741830511717 6299
0.6812750936254404 1.308131575793189 6300
0.6720775563184598 0.6401241830447888 6301
0.6719459869635402 0.6572718981954263 6302
0.6802282727193253 0.6646940887445848 6303
0.6809885168441613 0.4040110914103984 6304
0.6817155418808721 0.3922346351883166 6305
0.6922863207909418 0.402485447542924 6306
0.6979849148006372 1.321420426171614 6307
0.6979063845402482 1.307388197550601 6308
0.5551838313091922 1.418780875000811 6309
0.564023708210587 1.426925906911116 6310
-0.1351501877024681 0.9637326678674734 6311
-0.1245284759294487 0.9642947738317544 6312
0.3543175819573151 1.379710066041915 6313
0.3613081225052748 1.369053961556309 6314
0.3370254205241503 0.5629021245377114 6315
0.3448387260304426 0.5717627429029556 6316
0.3324296612516422 0.575998453325988 6317
0.3381635594546651 1.341362665192883 6318
0.3280758724158704 1.335738046737452 6319
0.3414891227111873 1.332301717770468 6320
0.4962945839671107 0.5661874997307185 6321
0.5004001946743617 0.5526047006586248 6322
-0.009764486554455127 0.3859888863343415 6323
-0.009125292977837665 0.3709253616509137 6324
0.2751636435239195 1.20777252066445 6325
0.2866231203796047 1.205825153864832 6326
0.2864169096815955 1.217475693364009 6327
0.4870082541789463 0.8105381930554271 6328
0.4786333144656065 0.8247014533143729 6329
0.7479595103756504 1.383088843095322 6330
0.7450110438955801 1.396448232730303 6331
0.51538062310049 0.8120611244836123 6332
0.5063595326928545 0.823425922195546 6333
0.5029478338935618 0.8157534915679548 6334
0.03102139953215832 1.375189975076125 6335
0.04059325097436332 1.3830641488962 6336
0.3211014756276586 0.5792658194716853 6337
0.3263475730797539 0.5895245401407632 6338
-0.1060057525251996 1.314833729298777 6339
-0.09541345818346099 1.304512397326607 6340
-0.09328490981405063 1.316765758561837 6341
0.07021501981366048 0.9454515761877257 6342
0.06135407044104906 0.9533457201708203 6343
0.6175770699037175 1.386431073142898 6344
0.6063145714406432 1.389262007504609 6345
0.125253324993809 0.6809097906499436 6346
0.1169343701528619 0.6738431167033494 6347
0.06648824236255259 0.9631475341326479 6348
0.1343776746920016 0.6888466045894189 6349
0.123976598542778 0.6974575651357237 6350
0.51873761755964 1.349329673819902 6351
0.5300977123112218 1.339831968242626 6352
0.5164338118003859 1.259980873430927 6353
0.5313455898542236 1.254838148650431 6354
0.5178947669352028 1.405752420808275 6355
0.5324568792539891 1.408485770527869 6356
0.03503805625829157 0.7693553428515122 6357
0.03135367573229474 0.7598088059416745 6358
0.01551679368229566 0.7444184922970032 6359
0.029731571501856 0.7449487373449328 6360
0.5225066726165816 0.4484524466083243 6361
-0.1769711996162952 1.222557396170963 6362
-0.1889727730589525 1.236443377521963 6363
-0.1889907538859489 0.9004707720044599 6364
-0.1756645227177983 0.9136186752529692 6365
-0.1890037974915731 0.9123421447591997 6366
0.3102236461198122 1.019053813161717 6367
0.3210826566049813 1.029405579887573 6368
0.3094589704689175 1.029652319487674 6369
0.7595615983480558 1.11981191799739 6370
0.7503775961646449 1.120191864952783 6371
0.2982126173293443 1.029413016171243 6372
0.3081436326642201 1.042231566436112 6373
0.121859013066912 1.204443188557615 6374
-0.08315677742123563 1.360310520787633 6375
-0.08933332031379372 1.374681714640997 6376
-0.09524121419643938 1.363084700467457 6377
0.7297479879621476 1.274064722106742 6378
0.7251408415400008 1.261167091354141 6379
0.4375383386677301 0.7935597763288894 6380
-0.1755098914339981 0.2245239919424307 6381
0.3427443477745044 0.4331692790333025 6382
0.3445115857184073 0.4489655021437634 6383
0.3350587246115661 0.4427473985531867 6384
0.2679801782697459 1.207419002207087 6385
0.275453358412758 1.198545374639675 6386
0.13601326193413 0.784891981656642 6387
0.3387721308865893 0.5336100543307151 6388
0.3330022285634861 0.5259554881756199 6389
0.3454162799444726 0.5257353062731697 6390
0.5225543551635854 0.2635548455354881 6391
0.3264421218518232 0.4353978032912232 6392
0.09088735928834207 1.101613073678987 6393
0.1308455450525526 1.319638812020662 6394
0.1347810196081336 1.304280459803995 6395
0.3484247241192214 1.290017506641695 6396
0.3078184855011891 0.871858355762974 6397
-0.07262171892653574 1.357352939396799 6398
-0.08515875036225679 1.348362271104784 6399
0.2683572555135135 1.422978754195847 6400
0.5221499034284501 0.7954436291491499 6401
0.5063095985437644 0.7893048722631659 6402
0.5433726988078981 0.7938115107269004 6403
0.5519584783499253 0.7985234398113819 6404
0.5412904283704998 0.8004713595187068 6405
-0.1187227830911677 0.09002978095218248 6406
-0.1341132032157597 0.09017844940025466 6407
-0.1280152615674213 0.08376513753167458 6408
-0.1879573230635121 0.2243996904261572 6409
0.08940394625207011 0.381415700780825 6410
0.07471230176484095 0.3776234064832013 6411
0.5619348797196201 1.234791038655745 6412
0.5720562285516458 1.23919744130938 6413
0.5589052721628439 1.247657245660925 6414
0.5492110451909337 1.02778968501604 6415
0.5375345717883716 1.021120962667012 6416
0.3258017025154735 0.836378351494327 6417
0.3362445387652288 0.8361408123319541 6418
-0.07372689869688272 0.7482962165173505 6419
-0.07216085166150857 0.7374442874624116 6420
-0.0634240919420416 0.7483950096300518 6421
0.08939384307201276 1.317038110356271 6422
0.09013115662173002 1.332784654081807 6423
0.08195892388908757 1.326478459112066 6424
0.2556258806489891 0.2063862112261864 6425
0.2410752068799801 0.205714320298277 6426
0.6148827653038311 0.2750858115800082 6427
0.7252596745636533 0.464183768180035 6428
0.7269763287212807 0.4749068820069095 6429
0.7149318691628033 0.4668909760282066 6430
0.3745834218822037 0.2452825399223634 6431
0.3739888734256618 0.2343630686152731 6432
0.3881252608184849 0.2465439741475212 6433
0.7059162292678747 1.351968826085887 6434
0.7171753349855744 1.343323574487177 6435
0.1125047772634347 0.7692474084114227 6436
0.1236112671149991 0.7733144917590874 6437
0.4852497042148097 1.432342295447097 6438
0.4822669151742071 1.444876479976595 6439
0.4727081819425031 1.434274628429493 6440
0.727296878008425 0.7405961993066488 6441
0.7261721524954486 0.7296670414330211 6442
0.3493995229405278 1.083040448903786 6443
0.5459495269923006 0.7835543161653035 6444
0.2024948192423404 0.2289146155234563 6445
0.1940529840860942 0.2342282015076028 6446
-0.1194384103892105 1.410444662792032 6447
-0.02298349826449327 0.9576269683204155 6448
-0.01276337070505666 0.9637680357517141 6449
-0.1502087054115349 0.7564189519069076 6450
-0.1458974058113506 0.7679938234482481 6451
-0.1594328287539009 0.7645208627655227 6452
0.3482524598573889 1.171766613485572 6453
0.3278313269875644 0.4175378363912524 6454
0.3188539312405738 0.4263187956162021 6455
-0.07527096914357391 1.291002829569243 6456
-0.07253857084846693 1.280618035812269 6457
0.6141070007832301 0.7645301971678814 6458
0.6256869084203942 0.7675832335774833 6459
-0.03444481354941943 1.118957689028075 6460
0.2553792000620588 1.156241154735722 6461
0.2698139345488367 1.164327715463671 6462
0.2558090763377641 1.172099968438589 6463
0.3357029652959638 0.4004733353198221 6464
0.3474023824642583 0.4069525940269312 6465
0.3377518085147346 0.4108823668743909 6466
0.2465031003599988 1.178317773811403 6467
0.2610086128970314 1.181386574213221 6468
0.7068739181147048 0.8074796931221847 6469
0.7053078885721492 0.8189122310024116 6470
0.7172319121775449 0.8237363540353885 6471
-0.06364211074211815 1.333392741783202 6472
-0.0749789566569305 1.33391979278821 6473
-0.06145019906273823 1.321836335219966 6474
0.05340793392605057 0.6297305120754513 6475
0.05938272508886015 0.6150601566230764 6476
0.5548645678705891 1.259031751570383 6477
0.5655264573428054 1.262880233712088 6478
0.7579002831367423 0.8706443653104454 6479
0.7653552263193845 0.8756415840862862 6480
0.3322365928822277 1.216324116790145 6481
0.339815529196747 1.227136674994617 6482
0.3233806878590169 1.228709462355041 6483
-0.03676316698739724 1.060198358662577 6484
-0.0278407397900378 1.053126149495705 6485
-0.02930812716019672 1.068927688941196 6486
0.1648829269236816 1.258996842678285 6487
0.1751697333983465 1.255097389862434 6488
0.2025470006893939 0.3137398882332603 6489
0.2120636504088274 0.3181479567880667 6490
0.1958422970044068 0.3227831299297099 6491
-0.0008133634534346879 1.356012531091023 6492
0.01777523927896233 1.348980952727893 6493
0.01562426664265024 1.362051896805506 6494
0.0799670985313177 0.8081537510154475 6495
0.08650212775742458 0.8195834611539451 6496
0.2395305687486298 1.216163713463593 6497
0.2495685167961081 1.222183997817782 6498
0.5321632271842788 0.4398108391105867 6499
0.5174821283217104 0.4372525418183706 6500
0.04392215978339849 1.07083835009406 6501
0.143928618881672 1.33802363465132 6502
-0.1663265717152451 1.194633400527941 6503
-0.1651302357365403 1.206942802243641 6504
0.7600803613483597 1.159683808918892 6505
0.7580538243112398 1.148022906971281 6506
0.2384923072012732 0.5839826339189933 6507
0.2436123013146731 0.5698520610518291 6508
0.2545434995175406 0.5860157210843703 6509
0.7550794775669034 1.137641092713826 6510
0.7447106606007382 1.141504871881866 6511
-0.1687714449711059 1.352780933276657 6512
-0.1663326772245881 1.341146771930804 6513
0.2945788817439499 1.288699219884971 6514
0.2198743958436372 1.456577218164488 6515
0.2325746448021688 1.466830852321342 6516
0.5777651487954806 0.5156721919185236 6517
0.4673472557468682 1.219255447707305 6518
0.4729348476650225 1.22844317529976 6519
-0.1618675435916455 1.384471474733498 6520
-0.1582019714384426 1.395026552670852 6521
-0.1682525069667985 1.399382600307641 6522
-0.1538400866311446 1.403879111690237 6523
0.4915365806887353 0.4046944393965128 6524
0.5039063580177652 0.4145157828449892 6525
0.6818219298707066 1.291951225759281 6526
0.6734599499040627 1.300106242730404 6527
0.2764661866458501 0.4716021095539498 6528
0.2852431660186406 0.4626289024158239 6529
0.2933958486753984 0.4708041145878518 6530
0.7533464476660796 0.6844675437662008 6531
0.75449332339372 0.6721962519614323 6532
0.7563484317409959 0.6623798667922252 6533
0.7439963790075934 0.6630936743802676 6534
0.4627363962176254 1.441992999906952 6535
0.1801458878258982 0.6914044630476384 6536
0.7776551191711929 1.311508845830591 6537
0.2348946702632366 0.8709208436377545 6538
0.2324114384773513 0.8555268253547498 6539
0.2433182815887861 0.8623661849614607 6540
0.5981708484781527 1.148494203413225 6541
0.610406208765526 1.155025415750305 6542
0.5938186282961729 1.1600770858126 6543
0.6380452407662743 1.354318952268251 6544
0.6461915961629183 1.361215482557934 6545
0.6306595309076619 1.36230412025469 6546
0.4710890554365636 1.28271293963284 6547
0.4664911758584193 1.292848381426123 6548
0.6029651322757629 1.176620514016401 6549
0.2650643363250867 0.4692276031846047 6550
0.4871648491726588 1.307441254953802 6551
0.5017806210000235 1.312365964850785 6552
0.5000612736780913 0.3682393968023223 6553
0.5050826150613406 0.3552111949465492 6554
-0.1462016372584777 0.5837423369182791 6555
0.179617955144087 0.9949175832217849 6556
0.1806080902679889 1.010413625526302 6557
0.1021286415831017 0.1825628941901534 6558
0.1101677767871076 0.1749888512998397 6559
0.2623220847173604 1.230124710826406 6560
0.2623463765746293 1.213158032553303 6561
0.7624041232922668 1.011819904876276 6562
0.4171597132262727 0.1972705323078508 6563
0.4073736299629809 0.1906187314726647 6564
0.6219096010658887 1.370043442701961 6565
0.4278624160512085 0.7251581588717796 6566
0.436680865399017 0.7172396420341145 6567
0.2908372189906973 0.2817930900378953 6568
0.2891724533719955 0.2979481266873129 6569
0.7888134508707937 1.226198676393422 6570
0.5628040318757527 1.004238813286943 6571
0.5680149307238896 1.013367406657936 6572
-0.1227045920575088 1.472907472224688 6573
-0.1188094910110742 1.487859573356372 6574
-0.1879260217449056 1.376549312635669 6575
-0.186046775777876 1.392577855643599 6576
0.2611008921209119 1.0175834097256 6577
0.2659605974241787 1.027195123155178 6578
-0.1350090485022939 0.2948945889509969 6579
-0.1382124167306901 0.3044488672240869 6580
-0.1445285673589344 0.2911003586276065 6581
0.3416124011081213 0.1470827068320519 6582
0.3355609981845853 0.1334933390895073 6583
0.2705965316811207 1.097703376284055 6584
0.2595454199255405 1.093342033537074 6585
0.02192159973162983 1.027313484866719 6586
0.04920143880413485 0.1600553891568927 6587
0.0630269934044827 0.1599614260326765 6588
0.05993878857559495 0.172922448892392 6589
-0.05016756855569102 0.4125167922584413 6590
-0.06066979387402877 0.4071291889454258 6591
-0.05448368452695138 1.299101817594237 6592
-0.04102810639502012 1.291131524480822 6593
0.4254507394526915 0.3659479228370606 6594
0.4190759323743827 0.3763401661546483 6595
-0.1532197950958841 0.2861379093699326 6596
-0.1597324375177412 0.2935396070850954 6597
0.03042571006911998 1.016371254329346 6598
-0.0788793382069554 0.01366802627103431 6599
-0.09270811458607578 0.01134066093823325 6600
0.1271995561443598 0.5836591326391121 6601
0.1307967078833367 0.594119534989642 6602
0.1159170438002586 0.5879445677864634 6603
0.4116030859109959 1.372390525237558 6604
0.4038001921632197 1.363482023591807 6605
0.2114257623339975 0.2933832452210939 6606
0.2223603439293466 0.2847842120988593 6607
0.2232888218995431 0.3004707178300973 6608
0.1392925764079968 0.3681733138938366 6609
0.1346121683229531 0.3560346290609871 6610
0.4135097725594504 0.3869839372926578 6611
0.4286552285270702 0.3807912276449567 6612
0.1355475683147492 0.6047900398426379 6613
0.1249320448689878 0.6102035209388852 6614
0.4518383736016339 0.6339632664542829 6615
-0.1097715984588724 1.089759684713884 6616
-0.1158716955259198 1.081459488932446 6617
-0.1062033999096952 1.075694651869311 6618
0.2314453822707715 0.8451499886089735 6619
0.5068809923963923 0.4232047159785315 6620
0.3387510187667243 1.320173937870012 6621
-0.1257233192835713 1.36009967309995 6622
-0.118020842142639 1.376344524085612 6623
-0.1298163728108451 1.371709280865554 6624
0.2654758855775904 0.2760512818620938 6625
0.2726684488335389 0.2693101994529934 6626
-0.1413118690759318 1.366859576463927 6627
0.3668381754721 1.270351058068815 6628
0.2380182405788594 0.5322298848419731 6629
0.4983765637419797 1.343682944232999 6630
0.4982644009705063 1.358797147970917 6631
0.07387295344912542 1.319601961300839 6632
-0.02699661935344506 0.773709891821566 6633
0.13355927651946 0.3814540336441594 6634
0.1244622216507027 0.3664492003257971 6635
0.4099471820694544 0.2640227635056869 6636
0.6374446616444581 0.2559815017499271 6637
0.3142412486355421 0.3035101549073692 6638
0.3109357371018855 0.2950728146801512 6639
0.2226919286973959 0.2617966961499583 6640
0.2162028491802971 0.2759800805742717 6641
0.009724076670818319 1.375044043401592 6642
0.02486691175533029 1.370824179121075 6643
0.5034496240702265 1.004585634045426 6644
0.5140364869106517 1.003889179192946 6645
0.5046246681495448 1.016113434755112 6646
0.1981244542268326 0.3932688787309873 6647
0.1887727548589968 0.3866855392915364 6648
0.1966886729594577 0.3758516343104682 6649
0.4229832302240846 1.366665859859417 6650
0.4197383387386624 1.380824566519034 6651
0.6925693175255974 1.426158842009209 6652
0.6944436562922083 1.440822179987443 6653
0.1875690683166415 0.7640907317317198 6654
0.1941939126683772 0.776403559921334 6655
0.4928355048554563 1.029550803010481 6656
0.5065844080930011 1.028397524007312 6657
0.6704913829419652 1.418595287765788 6658
0.6608069537721768 1.40770768585372 6659
-0.0009271846552070069 1.108454706919429 6660
0.00618042645573782 1.094489460364889 6661
0.6870673565334516 1.275694990084068 6662
0.6914935160583242 1.286071706471852 6663
0.3135271996764213 0.3129502908408657 6664
0.4022549438303097 1.138530489935589 6665
0.3867013234274039 1.132183746858826 6666
0.2161241322104669 0.7081713364540331 6667
0.6842262865882961 1.369070996815703 6668
0.6775152169117341 1.360617101052669 6669
0.6948607183493749 1.360662405340811 6670
0.3318434995057 0.541742917380813 6671
0.3336488731518794 0.5548115891302091 6672
0.3207188058547774 0.5254935306934578 6673
0.3271699504268155 0.5190790422378915 6674
0.3629639848603907 1.154954354716594 6675
0.3621068060748876 1.143021595917659 6676
0.2263280797949304 1.009738940766161 6677
0.2147748030840949 1.009850071145694 6678
-0.1587202152562251 1.128458023234424 6679
-0.1495385793365597 1.125763806263051 6680
-0.1364116333912664 0.7654874936250372 6681
-0.142043361036942 0.7764075372585595 6682
0.7356612981952113 0.4612360812023695 6683
0.4427232342426554 1.262780778737512 6684
0.4441870515681673 1.246301457971859 6685
-0.186628150601637 1.10994612395737 6686
-0.1885818620160143 1.124713388016745 6687
0.7022461843084536 0.3751332322235215 6688
0.7025891255180636 0.3888044816728718 6689
0.1334621219865032 1.198956723213601 6690
0.6283530507239011 0.3305888504967236 6691
0.6145946239619616 0.3326805882642683 6692
0.6196339681147945 0.3234609181956126 6693
-0.00266905321990763 0.4348732469666692 6694
-0.008845495046397818 0.424166811242505 6695
0.5310815095690619 1.221920055993525 6696
0.5383530467599457 1.226552185586075 6697
0.02955764451642554 0.4037603993762728 6698
0.01690566534542739 0.4016131781548707 6699
-0.01901097603114656 0.4226962107878282 6700
-0.0190384182775868 0.4327224418703731 6701
0.04144283110986786 0.4076909377958882 6702
0.02723150717779368 0.4155602766155337 6703
0.6632703002466777 1.43059044937717 6704
0.2501942064514813 0.8858955036968628 6705
0.2438995326734359 0.8984252749862283 6706
0.2398842628748605 0.8866848350854144 6707
0.2284670965392551 0.8806000043443265 6708
0.4987474442787818 0.5433530789417234 6709
0.08007204845836091 0.9109315936730006 6710
0.07576522405435092 0.9284702204171288 6711
0.1795671417598103 0.2545829606360641 6712
0.1898860446746615 0.2488487710321736 6713
-0.1891372860014714 0.05929210680646076 6714
-0.1891601733226312 0.07124040898547991 6715
0.4438309002498245 1.331969238171071 6716
0.4518592192580166 1.327931596944947 6717
-0.034419332024906 1.386432369115309 6718
-0.02519869317598084 1.382223253365902 6719
0.6480714093307216 0.5303760588827818 6720
0.6395132166791666 0.5263289310543842 6721
-0.06901869723077612 0.7905624472453976 6722
-0.07174724730500329 0.8008890767391881 6723
0.1383112203449671 0.3419395042225225 6724
0.5046021949724715 1.405715204268485 6725
0.5035727636919957 1.415179167033416 6726
0.4917144344401146 1.412395873520489 6727
0.630965635022296 1.218450517499002 6728
0.557119483215251 1.109094746435535 6729
0.570754741182545 1.10369113711286 6730
0.3080079498982464 1.429764240579267 6731
0.3106166981643805 1.439161780854351 6732
0.4801414184402583 1.411474318810309 6733
0.482292605624837 1.422161548656063 6734
0.06266489854888535 0.2992832679080151 6735
0.06988344673370531 0.3093959170361368 6736
0.06110865928305469 0.3092940476607668 6737
-0.03002652195606386 0.650853085186969 6738
0.6923776103525436 1.10496705623331 6739
-0.0578939922095268 1.310221551181245 6740
0.7035090949137239 0.6187731171079011 6741
0.7180412073380612 0.6176522147306972 6742
0.5907612227223771 0.7607871104796143 6743
0.5768351820512363 0.7597499180052824 6744
0.5766121229563396 1.01767418194293 6745
0.5878892350443832 1.02268549529313 6746
-0.1642427551822069 0.808541913748858 6747
-0.1603552407439363 0.7977440274816856 6748
0.3710200365153558 0.9374155413728493 6749
0.3719748694398315 0.951034855141123 6750
0.07439321864764868 1.165628306472504 6751
0.06519861930158213 1.155519594210206 6752
-0.0755673375679443 1.48770858672587 6753
-0.06670158181547357 1.474197492853728 6754
-0.06230717632687073 1.486278344655417 6755
0.6526574571554746 1.431257943133783 6756
0.6514553865317708 1.420146250392089 6757
0.1029066276081168 1.082535834715114 6758
-0.1638753790899903 0.9340825622333379 6759
-0.1530879827009509 0.9286332284952827 6760
-0.1581454104534344 0.9425979813892811 6761
0.3391200006392087 0.6560960532080878 6762
0.3414454378123302 0.6698947688430272 6763
0.2662509003628782 0.62653214495427 6764
0.2691976135536288 0.618601907893362 6765
-0.1881357537368248 0.8271357052153755 6766
-0.1856586982992452 0.8429251172909507 6767
0.2706525226397357 1.048526165507675 6768
0.2690565498326853 1.036431135515926 6769
-0.1062095019606078 1.252858437866747 6770
-0.1093865525341646 1.263408033824661 6771
-0.1165473840789047 1.252718335020265 6772
-0.1222889153838 1.243572165517694 6773
-0.1264701059975378 1.252113441887273 6774
0.4229947467451883 1.189778237838743 6775
0.4171166850465743 1.17993973367376 6776
0.4266776126877418 1.174179587545841 6777
-0.02108591225345403 1.398964006919828 6778
-0.01695825278272395 1.390702033224644 6779
-0.01184559443256624 1.402726590637553 6780
0.2654346955099129 0.3325913503002431 6781
0.2518806221890627 0.3339839304725461 6782
0.05657925536746647 0.7362227099639627 6783
0.04374792961026698 0.74207997171352 6784
0.316452456210902 0.9635315087250571 6785
0.3191823056352144 0.9778399126941606 6786
0.699602193546814 0.6910198458331061 6787
0.7150924804317186 0.6924155450513023 6788
0.1679938249873005 0.7200324536706891 6789
0.1754462338655864 0.7119564372128458 6790
0.1767951682275397 0.7277024031447071 6791
0.3608846407060349 0.220749138004678 6792
0.3455762581085751 0.232509386150323 6793
0.3470455356322454 0.2199677544643624 6794
0.7356889159223177 1.081127100066831 6795
-0.1685452080509683 1.063876651822469 6796
-0.170307212108033 1.050719803365429 6797
-0.1598708540679254 1.059354046746479 6798
0.7274370604829477 1.463556680183599 6799
0.7404059263970397 1.449856267169472 6800
-0.1518541791444298 1.064845440026394 6801
-0.1488905922892843 1.053527841867303 6802
0.5479388172342511 0.2463905655719907 6803
0.538099875570873 0.2350516486163167 6804
0.5557056036289522 0.2375490591689586 6805
0.5296241575621932 0.2422443020472457 6806
0.5289150964447437 0.2265826619742024 6807
0.4710646145613503 1.364588148580433 6808
0.4898612058850915 0.7408339667810316 6809
0.3345392503284595 0.2377616409063273 6810
0.3204636093905045 0.4923242052551706 6811
0.3161220994235219 0.5025798113564895 6812
0.3095378860142888 0.4896895602419569 6813
0.3028053813968506 0.4757934378385903 6814
0.3063360766180587 0.4675303866850147 6815
-0.04290757357675628 0.8880725716862636 6816
-0.05442276810752682 0.8952881720156977 6817
0.7678001739771236 0.8164473745264955 6818
0.7778639616669133 0.8107779207792919 6819
0.622924412688885 1.336874217700462 6820
0.6144688073726444 1.346584182968635 6821
0.6094022122415007 1.332869301684302 6822
-0.1249340487371825 1.087509691892214 6823
-0.1195845693609218 1.075717803849955 6824
0.1694527218935946 0.260748491642481 6825
0.1190129762761638 1.376458543912648 6826
0.1119321269730124 1.367874204095289 6827
0.7112612782951052 0.2714161229109457 6828
0.7036685785417331 0.282066415876583 6829
0.425037304263 1.292395702606974 6830
0.4261277774637865 1.278056033758152 6831
0.4975651631482907 0.8031533801168598 6832
0.7168863329828378 1.467074308503743 6833
0.712671865071735 1.455951079256518 6834
-0.1288895214542319 1.449303492018147 6835
-0.1297244425778638 1.463583307614347 6836
0.1239854068917355 0.5736902914757275 6837
-0.0311879103397088 1.331377562575247 6838
-0.04415056624672887 1.335701442116097 6839
-0.1548386094601984 0.7883001011420273 6840
-0.1458306597050177 0.7948017373097922 6841
-0.05307857064777708 1.333833729705044 6842
-0.06378535005365005 1.34423147537633 6843
-0.03597842243778691 0.4071551311080149 6844
-0.0393569916847519 0.4174984528441735 6845
-0.06352386946706158 0.3719155752699057 6846
-0.05782202940495994 0.3637718073917555 6847
0.6165542112077114 0.4812571412326582 6848
0.3423765668248977 0.4187741245229508 6849
-0.04050811689536267 0.6453978263536863 6850
-0.05103879738304588 0.6401947436024623 6851
0.2104628161706948 1.330091326571194 6852
0.2211390020121123 1.328078218135034 6853
0.6684979496613747 0.2705091759670484 6854
0.03428749834828734 1.079088570660142 6855
0.1564536179398464 1.018761111786532 6856
0.1484910587906147 1.012874767212721 6857
0.731485287582781 0.5855787190182417 6858
0.7357041217455517 0.5958269230531823 6859
0.7278311923617807 0.6007464927341843 6860
0.5098018712136205 1.398146466583305 6861
0.1638546854652507 1.026698488912636 6862
0.1487511438436719 1.02525330572673 6863
0.07885777833477084 0.4669600489386104 6864
0.09158231061164437 0.4655128230941585 6865
0.02625873537222564 0.6835679308728708 6866
-0.06668285078990119 0.3929356520834681 6867
-0.07592161914941889 0.3998423762241239 6868
0.4973316960050074 0.7664192149902896 6869
0.504697877303958 0.7585712477876065 6870
0.02966873038412235 0.9920895690293029 6871
0.02116438493109776 0.98652828507457 6872
8.282360482693126e-05 1.034497069364167 6873
-0.001522250154627798 1.049944071587239 6874
-0.1769158745856473 1.489411162052156 6875
-0.1681557052673901 1.479578875970549 6876
-0.1652905039551688 1.48955889001023 6877
-0.1213213738802489 1.419974779357802 6878
-0.1323306375164084 1.431451059252644 6879
-0.136093714498474 1.419347101360594 6880
0.1654054688325753 0.4351548516220916 6881
0.1683169413276711 0.4244609350605876 6882
0.5291438596792682 0.5081877935456022 6883
0.5165816772979895 0.4936055309296915 6884
0.6698867295252949 1.353061012622869 6885
0.6783797650790722 1.345382172006605 6886
0.347221138865035 0.4671844669218334 6887
0.7708823077046405 0.3599884345489313 6888
0.7676552121000436 0.3699534763787142 6889
0.3667854186901741 0.7324861916691818 6890
0.3625601336137854 0.7224944527693969 6891
0.3771184215407864 0.7277252522946749 6892
0.4464447889719206 0.9902418058821515 6893
0.4389740244129938 1.003766584416014 6894
-0.02602834628623292 0.7520477493031381 6895
0.2085836547605671 0.1270875012089748 6896
-0.08819965531014824 1.335028831545002 6897
-0.08543146394781059 1.323967682521636 6898
0.385989228337158 1.092375555009159 6899
-0.07930506518065876 0.2992578526190817 6900
-0.06913538019294618 0.2987807526805253 6901
0.4017151398147571 1.252814200867877 6902
-0.05999418522087956 0.05271141886975739 6903
-0.05600327481838813 0.0386856942952307 6904
0.3434769476977977 1.325974985566885 6905
0.3515721579776709 1.335215025767495 6906
0.5543533775463813 1.120921359507979 6907
0.5445660090981902 1.115295643072931 6908
0.551002034870024 1.132457099365314 6909
0.1279746341313758 1.454702714633428 6910
0.1119690516415008 1.451932117420846 6911
0.1210787322965723 1.446762406918969 6912
0.01155236907835805 0.6296056687541499 6913
0.01702819727470394 0.6432605887284932 6914
0.005577524914455526 0.6400938533911236 6915
-0.1147857352572266 0.9751999507352898 6916
-0.1157776654711552 0.985624857660228 6917
-0.1271653716310203 0.9859607890198354 6918
0.6243786991120543 0.3970238561659509 6919
0.4507988582777687 0.7719706737798122 6920
0.4598503730907064 0.7851434891913037 6921
0.4485241148087057 0.1747208283200877 6922
0.4380790839686023 0.1700194281117733 6923
-0.06286927775209442 0.7587567937911587 6924
-0.056157708676697 0.7481601816535979 6925
0.003488421266469779 1.328038399656815 6926
0.0176499726712836 1.322258854861304 6927
0.01558143754597736 1.333385830723505 6928
0.02124384573403325 1.341288394961411 6929
0.0268099513344383 1.329919736920217 6930
0.6718902526341946 0.7743012065501964 6931
0.01638394172541407 0.5874012888279685 6932
0.6745236389970344 0.6843454133413158 6933
0.6849092637023956 0.6880639359153481 6934
0.4069204622741021 1.185867428573902 6935
0.1422613720239813 0.915354516757486 6936
0.1411689501110932 0.9016722058647701 6937
0.0856988078582767 1.043148823951903 6938
0.09863346510535322 1.043277539420467 6939
0.09329056155034669 1.051319153162028 6940
-0.0580552938367042 0.2955563407139127 6941
0.4772757171877052 1.275637629223083 6942
0.4811897279654037 1.285227414248042 6943
0.1501343231772276 0.9274170259639281 6944
0.1345094503114602 0.9257343092181127 6945
0.7695630614488072 0.948028048776845 6946
0.7689964329316317 0.9572787415096794 6947
0.060457144242882 0.3738204493551333 6948
0.05767561149551176 0.387497250821773 6949
0.7188323076626421 1.124796105772784 6950
0.7083560707161725 1.138309460968224 6951
0.3826052833551368 0.7365963713518541 6952
0.3843867735701306 0.7238967472218626 6953
0.2257837810792544 0.3139981164428626 6954
0.2215627840593745 0.322006286943482 6955
0.5142152389216661 1.358560509363858 6956
-0.1663360406719901 0.08817993694419343 6957
0.3554088891672093 0.7368054650392101 6958
0.3432681069707277 0.7402963696232829 6959
0.6320022693416809 1.381835482785523 6960
0.4954720747604888 0.6320835893564248 6961
0.5045242038622186 0.6203712446269267 6962
0.7108964403492942 0.9204041212725405 6963
-0.1238619196791685 0.07508436455196378 6964
-0.136694802635852 0.07904443547290346 6965
0.2417067406128533 1.011460612122328 6966
0.2559042253258764 1.007170661021026 6967
-0.1887473786370462 0.8143575937780542 6968
-0.1766595134169125 0.8274981159350095 6969
0.4628316970495576 1.356575554666535 6970
0.4450400547205381 1.355117335700822 6971
0.05898199109111 0.1471331621955442 6972
0.07102002895781045 0.1539987838797141 6973
0.678025682093004 1.02947163655045 6974
0.6783164959383062 1.018098347445506 6975
0.6915912604702372 1.029795777958646 6976
0.4341614612984561 1.36104414673611 6977
-0.136326290177483 0.9968951960358778 6978
-0.1904012177448735 0.9968987696132499 6979
0.6900528098197539 1.465307061938941 6980
0.6970870967701233 1.472006305290915 6981
0.6867189412049726 1.475548847239744 6982
0.6122838183276729 0.4930351878327588 6983
-0.1048383593769547 0.985632593484097 6984
-0.1160075826031409 0.9958211758480328 6985
-0.0379773436564039 1.270026078776474 6986
-0.02663641577142244 1.263489289572369 6987
0.2659961748321614 1.120603520648653 6988
0.2522953215848351 1.125922296234979 6989
0.6219365659493045 0.5042963317938618 6990
0.2450412876730795 1.455918999652361 6991
0.2448289633102959 1.467052380709707 6992
0.7047577344311882 0.4692726385081896 6993
0.7052308843014073 0.4799465105261214 6994
0.6950034462755026 0.4711665041719275 6995
0.7692345409185328 1.101990878707562 6996
0.7694269651376895 1.112249806766628 6997
0.7038756290594375 0.4579595713344097 6998
0.4177924898442981 0.7815793025184584 6999
0.4082916713851462 0.7926826982801958 7000
-0.1662813956714007 1.171676450187682 7001
-0.1663403450049067 1.160457393816384 7002
-0.1546861886698397 1.170509449431553 7003
0.7758580462727552 0.8762636047753357 7004
0.7878680078572627 0.874343938706687 7005
0.2849721627260833 0.7778066028194145 7006
0.2855829019344344 0.7924722401930097 7007
0.2778940717779502 0.7855386838055607 7008
0.4646642262795125 0.6169688844458757 7009
0.4582635656822091 0.6252446787150939 7010
0.4496107005481417 0.6182522013047328 7011
0.0179273588362774 0.9708837785263392 7012
0.01251221218336908 0.9810957537514453 7013
0.7033242703939619 0.4461864909614791 7014
0.2637351840784713 0.8288283915394615 7015
-0.1443114486111177 1.222358264497474 7016
-0.1336701928973738 1.222541942831481 7017
0.4662415189270889 0.6319529067087464 7018
0.6434104225289993 0.419637040300514 7019
0.656772167074217 0.4133422398830113 7020
0.7520618156842271 1.128786993360936 7021
0.7634349592899973 1.131654667572142 7022
0.3891949493834432 0.5193191759909471 7023
0.3829104580124414 0.5318433545340389 7024
0.3753191577644567 0.5212449989186192 7025
0.06265668100100025 0.8769381607881093 7026
0.08048552988448071 0.8757869087827038 7027
0.699027448673978 0.2962673213003045 7028
0.3848242192549648 0.6207632286587387 7029
0.3953738721735049 0.6207913146983902 7030
0.3776223297364175 0.5408315103754022 7031
0.01297461353147349 0.3451609474354928 7032
0.01851568341236068 0.3310797586550513 7033
0.125201638525299 0.9210907377578492 7034
0.1118654511308482 0.9268004202614291 7035
0.6673630631455025 0.4155989019621258 7036
0.2971005327346028 1.209840870617267 7037
0.3109170409272029 1.205465028193995 7038
0.4527054564937107 0.9655078047562743 7039
0.4417914275257238 0.9682896479006643 7040
0.4504093452667073 0.9549954071951651 7041
0.1494376452485984 0.1930444999677638 7042
0.1559481099951305 0.2017530371294169 7043
0.1403495567215036 0.2007358297213759 7044
-0.1908766956764842 1.418716079131175 7045
-0.1807354425141024 1.418932032655042 7046
0.575524458773487 0.5527120816976976 7047
0.5622171957230346 0.5445631907133371 7048
0.4299386405111352 0.9592705274924191 7049
-0.1664612381324851 1.183018547885244 7050
-0.1548752200744835 1.192579031232505 7051
0.7792109610663099 1.081059143280656 7052
0.7686925218155104 1.081098697763027 7053
0.1536547760110255 1.262922262152867 7054
0.150252462415623 1.252437992501044 7055
0.002872926050111958 0.3498179249083727 7056
-0.003178992486292154 0.3400087767410523 7057
0.1417474562280897 1.265922368879613 7058
-0.01069444487544388 0.2658682696190142 7059
-9.006241279218511e-05 0.265563144973565 7060
-0.0006581989151468361 0.2761232405685988 7061
0.5015121762991089 1.48277314932104 7062
0.4897495374971383 1.477193877640675 7063
0.6937209042086798 0.7887593578692939 7064
0.704388542494744 0.7811221665902619 7065
0.7109579584170307 0.7932333412697909 7066
0.2497824806208048 1.135338176373247 7067
0.238164591223421 1.143872431128475 7068
-0.0008603624185142962 0.2864144071955922 7069
0.009376423952308227 0.2864812885734451 7070
0.002570893628875282 0.480077868062553 7071
0.00766871531592621 0.4674263432646549 7072
-0.144489856843694 0.9625700831813266 7073
0.2717526667503585 0.7940075540124545 7074
0.2695365486486882 0.7781684632593371 7075
0.6496953673380388 1.490280182962914 7076
0.7769089993249978 0.6677889589938202 7077
0.7821614871760081 0.6773840241269292 7078
0.31046808134541 0.6981490521498972 7079
0.3015636101877483 0.6924030452513573 7080
0.0247904737755615 0.5238209962538668 7081
0.03138194008129837 0.5082644909079551 7082
0.4531430370028793 1.141488729694563 7083
0.6802938500653133 1.184202220114216 7084
0.6915850990327623 1.171960597775557 7085
0.3097582929285882 0.5825980314464789 7086
0.3161864437473177 0.5688535003402808 7087
0.3161527261390608 0.3869135330402693 7088
0.3225008720325035 0.3788415677272483 7089
0.3254941211901742 0.3904448269958176 7090
0.3051244609135567 0.6579615938798788 7091
0.2961098596424945 0.6507163972537134 7092
-0.1680746279252454 0.3434704269203407 7093
-0.167338075844997 0.3544556056989865 7094
0.3739054078713519 0.6130820332473677 7095
0.677315807376438 0.3506155521777845 7096
0.6700141530139798 0.3423627601422911 7097
0.6795835929863934 0.3317589137937343 7098
0.2123482086939177 1.343645762881174 7099
0.2020749350794921 1.338376183912395 7100
0.006353935596234803 0.1295339517891055 7101
0.003360611850270324 0.1186821454923703 7102
0.01410063350887591 0.1180660203367168 7103
0.2453961061816484 1.445757516540546 7104
0.6067375151594504 0.5402938581714083 7105
-0.1512095718289476 1.361177755576282 7106
-0.1597791093201292 1.356150498241665 7107
0.3976691207813793 0.8587961188183142 7108
0.579234237978837 1.233409433565601 7109
0.5770506165353911 1.217416180340179 7110
0.5782157276167208 0.9877510607305876 7111
0.5671727741311741 0.9943070025484357 7112
0.5648630439820311 0.9798967851356037 7113
0.6539048349617363 1.142875587893377 7114
0.307398863983776 0.3805100120558372 7115
-0.08360427298770304 1.30969158221456 7116
0.3606670147601579 0.7477056480898786 7117
0.5621954897763812 1.219983470231748 7118
0.5678046390048377 1.212129842656601 7119
0.4010013166593244 0.4181513226110305 7120
0.4111634477736 0.4224149903982984 7121
0.3986013784739612 0.4283198132123608 7122
0.5546832901179716 0.9940012790524684 7123
0.6421607957547945 1.257299501319604 7124
0.6291678607330383 1.249377361695675 7125
0.558655582473265 0.8556672867154373 7126
0.546926229461988 0.8599392937205437 7127
-0.06912277933959921 0.7171753127013821 7128
-0.06709771766419186 0.7064925364679859 7129
0.54423961176369 0.8491874497339006 7130
0.533417432087293 0.8634223069286432 7131
0.5521096789314904 0.9704666297792659 7132
0.5430686151144654 0.9844647919762612 7133
-0.1453282332002141 0.9458696666994718 7134
-0.1380847735610226 0.9345742230828591 7135
0.2178633428451901 0.3312304906617495 7136
0.2306013531364671 0.3239431078667956 7137
-0.1298076354340509 1.441337370837301 7138
-0.1424071067059919 1.435659599127239 7139
0.7061965239738024 0.7718370324701549 7140
0.2134449895785717 1.019315719220134 7141
0.207384966115608 1.009866413639614 7142
0.145275536307493 0.3864912669670661 7143
0.1308226646681533 0.3896058284408354 7144
-0.03032676159972923 0.8241076607653202 7145
-0.03260612564679775 0.8151677918215945 7146
-0.1669484182124013 1.149335423077391 7147
0.2014870367409927 0.1909594188562736 7148
0.1956872976773536 0.1780310571611159 7149
0.1825872690254144 1.314223506095579 7150
0.1868004510644863 1.324039369337094 7151
0.176445027097338 1.327939835207219 7152
0.4179258230536395 0.4030391830488866 7153
0.4084068937337562 0.3975529910857951 7154
-0.1140012236303786 0.3686374147643283 7155
-0.1529701121222028 0.9496479553499028 7156
-0.1655171036515455 0.9506530893448191 7157
0.3581845739864288 0.8586704756606304 7158
0.3722798223645937 0.8539963692130138 7159
-0.1739105031643605 0.5753374979802105 7160
-0.1803240236759172 0.5672448917649585 7161
0.3508097404771536 1.121219421484023 7162
0.7452426437828135 0.5915972281298991 7163
0.7388516823583504 0.6057242838588037 7164
0.1455579094239028 0.5986812591109916 7165
0.1419077571047656 0.6167990272336487 7166
0.3711233642494777 1.127084531256876 7167
0.419223830732214 0.7309023681001622 7168
0.2762147382851335 0.7253398380850334 7169
0.7409055944815339 1.410355375191831 7170
0.2374728667102017 0.3148782986905089 7171
0.2318707362646283 0.3072784293602919 7172
0.5227972073113618 0.9904029338832148 7173
0.5342183302511559 0.9987938754973998 7174
0.5242165135504038 1.001716371365439 7175
0.6937382584388251 0.4244439679617008 7176
0.6931478999389834 0.4352460518097336 7177
0.04623351544636366 1.360544188749433 7178
0.03097832222996794 1.363629902818208 7179
0.03685694949913245 1.355632691089058 7180
0.1633605335036848 0.2098397406764936 7181
0.1553727928170562 0.2188072892231815 7182
0.2284732060784147 1.281611051410015 7183
0.3049497612733697 0.8167840578869575 7184
0.3037427909330408 0.8288900715127631 7185
0.2907151504355582 0.827296386563765 7186
0.6632335457576505 0.9472532739246418 7187
0.6568782030069057 0.938605650334624 7188
0.6730553834311651 0.9428405560636501 7189
-0.1364562828956006 1.282934349690328 7190
-0.1432549505932904 1.270279509917609 7191
-0.1333485782065462 1.272393831308157 7192
0.3800268672119175 0.6039502528934267 7193
0.377034178906713 0.5895444601371631 7194
-0.02325645558560326 0.113732540029157 7195
-0.0077139830047031 0.1206831163194137 7196
-0.01401076080934313 0.5942792480954405 7197
0.4235604697140264 0.3511193227091614 7198
0.4051351288363256 0.1580720538674883 7199
0.2137959408260002 1.052076894415913 7200
0.2226464688706252 1.038269898115078 7201
0.2213043741361535 0.1388396124449345 7202
0.2475415419923587 0.4091220062546449 7203
0.2598294738322206 0.4135144509965464 7204
0.5915750083130996 0.820749948225158 7205
0.6057904143086976 0.8315835307292374 7206
0.5944654900727222 0.8351470817235189 7207
0.6906143933901203 1.379892903578915 7208
0.5806904507996874 0.8399781867951657 7209
0.5974599798297576 0.8472663299391315 7210
-0.1387574953836752 1.29338967562444 7211
0.6744308094171256 1.37668637224881 7212
0.4918493625886834 0.3819184536267456 7213
0.4891733405693505 0.3714216899175983 7214
0.5329259769734789 0.6497334881467057 7215
0.5481481513516461 0.6479685530094657 7216
0.4866059094755477 0.6866402531551676 7217
0.1428194668693269 0.6810809417881873 7218
0.1431101192699935 0.6973876170116172 7219
0.1804610864326431 0.3577272645835011 7220
0.1671741952332654 0.3531755445449503 7221
0.1514189351093471 0.705416856211901 7222
0.1595799333421193 0.698390851737423 7223
0.4449640027873215 1.471735229127557 7224
0.4328790666281793 1.474322106594513 7225
-0.121464660211102 0.5665034587635228 7226
-0.1270703313293068 0.5598649659139474 7227
0.6033158599631354 1.134960236632258 7228
0.04258630820811952 1.346348033307079 7229
0.0276217909169203 1.351798573632441 7230
0.156790449879259 0.3434304340939736 7231
0.3118510523112444 1.088613532186049 7232
0.3042904898118255 1.099108794691268 7233
0.3005674311807836 1.086383781023187 7234
0.1296011745683382 1.441669422100294 7235
0.1150371953393422 1.438012053242208 7236
-0.1061965854268138 0.2620942666605576 7237
-0.1129780036904865 0.2525311748721872 7238
0.6761889823992239 1.040235567482738 7239
0.6668453982938727 1.028081045739883 7240
0.3154977419287772 0.8067088385904541 7241
0.3066555103844155 0.8062006699257573 7242
0.307182120929554 0.7969204963047534 7243
-0.008715732052902067 0.4002001812836571 7244
0.004379447005251681 0.401304051408378 7245
-0.1690711404419272 1.262013663373332 7246
-0.168224381325604 1.250203506676315 7247
0.1720268612072004 0.2987576040105461 7248
0.1880629197211471 0.3016123203030742 7249
-0.04159808818265356 0.4691035267558792 7250
-0.05161943803195409 0.464316198154723 7251
-0.03598187511407788 0.4602307095695973 7252
0.5029100561969082 1.287079944238982 7253
0.4932037581069876 1.291183675735693 7254
0.4987047670817445 1.276391826680336 7255
0.2985398179353745 0.8767005550443939 7256
0.288627556090515 0.8826085022191339 7257
0.1985010086706447 0.5470275881612634 7258
0.195071746720811 0.558615390487108 7259
0.1835806626018427 0.555787662810469 7260
0.02420556083354127 0.1173459569070355 7261
0.1928293142572608 0.5699763633923476 7262
-0.06897360806715554 1.306253380343254 7263
0.6007181139950521 0.6647498173862492 7264
0.6096657658081123 0.6718350321840604 7265
0.5950128232121794 0.6750146810352076 7266
0.6388920476540674 0.9239477425974674 7267
0.6505151992802283 0.9293061383084201 7268
0.0276404500017499 0.6462594376057792 7269
0.02169238600514309 0.6566356167656928 7270
0.7687339577638801 1.091801230795049 7271
0.7579921921377093 1.081763574302162 7272
-0.1018562063339004 1.048632317321248 7273
-0.1070574117681935 1.062358569057855 7274
-0.1123540669004705 1.045477410629255 7275
0.631652309680423 0.5155175643635433 7276
0.5723230241211387 1.485754395599775 7277
0.5876340839181604 1.478495430315302 7278
0.5863386420597544 1.488494065416466 7279
0.06596959554574075 0.2886622241644551 7280
0.7762642416998501 0.4880725785471595 7281
0.7759581729370981 0.5020363974419685 7282
-0.165123478761253 0.1660163228457541 7283
-0.1769605140543434 0.1717707201972029 7284
-0.1723459214780156 0.1588443199766075 7285
0.01094079854930573 0.8205890804174755 7286
-0.001180047930872058 0.81228191742927 7287
0.009542912839969539 0.8092441089440497 7288
0.424683504256522 1.485351891875464 7289
0.4392838576509764 1.48839921065222 7290
-0.1403788736471121 1.007469463931948 7291
-0.1269422450531444 1.006724922214925 7292
0.2687385604653107 1.323602529061005 7293
0.2600472002790659 1.320741101532687 7294
0.1964613467388905 0.4869582221459396 7295
0.1873177018685551 0.481432344513163 7296
0.2034365408799971 0.4775875370787471 7297
-0.1884904017161107 0.1738165515309945 7298
-0.09307953526602966 0.1172102757613199 7299
-0.08978877691084858 0.1332333576022167 7300
-0.09811711138343829 0.1275091545224677 7301
0.4881302384163603 0.2007433305658777 7302
0.4909466431681716 0.1905880332527874 7303
-0.01592033694596407 0.197074178976734 7304
-0.006651877838656824 0.1916316608161985 7305
-0.007998839180369236 0.2046050171270985 7306
0.3272043543608952 0.239987505366345 7307
0.7760803200172711 0.3400857692953404 7308
-0.1288871389996342 0.0104212216818278 7309
-0.1407039170255984 0.01058865793327858 7310
0.6446905376768013 1.048366223613137 7311
0.6580071303415848 1.046451027412651 7312
-0.1572719546352155 0.4928637527592544 7313
-0.172267457922395 0.4928095613019465 7314
-0.1642912417323217 0.4854956207441589 7315
-0.1568823621750264 0.4778877900628036 7316
-0.1703436264249321 0.477687550074366 7317
0.1432331828474309 1.113757125213222 7318
0.153217709117834 1.11130807956365 7319
0.4104156807601497 1.489090296512797 7320
0.415906461938682 1.474628953992031 7321
0.3464048370949876 0.5104620322413018 7322
0.332998631491208 0.5114132279049168 7323
0.2852370935964221 1.37109949235054 7324
0.2882108156027468 1.387101538314729 7325
0.3838382859459835 0.7165847289709031 7326
0.370656131266736 0.7089271963715054 7327
0.01731392033900494 0.4343130236264478 7328
0.02865771216716044 0.4374644240020156 7329
-0.1774261055308649 0.8161757800010331 7330
-0.1760403578123913 0.8042892715353205 7331
0.09342658210708084 0.7817786923955317 7332
0.4922557060802321 0.8540044841044676 7333
0.4972781689110471 0.8422894234177257 7334
0.5026227102022661 0.8582129679801923 7335
0.3843322115301613 1.012634898425081 7336
0.3900247905584273 1.00319351049014 7337
-0.1411865956258447 0.6205981764580631 7338
-0.149527760388214 0.613166236816132 7339
-0.1419308019428122 0.6058052367598508 7340
0.5594853985471295 0.668140677260127 7341
0.5737597408807565 0.6635225319896423 7342
0.4517973355738218 0.2494441066946245 7343
0.4470586836924854 0.2232168321911097 7344
0.4460028373991406 0.2345913409870548 7345
0.7443898465122949 1.189799607302228 7346
0.3300480271343556 1.020717878049413 7347
-0.003061817489592288 0.7187558632397573 7348
0.7699863150420658 0.8669939081802518 7349
-0.01318369620811153 0.7204846802423662 7350
0.3854871264902265 1.081195855896745 7351
0.5879705734261867 0.9740191257827036 7352
0.5969157567921455 0.9824881624138198 7353
0.5853648763935508 0.984365051172242 7354
0.2654064958781986 0.9909176120067305 7355
0.2802095466208716 0.9882670740004134 7356
-0.1626435952358182 0.7300712440761608 7357
-0.1739651422468105 0.7235559485554958 7358
0.0696455598805675 0.4624982096019035 7359
0.08124205935176225 0.4543200286387561 7360
0.2629336582415858 0.8863478904934603 7361
0.3414218023661142 0.7671740061862439 7362
0.3571564526495643 0.7638263087975339 7363
0.3512974138757501 0.7719630173511935 7364
0.7384348732732122 0.5183550785641569 7365
0.7258294259814487 0.5147043259164484 7366
0.7353373374130159 0.5079478617037053 7367
0.3058822193342242 0.604855830758004 7368
0.3195291535017646 0.6047141805130144 7369
-0.06247616607266451 0.4620770352590222 7370
-0.0610336878134148 0.4499821478752395 7371
0.6977486316524928 0.7434771351255239 7372
0.5223678037193676 0.2211139482268142 7373
-0.0001808934606866483 0.2959694215141668 7374
-0.01119344010718989 0.2869381834466233 7375
0.007480208734095091 0.7977746202979119 7376
0.02066428559314385 0.8067982852947412 7377
0.6542799092570818 1.301346815360632 7378
0.1521809496852681 0.4023250106463376 7379
0.1796384203923034 1.214634708316261 7380
0.174186982125151 1.206091924247806 7381
0.1813626128730868 1.199812540532762 7382
0.7904720815365455 0.6412501394815119 7383
0.7792409323976418 0.6343962033773195 7384
0.7884534366138138 0.6306556157772566 7385
0.1699894892988209 1.198142745129419 7386
0.3465638392426561 1.134554300437332 7387
0.3601159218188082 1.13171670084375 7388
0.299706302061902 1.394500239355479 7389
0.3131008510354796 1.407641396195299 7390
0.3020841438629726 1.407406129067792 7391
0.1888002323495361 0.8083492337104909 7392
-0.1641758055967068 0.4358360065014649 7393
-0.1628382049765286 0.4471454209039248 7394
0.7913257660275952 0.6104556028776499 7395
0.7904944955124579 0.5989813180463834 7396
0.4995051570216383 0.7383214076735374 7397
0.4898730880182242 0.7291603112148015 7398
0.1373923561952341 1.463728830309619 7399
0.2074740567482327 0.3051009639592276 7400
0.2006968243610163 0.3402805243021829 7401
0.3488864000242425 1.362953774874828 7402
-0.1602444155770282 0.1419962192406401 7403
-0.1505720201930129 0.1410610153169286 7404
0.6562503671274471 1.310965596556669 7405
0.6455513305323884 1.312477554413368 7406
0.6565174870544019 0.2505185933992128 7407
0.6443437677675106 0.2462675100069297 7408
0.5758019535248409 0.363280213048231 7409
0.485454669466079 1.142703515864276 7410
0.4731143198554543 1.148998178517071 7411
0.1317004926453064 0.1064125281969072 7412
0.1291267170264834 0.116556510852479 7413
0.1196952153768053 0.1039049278584279 7414
0.7649216446895516 0.3794785275120164 7415
0.763948510442381 0.388370059568813 7416
0.7548249891750082 0.3780239449559278 7417
0.4924622006273499 1.082507736236467 7418
0.4837660856812171 1.08551466453062 7419
-0.1891369142922946 0.7628051961173687 7420
-0.1773937261292351 0.7738346906662303 7421
0.1870418320904092 0.6118904259157673 7422
0.1920330522350809 0.6027416558371755 7423
0.2012077215239951 0.6079218213264909 7424
-0.02894355641634149 0.4207945352597042 7425
-0.0185417977397088 0.4127312041730754 7426
0.467256462372348 0.1854701093543984 7427
0.4825830162226042 0.1860201549716899 7428
0.4732390636580813 0.1925947992367971 7429
0.5062963093813467 0.6963336803034849 7430
0.5048375052372478 0.7082914587487086 7431
0.492576633262043 0.6939176035333513 7432
-0.1158046493129011 1.005927430567731 7433
-0.1050499558016489 1.005906831512198 7434
-0.1155524460677016 1.015886642703962 7435
-0.1157915413213535 1.025204002073796 7436
-0.1060029672489695 1.025856983104804 7437
-0.1881321025754023 0.8017123122218657 7438
0.3705308195994128 0.1458280792332306 7439
0.3652113132193915 0.1548851549204357 7440
-0.1771083951759665 0.1293957031350945 7441
-0.1888286897479717 0.1370969127222778 7442
0.5817041733334247 1.111050156935572 7443
0.5921541683704719 1.1176057060555 7444
0.4534344754363357 0.3371959324612342 7445
0.4420723286078154 0.3471040994738673 7446
0.1823485906497084 0.3959686298755165 7447
0.1767579273871044 0.4054149110463604 7448
0.59670198487157 0.2881312733083641 7449
0.1879348872583672 1.387328655951174 7450
0.1868187671727536 1.399398097190968 7451
0.1801280481953411 1.390975803539897 7452
0.6602294655818487 0.8350262528794123 7453
0.6435638341411462 0.8318846504048958 7454
0.1939794152166353 1.407933897244893 7455
0.6347238452639405 0.8395086358169332 7456
0.6356554526294557 0.8236489545621818 7457
0.5176550413129837 1.228467456089278 7458
0.5184677231665881 1.215694903342296 7459
0.1721338003539111 0.414956878612549 7460
0.6524233753116091 1.441926081764669 7461
0.6424475813357317 1.432116568067523 7462
0.6707959831365832 1.454869166146384 7463
0.6668707269950059 1.46397196073856 7464
0.6612251061511158 1.45208214714207 7465
0.05593103103692187 0.1941305599941542 7466
0.0576799479304391 0.1836699727565275 7467
0.06671338268157725 0.194903076236029 7468
0.5085601427455781 1.229622003589569 7469
-0.01708475972966754 1.105734344585392 7470
-0.010240943692128 1.113941398026106 7471
0.7690036621548577 0.7324607978741177 7472
-0.02115569108806807 0.2660848163833365 7473
-0.01023182093319099 0.2550007589305002 7474
0.1800419016755634 1.05354487453786 7475
0.1719951486524388 1.048905750865294 7476
0.1847039079056352 1.04576123792881 7477
0.1637995789237849 1.043345841393534 7478
0.4310577352023094 0.1775687765848628 7479
0.42739583330794 0.1657353937346922 7480
0.788800093126414 0.9118775193074076 7481
0.7749974851068159 0.9042617073134658 7482
0.6045133157180342 0.9773492186065483 7483
0.4297071390275859 0.9255424493235913 7484
0.4271382419100552 0.9398488349840943 7485
0.4222151214665129 0.9321924263109498 7486
0.02159898706519881 0.9050861957381958 7487
0.02788022535502884 0.8961626401799903 7488
0.03132434717859561 0.9099410741860113 7489
0.4154750459276814 0.9250058743154282 7490
0.4162392612811708 0.9388513551867349 7491
0.1875986097528306 1.437707964903236 7492
0.1776917747087012 1.439544938700245 7493
-0.02537112173374867 0.4809793101986258 7494
-0.01785953510921399 0.47441729618809 7495
-0.0108330379854986 0.481435350407131 7496
0.2196073115209285 0.1526341243837426 7497
0.01010200499707361 0.8663777963628462 7498
0.002828337220723266 0.8587937660471083 7499
0.01115772425550388 0.8532903831137301 7500
0.7403698606353059 0.7144082027769368 7501
0.5735365149904833 1.433822519255266 7502
0.5785977407802588 1.424277512341133 7503
0.09432618640309375 0.1889120782877606 7504
0.08796727431246062 0.1824746445317484 7505
0.1631888093665536 0.5896947252366466 7506
0.154577487243018 0.5931599226811557 7507
0.3444759115426371 0.360370229085173 7508
0.3352421193385206 0.3555903511292302 7509
0.211984646805703 0.4695280499684829 7510
0.2055632429959201 0.460470675184301 7511
0.5597564089969369 1.489502326771662 7512
0.56409971472791 1.478153577091994 7513
0.4846865645256482 1.20783303994952 7514
0.5000903086132271 1.209912342613584 7515
0.4908388335869329 1.216410026409052 7516
0.3700078149198761 0.5164066051593801 7517
0.3599027885972548 0.5120065680825985 7518
0.6953522887114145 0.5723960243484977 7519
0.6956808340320978 0.5580209014309692 7520
-0.0523963230331722 1.166766314382782 7521
-0.04423181074913173 1.175756855270008 7522
-0.07267279975677937 0.8160740818435287 7523
-0.06435825775299669 0.808699582238428 7524
0.416685740538414 1.460610509037644 7525
0.4232947993042993 1.450187856209825 7526
0.7043237468230608 0.5466233816686281 7527
0.6615111930136789 1.36042502929715 7528
0.6607063143660481 1.374305615152498 7529
0.6541964754889091 1.367706905897564 7530
0.4732637812494803 1.092393038920048 7531
0.2495830506511242 0.9083471930326876 7532
0.2311399781889851 0.9050926592405472 7533
0.4745643241124556 0.2116055874684145 7534
0.4662036877252571 0.2082320544236533 7535
0.2188519765192034 0.9000205551998169 7536
-0.1361363635239941 1.019926095346544 7537
0.4960947492402985 1.225400566176786 7538
0.4819908623066705 1.222651886845895 7539
-0.09896539261342668 0.6401941345302449 7540
-0.1092549074212377 0.6410408866325583 7541
0.691100421055714 0.4487244549869633 7542
0.4734820740508666 0.5686605115292475 7543
0.4707815599232338 0.5799273861006511 7544
0.4625204971702299 0.5698536161839547 7545
0.6110130183118242 0.9638956359616603 7546
0.6071340953014234 0.952613208957816 7547
0.4139102821957002 0.7442043584529224 7548
0.417301834111252 0.7531857592912896 7549
0.4541866224472999 0.5788687485429101 7550
0.4331545705739948 0.7026849757912427 7551
0.5963360032798956 0.9563800412143413 7552
0.6035109999200964 0.941591650327062 7553
-0.1135484015935587 0.1063765529040849 7554
-0.1086917207948809 0.09606598993253898 7555
0.04224286907414407 0.4556788993143341 7556
0.7341554570942584 1.14438355362446 7557
0.7236997751141943 1.146098869529552 7558
0.731894707211147 1.133622006164587 7559
-0.0007600375622144819 0.6502714267393582 7560
0.004888126182951695 0.6643426524242646 7561
0.2972257602791103 0.6052579978779035 7562
0.7324135614506437 1.287127403312322 7563
0.7224279599297182 1.285294952060041 7564
-0.1894269613081275 1.288522836878928 7565
-0.1912420127901913 1.300414871452115 7566
-0.0750682104615974 0.6926284917185286 7567
-0.07903600519121547 0.7036257901715415 7568
0.01995510577820415 0.01879659672731004 7569
0.03011754128923358 0.02296527537404568 7570
0.6560451577497922 1.036768645462563 7571
0.6653681838794001 1.044574271445865 7572
-0.09855247583182034 0.1016475644353323 7573
-0.103366428738819 0.08630097009465533 7574
0.4416175167551871 1.074478398917533 7575
0.4323898273702581 1.088927425283801 7576
0.4303034447972107 1.077591296407814 7577
0.2192453746083953 0.7512709330432986 7578
0.2286085935512261 0.7499713074853384 7579
0.2301394903205392 0.7586658037577605 7580
0.4193001969262702 1.080196073844753 7581
0.7105078355314379 1.280639015530929 7582
0.7888025600321946 0.4032454858339752 7583
0.7746706236826705 0.395389161048578 7584
0.1896032469754989 1.299800168757976 7585
0.1384589782022481 0.4299175864971379 7586
0.1368581631736331 0.4392745495619062 7587
0.1277879718517612 0.4285565220737955 7588
-0.1425036217056572 0.4212012032568579 7589
-0.1548954481690423 0.4116813573776004 7590
-0.03190678491213742 0.1553562273470829 7591
-0.08001902805226531 1.419582323724045 7592
0.3493437136600336 0.1903246909146419 7593
0.3468656295798629 0.1990668575231383 7594
-0.06624862658708358 0.7838116461047621 7595
-0.07493188145853676 0.7710300342283664 7596
-0.06076242836960323 0.7719605738571419 7597
0.7060706279611081 0.3591886126341665 7598
0.6920565077070552 0.3541443390698986 7599
0.7041968625197443 0.3470224490507515 7600
0.004328827464623252 0.5576433560552535 7601
-0.001026036645450015 0.5493118636326585 7602
0.0119813836614201 0.5509600390069567 7603
0.4564932337286865 0.8112180268462035 7604
0.4602970490673991 0.8208873472463007 7605
0.2365113039444914 1.256273568656195 7606
0.2339319988801315 1.267972036179658 7607
0.2223525041445653 1.262564663923448 7608
0.05497788836948401 0.2045933611688636 7609
0.04390678333695659 0.2028082866516808 7610
0.524388756235847 0.612435944191409 7611
0.5392046572317111 0.6174186953954767 7612
0.6363435997867225 1.081521389460081 7613
0.6309599513960684 1.071263321600271 7614
0.5467394888119981 0.460619808459642 7615
0.5538892512766445 0.4751078755197655 7616
0.3562270569749748 0.1997025501383009 7617
0.3465904694555419 0.2090895106206382 7618
0.1779262878104114 1.116205876060498 7619
0.1918321056071335 1.122582316700294 7620
0.1812858784748293 1.126479422726292 7621
0.6417405538829607 1.095329910573165 7622
0.6255336643833294 1.086941085734835 7623
0.185404288397213 1.136290048555535 7624
0.1292703041500489 0.0817786978413207 7625
0.123953241887001 0.09246143570662579 7626
0.1193844341887123 0.07740967946474067 7627
0.02841666242679889 0.6225740610146538 7628
0.1113905901492562 0.07193884091476545 7629
0.1046563681669655 0.07757052008282615 7630
0.07800559603328258 0.3116630593588793 7631
0.1373106068132893 0.7214462047739402 7632
0.1317103298166121 0.7304476273394691 7633
0.1281758358606372 0.7151127654697221 7634
0.08762968942341187 1.060196968288454 7635
0.1017020991477467 1.057732044956723 7636
-0.06413993427110581 0.483422214050647 7637
-0.07340452066898927 0.4844073333175711 7638
-0.06383889409576167 0.473427305854515 7639
0.1082882627763558 0.7592263289185511 7640
0.09757109043046103 0.7636179288443145 7641
0.1056151737276079 0.7476991548782587 7642
0.1274938163876031 0.7395273504990537 7643
0.1177130973168058 0.7362917064222537 7644
0.08696639910274524 0.7701273752599958 7645
0.2518551597691209 0.6261575743130721 7646
0.08026843598768764 0.7592558785591951 7647
0.01171197925389434 1.465050868556587 7648
0.009508611969471387 1.453470903411959 7649
0.02527621400466642 1.462218980427377 7650
0.09032463063847285 1.438976093539609 7651
0.09973886341124379 1.434484733010163 7652
0.09543849266496424 1.44750663528355 7653
-0.1025214445205292 0.9648855432972889 7654
-0.09084158553628902 0.9550225683530335 7655
-0.09211983685402927 0.9655749924270013 7656
0.6609281442939977 0.6227072881031708 7657
-0.08344796231015611 0.48608522880436 7658
-0.08387865918343031 0.4747361349837667 7659
0.4340245741309701 1.100344869263476 7660
0.1973473360338119 1.321242681960874 7661
0.1906352156267637 1.33327970021173 7662
0.001405631064821018 1.467659776436187 7663
0.05436262179533469 0.4919915367269958 7664
0.1523520064365865 0.1584806352382888 7665
0.1601998817287701 0.1692259286768916 7666
0.1449623354990879 0.1697450734298883 7667
0.3248586115729489 0.8070894737877861 7668
0.3238819398059896 0.81737142481319 7669
-0.03030654154446905 0.4854577032275716 7670
-0.03262893838598944 0.4748849812166062 7671
-0.1671639144258467 0.3662485799412472 7672
-0.1559029627486813 0.3636625806867858 7673
0.6134990112324197 0.7764793416305974 7674
0.6027185204675894 0.7625027375884755 7675
-0.02805814359877275 0.4940209917775056 7676
-0.03919019364317487 0.4907016729052599 7677
0.2062102721117073 0.8269614652377172 7678
0.1980048539803606 0.834809104374167 7679
0.04917321197677612 1.263683427691567 7680
0.0449143726458235 1.27515624181295 7681
0.03531249143536006 1.270360702047755 7682
0.1288115197901488 0.4195700428546714 7683
0.1202777041545475 0.4271322747854683 7684
0.1567290385806362 0.2924634785051697 7685
0.4441569430298731 1.038494998160403 7686
0.4463528766336752 1.048985989096062 7687
-0.1439904604216013 0.3604092070694725 7688
0.6185288146645225 1.171546171444304 7689
0.6222768561475438 1.160431625356436 7690
0.6601674011990085 0.9226796495981073 7691
0.299971434838481 0.5631936979339784 7692
0.1232465042836018 0.6392098790216324 7693
0.3880794383112606 1.051521842833981 7694
0.1393926689934891 0.8935208503570629 7695
0.2927016487894522 0.1812359803289305 7696
0.2997569830534845 0.1934999501947094 7697
-0.1019298184312913 0.03146500372862088 7698
-0.1113337977529134 0.02992965750436489 7699
-0.09758911676220908 0.02210385288824094 7700
0.3174568819432713 1.269090034625451 7701
0.4290587719499699 1.200075468198901 7702
0.4349936713606036 1.210611461032893 7703
0.1077632096915353 0.1012614140209786 7704
0.3640118152510494 1.22701219974627 7705
0.3744280036798124 1.223880629656946 7706
0.09508234080244235 1.412190593033361 7707
0.08661728301716254 1.418188465823004 7708
0.08766945866582344 1.403510914734172 7709
0.6875697532003598 1.006470918093127 7710
0.6785320633865606 1.007586506003509 7711
0.3539353353645875 1.231081423964818 7712
0.3596147224275803 1.217192084583818 7713
0.7778713494058 1.370546771248662 7714
0.7894709854543712 1.364081743146601 7715
0.06582468922549201 0.08876127448581819 7716
0.0749779993565441 0.08050545631100391 7717
0.07965830096490574 0.09346550333239431 7718
-0.004912113204710215 1.119730180788887 7719
-0.1714622928923005 1.415028705023025 7720
0.09394989243909475 0.7085467551898241 7721
0.101113049273992 0.7002275107579314 7722
0.1024839680902982 0.7146305350763672 7723
0.3168615686192902 0.9033645926546087 7724
0.5528133024472639 1.340186287575079 7725
0.5392996448103672 1.336900375941955 7726
0.5474907911471761 1.331206835752929 7727
0.7766914186976386 1.127040662771219 7728
0.7889847221100692 1.116811555941079 7729
0.5501705873261867 0.5469877455805993 7730
0.6473626838568337 0.4590645279953919 7731
0.6583168583578338 0.4602047754975921 7732
0.6458247085456805 0.4701066912100022 7733
0.4081948253121069 1.081815852938762 7734
0.3968431689573975 1.082026235326586 7735
0.4060303323613514 1.070861715932152 7736
-0.05559833369071868 0.8160216560679233 7737
-0.05718963519754499 0.8014644661529117 7738
0.658231541574879 0.4832580182470028 7739
0.03611152997698909 1.477682726435841 7740
0.03652134220331948 1.488873986670971 7741
0.1750110045462463 1.477261417012581 7742
0.1614354728544865 1.470440239000184 7743
0.2399606250672713 0.6700741929636832 7744
0.23159439354427 0.6625242609357832 7745
0.2408987614989075 0.6552314930246771 7746
-0.08535181924898942 1.384578389437599 7747
-0.07488509600218242 1.38188193216409 7748
-0.08078269251543881 1.395101754238316 7749
0.01710985717072053 1.287259185565798 7750
0.02528883754562573 1.291734506616394 7751
0.03391512063662982 1.296666314587365 7752
0.02754849146612576 1.305739043694164 7753
0.647453225449114 0.3045335478589121 7754
0.6482817235860154 0.3151463474618064 7755
0.758811272002323 0.5188611537959391 7756
0.7470028036859347 0.5176619521152219 7757
0.4903548868535445 0.4637588316131959 7758
-0.09804981994204251 0.07660029655312658 7759
-0.09350588422550805 0.06658997723600904 7760
-0.08710789714065453 0.08289528619482238 7761
0.5266024237245148 0.6592108971470412 7762
-0.0579284303808631 0.3503167675526371 7763
-0.04980460516698927 0.3569720968328179 7764
0.7679847825603079 0.5286979005164483 7765
0.7539630207671841 0.5303298849616462 7766
0.1638845473361393 1.108436582343836 7767
0.1479239535634838 1.098558840939578 7768
0.7403157084135257 0.5245123247978372 7769
-0.09050583016953719 0.05682888795051969 7770
-0.08013043758737534 0.05876517513252325 7771
0.472587708081151 1.207583325090123 7772
-0.1558756888957627 0.7338695794308207 7773
-0.1666735435376352 0.7400284145780739 7774
0.3672395455394188 0.2145764907455557 7775
0.3658409639489816 0.2079458733224062 7776
0.3738279448417755 0.2072244331603605 7777
0.2764099498412559 0.4525867705811855 7778
0.05377637561593557 0.1151407529152279 7779
0.06035690245967458 0.1040218449853154 7780
0.2963473723845552 0.2059996577234218 7781
0.5508004024360473 0.4503410567007005 7782
0.5354898983221456 1.477612489959794 7783
0.5255347012330995 1.482667549691265 7784
-0.06174300013915601 1.142354652892914 7785
-0.06060406921580717 1.125343127791836 7786
0.2129801390160282 0.5011610056774524 7787
0.2087122232587862 0.5092466815693755 7788
0.2049938812018963 0.4946097822720323 7789
-0.07247398718540411 1.151192527570322 7790
-0.07598630068496887 1.141184739712609 7791
-0.06575902958829483 0.9044064686286472 7792
-0.06600021557666819 0.9148897417738761 7793
-0.07670732269654483 0.9034364476662746 7794
0.5491608319699632 0.4125065900771871 7795
0.5409563295220755 0.416622733670615 7796
0.1670352057090157 1.411219744650971 7797
0.1654330339423203 1.425129365395453 7798
0.6262453042969711 0.4469516114628056 7799
0.6356043959149569 0.4585176075461782 7800
0.4593090098645559 1.384259168455915 7801
0.6109135695751935 1.32307141686864 7802
0.767022888862413 0.314508694809577 7803
0.7781909557337512 0.3185403399819077 7804
-0.04985392809284889 0.4394182195129757 7805
0.2254967022047161 0.7109971615077058 7806
0.2289921249656492 0.7015942989932038 7807
0.2784615585748499 0.88929263621279 7808
0.2684664448779621 0.8959056942167546 7809
0.7329519846282621 0.7868253721249577 7810
0.7433886027867418 0.7837002468441885 7811
0.737135265273213 0.796581719013265 7812
0.646440394936229 1.385191035941264 7813
0.6565263110311867 1.385428165500535 7814
0.4196901103456364 0.6465160188105163 7815
0.415603240718308 0.6368479286905886 7816
-0.1350238292800037 0.5985162798067271 7817
-0.1418617218278689 0.5921190711215563 7818
0.5246109127606378 0.4175010751307272 7819
0.5348109067816247 0.4257895046418583 7820
-0.1161508630018552 1.228636176567201 7821
-0.1026739769782995 1.215876450986837 7822
0.515395171235935 0.3177882008219445 7823
0.5088902159664588 0.3250211957143707 7824
-0.1445949425583675 0.3479797814690996 7825
0.21844581947924 1.272611603839662 7826
-0.09981375569232881 1.185550519008979 7827
-0.1030240299776475 1.19431743177157 7828
-0.1684116898354524 0.8270212756970547 7829
-0.1178150460141948 1.466100922226163 7830
0.4532065924719862 1.071046954303779 7831
0.4497364801490878 1.059857663549981 7832
-0.1463845230807323 0.3367438990314764 7833
-0.1575662167109226 0.3405312670922775 7834
0.01754545982705469 0.5377162256160285 7835
0.01326403422200973 0.5277942573259148 7836
0.7858250973043356 0.7941403769371708 7837
0.780623119449613 0.7859212613655449 7838
0.7910054206026598 0.7786698412513882 7839
0.456655357485507 1.084830757666975 7840
0.2273287013067322 1.416755559890383 7841
0.2171248237641422 1.421295218427173 7842
0.221422503488904 1.407564379433559 7843
0.6867789949965263 0.9207841294226037 7844
0.6889106707880084 0.9109121251113076 7845
0.6986695204450212 0.9200580591041448 7846
-0.1004369175182609 0.9209599312221367 7847
-0.08780387791650984 0.9122485268312277 7848
0.7079304727793496 0.9322172061946509 7849
0.1044358842172337 0.7334541383455729 7850
0.09417995425666886 0.7385086365749784 7851
0.3606007762480335 0.9296005437123379 7852
0.3700954427062098 0.929054114239243 7853
0.7890675965963552 0.7678446864560455 7854
0.7775897728550075 0.7673258582158464 7855
0.6610347351646603 0.334053434665798 7856
0.3301908531903227 0.3727949532910727 7857
0.3099778797406157 0.1673986320441258 7858
0.3178595699947656 0.1597780345628328 7859
0.3188746034098895 0.1751006431063462 7860
-0.1140843626455228 0.5143535848938747 7861
-0.1222401383854251 0.5083269128692023 7862
-0.1074608926394923 0.5054640744144161 7863
-0.07671767263469263 0.8927763848293845 7864
-0.0867988464660808 0.9027226632199136 7865
-0.03627095201490979 0.660251827059272 7866
0.7545133055547051 0.3224198678008229 7867
-0.1624516099215136 0.7798140049868806 7868
-0.148543597155912 0.7810746211383449 7869
-0.1295861924171703 0.5024915187750015 7870
-0.1237390379752845 0.4942871990763988 7871
0.7372840560242142 0.3559836059963355 7872
0.7264060204417011 0.3562178220642134 7873
0.3350745392059645 0.1730953750357488 7874
0.4993279790742826 0.7814654242103544 7875
0.4900783566106124 0.7749506242002304 7876
0.2424222170121322 0.3995474042381373 7877
0.256162519334859 0.3968279022573237 7878
0.6863722717464897 1.264005928717428 7879
0.6718920640942051 1.261883508840216 7880
0.679019530345829 1.249738365997711 7881
-0.08159629206498303 0.6544935567101454 7882
-0.08823198300907092 0.6416337805196173 7883
0.3549344933455997 1.44156513036073 7884
0.7244643380137008 0.8312286387031427 7885
0.7401481666463421 0.8308390429614141 7886
0.40648798993653 0.9986130211423118 7887
-0.1010700444307702 0.6492294956706592 7888
0.1609172653721017 0.7275591791067765 7889
0.1595561969827607 0.7128647359754751 7890
0.0646666256896319 1.282332195603305 7891
0.0618696422730713 1.29244989031449 7892
0.05493837712156423 1.279007366012844 7893
-0.06473872447802137 1.37814485897281 7894
-0.06921714660061888 1.367865464477569 7895
0.25017009989393 0.9242504749935675 7896
0.2582292619507288 0.9386769086383251 7897
0.05259327513222016 0.8709031897212423 7898
0.04468862913918445 0.8795240234867612 7899
0.04260962987480086 0.8656831026536409 7900
-0.1300613939841222 0.5505261719412594 7901
-0.1306298558127456 0.5363835032119926 7902
0.6652359709648705 1.25036793397797 7903
0.4092041210083202 0.7578374001305049 7904
0.4020840765907853 0.7648103301367559 7905
0.7460730653984307 0.3670162748786684 7906
0.0685023288352709 1.131467629155325 7907
0.07937832912310556 1.122693627386533 7908
0.5716285098170321 0.732004456099612 7909
0.5681811958546962 0.7432000789390827 7910
0.5599192585021616 0.7286293735108953 7911
0.05231195366490372 1.134623087945255 7912
0.04918444419169207 1.123947582457338 7913
-0.1894671865823994 0.5635982464874909 7914
0.5469692074488824 0.7249173148013602 7915
-0.1694903573139572 1.305506155962786 7916
-0.1608992414196924 1.301714040042558 7917
-0.1595216926333834 1.309526169605543 7918
-0.1702090288889473 0.3333278660975241 7919
0.3575753714603623 0.3831697026894715 7920
0.3606305009472919 0.3926911800664302 7921
-0.01083068814200143 1.279098340543467 7922
-0.01199617351707274 1.269299621590587 7923
-0.00885718718739514 0.05027890729902364 7924
-0.015128240843433 0.0590262517035548 7925
-0.01860449608415336 0.04300490175511325 7926
0.1120561817628129 0.7203533164372953 7927
0.2403663625585837 1.365734430534593 7928
0.2455818103786025 1.352628502888255 7929
-0.1389142192958489 0.5251054408442536 7930
-0.1213381596199109 0.5239897714405793 7931
0.152121126138575 1.467276123453076 7932
0.4121262657215239 0.9470073873211945 7933
0.4206394809248978 0.9495482344637016 7934
0.357837079226474 0.4057963322270702 7935
0.3687431413954828 0.4074400571154929 7936
0.2762548586274123 0.3673584918078679 7937
0.2773994600526368 0.3830665627593515 7938
0.269290207582791 0.3763728211052403 7939
0.5732059661380274 1.202723989659845 7940
0.5766102925427288 1.189452395656365 7941
0.3792765205517238 0.8317911897970354 7942
0.3762644874872519 0.8430935193778223 7943
0.3659898545228542 0.8390199420872385 7944
0.3891673486702701 0.8485468024579478 7945
-0.0002496851866980888 1.213666254695952 7946
-0.009033118355008861 1.220836270524407 7947
-0.08564636946960066 0.6885652554253995 7948
-0.07078900539633717 0.6821371117417713 7949
0.2540540790977121 0.3801231356155172 7950
0.2626739112920981 0.3863544061941021 7951
-0.01962809007796353 0.06757195140662683 7952
0.178851211175858 0.3804249322893248 7953
0.5547090021065546 1.324455116728631 7954
0.5417819844853111 1.32339637227934 7955
-0.04512638816861905 0.4783944767586383 7956
-0.0766326758488696 0.3677404735773837 7957
0.4041898542971846 0.4079034974517963 7958
0.2319495987664552 0.2120239362652897 7959
0.2375435340053875 0.2202958431308573 7960
0.7093748671567375 0.337976606369703 7961
0.6964864510112868 0.3375885609520771 7962
-0.05561554915787629 0.4841217685587082 7963
0.4383411283616734 1.193732544761188 7964
-0.1176090443166419 1.033675636383388 7965
-0.1247563059378253 1.026223891907641 7966
-0.1715560544906617 0.6049200746990383 7967
-0.1635742649202801 0.5963339178452817 7968
-0.1569107272244064 0.6052259199220792 7969
0.6688550579598131 0.8290858284901914 7970
0.6453423043923314 1.003226664170466 7971
0.6584188648122683 0.992254497025402 7972
-0.1080434304719433 0.1224194911681954 7973
-0.1016774701455895 0.1373893010997508 7974
0.2441401585210283 0.2280900005920632 7975
-0.02215217946771099 0.2877133845518326 7976
-0.03389332683235199 0.2891936565014558 7977
-0.02199671265605128 0.2765373621973287 7978
0.3108498087156137 0.7084324201894732 7979
0.3112323684002101 0.7173349584795345 7980
0.7431449665377695 0.8684695501281713 7981
0.6920334227491308 0.3281556746020379 7982
0.1490494785060726 1.084914814353638 7983
0.1359827573992783 1.093384557247671 7984
-0.02079485544237065 0.2988960038341344 7985
0.1223487373240323 0.3917645743617005 7986
0.110873804783644 0.3983818021675186 7987
0.1052956459122335 0.3859982364856499 7988
0.1340262462850045 1.103782114975878 7989
0.2987032780380664 0.2223117053258785 7990
0.3157168964896387 0.2244034517706923 7991
0.01281713109446352 0.5030900543048982 7992
0.5658997734523835 0.366842183013338 7993
0.5571549393978896 0.3705912232284538 7994
0.2884895291435933 0.1737092735033136 7995
0.3017770914675073 0.1750750100464458 7996
0.1092923673355477 0.4108448145815639 7997
0.6530605613773043 0.3249931352354602 7998
0.6442416500871485 0.3321871250674157 7999
-0.04615410456655763 0.2920382187436111 8000
-0.152944395285498 0.1305023938654935 8001
-0.1672568333220023 0.1278338109596649 8002
0.1728859168266997 0.1291861327036608 8003
0.1874026927014388 0.1268360142133196 8004
0.6807233593339624 1.45956251004531 8005
0.6957296036220109 1.452373109887313 8006
0.544320249988431 0.9959767603473948 8007
0.6356524369316405 0.3396031196909012 8008
0.3144179917584028 0.8287900407340848 8009
0.3034127264654223 0.8417758772294665 8010
-0.1033939829047054 0.464784709576889 8011
-0.1015680379106574 0.4550517747771478 8012
-0.09352496323141551 0.4648520284401171 8013
0.2367763373375372 1.411590589597899 8014
0.2339181604875302 1.425766743100896 8015
0.1295182056978856 0.1349773129522908 8016
0.1397254940796706 0.1452474645924661 8017
0.278910076857482 0.8453310072768071 8018
0.2926984197748878 0.8552643594647688 8019
0.5475017184002278 0.9478895797784503 8020
0.5443781530666054 0.9375983935903184 8021
0.5377806656629135 0.9494917780524796 8022
0.1192266094978612 1.16588627485747 8023
0.0697107043386954 1.011792345391219 8024
0.06668449323487244 0.9966819476645914 8025
0.7905120968373646 0.3650082059867305 8026
0.344724735866083 0.5556793955335722 8027
-0.1089868353112611 1.469400207641168 8028
0.05903434669042877 0.8612396774396083 8029
0.5905437549081499 0.6861442822507851 8030
0.1797254457209703 0.7050678464245788 8031
0.6859597147493477 1.486812590098671 8032
0.06345094504584191 1.231455340170088 8033
0.06816230631963323 1.219787631548526 8034
0.402387209617304 1.287001498625284 8035
0.394872394090006 1.295595542418388 8036
0.1832515051950157 0.5970928524400272 8037
0.1877259428641052 0.5887889206585726 8038
0.03936583566902843 1.217786595971801 8039
-0.1620363121600021 1.287221244800557 8040
-0.1494588902926797 1.291241034559069 8041
0.4407354889430586 0.4622804149708065 8042
0.442580423998825 0.4520181200798113 8043
0.1512761635659806 0.1444812638540382 8044
0.1652758254886674 0.1536061261595858 8045
0.2983974249568987 0.48717908583444 8046
0.6501485801364937 0.6280272543197721 8047
0.4870900772554509 0.5708722148771681 8048
-0.02447423134079821 1.489648761392172 8049
-0.01137524084662588 1.486266669580218 8050
0.6814723978146746 0.5161600336763461 8051
0.429186410800899 1.316575034141065 8052
0.4261581689014311 1.304379846696104 8053
0.05844372647373462 0.3991603317464313 8054
0.06761753719492951 0.4097114371336742 8055
0.05228843562997124 0.4129416697770021 8056
0.1268047496768093 1.385087954897661 8057
0.1114921519185106 1.383704025751699 8058
0.103911595588124 1.39061238356945 8059
0.1112713425992457 1.399453188029821 8060
0.4116388741132726 0.5910964017326847 8061
0.414536533777516 0.6051292437669845 8062
0.5354934646044207 0.6649673091146046 8063
0.522033877265743 0.6682703332431431 8064
0.04799072966529762 0.4244569691604383 8065
0.07618304518289581 0.2181171616149085 8066
0.06557952380431949 0.2168062251792841 8067
-0.1670588439845132 0.07733547783999105 8068
-0.167108936230989 0.06647130073659585 8069
-0.1561556232534099 0.07650870141314592 8070
0.5576177643689094 1.349763992668059 8071
0.5625312847990735 1.359262053851181 8072
0.6385881586772598 0.758575083013115 8073
-0.1570586768940948 0.8509433205462436 8074
-0.1604011970509425 0.8360851043670883 8075
-0.1462660451938088 0.8395844617148127 8076
-0.1559495673583116 0.8241056004709331 8077
0.001305671570298018 1.488415889612503 8078
-0.1895355160217305 0.661447781647982 8079
-0.1910647332326944 0.6742968916853266 8080
0.677153245252587 0.8579833057138112 8081
0.2880937718506403 0.4258364072908691 8082
0.2809802219253599 0.4168401770170122 8083
0.474645101403651 1.302289481216683 8084
0.4839642345084629 1.296276163109201 8085
0.6300880337514581 0.3840134317619723 8086
-0.01447602875869093 0.5480335165451022 8087
-0.005920787533891233 0.5400188804218099 8088
0.03919291826570722 0.6258511601186136 8089
0.5822950842009998 1.464268013483156 8090
0.572370357476136 1.458361472662701 8091
0.5871890286440877 1.454824633473926 8092
0.666548358094248 1.185517753337225 8093
0.6727052422391676 1.199605114865609 8094
0.6557920256215495 1.194594772648615 8095
-0.04952494488735387 0.8629567729391298 8096
-0.0384444007514026 0.866581713824803 8097
0.236370522632049 0.3441761621922096 8098
0.2268645949928628 0.3483058788306854 8099
0.2238043698748869 0.3415375612576328 8100
-0.06045583779229608 0.685520949781748 8101
-0.04632432277915953 0.6791002932377218 8102
-0.02865395410895218 1.393745807113255 8103
0.3358943347610404 0.3896407304629665 8104
0.513482370471039 0.7642679935869798 8105
0.5272777243270372 0.7572420515035713 8106
0.3438578665196074 1.444359464352312 8107
0.3921767729286484 0.8232616608872816 8108
0.3817319193740203 0.8208623013629776 8109
0.3833137088868233 0.8101942792222271 8110
0.7167481130675267 0.6763984177570986 8111
0.7019396682859074 0.6743136933912443 8112
0.0544805212163527 0.2155617980829287 8113
0.5068138662308644 1.297957605226249 8114
0.7365406910476244 0.6727367675032498 8115
0.01642500384133936 0.6670317060803066 8116
0.207098335209057 0.3989676421939585 8117
0.211141652196118 0.4122894691573397 8118
0.2403440642454893 0.5590678049254107 8119
0.2521569186371261 0.5598716502752678 8120
0.7163051878924039 1.488198024971608 8121
0.7180620022011314 1.477530827071004 8122
0.545627050717132 0.3701416205905619 8123
0.5914839813302259 1.469645958413591 8124
-0.08703290880893642 1.488356060120757 8125
-0.08725391130245078 1.476797542806461 8126
0.2551288842174373 0.6011217361943985 8127
0.2643016933126516 0.6120491798351068 8128
0.2494276008911898 0.613002815441133 8129
0.6670692865279142 1.214987333392697 8130
0.6601184372842382 1.230098756498449 8131
0.6562908769415734 1.219754506009035 8132
-0.09189983296734669 0.0353465744523908 8133
-0.1056454850364011 0.03957723743832892 8134
0.4657877582354917 0.1992597789357612 8135
0.4775058733408569 0.2000352852402071 8136
0.7206468541236162 1.327189814003714 8137
0.493860374896515 1.265827989863538 8138
0.5031395095667935 1.261625509635608 8139
0.231763897173479 0.3591255193064412 8140
0.2169255722494555 0.3614417494905368 8141
0.6514930695401024 1.209993739786357 8142
0.03990524252813271 1.286369990096766 8143
-0.1773553934970644 1.404842898547515 8144
-0.1919360752543657 1.406151335517118 8145
0.03344564569871436 0.8604173877767552 8146
0.03904184178091658 0.8525056097274279 8147
0.105942377607878 0.8553847413848373 8148
0.09966474492130198 0.8450236321568767 8149
0.425180026764167 0.1843609291471457 8150
0.4168538847814997 0.1808329404451831 8151
-0.1126629654473631 0.9537848923464549 8152
0.510923312181906 0.6075499619795062 8153
0.5200281914559649 0.602844056734619 8154
0.4049014164064523 1.149907805167039 8155
0.1332513910145607 0.2343325016157558 8156
0.1368318657681541 0.2210165274676036 8157
0.1482683301095997 0.2284820217171715 8158
0.308773818022776 0.2787509280248353 8159
-0.01491036721296716 0.8726301292253987 8160
-0.02665702383334805 0.869800692959484 8161
-0.02692881041785012 0.8572967039101426 8162
0.7500764251698409 0.7714347764088477 8163
0.7530160218824822 0.7803785360606202 8164
0.3248619196728293 1.408016354302553 8165
-0.02714894626710147 0.8843609166788866 8166
0.02602585895753002 0.8674315846271153 8167
0.02531326303515927 0.8545446622282268 8168
0.1440348965885931 0.7131876227564896 8169
0.5193751154733651 0.6769773874910708 8170
0.5079428884989718 0.6847564530885855 8171
0.03465293171141032 0.8436089869710992 8172
0.340238555359532 0.9679074655775386 8173
0.349273248640014 0.9730677839294086 8174
0.2469991479300192 0.6197661589679497 8175
0.2365061442215324 1.021189840096217 8176
-0.02047427136142153 0.4596064646649142 8177
-0.005769468883276001 0.4666447674788445 8178
0.3244975517028559 1.394594966196772 8179
0.3244409231096912 1.381694805321277 8180
0.3364287628179615 1.394479361591849 8181
0.7024819092168727 1.022071997612122 8182
0.7736263362372212 0.3501618122935426 8183
0.7808688125899104 0.3630222162248937 8184
-0.07369523294385803 0.408982335298905 8185
0.5009447119224617 1.153443992573599 8186
0.5083758956788013 1.161481697523846 8187
0.04856421270270327 1.489460391857414 8188
0.05975258616041842 1.479561521445106 8189
0.0609156052156949 1.489781838434105 8190
0.08534833242941048 1.431037670209367 8191
0.07905987619606829 1.424357352490091 8192
0.2618660787775707 0.2143599533965632 8193
0.2681441092081682 0.4181495258061141 8194
0.2733419658486618 0.4092463295225963 8195
-0.09343924546030996 0.975922918294195 8196
-0.08189508144291885 0.9664905311993719 8197
0.299026739344777 0.8039281678835904 8198
0.7228738349430355 0.275784440077514 8199
0.5277409263724575 1.024474870112954 8200
0.5298933858504746 1.035428932184136 8201
0.5175491052339073 1.026874008897176 8202
0.6878517451242994 1.135113113401879 8203
0.69353240052495 1.142077335601626 8204
0.6795293818436938 1.140585851955478 8205
-0.08786647037261788 1.465213742068086 8206
-0.07787389795941281 1.464090141442715 8207
0.4553708204327059 0.8330695537025875 8208
0.449596658610091 0.8431408966521092 8209
-0.1647788605091172 0.525219167019726 8210
-0.1497184330206643 0.5314264556309614 8211
0.7698472704148434 0.6366638455599218 8212
0.7770388453413409 0.6246617605190298 8213
0.02599337689400684 0.6702659296507593 8214
0.2299796504653878 1.370203230236739 8215
0.2253889629861029 1.361152496051473 8216
0.4509516666618069 0.8582528956700031 8217
0.4342939903320602 0.8502230660295118 8218
0.1307222650248141 1.068204554052846 8219
0.1338901128432538 1.057108681577537 8220
0.1408788824508725 1.071077301710157 8221
0.6316702600881104 0.8076701563207827 8222
0.1907102127843818 0.5800795346598882 8223
0.1816064370824462 0.577918964896819 8224
0.364839673705836 0.1991171298385906 8225
0.1716202839922019 0.5675027095922098 8226
0.1720799129448999 0.5782579106088731 8227
0.6022739780314116 1.347795446350393 8228
-0.06586804792350687 0.1448637038691495 8229
-0.06545188095872974 0.1342932731899655 8230
0.1493261412870862 1.478717410588178 8231
0.6862098656954461 0.5043452252851879 8232
0.6755044938054869 0.4966981479983953 8233
0.688516282105017 0.4949738021650884 8234
0.6771735000801353 1.331673666759641 8235
-0.07178246291957308 0.9674017434778002 8236
-0.0700163994964514 0.9569638013701833 8237
0.305503540656542 0.7278222485024268 8238
0.3106104161685733 0.739683242950063 8239
-0.1618097227833782 1.33020273515047 8240
-0.1567731188811343 1.32077854713058 8241
-0.1699656687681639 1.322714726602914 8242
-0.05047896336404297 1.49017854260297 8243
0.2264868033970801 0.5753672461905377 8244
0.1079195264585908 1.132276327384965 8245
0.1037042952109693 1.146572333840926 8246
0.09372565928635221 1.134668388385927 8247
0.09255876412929197 1.124969048658888 8248
0.7163745460410165 0.8031821519025246 8249
0.7207925894243649 0.8123884357694249 8250
0.747304361984473 1.36169949521672 8251
0.3386922494511507 1.075016503379752 8252
-0.09785706462022233 1.466528783170224 8253
0.477144959396223 0.534823455276302 8254
0.4766941245287309 0.5460940585999513 8255
-0.004394571643110133 0.8761280912696202 8256
0.007429021569627636 0.8799832513376087 8257
-0.08266866675715545 0.7593020413766293 8258
0.2830502429050253 0.2226941538794227 8259
0.290635083250794 0.2148685055668886 8260
-0.07695151621564872 0.8810615279070932 8261
0.7876591531460465 0.5126542082785825 8262
0.788265907114111 0.5243596141284531 8263
0.7769682785802893 0.5248422532084203 8264
-0.1897470665618707 0.3012259915892399 8265
-0.1882325705970598 0.3131863434738943 8266
-0.0756472291521874 0.1361558948922962 8267
0.5995073615864424 1.314758779109185 8268
0.5901721782871502 1.320201435802206 8269
-0.1671078678530341 0.0555131084541905 8270
-0.1557588909724041 0.05554353171987979 8271
0.4697442288253806 1.159707564718362 8272
0.4664646998504579 1.170302251237065 8273
0.4595248153812166 1.155897908596799 8274
-0.1297099151586898 1.318512744736708 8275
-0.143216431880548 1.315158136818801 8276
0.1943150913443779 0.30861487895416 8277
0.5816735110354019 1.327442702130694 8278
0.5976294733702961 1.33048837288906 8279
0.4633116905756131 1.180505413497449 8280
0.4539156792755739 1.17716847868543 8281
0.2409279976600977 1.43402497760374 8282
0.2171359847327449 0.6446622217490617 8283
0.2101260918985374 0.6370714908484496 8284
0.332287796698033 0.3316365829416943 8285
0.5154410990171466 0.9525176255737877 8286
0.516558468355482 0.9666312401355972 8287
0.5051759625772356 0.9622241104510383 8288
0.426031030002283 1.153264789451246 8289
0.4382922578013327 1.148121431936216 8290
0.09087960689735106 0.6164774022891754 8291
0.2929791872875493 1.07989796418723 8292
0.2837401207236875 1.073262950326492 8293
0.7455618171430004 0.4587613378906902 8294
0.747129086759573 0.4679395667351953 8295
0.497851374112244 0.9600514543127416 8296
0.5031517105192205 0.9719313279555948 8297
0.2069060947857384 0.1533533452665916 8298
0.2140225337305129 0.141919583787934 8299
0.2589385936583571 0.9020003291958899 8300
0.2564280690749914 0.9164323633321266 8301
-0.1048523184262911 0.01046476751902391 8302
0.6973694653424153 1.341832296268471 8303
0.4303008660570403 1.324882904899296 8304
0.6097915997877492 1.485478916254237 8305
0.6238363934585313 1.488905845508605 8306
-0.1777643524722318 1.126207426964691 8307
-0.1890665393713132 1.137240473561552 8308
0.719166775826743 0.9345236966391249 8309
0.7055550209880997 0.9426018860824839 8310
0.6488084821474477 1.375492620183756 8311
0.03016895088326282 1.445253237110736 8312
0.0178323175688483 1.438450007273094 8313
-0.1322166363638025 0.4825378333848745 8314
-0.14231802483238 0.490724963805258 8315
-0.1424267995068052 0.4757366496334151 8316
0.2339066546066673 0.6924275538719686 8317
0.2402277222646295 0.6843227668436537 8318
0.2426319381211696 0.6973859491157502 8319
0.2316810023605548 1.325301523400376 8320
0.2298752376335414 1.314886642084209 8321
-0.1167971718477429 1.314932458511848 8322
0.108847722295991 0.6040008711673873 8323
0.6517103281887316 0.7013715158496195 8324
0.64060716623175 0.7001112477648717 8325
0.5016919637248778 1.49159149747296 8326
0.5133704482970156 1.491262774144702 8327
0.2412534643068347 1.275949776618098 8328
0.2549476065715868 1.277779759366539 8329
-0.1391143139280133 0.781945028303305 8330
0.2535518793622741 1.289811290990651 8331
0.2662284603623373 1.27906322313084 8332
0.6300707963215532 0.6993606548653148 8333
0.6309210575150125 0.6889343770341201 8334
0.2805374756159089 0.433939123507407 8335
0.006200248379484912 1.410422444170928 8336
0.7806534739057339 0.5863753866416114 8337
0.7696848109920752 0.5938116149580168 8338
0.7720058879405169 0.5848351956173152 8339
0.2092903139063092 0.7531516273479733 8340
0.2071417596946172 0.7420094455193113 8341
0.1860838196167843 1.345394957603357 8342
0.1955719254192252 1.341478789380294 8343
0.1924271502080983 1.353927099860386 8344
0.5199666084512028 1.304735573269969 8345
0.510977851670317 1.30808616893688 8346
0.3044692414386568 0.8633058363810058 8347
0.2334849676113773 1.379594256569216 8348
0.219486276080725 1.37466243075813 8349
0.1229060216409418 0.5604080259722355 8350
0.1766058919085266 0.7412399884115218 8351
-0.01520009138303903 1.381372087161246 8352
-0.004519925129489952 1.38319944682335 8353
0.342177781914945 0.5963613317182941 8354
0.3480130365227147 0.5832852628763541 8355
0.3523667825996812 0.5929968753391412 8356
-0.1886639175391418 0.4137335687154085 8357
-0.1773106917672955 0.4140664785165328 8358
-0.1889524054308748 1.161426304397065 8359
-0.1889400848884447 1.173647990603242 8360
0.1872124370867943 0.9872403432734955 8361
0.1957900986319328 0.9956963997342678 8362
0.6181959252673526 1.054089888777827 8363
0.6020690045282713 1.051816759215261 8364
0.6119158617796435 1.046100325862432 8365
0.01748106480001622 0.8739780965774236 8366
0.02593915624176809 0.8813400444960582 8367
-0.07795624707948917 1.127494793152812 8368
0.1496869318411564 1.306235619617671 8369
0.4282666357900351 0.8602887957202918 8370
0.4212019794044276 0.8477023101464705 8371
0.4106939229394558 0.8466259910593673 8372
0.2242549343689489 0.7201572170141787 8373
0.4228458766194337 0.4171693723147725 8374
0.4211054804253345 0.4263042458080653 8375
-0.1105076656430769 0.7839156563238607 8376
-0.1235312041389822 0.7835584682989809 8377
0.640211625001683 0.7461454985336318 8378
0.05527828263496384 0.4734427792654654 8379
0.04827356246568063 0.4801809806086595 8380
0.2170891384093203 1.445454136863302 8381
0.2064034643854388 1.448148705562997 8382
0.2125688437572213 1.435111939360039 8383
0.6207212829327624 0.8123396777985636 8384
0.6131736994402835 0.8193445785212863 8385
-0.1262077491607973 0.1425335386198132 8386
-0.1308376836678357 0.1321563204036102 8387
-0.1230070321169979 0.1257700287515743 8388
0.3910437452364772 0.3129251155819722 8389
-0.117812534293729 0.1168775725814353 8390
-0.1272226230290809 0.113251309953684 8391
0.6007142832656485 0.6914127724350423 8392
0.2315562455825664 1.442362145796253 8393
0.620989424360568 0.2353911136111651 8394
0.6126860529945983 0.2413727922910019 8395
0.6097254314592006 0.2301113714468687 8396
0.0417008591631103 1.1581093674568 8397
0.03204408518990599 1.170748690242745 8398
0.03014847268841101 1.160978048564364 8399
0.02813373211261407 1.151003594441395 8400
0.5702871191851341 0.6014549807400837 8401
0.563408015075589 0.6098378814413586 8402
0.2526298543522296 0.6940104234255653 8403
0.2141538778888906 0.8057708426395546 8404
0.2028166734681744 0.7977300093098835 8405
0.220008975839151 0.7972616856088851 8406
0.02122438015355558 0.2653431120986977 8407
0.03160410374653652 0.2543832386331967 8408
-0.1405011603977449 0.1372627745537452 8409
-0.1346115215673314 0.1229932936052225 8410
0.5500852099888381 0.6134012215409435 8411
0.5551928622412365 0.623760103287032 8412
0.1901784816537483 0.7977584861313189 8413
0.1977080371081115 0.7843799326092111 8414
0.4638388093405976 0.3925771243707423 8415
0.4719726414132429 0.3941693119553147 8416
0.5476929739694003 1.143453984408964 8417
0.5365667579810695 1.139881183445636 8418
0.08912501065823815 1.388056110182729 8419
0.09710716265895698 1.381600669470863 8420
0.4664484983791394 0.9130394074659943 8421
0.4793705276823232 0.9186908426632253 8422
0.5309019660944018 1.131943498463345 8423
-0.1287161581862941 0.2399055265509804 8424
0.7889783298830266 0.5015992572137169 8425
0.2197186171278209 0.4937479392537626 8426
0.5411722811019217 1.040657172394545 8427
0.5324727248686274 1.046580957339136 8428
0.2086957604824493 0.6504962743991551 8429
0.7572485010578421 1.378140608338604 8430
0.7513033476996855 1.368617291713156 8431
0.7679094302872544 1.371078917673394 8432
-0.1697399490155574 0.2784799019016703 8433
-0.1708368315416015 0.2881741248811818 8434
-0.1796088569226169 0.2760611233391401 8435
0.6415585412242731 0.5371689600651578 8436
-0.08231133738306937 1.277413155949934 8437
-0.06960981427521977 1.270405547407331 8438
0.0647611733803098 0.5334447299880938 8439
0.07120902373761806 0.5255521742041769 8440
-0.1352094759134258 1.092549105187123 8441
-0.1392238850190305 1.083055648439879 8442
0.3075600692761474 1.12885251852362 8443
0.2951511593061479 1.127370144472003 8444
0.2835676679321544 1.114878739162453 8445
0.275855932041579 1.1273849013536 8446
-0.1448564648173207 1.095185790453884 8447
-0.0641647932148236 0.0105135384786544 8448
-0.07206589126072577 0.02178910853669586 8449
0.06790334283385571 0.7412701704320007 8450
0.07320646227544648 0.7498836600140419 8451
0.06327882235672737 0.467215197369434 8452
0.06104467758654337 0.4810688280278766 8453
0.07827806998990397 0.8374653037231848 8454
0.4488074327451374 0.6837033447179152 8455
0.4388624251422851 0.6841283364084446 8456
0.4470986482625511 0.6745572845249629 8457
0.5836597938834984 0.5582423901539244 8458
0.602478144491944 0.5571207844210929 8459
0.5951459823133772 0.5680974242900794 8460
0.5072323878954974 0.7445116908201864 8461
-0.1006882943664338 0.3868273712515819 8462
-0.1024159181856755 0.3758864052751466 8463
0.6075600400107465 0.5709810170645906 8464
0.4308973345059113 0.6945707812231379 8465
0.4284512087909598 0.684309074124329 8466
0.1372170151822537 1.329075258589569 8467
-0.1168244714389633 0.01031161682063739 8468
-0.1199999152424984 0.02068137237559244 8469
-0.1040080123613931 1.35879462391964 8470
-0.1025451146025039 1.372213437350116 8471
0.7087229904248047 1.472681860354468 8472
-0.1891577607951746 0.3898364753542932 8473
-0.111520679766507 0.7572421499971739 8474
-0.1182095383350064 0.7508408461056657 8475
0.4940943260508121 0.9382484614454107 8476
0.5065920630949795 0.9418136652046181 8477
0.4959755531912579 0.9519945377431037 8478
0.600743209229913 1.426565119012094 8479
0.6094447932853658 1.431750010256492 8480
0.5961657259457045 1.435793479700854 8481
0.5920982723396816 1.421258993356236 8482
0.6055959510809203 1.417872807060597 8483
0.7454549063998246 1.08422800752714 8484
0.7472375842509424 1.07101572021746 8485
0.4575355689006315 0.9872314446391875 8486
0.4552008170675174 0.9763732051982844 8487
0.4686133784886896 0.9844705405561153 8488
-0.08241650428245038 0.04087151798906272 8489
-0.07374341937488292 0.03180615327480145 8490
-0.07507662147772817 0.04805936423221637 8491
0.750571993904914 1.092194703848196 8492
0.7588913159747755 1.101273494788732 8493
-0.08159768247780852 0.4970483790206737 8494
-0.09407337937621264 0.4876231874760755 8495
0.4883548940055071 0.5451151927962761 8496
0.4781461654735735 0.5599482708558975 8497
-0.1889087181871652 1.363313314645947 8498
-0.176356567501094 1.375924551134791 8499
-0.0334949418578455 0.5046506395884042 8500
-0.03921555653021612 0.513799060072631 8501
-0.04858174143634988 0.5071276869379883 8502
0.7024831913506463 1.206329243822645 8503
0.7003538995619624 1.215157830844404 8504
0.6952043836158877 1.203305708750632 8505
-0.1485380651730286 0.3264805792023331 8506
-0.135347278023127 0.332575163236693 8507
-0.1299570428604152 1.262052637342354 8508
-0.122951502375109 1.273230348798292 8509
-0.1184872229777845 0.6456924488227765 8510
-0.1246327285780758 0.6370388913825837 8511
-0.1325040186697125 0.6284657910835908 8512
-0.1237758799434652 0.6200233498675697 8513
0.6160019598093482 1.033017153070951 8514
0.5427273596278105 0.328909220393334 8515
-0.1393500040892188 0.1034233127041442 8516
-0.1429698746651943 0.09382852947832372 8517
0.7516355844824839 0.8429970057543796 8518
0.7516357912908616 0.8530814679738676 8519
0.5674148287887093 0.815895353536805 8520
0.5782472533682897 0.815811433394481 8521
0.5705825542012184 0.8283807270675712 8522
0.5755008659771149 1.408569003675592 8523
0.5891342930464746 1.407004242195633 8524
0.5837615713430617 1.415284363052195 8525
0.159787167936207 1.403113969227941 8526
0.1697282466080781 1.396605864255839 8527
0.3291195214684667 1.471451400267419 8528
0.336282105845101 1.458596142879067 8529
-0.05907295070352223 0.5708501506228711 8530
-0.04385500061737311 0.5643775551086881 8531
-0.07326030968185844 0.977791494439154 8532
0.5828192446391295 1.439710771048041 8533
0.5684044934798252 1.443412523945472 8534
0.3714697668480804 0.8186949267048931 8535
-0.07324760037549934 0.4623532257214817 8536
0.1588321801293184 0.5460625020297192 8537
0.07770289658369915 0.5092329196648827 8538
0.08809051030381579 0.5113153690261372 8539
0.7744962834197691 0.7787966715263089 8540
-0.1085796088800574 1.324285994847292 8541
0.1715147922498769 1.340890981719548 8542
0.037787343317598 0.169854412959163 8543
0.03747577615984741 0.1595907223097133 8544
0.03521405635350212 0.1490843549393081 8545
0.02657278791483631 0.1589879983239507 8546
-0.07344569400653474 0.8325505074463895 8547
-0.09610499354215897 1.341901077901677 8548
0.5962264886463537 0.878749348129267 8549
0.6009201147481322 0.8888828438803166 8550
-0.05781089762303852 0.7882639703421829 8551
0.7449100645111922 0.4488736889128396 8552
-0.1912176133629214 0.7000207498883266 8553
-0.1893356089822825 0.7116749279442218 8554
0.1094192251264623 1.160974395782314 8555
0.09921540720215682 1.157724951969054 8556
0.6309866599962978 1.268916746741118 8557
0.5629075993216957 0.9677578941538697 8558
0.5738928355568634 0.9643809076575443 8559
0.0950038134504321 1.167736751791255 8560
0.3454848046270578 1.381643809521583 8561
0.350212953532926 1.393012981960579 8562
0.3364603640538233 0.1587655150317504 8563
0.350018661129032 0.1607037382012875 8564
0.3398880593945662 0.1675334502413886 8565
0.08056644475169661 1.440974121304768 8566
0.7040824588146952 0.9499388054935516 8567
0.6949714415637203 0.9418760453513868 8568
-0.1074975415762443 0.4231470620900579 8569
-0.1194289663877132 0.4271408363709344 8570
0.7648612970908639 1.297631084275926 8571
0.7534285228182767 1.303424664782242 8572
0.7607616045096648 1.288080411441883 8573
0.3439913426474192 0.1779828151139332 8574
0.6021323534925389 1.121425822804414 8575
0.4050489074783489 0.8169683526497827 8576
0.4019717872777473 0.8258308720431027 8577
-0.02903129694817523 0.2658875309649885 8578
0.3461408026944429 0.9060882720115778 8579
0.3352073662356173 0.900427448087452 8580
-0.1602727963487048 0.7517053838345411 8581
-0.1473583989386428 0.7431193852376867 8582
0.07557654221340053 0.5179117427637541 8583
0.7232647352218656 0.8191934486517553 8584
0.2418428078426617 1.322654504804007 8585
0.2353582450022478 1.334896591754263 8586
0.1961146650229385 0.3667600686632735 8587
0.1186303128372538 0.7574466363502919 8588
0.1462050737723992 0.7282982202560863 8589
-0.1675623155775773 0.769925586242388 8590
0.175232169745132 0.6678838112055322 8591
0.181941051494583 0.6581943788677586 8592
0.3599360525830455 0.7759205430383711 8593
0.3480991104680003 0.781530593142886 8594
0.6679222023785261 1.1456541872385 8595
0.6765138729296399 1.154824996215954 8596
0.7311122330163445 0.6778457468057328 8597
0.7234040502548615 0.6847880970804894 8598
0.1214053659098636 0.05497202343021482 8599
0.1116636695743503 0.0509803529741254 8600
-0.09597752413322659 1.384737747736364 8601
-0.06002887096633333 0.859349935138096 8602
-0.04871489086506624 0.8523884235132964 8603
0.6404617722970117 0.9121866909808004 8604
0.6482562201200908 0.9065692549528999 8605
0.653744200160399 0.9146738228734543 8606
-0.1688724608221552 0.297817246052945 8607
-0.1653356817834307 0.308258030139704 8608
0.7558445731641201 0.3115463434680444 8609
0.7668089290450772 0.3029648670547796 8610
-0.1622238504155117 0.3192511422718781 8611
-0.1503039614888909 0.3159905324089355 8612
0.2496374607747039 0.7306717094382571 8613
0.2341000156797932 0.7274484885616368 8614
0.7510939899142093 1.417795995943458 8615
0.7504814342667132 1.403617522996754 8616
0.37889392157304 0.315105227260635 8617
0.3648110757199655 0.319450046099663 8618
0.03602607043510223 0.8877092986957846 8619
0.3243504260227458 0.1518520184776771 8620
0.5120376602773148 0.3374622028965526 8621
0.5026579588543523 0.3328245293297309 8622
0.4687736373002621 1.104402003978439 8623
0.4635575526783687 1.09257275958485 8624
0.7902256708346752 0.8270445501326125 8625
0.7896698572895708 0.8154649127839518 8626
0.6307969232684841 1.34701512695777 8627
0.6446699684041082 1.346711898541835 8628
0.4528752535425777 1.097351165607863 8629
0.2195655842120071 1.352402015006718 8630
0.230007862589885 1.34793915029689 8631
-0.1259432208752495 0.3269981659452807 8632
0.2703535826823133 1.457361548646601 8633
0.258403737869276 1.443963330154597 8634
0.2722249774640359 1.44622465031077 8635
0.3176620727350387 1.06785357970102 8636
0.3307559853733119 1.069058737890778 8637
0.3150583952235219 1.077836927866682 8638
0.2751216461421746 1.262452467213914 8639
0.2731186107236198 1.251635511444238 8640
0.3636297137266357 0.8878854402313763 8641
0.3548003787700904 0.8812053159218332 8642
-0.0151377540871889 1.358882810664642 8643
-0.008899313039600953 1.344136235799345 8644
0.3730337876367798 0.8940334398122954 8645
0.3649259869614348 0.9019874307477137 8646
-0.05776453929552236 0.9476078019327546 8647
-0.04775009226925792 0.9495824148127636 8648
0.7760168034951582 1.269833050845282 8649
0.789119286244323 1.269287307325213 8650
-0.1135683242282645 0.9645530633147342 8651
0.6064946182582525 0.2925335286464263 8652
0.5293890246773252 0.5978774278018231 8653
0.5154489097424456 0.5936734644012444 8654
-0.1872980045838741 0.6448194696589126 8655
-0.1762207387513754 0.6501157348959772 8656
0.7219605149042502 0.7897166509837457 8657
0.09724437563013745 1.308806966812668 8658
0.08896368505217547 1.300674919714011 8659
-0.02962356062272783 0.5200873770082426 8660
-0.04607227056732878 0.5224821535632328 8661
0.07141141815817402 1.302158677427931 8662
0.08045687078666691 1.293216018442652 8663
0.07161074912215656 0.8560276449759332 8664
0.7475103249669384 0.9447194751487448 8665
0.7605472243227553 0.949595238664 8666
0.2582967920298379 1.045244123632362 8667
-0.09732335823674125 0.5705557287289792 8668
-0.08676579737882416 0.566862886710534 8669
0.7021964243900798 1.47967095542061 8670
0.1440325204147105 0.867279933270661 8671
0.6976203687167269 1.224282513138039 8672
0.6876166411479765 1.220794188067354 8673
0.2688898347829394 0.8346939041158667 8674
0.2814924379119254 0.8326409835136039 8675
0.4446218839799665 0.4395169273071659 8676
0.4302985413971185 0.448610510130715 8677
-0.06463339400602754 0.3431251910392561 8678
-0.05707889434845657 0.3371380790910843 8679
0.7739103256633835 0.5756265744659016 8680
0.7634178751600301 0.5841636351151249 8681
0.7675872700300076 1.306701818721617 8682
0.3148964375017926 1.24157635504355 8683
0.3286762611596692 1.245260306969221 8684
-0.1121373936166018 0.1490910803002933 8685
-0.122060071132493 0.1538527756807508 8686
-0.1894697676875688 1.477238056357812 8687
-0.1884903960130599 1.488562834611615 8688
0.5025819151322095 0.499337983041661 8689
0.3159135769614107 1.195445121357389 8690
0.3205931352689516 1.186121160469751 8691
0.3265933510028693 1.198888066463588 8692
0.6817171578750814 1.114126077730402 8693
0.681822550636205 1.127812904124806 8694
0.3332446863967072 1.20548573436608 8695
0.3446834093089526 1.211583121257399 8696
-0.1208526012698663 0.03087932154857896 8697
-0.1318149687607297 0.03249796675015188 8698
0.5257318292531555 0.8055291412562545 8699
0.523498851820977 0.8167265456035775 8700
0.4908272574162059 0.5027326828225792 8701
0.5026099024227887 0.5104026400141521 8702
0.3069793452668546 1.109774793702504 8703
0.2963598131091168 1.111060335793605 8704
0.7675369750086083 0.9183379183276635 8705
0.376153647738994 1.285820111905039 8706
0.3783483202938331 1.300136134432716 8707
0.3640978510022513 1.296928813214172 8708
-0.143749652735261 0.03299514505559303 8709
-0.1435471128547701 0.04512089700387165 8710
0.7781123967827193 1.418382907225529 8711
0.7890193782058624 1.416432905306392 8712
0.1890949129497872 1.369096885534427 8713
0.1879540896254926 1.379983441579495 8714
0.789234314350301 0.8621055752230659 8715
0.198547781368979 1.380145978297835 8716
0.006567129390649337 1.126436657735952 8717
0.01009622638088731 1.135933631175556 8718
0.6479868250769445 0.8579155511298675 8719
0.6580260622479865 0.8519436411117541 8720
0.7007267027171969 1.147724988877169 8721
0.7589888215137375 0.6278158282276082 8722
0.4840432891202569 1.038048942249573 8723
0.480176223062192 1.024217172367207 8724
-0.01749273721548896 0.8436218588848093 8725
-0.02796156931015174 0.8451735567176608 8726
-0.06833160098509544 0.08389645698194156 8727
-0.07760719282468605 0.09076147388405099 8728
-0.02917052186168878 0.8339913468266541 8729
-0.03841543186698593 0.8440792292522836 8730
0.3206573526627725 0.5143248149795817 8731
0.3125821930492513 0.5120151974828796 8732
0.08549383909968263 1.490129729419369 8733
0.09737408296722133 1.490362211213311 8734
-0.002336691079972706 1.406141327983876 8735
-0.006610909516679329 1.414948761359463 8736
0.3074034614445483 1.191062662769121 8737
0.7907141694658885 1.019057353765678 8738
0.7817698348200818 1.008193707766543 8739
0.7906706434159652 1.007714272780385 8740
-0.1890591072710075 1.149422066147911 8741
-0.1780686112762017 1.149316680801062 8742
0.560124496217421 0.3790272475900446 8743
0.5190369164025115 0.5784059938939257 8744
0.5098102752429217 0.5847354070042317 8745
0.5162663075375021 0.9233111555948205 8746
0.5073059966099881 0.9173712872498211 8747
0.5219259663340647 0.9140334306097733 8748
0.5891546363823088 0.226857912297092 8749
0.5741878504240635 0.2309603348006855 8750
0.5792116532757998 0.2223097311444042 8751
0.6686448264519448 0.2993014890680599 8752
0.6619177326668948 0.2867041287023528 8753
0.7658494344904522 1.417879017783592 8754
-0.1735063843080883 0.322922886513455 8755
-0.1854749629402511 0.327963876523936 8756
0.35644991454871 0.6026844315639436 8757
0.3619565131972243 0.5884828070276563 8758
0.09181407021069179 0.2208250263897968 8759
0.08692085017078047 0.2126343588588631 8760
0.2834640306663075 1.447108281597708 8761
0.2753882724814021 1.435566378891705 8762
0.6194099460280736 0.5626116034841819 8763
0.6294689986239798 0.5702657294866758 8764
0.616815663599469 0.5737048285942542 8765
0.6152757256923148 0.5804544589564059 8766
0.6379254101024009 0.3739731666843681 8767
0.631710079545085 0.3593583473944475 8768
0.0811061792494462 0.7422907759866685 8769
0.6773560880439472 0.7376715171368482 8770
0.1314600957741842 0.05897722473392044 8771
0.1167495496059884 0.06378012418906097 8772
0.791069927811753 1.030552588337927 8773
0.2986861281851663 1.008702972626923 8774
0.2868992722903403 1.02017414980424 8775
0.1625234754400899 0.09028987151635434 8776
0.4385239484097978 0.7821710708776026 8777
0.4393469769474844 0.7709641278644073 8778
0.4286831077191077 0.770997482123746 8779
0.1716473658280139 0.5558813923437523 8780
0.1710269884280496 0.5434143773443263 8781
-0.149644745002536 0.9544777286556052 8782
0.5124349644076889 0.862895406795948 8783
0.7662489359728222 0.2908121738907746 8784
0.4851204078338027 1.270532579166411 8785
0.4889313395110427 1.255698817844583 8786
0.6837991577231912 0.4825778624900631 8787
0.696089702948283 0.4885848812893905 8788
0.5443646067302093 1.165967325121597 8789
0.0859961629968434 0.717439541202335 8790
0.08624811172147286 0.7016888942267722 8791
0.2608708704930018 1.392371339597199 8792
0.24731125313168 1.384912794601415 8793
0.3965928978440032 1.191384483349629 8794
-0.02000599113651032 1.228058775644935 8795
-0.03678550086002626 1.236300870673506 8796
0.03231135806578524 0.2234292120659974 8797
0.02180664432710836 0.2231131969960464 8798
0.03207466726736851 0.2122427646250237 8799
-0.04075411822219385 1.246910178935871 8800
-0.03096547743385743 1.250757108987116 8801
0.3863453856294035 1.196074770699935 8802
0.373785825750742 0.2237347690166632 8803
-0.05815349094660407 0.07741329379676914 8804
-0.06497172007748295 0.06706676451456245 8805
-0.02306230829230499 0.5554958097879406 8806
-0.02129474824976901 0.5647602009817263 8807
-0.0333861375505564 0.5648881539309972 8808
0.6686061429675717 1.1610787762856 8809
0.6682272775846576 1.174387826861771 8810
0.07134614106292679 1.417785376462159 8811
0.07374864149883049 1.431230683901404 8812
0.3200888871801635 1.058569362941885 8813
-0.06228511466122694 1.354324411934605 8814
-0.1658249868399872 1.373654764386942 8815
-0.1571899410832157 1.369014402618085 8816
0.1323472783029354 0.5088183323374722 8817
-0.154276865623058 1.116619554123359 8818
0.01181961093257537 0.2238337452440081 8819
0.01061790806713574 0.2138282920823216 8820
0.335967814238582 1.17304674543294 8821
0.332485931960987 1.185071636875732 8822
0.3266579967742977 1.176134986861794 8823
0.7889384043224975 0.5592949693082754 8824
0.7894272024011653 0.5475008097207746 8825
0.7619831382334238 1.388446688094076 8826
-0.09339189833281036 0.5258031414748571 8827
-0.1110984287059837 0.5300146261526558 8828
0.2075540771787532 1.236926015398404 8829
0.6638160221703436 0.2610895711518699 8830
0.3380888144172365 1.142279605306811 8831
0.3322810956252163 1.128252258374187 8832
0.3256130257552569 0.7223076929454725 8833
0.332115810569675 0.7092610713520955 8834
0.5366571338670912 1.161723581518291 8835
0.545735732318128 1.153916902247108 8836
0.4595017801128797 0.9977551411103629 8837
0.3160704853384687 1.256625865155845 8838
0.3013105623799253 1.245838142761146 8839
-0.006137901010972283 0.9178694703275443 8840
-0.00312112775845364 0.9080558254021983 8841
0.00333590162922825 0.9217353883939519 8842
0.2316185863080987 0.4002323813559961 8843
0.2381271095682458 0.3864423386794375 8844
0.2837877076909204 1.171935497189275 8845
0.3056219063100711 1.268649494083093 8846
0.7462915297642821 0.4082922043104856 8847
0.7467377688438268 0.419328271889247 8848
0.381128951525125 0.9205107554484653 8849
0.3670269619078915 0.9145198550920998 8850
-0.006840631162358188 0.3552845534634269 8851
0.540803029395405 0.8990130652336219 8852
0.5336645744736352 0.8877206602151964 8853
0.3005558507608654 1.489644788429687 8854
0.3120178870316277 1.479699714511826 8855
0.3118989314807777 1.489919085752664 8856
-0.1902490946991564 1.051207644625144 8857
-0.1801675999633557 1.06244177507559 8858
-0.1901319303313848 1.062384586661438 8859
0.7636028971956882 0.6563627715096449 8860
0.1407674641043023 1.233299739374208 8861
0.146013078274002 1.242653193463488 8862
0.1361088439835787 1.245994749718136 8863
0.3530512278572526 0.6919606855968464 8864
0.440914832958143 1.220924703772178 8865
0.4471169104971043 1.230678498285154 8866
0.4312340757494371 1.227065985923189 8867
0.007885090573504845 0.02458885312157002 8868
0.01020566809485732 0.01462425805556369 8869
0.3387851962689825 0.6930399401996814 8870
0.3443952668927832 0.682553927795037 8871
0.1674300018503277 0.849373043487788 8872
0.167715615383967 1.489745483968627 8873
0.2092303363948916 1.357193842349928 8874
0.5638911497946288 1.201588241316999 8875
0.3402632869520086 1.163531845231683 8876
0.3886585466399428 1.304114130388775 8877
0.3740930472774054 1.308922094825191 8878
0.4854237751087274 1.189627149399665 8879
0.4772895588446719 1.200724364808833 8880
0.473071590003918 1.18488181310292 8881
0.7318945257275317 0.9388604338564394 8882
0.7239264333612266 0.949044683199239 8883
-0.05709927833039727 1.230160564838733 8884
0.5289957941164853 1.439153200485931 8885
0.1712569664827558 1.034482968601949 8886
0.4979476351350257 0.9122427040612766 8887
0.5020770858543164 0.9019721847906464 8888
-0.1067443886062766 1.381372620449253 8889
0.7894296441051185 0.9235057934274128 8890
0.04705424685232677 0.1818170044942695 8891
-0.169229261581456 0.6529368876755905 8892
-0.1780673544322126 0.07980697565801873 8893
0.5399918470298573 0.7175350379741356 8894
0.5527961902439681 0.7137310234786859 8895
-0.1905772675394382 0.2826848255820472 8896
0.744004630189447 0.9354551991009489 8897
-0.01025702195140004 0.9277507654377908 8898
-0.01503000574630827 0.9135331922425437 8899
0.6345041349510836 1.056345098736206 8900
-0.1890463093092693 0.08335644560976448 8901
-0.178050273497448 0.6145570358323822 8902
-0.1847028717204097 0.6091735112495547 8903
0.02073734129877984 0.2762344902556677 8904
-0.007037490240149467 1.322702339026572 8905
-0.002375231887100703 1.313543612542688 8906
0.4081117702341339 0.917865563988177 8907
0.4155147513224839 0.9104515674437363 8908
0.6925132483628724 1.158319667563931 8909
-0.1767292169725419 1.313339125196453 8910
-0.1834271185730256 1.304864030851331 8911
0.08743645947169498 0.9847108116497937 8912
0.07929376076460232 0.978967080941613 8913
-0.1895336198724302 1.096895681133324 8914
-0.1795494285272684 1.102565756970518 8915
0.211952629113957 0.7640677262356931 8916
0.1988636966884881 0.7544263292104562 8917
0.07772968499836506 0.8514775346008544 8918
0.08306247481331547 0.8595517301181316 8919
0.08905520475352799 0.8682295206808638 8920
0.4656252587289927 1.02707709231714 8921
0.4628520015382449 1.035275148570938 8922
0.4539609971401569 1.028070587529405 8923
0.1888504693305132 0.7540766144721749 8924
0.4693884889895286 1.041689785428833 8925
0.4575948423711891 1.046151034934961 8926
-0.1896839833285975 0.1494121887675599 8927
0.2227971194646746 1.152100435896304 8928
0.2094977346026336 1.156707980588364 8929
0.4528944429848153 1.470171412117893 8930
0.4597213720370298 1.456597957872228 8931
0.4677965091876848 1.4679444963193 8932
0.4817974754077011 1.473741472433071 8933
0.4805727498603536 1.45938454915661 8934
0.7334194185886758 0.9656740112522605 8935
0.729690424335152 0.9561871715441216 8936
-0.1346515471537397 0.2479695784422558 8937
0.2656455982132298 1.489592234451354 8938
0.5649393144314088 0.2340742606427463 8939
0.6128185835848463 0.8916417923601977 8940
0.6117323736784164 0.8778602347268116 8941
0.3324640169472438 0.7528295724036685 8942
0.3315228711262937 0.7423671185877362 8943
0.3467223767655784 0.648183517543535 8944
0.3379529414419307 0.6405222887238122 8945
0.5502855305023868 0.662233384642426 8946
0.5442605244784741 0.6706868161358169 8947
0.1796089656618262 0.6459340815792061 8948
0.1288724767566959 1.148599765108666 8949
0.1219302945309024 1.138337365082625 8950
0.1338161896953652 1.135504561263645 8951
0.755634877805905 1.398734582564353 8952
0.5463636854051693 0.6839252943566909 8953
0.5377561870136091 0.6782908400963421 8954
0.7285427103939379 0.7767371375294553 8955
-0.06803120751348447 0.8416622136768779 8956
-0.0815458064784715 0.8389912646720521 8957
-0.0601963430149084 1.240399755737857 8958
-0.06975009162945206 1.237167914967878 8959
-0.1008127988554113 0.05239865265411413 8960
0.6356048492912902 1.324155308894953 8961
0.6339114071897958 1.312917745516036 8962
0.2372632358275759 1.086726389379864 8963
0.150931099352144 1.073908354875811 8964
0.1598151964565313 1.086297143847785 8965
0.1436691682796344 0.1842949858030793 8966
0.1579142900700386 0.1852175357906659 8967
-0.01808071863679939 0.5021141062860185 8968
0.08044300937839442 0.04472648838411022 8969
-0.06264581883651744 1.190608799441729 8970
-0.04746538613761361 1.193569809219852 8971
-0.05688812557867653 1.199611806616543 8972
0.432443237962539 0.8723484095704583 8973
0.4469374492261386 0.8718318650998784 8974
0.4405445937066498 0.8804900766869169 8975
0.2750888996302076 0.2302693049603351 8976
0.2683619520676324 0.2222212733289791 8977
0.2285163989340931 0.2794693796021849 8978
0.2352955777108857 0.2693052422487053 8979
0.4444412780516755 0.8927936631101013 8980
-0.1901937132806649 1.073786141183093 8981
-0.1670166726400157 0.2680291554857913 8982
-0.1611319157344208 0.2814799840082374 8983
-0.1916728450008341 1.324778109571118 8984
0.5053856071644316 1.105693742570065 8985
0.5001217066128519 1.091772908848844 8986
-0.007692002588953094 0.21783640645122 8987
0.0005973553165553936 0.208793688291618 8988
0.4470028205804637 1.188183033174825 8989
0.4594002899333762 1.189593378945876 8990
0.2735099402659775 0.9415390426533448 8991
0.2711648636557196 0.9286143030740659 8992
0.2671227875374582 0.2372140682671611 8993
0.3390342492163365 1.150527814581613 8994
0.3520926393288025 1.157845424295796 8995
0.279710458277755 1.091352836413069 8996
0.2817288505279504 1.100427077171618 8997
0.4799368867169637 0.9822983271894186 8998
0.4809461579388981 0.9937079118176296 8999
0.03158179468769284 0.2446673056014601 9000
0.02160747417879826 0.2443757360085262 9001
0.7702484407783837 0.5418967173520114 9002
0.7661732018087416 0.553802642513321 9003
0.7565821279573408 0.5450210230926436 9004
0.7689891598145638 0.5639810317074432 9005
0.7556728063141804 0.5611202041241756 9006
-0.1690087587270998 0.5861449724401175 9007
-0.1820578045317248 0.5812028253632755 9008
0.2190446691776321 0.9650740822198434 9009
0.2874320764340088 1.336397639027631 9010
0.2777597162383142 1.329202800621955 9011
0.2803477051800878 1.345316603086646 9012
0.7898199878367526 0.5868009028068591 9013
0.4184815507169812 1.156040491392384 9014
0.4080431032366964 1.160409354839819 9015
0.429292748969928 0.536754531496151 9016
0.4344268433107132 0.5255107747863048 9017
0.4409646083883875 0.5399260694308433 9018
0.6682862078325701 0.253507939847336 9019
0.0797915840595029 1.198058637507304 9020
0.09050382425882855 1.196005654409094 9021
0.2673912467808067 0.7325789903847366 9022
0.267465142004756 0.7174534867901587 9023
0.06960145976088142 1.209496596094835 9024
0.06697674026980317 1.19774193160137 9025
0.7303920442179156 0.6134830525288598 9026
0.7225062442855872 0.6081164392823322 9027
0.08198921822151437 1.176144235526993 9028
0.07221920665944721 1.175630916097983 9029
0.6076623565841075 1.004912964213819 9030
0.5990913068247368 0.9953693749792778 9031
0.5534548815421532 0.4404293098993977 9032
0.5543572886579609 0.4308544963445755 9033
0.2619040300901814 0.5273009461763761 9034
0.2466981593775791 0.5253378057533027 9035
0.6173418736341084 0.6779031783380841 9036
0.008510088010026531 0.5178015912056754 9037
0.00299625853090655 0.5331885826462145 9038
0.0788916781593674 0.6940081937342794 9039
0.07127487946952346 0.6858833575559486 9040
0.08659796665173734 0.6857242921719292 9041
0.1529204621092524 0.6451586741851456 9042
0.1606497126056294 0.6544635941352891 9043
0.3267212441787049 1.11996635434194 9044
0.3181949623050022 1.109984153401701 9045
0.2453581113914026 0.5405596172862697 9046
0.7294279585951661 1.113137895649615 9047
-0.08006015997952583 1.101640078801294 9048
-0.09171295450055914 1.109448296793439 9049
-0.08939861544604102 1.099897267470226 9050
-0.009192295776441152 1.236735795756301 9051
0.1430040109559335 0.2836769154114413 9052
0.1448797886208157 0.2954650944927749 9053
0.1471309227586143 0.3070677690194598 9054
0.3580452269255938 1.489261758754725 9055
0.369529510425147 1.489008241638225 9056
0.01873223198596432 0.8480637951919282 9057
0.01437007996362996 0.8404865655484369 9058
-0.07373967896719523 1.009150564639658 9059
-0.06325045473596684 1.009745119037178 9060
-0.07342395558333009 1.01973332651853 9061
0.6269921633655561 0.9735797283082193 9062
0.6348163021978669 0.966716628986678 9063
0.6381058171981741 0.9798377575690173 9064
0.4204811031099348 1.437712608795215 9065
0.4114800543083283 1.449573826208261 9066
0.4913754904108488 0.9815820211740192 9067
-0.007285309091309489 0.3068208484412305 9068
0.1373452602308984 0.3201761243028955 9069
0.7855000074949934 0.9851255066543878 9070
0.776342685033695 0.9692470783736086 9071
0.7878016981369942 0.9702367973101631 9072
0.01034943936349557 0.9360862535129562 9073
0.008438606496535257 0.949991383989565 9074
-0.06862263356363364 0.3346800624689851 9075
-0.08056843930564288 0.3294061238465826 9076
0.1514639712020796 0.08775178865200384 9077
0.1476291257329245 0.09812672796134193 9078
0.1270729310409077 1.249621736230198 9079
0.1302108637429771 1.257719230025055 9080
0.01626548629116602 1.186935181018099 9081
0.003364546208528914 1.184532509194735 9082
-0.1050764131816565 0.4757582314896598 9083
-0.1134106618762814 0.4627834739227724 9084
0.7409443572975311 0.8064906319072518 9085
0.5681401752450796 1.309293180885643 9086
0.5672328982474281 1.293193267253242 9087
0.05062380085569033 0.09975056802032005 9088
0.06023544533216297 0.0938322246749603 9089
-0.09329530257298056 0.3359077936835194 9090
0.6625577552060927 0.5462918670138333 9091
0.6556798779816555 0.5373388568330478 9092
0.4204772886997401 1.029591495065311 9093
0.4120003800470541 1.036360500250044 9094
0.744652107321337 0.8164325250193804 9095
0.7303942510834502 0.8096695730519119 9096
0.3009150619600842 0.1184687308758548 9097
0.2917145381922168 0.1240444377743552 9098
0.2911227325703384 0.1144019854746727 9099
0.7725890180028309 0.5350592635798597 9100
-0.1791935177043026 0.9587737229736786 9101
-0.1894650441595185 0.9598363786857322 9102
0.5348474060420059 0.8022137165126036 9103
-0.151561784892338 0.4541671449754749 9104
-0.1601993045108213 0.4570459880612786 9105
0.1311447109206091 0.2720076743072891 9106
0.1192238648230273 0.271216045531814 9107
-0.1264301042112019 0.7469713459952575 9108
-0.09469189456332457 1.016985885281144 9109
-0.09463804679327514 1.006700231983185 9110
-0.0842624835827243 1.00790854372364 9111
-0.126191724201115 0.6686329571748547 9112
0.05892453642068211 1.469979264829877 9113
-0.136481994479487 0.7446249560772432 9114
-0.1280236144933771 0.755800582517443 9115
0.1980456982407384 0.1317937013640597 9116
0.2060567058537112 0.1343737146660233 9117
0.1961192304938128 0.141502915185051 9118
0.7065089706801163 1.444734960978 9119
0.6035612805549491 0.2460786131208262 9120
0.1581726794396172 1.053370116721721 9121
0.1485177160098462 1.049004100235634 9122
0.1421932416071437 0.2724791074856397 9123
0.09347932876030032 1.27517561281341 9124
0.0872442571899807 1.284417546037272 9125
0.08511269762598125 1.269543209674229 9126
0.07030660714432421 1.185826005839503 9127
0.06252444998673799 1.175457543974284 9128
0.108753138468581 1.429223285996921 9129
0.1148955069203998 1.234342747005076 9130
0.3862150575078955 0.989531808393442 9131
0.3965497091214825 0.9932154430784751 9132
0.7430401403433102 1.437597755073657 9133
0.376381376156472 0.9861903142424566 9134
0.380977388577742 0.9761172282285354 9135
0.3479356077389175 0.9954075558220694 9136
0.342249660229694 1.003985238813091 9137
0.3384049385616547 0.9901123598520953 9138
-0.07005242020858819 0.05687083737061378 9139
0.4011171900549073 0.9251290685692577 9140
0.4002365295808035 0.9112593090560653 9141
-0.1928325121360837 1.30804375711783 9142
0.6472739364429301 0.9831818111323017 9143
0.6354287624181421 0.9902020106697026 9144
-0.1882490876868312 0.7246581479774663 9145
-0.1884559893971581 0.7378029403267302 9146
0.23398614275387 0.4947053358547896 9147
0.1305837436949707 1.266907172549246 9148
0.1284682126837025 1.277486874897536 9149
0.1214238551208696 1.265435335948101 9150
-0.09830299751482797 1.100115522212082 9151
0.1136746242942451 1.261675358475115 9152
0.1083459541253999 1.270930283757911 9153
-0.1434550850784091 1.180119520876987 9154
-0.1438323498223104 1.19086866502187 9155
0.1711941990628878 1.244996899347146 9156
0.1847161591623327 1.252571382893572 9157
-0.05078548855620383 0.7665690249336103 9158
0.1620975991858887 1.387620099370034 9159
-0.01184794282884547 0.5317472605175285 9160
-0.02002468141047312 0.5255751764325516 9161
-0.01479175400391382 0.5164879611421991 9162
0.4787881050396477 0.3744128127280918 9163
0.7544261735999094 0.2861018445204362 9164
0.2027888156575061 1.069657055959901 9165
0.2140068904692854 1.062750308308455 9166
-0.02412364621949596 0.5348029499079404 9167
0.1434095001733525 0.262584469327525 9168
0.278173342900182 1.361711363483997 9169
0.2920277983705009 1.366430298950872 9170
0.1570877005319299 1.490008509836341 9171
0.7665724273202976 1.430246477076779 9172
0.7574428011712591 1.422018765929023 9173
0.1404540581983526 0.08500474766946725 9174
0.1571431835171834 0.07860018734851737 9175
0.5320082627867975 0.9368088293458816 9176
0.004819808328336802 1.148455072392077 9177
0.01365287811643645 1.145187071073675 9178
-0.07428676059923661 0.9985895268948771 9179
0.4753337031094581 0.9335556965100622 9180
0.4660069734587898 0.9390466230639088 9181
0.4599664794805221 0.9321556851276166 9182
-0.1415696069950826 0.4328684705808246 9183
-0.1278928390768111 0.4327396019246894 9184
-0.1416151605469685 0.4442044311404053 9185
0.2274572088973729 0.739898520145533 9186
0.2374234249174682 0.7509173972809891 9187
0.7012370504902663 1.282928357136494 9188
0.7066705410738739 1.271599991502865 9189
0.3986829231424323 0.8975247939647325 9190
0.3960234951708043 0.8829730507525991 9191
0.4309602092485934 0.9107776529494677 9192
0.1033295787745737 1.405948702737191 9193
0.1020599820461825 1.420610811693887 9194
0.1037595327744469 0.1123166943472575 9195
0.1087478578152039 0.1245923332925123 9196
0.09918425967289363 0.1246140279752524 9197
0.1174661958286491 1.423523614013329 9198
-0.06842156779952709 0.9464986178967496 9199
-0.06721209836907976 0.9359210814579488 9200
0.2647816093586635 0.4245744271015918 9201
0.05968329219538336 0.08109222928238308 9202
0.5591727781985232 0.8064340288889054 9203
-0.03923806169742168 1.088535725177961 9204
0.1908197929222745 1.057341352726536 9205
0.1757585245251054 1.061967342116427 9206
0.7594520814069169 0.4213263047868283 9207
0.6339706817231034 0.9184426688630143 9208
0.120068489780272 0.255757428345948 9209
0.106783925003919 0.2599119957415572 9210
-0.1780963474269893 0.8530299028765065 9211
-0.189377673366892 0.855535294453952 9212
-0.117450988128137 0.1654515354892635 9213
0.4894998940097998 0.4926101858882973 9214
0.4575908085516405 0.9431109274828975 9215
0.4560409139887032 0.8924207807101712 9216
0.4488598337766818 0.899189552528332 9217
-0.1889977859369791 1.275360211626296 9218
-0.1778602170358923 1.275415685591455 9219
-0.05271484573749705 0.009358997129199182 9220
0.1345652943546787 0.6310855152524749 9221
0.1193685956841049 0.6259427746702403 9222
0.4391238881549683 0.5150164188438682 9223
0.7901378487208217 1.069006721854183 9224
0.7908817229283297 1.057401890341292 9225
0.09738447647802483 0.270580218991287 9226
0.1069683546643951 0.2800560688139071 9227
-0.1676524334165899 1.138434718938185 9228
0.7446094545509845 0.4392806696703799 9229
0.07932671071148964 1.265152439217655 9230
0.7038663180754773 0.4899713587972576 9231
0.7171873150872345 0.4913818593136717 9232
0.710500947642116 0.5033181935352206 9233
-0.1355022977371551 0.886310254578851 9234
-0.1369151657653569 0.8952703904885964 9235
-0.1464905927449456 0.8852079762365677 9236
0.5022413111300643 0.8310650708850122 9237
0.2791284810062228 0.1194545915208281 9238
0.284111122361283 0.12817843549112 9239
-0.1662853628694328 1.118448353213224 9240
-0.1677542897372656 1.128036833464078 9241
-0.154777791310482 0.8728318944498522 9242
-0.157273282448257 0.8829126489898361 9243
0.2441160390034966 0.2654655509269942 9244
0.3335783415106456 1.350553269408693 9245
0.3291210982372232 1.359799062229751 9246
0.1260927301037424 0.7482070427729645 9247
0.4007136878214942 0.8360777754590754 9248
0.3010970339608434 1.418183743350898 9249
0.2920874969608815 1.407232436192849 9250
0.3813520591625975 1.21034823837002 9251
0.3760410639331726 1.199883389086109 9252
0.2991497504747395 0.3734793086789872 9253
0.3061670493268983 0.3658661521944381 9254
0.3871254213342752 1.222528331289617 9255
0.3030173781120946 1.447001223645131 9256
-0.1660483631299295 0.4132640182982197 9257
-0.1668484458568105 0.4019556678489833 9258
0.292231885988589 0.381635837802658 9259
0.2914936290718236 0.366480851569637 9260
0.3387129329993812 1.246097939642543 9261
0.350496755755427 1.253995587586092 9262
0.3863244586421459 0.3199948673709087 9263
0.3821665172287048 0.3269860440381442 9264
0.3359165903269198 0.2188944773361272 9265
0.325737312702342 0.2200772290932821 9266
0.1471255426486096 0.2533981797621355 9267
0.1376051581224218 0.24907203281289 9268
0.7369030288383416 0.5716059969780328 9269
0.7409562767098327 0.5577367464717125 9270
0.7462450243233768 0.5668637686766852 9271
0.04332572470920263 0.7119734870899472 9272
0.05416423052895965 0.7150519869791512 9273
0.7509098579089177 0.5768388794567197 9274
0.6102549403479812 1.312829072766605 9275
0.6219650927039225 1.312836502290367 9276
0.3782731830578897 0.3340703002981342 9277
0.371860575507109 0.3293949045948522 9278
-0.1547802052793124 0.5892318078397145 9279
0.6090484523334188 1.301906357210866 9280
0.2196189698842952 0.09114013121512861 9281
0.2082927307657062 0.08685937038675946 9282
0.2675178659908142 0.7479689143968921 9283
0.2586371310038463 0.7396303472123898 9284
0.4881288911858052 0.4731129333938356 9285
0.2512715236130673 0.7474428002571257 9286
0.002083507023284231 0.3256196814916831 9287
0.5613246834350435 1.317092787328652 9288
0.5538118651151922 1.309607423804972 9289
0.01153536132272158 0.2444354544409062 9290
0.01193254864657388 0.2341186336997789 9291
-0.1904312547482596 0.4821420639656216 9292
-0.187110428166481 0.4913258851776739 9293
0.4925309904801467 1.004357746336917 9294
0.5025733310870943 0.9932031857638444 9295
0.5103075883714476 1.203497570012331 9296
0.5372096487351654 0.434684006615787 9297
0.5404804514998046 0.4459293402658911 9298
0.5035294747014668 1.193326516723759 9299
0.1262337998036556 0.4009938064722526 9300
0.782834601488849 1.1729921655558 9301
0.4690783150020387 0.3053730455732265 9302
0.4638442067369368 0.2867860613770012 9303
0.2203228688877996 0.4781780039523937 9304
0.3012711510845492 1.384245760227372 9305
0.2275012387575163 0.4869847761781302 9306
0.236515505007517 0.4821969578393579 9307
-0.1687318837372434 0.9247084743086411 9308
0.08822904068907486 0.6663821068609007 9309
0.2042967426737405 0.9303960421288278 9310
0.204921939245205 0.9179090012757599 9311
0.457735843053784 0.3252474032528848 9312
0.2383257918566739 0.5473323279848684 9313
0.3299538104748417 0.2292119329539021 9314
0.4035034865289717 1.061269779633552 9315
0.5974290200581329 1.48880254319494 9316
0.3042281614552664 0.3543417801727219 9317
0.3999707129521812 1.05327882652633 9318
0.4630191529195034 0.3153142485845632 9319
0.1625579041713056 0.5092669398410182 9320
0.1720873027704725 0.505099232202447 9321
0.7037319779140047 0.4114657609111038 9322
0.7039413175986642 0.4226560857823785 9323
0.6346299577077705 0.5749269178196954 9324
-0.0866242982034838 1.122289218019779 9325
-0.09533212472580711 1.118420810605554 9326
0.04859972524023053 1.337074616045892 9327
0.05280603039029706 1.328109026560703 9328
0.2111213597378935 0.4339471039146264 9329
0.5934521961701262 0.8726822552374128 9330
0.05334568167196356 1.145713161963646 9331
0.03869202334273001 1.13773962093913 9332
0.3010512721198345 0.9995545455782189 9333
0.05342381910501357 1.156360702119876 9334
0.00361807244084183 0.03356378928027066 9335
-0.00372012312408369 0.02805998506096534 9336
-0.02276759104152546 0.9298132717074183 9337
0.2616564875876286 0.921418336723925 9338
0.03642247126202967 0.825575140476444 9339
0.03116576728759108 0.8382166786735986 9340
0.02294650178695801 0.8293023485046411 9341
0.755035997368436 1.257523865494145 9342
0.75158650109598 1.268186096248961 9343
-0.061232367494597 1.174884742310886 9344
-0.06138576075370403 1.158947406219833 9345
0.1019499075357185 0.4638516035936793 9346
0.1149274499851976 0.4710890223571459 9347
0.2737178881235602 0.9056360104980644 9348
-0.03729415438487883 1.186202601265804 9349
-0.03039048015202541 1.196544458388007 9350
0.7337554438582511 1.000041468153034 9351
0.7246051484391789 1.006952606908334 9352
0.3108114838418941 0.5210962058983818 9353
0.6036506674989293 0.7162417807309995 9354
-0.09819047309238696 1.037738813762285 9355
0.3310805483805759 0.9619086227421408 9356
0.1863901139797125 0.8922333497917195 9357
0.1913478893576773 0.9018309785986203 9358
0.2048802758401336 1.402702250855611 9359
0.2006531339770654 1.416769691973422 9360
0.1962680149137223 0.3562868628104404 9361
0.2054029796492498 0.3519632493664921 9362
0.2077742855905598 0.358667976632302 9363
-0.04855262190918032 0.2797125660142866 9364
0.5110581561578245 1.346447659379868 9365
0.6054703686205463 1.07312580401243 9366
0.614991635513315 1.067901369432163 9367
0.6109809451325369 1.081829688813345 9368
0.5162127100544367 0.403424917053315 9369
0.5042818308427903 0.3915258992919867 9370
-0.1889414141037117 0.03568463731889771 9371
-0.1890901069626704 0.04754384048833767 9372
0.278637574408873 0.9155416154803121 9373
0.2825929457924126 0.9259820763128975 9374
0.07671858196879207 1.369841640018909 9375
0.06896939050562587 1.376262424631768 9376
0.06310144829641468 1.369630853281584 9377
0.5892441415381007 0.6554817029516357 9378
0.6004256314964638 0.6487871387904408 9379
0.5755925832772633 0.6530192488417922 9380
0.5847924875462084 0.6424258614338483 9381
0.4565175229871388 0.9090804839430984 9382
0.4452186073619337 0.9131101062380842 9383
-0.1684732038049901 0.8543951233776026 9384
0.7543824372704705 1.440168304769945 9385
0.6132785016981676 0.7881478808520568 9386
0.5188253112658167 0.4248235716677907 9387
0.5146531744907642 0.4139835501239722 9388
0.4826656741645046 0.6325113064786422 9389
0.4847214498769419 0.6447922030009616 9390
0.4718393424261202 0.6394887934916987 9391
0.5484936867236062 1.450475377669308 9392
0.5445520268111452 1.463387560587063 9393
-0.07176005036167755 1.093078359453516 9394
0.1953516453910348 0.8869802063854649 9395
0.6125999267246065 0.5510939282081739 9396
0.3259610959511259 1.369988839930896 9397
0.3356577067532909 1.372091215560599 9398
-0.1901197820247674 1.085336565829629 9399
-0.03129654247797248 0.9292672581016661 9400
-0.04471714224319234 0.9392753849292624 9401
-0.04314583567144316 0.9279366327041624 9402
-0.1233383496850914 1.064788594379989 9403
-0.1378758217244557 1.068088100323947 9404
-0.1321590015939998 1.059911210079628 9405
0.05112383938869008 0.3107463983539689 9406
0.0397956616300329 0.3124585936531395 9407
-0.1269976712943782 1.050643713244899 9408
-0.1405932079640097 1.056195537664247 9409
-0.05499746023863068 0.9265541158506794 9410
0.2517624833624436 1.437611894756955 9411
0.1205637776397644 1.065515763257922 9412
0.007602863662635228 1.221312549452779 9413
0.3284480502404114 0.3419503868574763 9414
-0.1690313776401641 0.7504538485371985 9415
0.3441486619228091 0.8623098655906432 9416
0.3488105236555946 0.8536772327340291 9417
-0.1781816977632961 0.05699329147804879 9418
0.218754160087308 1.104469406849687 9419
0.2263902817609303 1.096556242159833 9420
0.3955364473406421 0.6709880932767842 9421
0.4090576299395561 0.6637293288983777 9422
0.4850485059725962 0.9276306916010603 9423
0.08746582120374424 0.7336132585726667 9424
0.07640648001845397 0.7279081457676213 9425
-0.1824677258275095 0.696701414995019 9426
0.3231561661585535 1.490176712804867 9427
0.04175074315867047 0.3238206176786179 9428
0.02516372376622263 0.3135484883642132 9429
0.212604754610373 0.5794740180345548 9430
0.02207757230158492 1.277169764824094 9431
0.02579836587659323 1.266387741900981 9432
0.5655338619515148 1.054446457034114 9433
0.5722456065239094 1.047654681645772 9434
0.5774955884711515 1.062043241811841 9435
0.5004475121517671 1.132018082975732 9436
0.5105660926849254 1.123403664055792 9437
0.6030647009708512 1.111627121541264 9438
0.5554679185055805 0.7042940233017521 9439
0.5618864011312497 0.6954431687423743 9440
0.0743872083753368 1.384802914687519 9441
0.06091804666591055 1.380426658159957 9442
0.2137820646211841 0.5422988860210434 9443
-0.007961316230172946 1.424601916883762 9444
-0.01732615602561797 1.439326766889048 9445
-0.03004470185248989 1.30404386874164 9446
-0.01798488222085889 1.317936398435794 9447
0.4946745315417954 1.136872505830376 9448
0.6432402664925587 0.8981407825858198 9449
0.6563683516944759 0.9008560831526318 9450
0.01385914587529109 1.274163787177491 9451
-0.01483890193941973 0.5711043761596106 9452
-0.02747860842597238 0.5755285218385647 9453
0.016800690323811 0.9148086806194804 9454
0.01020112498942938 0.9013515353529814 9455
0.4927068593925371 0.9207041588847017 9456
0.1949897492758785 0.5304090469983319 9457
0.2034294122693261 0.536776232826584 9458
0.1898985121015239 0.4951784737035445 9459
0.6278678290090279 0.7097241440586451 9460
0.6201096662256144 0.6981030752640426 9461
0.7772703030864063 0.700399571622213 9462
0.7888704728878159 0.699533865395793 9463
0.6426427325779058 0.73462798825567 9464
0.6352171206737571 0.7215502050860805 9465
0.6174644267800421 1.267407335776347 9466
0.608354971561255 1.281381056629306 9467
0.6053496984851476 1.2721234806116 9468
-0.02144461772949198 1.079105984318534 9469
-0.03299778223214708 1.083786005195472 9470
0.316306662726198 0.1480969663772141 9471
0.5270136763206276 0.9044569704416096 9472
0.2068755259878907 1.42573322784425 9473
0.06917144800080763 0.7174160585457149 9474
0.06417401989046104 0.7325061964128703 9475
0.7475457216754207 0.3098140437667556 9476
0.5678166693492676 1.038015359979373 9477
0.5804607471171219 1.03617839532493 9478
0.7910164412343483 1.35308365328937 9479
0.5244041173589208 0.9300860013901878 9480
0.5104170279104778 0.9324870590059664 9481
0.5012451930877062 0.5907599734956346 9482
0.4937843295736434 0.5962105017578705 9483
0.492385711767593 0.5820200344456555 9484
0.6729783985607566 0.6732001741050552 9485
0.2701054616307438 0.7006905560773624 9486
0.2688498877625063 0.7071810009115 9487
0.4632022626404151 1.490230244616205 9488
0.4747740234068269 1.491139587911372 9489
0.2382151214524485 1.155716269692756 9490
0.2319050958860773 1.166498916904007 9491
0.3299191321929367 0.7635308108179615 9492
0.7897359200868255 0.9971703418158593 9493
0.7773235083738607 0.9966048164196015 9494
0.1548147896465503 0.2588389788768966 9495
0.01306368088861643 0.9249149818050898 9496
0.7712393068228485 1.045838167952456 9497
0.7811579730919669 1.057638217157712 9498
0.06261723726241328 1.25408729421205 9499
0.05284209640078586 1.252710810695591 9500
0.05468013475745775 1.242949156606299 9501
0.1105099800279299 0.8657015578774332 9502
0.4494205572214331 0.3686890604434257 9503
0.4507888995568634 0.3543280321808056 9504
0.09023348440190045 0.09734588497237658 9505
-5.426829879177877e-05 0.1878895864433292 9506
0.5678400760165832 0.6516855408481398 9507
-0.09833229163399199 0.3977650657818159 9508
-0.1115773795191731 0.3900334744475567 9509
0.7315900189246809 1.303854095241403 9510
0.7301979417703107 1.318458962195204 9511
-0.03531579971164119 0.7825537586199122 9512
-0.04081055183542692 0.7725604540636165 9513
-0.03832284430164327 0.7598850994287194 9514
-0.006245288264836895 0.864640238393992 9515
-0.003240848112065748 0.8501080926411131 9516
0.2321460414335128 1.033551324406833 9517
0.01574581668487837 0.05370696301664414 9518
0.01188913365548057 0.0386811680220393 9519
0.5484360397492948 1.490880001721613 9520
-0.1651013158154392 0.4243890186128938 9521
-0.1529027081391721 0.4340579439349703 9522
0.2806152357557958 1.083427558686398 9523
0.2898513385904907 1.090074156375537 9524
0.5346446557199638 0.5831474765927116 9525
-0.1709464419483942 0.6749502560820158 9526
-0.1671142205948562 0.6637672767632099 9527
0.78053964041456 0.8320846703332431 9528
0.7709357171797804 0.8365197467498569 9529
0.7697036346349542 0.8263209614924752 9530
0.6970039282904673 1.264600850973781 9531
0.7403773161028326 1.057687001747623 9532
0.6368475166457981 1.335020818862879 9533
0.682357082326549 1.240069866104763 9534
0.6918159983880059 1.242976621548168 9535
0.6726603907437195 1.238830247552883 9536
0.6849689779013475 1.230434496926203 9537
0.1103814945573675 0.666954792817418 9538
0.09864890944685442 0.6658200357295641 9539
-0.03229242432696999 0.2569314809830648 9540
-0.04208487185749361 0.2637162841040585 9541
-0.1694413706263104 1.452407677665353 9542
-0.1714004885448429 1.461370165473521 9543
-0.1790329019227007 1.447104780935459 9544
0.1787474697916841 0.19360290464646 9545
0.1859385408134259 0.2009902991409322 9546
0.1712682667809454 0.2014196106751667 9547
-0.1901504195780712 1.454279983020079 9548
-0.1033698085811721 1.204076670621817 9549
0.7046285236482955 1.327711975957248 9550
0.6818484813573947 0.7944964512605064 9551
0.1095521627887206 0.5657573176268416 9552
0.1512798803582295 1.410339415540623 9553
0.1431773181453061 1.402297384875339 9554
0.03622430480547262 0.9820953019328788 9555
0.03747314737836577 0.9977179187385919 9556
0.2613756466758538 0.5635827187441775 9557
0.2729055350284721 0.5566348576382856 9558
0.2740484466144854 0.5656064565419978 9559
-0.08746746533278281 0.04841976349581367 9560
0.1775120538157035 0.4805100526885517 9561
0.4204247542632172 1.325853324549409 9562
0.1824370809810074 0.9559484719098917 9563
0.169876619709715 0.956653223039307 9564
0.1779657408019159 0.9442977712639486 9565
0.2692468319906889 0.5767976832829302 9566
0.281851944943149 0.5712536681212559 9567
0.3447012854309944 0.5409678105571997 9568
0.1701662548108905 0.9693516869018919 9569
0.1598588236761099 0.9570004575838125 9570
0.6154691013759593 1.091270609549302 9571
0.2154869878600728 0.3407767460397028 9572
0.6978986133483029 1.33248134624222 9573
0.05492925474405787 0.6417903542920014 9574
0.04532367355660131 0.6315959816592821 9575
0.3581714916263855 0.9779432433477263 9576
0.3626565397316999 0.9686227156491516 9577
0.4190635768216123 0.7619612264896917 9578
0.5999573635584907 1.475670828828905 9579
0.7789723173529853 0.9261420351010416 9580
-0.005249272938929222 1.478058260656586 9581
0.5176723547534874 0.8982496496130167 9582
0.1896831669867394 0.363158210815522 9583
0.1749379176180029 0.3663923125900309 9584
0.7452377110803193 1.281898184682126 9585
0.7401508880373913 1.296889428052884 9586
0.55610475516814 1.447459603003125 9587
-0.1280753449952643 0.1883321770110936 9588
0.4228397306200652 0.5509267212544328 9589
0.4183917516115043 0.5328788377120702 9590
0.05119430943051487 0.9809733086157245 9591
0.1254047461646657 0.4900288656397325 9592
0.1267467092854593 0.5047668272209308 9593
-0.1028530164345241 0.5611288430003151 9594
-0.1158968849270703 0.5607822366984216 9595
0.2862347040644921 0.9362516548804956 9596
0.2824752885018527 0.9488074212378056 9597
0.3670831611498389 0.9822499557348602 9598
0.3531665131692133 0.9867274024245967 9599
0.2033857343394238 0.4506953503224757 9600
0.7178355853950154 1.223302450751739 9601
0.7123790225659831 1.210248116029569 9602
0.2949509440512395 0.954831369288331 9603
-0.1778498125866532 0.03422001499741852 9604
0.1976204916568368 0.9104395035724611 9605
0.1884131041910004 0.9201854616240301 9606
-0.1153253218457587 0.5725333110723742 9607
0.3511383897838968 0.9303912872349061 9608
-0.04214475687517599 0.4316460925688286 9609
0.06606236773205716 1.31382794532675 9610
0.06051577934895382 1.301690231514953 9611
-0.1162303836457022 0.6109872736959038 9612
0.06179126554314949 1.320383673243894 9613
0.6846767126795905 0.931260436873411 9614
0.6761128619456588 0.9198980266231424 9615
0.6838215127611167 0.9416074406252058 9616
-0.08267432448422396 0.2007350570175507 9617
-0.08333181537463526 0.2098597358644944 9618
0.1532911424965622 1.378799174546561 9619
0.143774345661882 1.386209240484649 9620
0.654861676923076 1.469086875750269 9621
-0.169466340989455 0.1403680877443035 9622
0.6655015841320618 1.307079630926475 9623
0.3567492174091064 1.000318959533401 9624
0.3664078626683909 0.7581655162657204 9625
0.3116065297831231 0.1235769828505268 9626
-0.1889809896594124 0.401715580621184 9627
0.5474218640462829 0.8269397941140008 9628
0.5428066804202949 0.8180439159846901 9629
0.5513360028339844 0.8129819506172176 9630
0.03158502466758719 0.1384239323671506 9631
0.04287702074396433 0.1370495995424209 9632
0.7351875406494288 0.9887149926640465 9633
0.7352537712958993 0.9768402285824392 9634
0.7040344467716497 1.265124195726662 9635
0.7151692097837234 1.267695710173539 9636
-0.18413775684187 0.6235930215615672 9637
-0.1439037708900919 0.05691779908024357 9638
0.5851394243134734 0.9605125328668216 9639
0.7248209764409272 0.9905407671555717 9640
0.7613299485520423 0.7765020934053736 9641
0.1029171245096308 1.281109713977552 9642
-0.1189026177863536 0.3038987084437985 9643
-0.127315209505672 0.3127541993483506 9644
0.6967257707616604 0.9695017117633498 9645
0.7055838605579541 0.9727040982337437 9646
0.6909050654509149 0.9794818478083114 9647
0.1135536167881776 1.285783248393457 9648
0.2226568403938564 0.4061311462736388 9649
0.4797858142702783 0.5150880089962675 9650
0.478881805079259 0.5244494638391622 9651
0.6920380198531338 0.9945674281160538 9652
0.3550189857945152 1.207238013651875 9653
0.3655535232260316 1.203405266594552 9654
0.1800241606874868 0.5267767836194411 9655
0.1898535030264134 0.5215131290001814 9656
0.7688764416906498 0.7715866970479691 9657
0.08224515026068448 1.069942052566848 9658
0.4282690570575203 1.388716536541093 9659
-0.105677128772088 0.7660352349100944 9660
-0.1188675712170014 0.762107151542183 9661
-0.1502766989931467 0.470382794677298 9662
-0.1454118798493581 0.4627606702700535 9663
-0.03508816120087373 0.009405244621524393 9664
-0.04486127374494484 0.008797278851812746 9665
-0.002219057810683333 0.04183491806067019 9666
0.6820084896018225 1.160969399326978 9667
-0.04784114868666445 0.229162379438481 9668
-0.05793131578627674 0.2217107273570741 9669
-0.04422575025133218 0.2175929737468829 9670
-0.07068308672326197 0.2343240882593992 9671
0.09902223740979391 0.6100235384553003 9672
0.09673372270337247 0.6245450283461104 9673
0.6655178132534192 0.6321766865190689 9674
0.1843798101976968 0.1712408774447426 9675
0.1965546582642625 0.1640242709091352 9676
-0.1042336810036608 1.113633932426002 9677
-0.09805556680041629 1.128101575071179 9678
-0.0636834136974367 0.2288376730727492 9679
-0.06432853356398456 0.2171833404937623 9680
-0.1225624279044216 1.349296302036759 9681
-0.1132008475196754 1.351087955701087 9682
-0.1187442801273937 1.34027994890969 9683
-0.08356124684141367 0.4636805597994247 9684
0.01926131278382488 1.122446668551967 9685
0.3904455142500425 0.3378346938581996 9686
0.4002895489374842 0.3300946691218404 9687
-0.03611390832439584 0.4444134442184856 9688
0.2679517861620359 0.5361331622234226 9689
0.4213679991424932 1.233350278027001 9690
0.4095323580162325 1.240489984293979 9691
0.0771149690138913 0.1946993738001992 9692
0.08634159036013268 0.192975812367975 9693
0.078537296113255 0.2038231000778166 9694
0.06138339404248727 0.6628952439244652 9695
0.05812512795673064 0.6515322071420374 9696
0.5505592993049311 1.269871809244808 9697
0.5429610746617128 1.257163847568487 9698
0.2739814741655714 0.5442791510892955 9699
0.2593831807579297 0.5424651675163539 9700
0.3312660499050162 0.8861432845503534 9701
0.3436286645504963 0.888669922649282 9702
0.6897269257323201 0.8793549287622671 9703
0.6891780118002091 0.8649096996396987 9704
0.6195312556696879 0.8373904289989602 9705
0.625213988675704 0.8464083059657093 9706
0.5253344795201774 1.491353999347687 9707
0.2804386159266401 0.330533603059999 9708
0.2833690087306885 0.3452371925939828 9709
0.2742189377595425 0.3387320148826324 9710
0.4933508988405911 1.492051406413953 9711
0.2672214071141448 0.3462444124544348 9712
-0.06872741998306436 1.452193621606465 9713
-0.06816613639449295 1.463309399648816 9714
0.5677953771118935 1.36836028763379 9715
0.5756676841103587 1.361047849106981 9716
0.6469350529402514 0.961921313613138 9717
0.669561791529748 0.954321403895151 9718
0.6543206232666213 0.9539483230256236 9719
0.5822981266551313 0.9486176384318736 9720
0.01422105368466012 0.5761263260389415 9721
0.01132031308845778 0.5635618680020739 9722
-0.1785823851292276 0.7504523425423528 9723
-0.1890408033379145 0.7503503660355997 9724
-0.004835197341116412 0.5683994101050388 9725
0.7793270782814183 0.5452210617960518 9726
0.7892040387554583 0.5361338261777948 9727
0.2976580455501351 0.6653818197015218 9728
0.2899587901060521 0.6725143868041739 9729
-0.1365954337244199 0.510165500681781 9730
-0.136047769556411 0.4969091765893159 9731
0.4171811933987107 0.8688477046550643 9732
0.2049096441645408 0.9027208456474779 9733
-0.03947036142046158 0.9542978609713464 9734
0.4065991983982245 0.8645883619256608 9735
0.1326252855971344 0.4830878816795262 9736
0.2384239037602907 0.8259549573633462 9737
0.2476565235234025 0.8329262372873197 9738
0.5403906697865424 1.074231072254154 9739
0.5436964634429503 1.064546175569374 9740
0.5525756309363399 1.070037495497802 9741
0.1756993199089315 0.1513641782091254 9742
0.1858453027237825 0.1513127325231394 9743
0.1773853158627978 0.1611757034771157 9744
0.6291509085161511 0.3469433994906868 9745
-0.01459321450771569 1.370375806544856 9746
0.4610061832596534 1.370737068183643 9747
0.5574145456459737 0.5852642608776174 9748
0.5487511206167274 0.5891617524142981 9749
0.7912416081190762 0.6527045758300916 9750
0.791424766234458 0.6642856468344255 9751
0.782305906011258 0.6557999979039537 9752
0.3275628194581619 1.151899817658839 9753
-0.1444767732228599 0.5165009906607821 9754
0.09168061205774786 0.1310104270773965 9755
0.1023526714170294 0.0478026046344332 9756
0.09385771901774841 0.04770548248491547 9757
0.6322562883125878 0.2409524337255505 9758
0.1261553142157927 1.41729385421626 9759
0.1186940257676884 1.408186995782798 9760
-0.1670685805638154 0.04451902768037783 9761
-0.153556236895954 0.261980545369221 9762
0.002153464934285729 0.3043321507016883 9763
-0.003057709754302865 0.3161538926377197 9764
-0.04740775460624018 1.266966654840554 9765
0.6775533391936791 0.9597653940560454 9766
0.6691984413622478 0.9699910158648728 9767
0.7896769217459588 1.080946707445674 9768
-0.08823863296807241 0.7691076851912684 9769
-0.1000018439632288 0.7757791733641378 9770
0.3679369654770703 0.3809194781095194 9771
0.7904025805037804 0.4576980475975349 9772
0.7886247234857789 0.4461040193946295 9773
0.1782621683045898 0.4907929383389961 9774
0.1679157664084721 0.4803992779538481 9775
0.347060339511386 0.3867279475048057 9776
0.3555712667462663 0.3768893539627265 9777
0.5352173034199016 1.243926307526372 9778
0.5247986453695959 1.241198569600793 9779
0.5374748628700849 1.233817998209219 9780
0.5158006650936613 1.238447068316872 9781
0.1971405599040656 1.430578234959078 9782
-0.1904273746428962 0.8667310625743684 9783
0.7885100519238669 0.8042320003858093 9784
0.2818217761137568 0.6799287508425039 9785
0.2916662750985015 0.6865842301136668 9786
-0.0641873529915189 0.9892190041361535 9787
-0.0740776698904842 0.9881484813679401 9788
-0.08412694774607143 0.9870622919503368 9789
-0.09618201928533081 0.6840235062150752 9790
0.03958887852922763 1.407590613016243 9791
-0.1925453987796343 0.6921737444455407 9792
-0.190979811396323 0.5852150810946537 9793
-0.1910774086840507 0.5972050750799442 9794
-0.1686367396428307 0.5153816065609654 9795
-0.1569543111928172 0.5095507780078615 9796
0.008422927075283521 0.3023104809736421 9797
0.4096086377573306 0.8557762303098826 9798
0.7903333390145963 0.8386406534043309 9799
-0.1409794369114448 1.209615252313747 9800
-0.1500764525872407 1.214133894065811 9801
-0.1619679431134747 1.222262140928239 9802
0.4788813040004496 0.792019817318229 9803
0.4839179866978688 0.7836009544333914 9804
0.4874346712415522 0.7968652534699623 9805
-0.0843542998049539 0.09807822254201484 9806
0.5027937487489211 0.2865749568335836 9807
-0.133116403988406 1.190201828267575 9808
-0.1432338505366387 1.200952356661001 9809
0.06210987111807775 0.3179177076110782 9810
0.7917135257475489 0.6184901754639145 9811
0.3950962244702521 0.7738896795368219 9812
0.4099033421831534 0.7697502723264663 9813
-0.07433026779590413 1.030632874650622 9814
0.1742435028044409 0.1406454510432453 9815
0.161278201584021 0.1313053336877818 9816
-0.1802381017890229 0.6777233934018781 9817
0.303399604506744 0.8536234043638113 9818
0.4870932941164288 0.8648138198737126 9819
0.4825779847688586 0.8499411292444012 9820
-0.1923080909037775 0.682579319286698 9821
0.4722619972595843 0.8673906563518209 9822
-0.1705976787177611 1.470068560848958 9823
0.4720914804201564 0.4371292099339783 9824
0.2042576251433853 1.119061424902711 9825
0.07732777156984981 0.07021568433514613 9826
0.08663828766694825 0.08006496339338334 9827
0.1063862775853303 1.4813314738036 9828
0.108729236544419 1.490381801478877 9829
0.3601053843115556 0.3727151016207489 9830
0.4603342671753737 0.4351556610956373 9831
0.6600595532817166 0.9723462664523087 9832
0.5617490623293895 1.409866668395307 9833
0.5677533557753726 1.401099578298018 9834
0.6104710564300451 0.6954692279048278 9835
0.6133393988078227 0.6858532501909911 9836
0.5525322547305136 0.5580925191917223 9837
0.1274909402126283 0.4758700895066357 9838
0.1380021381447948 0.4762491200944323 9839
0.1320607345919829 0.777045327837589 9840
0.1315581886002765 0.7660677287006887 9841
0.3233855468801987 0.1288575020935725 9842
0.4880465740483541 0.4826293422436755 9843
0.4748613189611103 0.4840434596836072 9844
-0.07157675551273936 0.543531396470884 9845
-0.08121235531220154 0.5423344309178018 9846
-0.08135887804642417 0.5334036595939539 9847
0.7301227044942796 1.123332587345933 9848
0.7406223979966592 1.121809342752816 9849
-0.1530430558300256 1.311915501189902 9850
-0.1405506648969043 1.30412929997587 9851
0.317565227652044 1.139916749058349 9852
0.1445458834460182 0.1108876587040983 9853
0.7079013509378431 1.485871447970023 9854
0.3347768657486468 0.9762591358939779 9855
0.5530304585629942 0.4218462913510636 9856
0.5286184864088345 1.08123059489596 9857
0.5188685549271085 1.081471707830887 9858
0.5141766177098944 1.068768021467755 9859
0.2237848693441169 0.6539874960557567 9860
0.6334390928821947 1.442371216839194 9861
0.6419484963235939 1.452861282401567 9862
-0.09088663637868706 0.6742966989800329 9863
0.2901318420641229 1.226645912255684 9864
0.2803797015623075 1.23124229355543 9865
0.3345366250691524 1.490080155894219 9866
0.3462616599441747 1.489668942293633 9867
0.05767329336199773 0.5417604754355284 9868
-0.05937861362710105 0.7290121695048297 9869
-0.07030448305451475 0.7274393890403249 9870
-0.1696086632346014 0.7601750297642861 9871
0.7899775351949447 0.6877163820192839 9872
0.6212185772849458 0.9021147201786975 9873
0.6066039136184622 0.9038755448706589 9874
0.2136814953719827 0.8404411943965113 9875
0.2029109800223965 0.8462928446662442 9876
0.7720015572282757 0.6595289722091997 9877
-0.1072458851936908 1.103887779916792 9878
0.01228854458889031 0.8312807415738805 9879
0.2158264177749306 0.8309840390678046 9880
0.2244622047133394 0.835124366192749 9881
0.6295001372955104 0.8951214803698719 9882
0.2891204481066452 1.489606253390224 9883
0.2903802097898053 1.479016933585863 9884
0.3506186668509069 1.197200341141776 9885
0.1929624852291055 0.9337224767535333 9886
0.07346887492978213 0.3196355620082764 9887
0.5770871664379305 0.8065043134251167 9888
0.5848030885939186 0.8141065536072343 9889
0.4722292371486018 0.5953747984052127 9890
0.4786176635299074 0.5864036524381011 9891
0.4828382056622225 0.5978987699379104 9892
0.148835309401942 0.3176511336457707 9893
0.6138751838692434 0.8550558097525581 9894
0.6235367035733033 0.862229479731226 9895
-0.03717842266168755 0.8077345022166921 9896
-0.04273558053621974 0.8141808951735588 9897
0.07086174401536824 0.3345688251768434 9898
0.0658218571931494 0.325775811916922 9899
-0.02658764387877285 0.01155751557892644 9900
-0.03305259394855548 0.02080923749107164 9901
-0.1046210178167632 0.5726486077337927 9902
0.4817236999592373 1.004559371975833 9903
0.3017898730623088 0.9514772721949534 9904
0.3015474278924756 0.941866381763063 9905
0.7732616378265319 1.006673999032568 9906
0.698309015978124 1.293966867611984 9907
-0.116866094172584 0.4395477704133826 9908
-0.06652221017962114 1.260346017303949 9909
-0.07604916618231644 1.257476041116227 9910
-0.1793291333050354 0.3001216649577592 9911
-0.08264697586325359 1.24470664050064 9912
-0.1905566283168593 0.2929630683806993 9913
0.4909612674873929 0.251225379976874 9914
0.4865385115742427 0.6234816218266259 9915
0.270082153488433 0.2582961390393018 9916
0.2780150226047926 0.2616347458126861 9917
0.4030271572262797 1.041667430901185 9918
0.4053136235202657 1.028301345888675 9919
-0.0509232260051807 0.4940062118463916 9920
0.4994587306483757 0.2571063853843994 9921
0.002378848311615378 1.396894645049799 9922
0.006179925533303701 1.386511341071305 9923
-0.1685505517450946 0.4626711137564455 9924
-0.1561030693494624 0.4646087472616983 9925
-0.1230735231430399 1.234758719259455 9926
0.3104819595152375 1.379609410605544 9927
0.299545371589894 1.370804904332388 9928
0.0022621878689008 0.1075979236382473 9929
0.1588473963381047 0.4773436501233241 9930
0.1500148313718409 0.4726051383652823 9931
0.1630814974055178 0.4684944971858006 9932
-0.1604521692246967 0.9086899660780388 9933
-0.162878670406383 0.8949062217215735 9934
-0.1711252448793617 0.8869939061105538 9935
0.3259350912378254 0.7859409701802429 9936
0.3150173564505606 0.7857541305642539 9937
0.3269170403429686 0.7748195741924471 9938
-0.03450911269912142 0.5407997218297197 9939
-0.02736264574132068 0.543712874941933 9940
0.335622819242656 0.6091948238897128 9941
0.3313242281497698 0.5995805469250232 9942
0.7198131359911949 0.5773635317170589 9943
0.7281377846033836 0.5756110966402574 9944
-0.1777220002585204 1.172615390638175 9945
-0.1889700579204107 1.185931953468558 9946
0.451414213828364 1.489562414440825 9947
0.1791636416513694 0.178932081453036 9948
0.178255879967231 0.1679646936200713 9949
0.03276489549801526 1.006401995251908 9950
0.0400639574879471 1.01699962892649 9951
-0.06842123101830842 1.441048227444361 9952
-0.05950561868200805 1.452683110959266 9953
0.07336732759397896 1.489917621543114 9954
0.2965464884283835 0.3046633901773228 9955
0.3042893829778122 0.3096930952845886 9956
0.2911521058011901 0.3126478897765027 9957
-0.03059487903323403 0.8016858842705723 9958
-0.03248524430795591 0.7906126645237861 9959
0.2678741627876904 1.479017989415632 9960
0.2773542252677358 1.489620814093009 9961
-0.1019715123968071 0.1472698352383848 9962
0.4733698292331257 0.3199232104319586 9963
0.1097436951866756 0.629722297947355 9964
0.1145653392658018 0.6150453011121694 9965
0.1993575594240671 0.242836717486325 9966
-0.04349224958175901 0.8011014979507288 9967
0.5939562694608762 0.7960797718225506 9968
0.5844859310994361 0.7958828940020427 9969
0.1552135861938928 0.9379701432162201 9970
0.1459472999994112 0.9420833770317637 9971
0.1658898488989992 0.5198510278275307 9972
0.1688702633826614 0.5311779694747274 9973
0.002520957146732529 0.2251110042339458 9974
0.04118786482464728 1.025855734962635 9975
0.05174123113467308 1.03263149364272 9976
0.7340183617827696 0.3072904068961704 9977
0.04310502990310369 0.2250068099681512 9978
0.03210175921680312 0.2344614660426796 9979
0.1915377355741373 1.24303446256742 9980
0.1195994893565075 1.254599146115012 9981
0.3994611834474631 1.490816712022393 9982
0.2479829668081118 0.6772961766597498 9983
0.791716930145673 0.4914750798721779 9984
-0.002308052315071324 1.265115701137923 9985
0.007500837025485333 1.263078613386099 9986
0.006055150006242123 1.273472169500987 9987
-0.1449439681033063 0.06755601227545045 9988
0.5501324000961292 0.7578383689122475 9989
0.5480572323806805 0.7715865129761774 9990
0.5375913575160067 0.7587006608827374 9991
-0.005979532420534544 0.2274999297690464 9992
-0.01748205612508139 0.2217050681972694 9993
0.1673589090327105 0.9338384777446441 9994
0.1586169753416676 0.9478130509691423 9995
-0.152532776707035 0.01073370546952339 9996
-0.1643381343033292 0.01100250023548047 9997
0.6213309093873955 0.7304391585446937 9998
0.6292651444819398 0.7435220242861181 9999
0.07243911623886659 1.026284533137596 10000
0.06501720384320518 1.020234227987046 10001
0.6767951607179776 0.8678583044780465 10002
-0.06094852317109785 0.02949427547643339 10003
0.1408144429804303 1.1348360192984 10004
0.1333786372985858 1.125076186449782 10005
-0.002115642430516034 1.241832134098796 10006
0.005199088133152448 1.237411124812501 10007
0.01050366211236019 1.249745307192502 10008
0.393389675049604 1.453646308440369 10009
0.3880855124767959 1.465403807390939 10010
0.4394865037871786 1.382414727502145 10011
0.1309780524327286 1.00565935284268 10012
0.1394213273113515 1.009455159649226 10013
0.135983617342995 1.019991693105045 10014
-0.1068812064829561 1.485862357880894 10015
0.6482560607591524 1.186381587240854 10016
-0.1553768497469625 0.03295775865200538 10017
-0.142755886537168 0.02155117490445225 10018
0.4536803142974133 0.8041986982301772 10019
-0.02716911798754561 0.2261614085072853 10020
-0.03091357804872878 0.2170648830612585 10021
-0.1893578363175677 0.5159085175020601 10022
-0.1788792573907522 0.5172690679418497 10023
0.3571090582651388 0.9107192988451303 10024
0.410283871188249 1.278397489156529 10025
0.1234152137297205 1.156109487801931 10026
0.3520438415649079 0.9204575947412635 10027
-0.1428199508553736 0.4542642480767648 10028
-0.133459645417991 0.456481477254196 10029
0.1283093168289393 1.214589053246836 10030
-0.174228068542667 0.5066733873047786 10031
-0.1913577499738505 0.6311293604301323 10032
0.0524745389492866 0.5978731849361127 10033
0.055835282054643 0.6081389388610965 10034
0.3960871302359645 1.231123058548784 10035
0.003963787874388925 1.30485440141376 10036
-0.003789148099010914 1.297809279648132 10037
0.3027867944597035 0.5109128961330761 10038
0.00392533806097973 0.7771970191721225 10039
0.5368305286513326 1.056860001094917 10040
0.5474383560082907 1.056328276738494 10041
-0.03021337083177996 0.9161737334966547 10042
0.41118105572402 0.2741121721721089 10043
-0.0345026207103698 0.07469450487499496 10044
-0.04835696761107502 0.07162695141357275 10045
0.5413840091069317 0.8398477915194581 10046
-0.01678776034302385 0.02777634298747772 10047
-0.0278383421551303 0.0331308236656615 10048
0.3744680555895927 1.479494730646487 10049
0.3796040032817182 1.487747128825558 10050
-0.04991811273298975 0.08626341279714547 10051
0.05178312442646389 1.373290965959642 10052
0.05142419590235668 1.382333770308374 10053
-0.08303219092054805 0.2192413550118125 10054
-0.07373315568483862 0.2097823958917535 10055
0.606807843580343 0.3422394031943617 10056
0.6169092553230077 0.3488674428581396 10057
0.738928247154943 0.6989903318522992 10058
0.7461708574743363 0.6910757889547735 10059
-0.1235586648849405 0.4596898578937954 10060
-0.1205771944579537 0.4492905192089479 10061
0.7904045552472042 0.4143018637600939 10062
0.5991722342663023 0.2283679469105368 10063
0.5933052756783376 0.2383587720467671 10064
0.2847257175902149 0.4989334686581269 10065
0.274324931091879 0.5032650446383271 10066
0.5203473656834093 1.170105408434026 10067
0.530121633817627 1.165412491293253 10068
0.1381547167088999 0.8224707737857405 10069
0.1298084289679333 0.8184165592508106 10070
0.1466600719105902 0.826890410216655 10071
0.4586092399573733 0.1796977414981279 10072
-0.09772865009752282 1.488313952838639 10073
-0.006455042039572077 1.025339726772192 10074
-0.01279033893478518 1.018048376502803 10075
0.276050343996586 0.756142506147378 10076
0.2843307773261327 0.7637940767732196 10077
0.2643242772430368 1.330847957961701 10078
0.06175799574402983 1.028505473271836 10079
0.05678413124680527 1.014945790597473 10080
0.3834200052038083 1.03070425839052 10081
0.3917887622299926 1.026712578781596 10082
0.3887082266654781 1.038858333211437 10083
0.2685767786079792 0.7628671876364939 10084
0.2306668963922792 0.8381835562171571 10085
0.2280437278177006 0.8273882263434749 10086
0.3948373942939863 1.04621123733009 10087
0.257892484314147 1.336012078302061 10088
0.2642430091183455 1.343531987594692 10089
-0.0797264023904109 0.5521261147979689 10090
-0.08729268012791012 1.430129741163995 10091
0.2614006049438603 0.7701854468338932 10092
0.253535262772994 0.762321275423073 10093
0.6935196830555579 0.6815896345518254 10094
0.6872948493610501 0.6727388910420681 10095
0.3100020408027845 1.009365048724346 10096
0.3147366617096472 0.1390783470656348 10097
0.7464783991785723 1.426763822926858 10098
-0.1672224957729334 0.3783245246709856 10099
0.1356106229321376 0.07193476505257651 10100
0.5116438706987372 0.9817707308398375 10101
0.5208457757927394 0.978994727182392 10102
0.3426432165982276 1.356190361176562 10103
0.3434757845086468 1.36621680144812 10104
0.3984180828008341 0.2548031888760331 10105
0.2944599641719693 1.17260869351078 10106
0.6140929229930955 0.9748781720900469 10107
0.2054918286177204 1.308013917755342 10108
0.217347319272542 1.305865826789082 10109
-0.1909601882841181 0.574383622379907 10110
0.2118416323406445 0.1358988871096598 10111
0.09146032373560922 1.177128450912547 10112
0.1815394072135443 0.5006249655071516 10113
0.2944692333296051 0.9338339384704009 10114
0.3087859861900928 0.9311216026069509 10115
0.4111818847823103 1.324944731946247 10116
0.3983411026993182 1.329014636817164 10117
0.09699155963862169 1.471706493941713 10118
0.1065687923792859 1.472671945291046 10119
-0.1216058986203281 1.041816362873262 10120
0.4864014096964611 1.176855355400924 10121
0.4975882722555566 1.183852079443128 10122
-0.06499108216318358 0.8483642386983835 10123
0.4531154308341376 1.479547103179473 10124
-0.1914120367703944 0.4723549724819999 10125
-0.1825156049674363 0.4766396510000952 10126
0.5386896186015022 1.085134489508739 10127
0.7911362823393179 1.17970042150505 10128
-0.03712982328000657 0.9986909751546758 10129
-0.0453027442098168 0.992857131369921 10130
0.04313640792218082 0.3573502094628485 10131
-0.02888075323507498 1.005904698422013 10132
-0.04418488337151838 1.005774450897938 10133
0.005119911621206688 1.280386550507943 10134
0.00402962314134252 1.290738248418677 10135
-0.0002864810420656224 1.283948149839054 10136
-0.00849485366016867 1.288683287395131 10137
-0.03846051943351921 0.02812479739181242 10138
0.0563394905442884 0.1329905875112408 10139
0.04695166069528599 0.1248334937152375 10140
0.1015418313833956 1.455796448000883 10141
0.09118357800888 1.459077108075063 10142
0.6822427650384146 0.9509917578675671 10143
0.6871583210365547 0.9646919179398211 10144
0.1745919190286193 1.105749021401897 10145
0.1847958926873161 1.102208282056117 10146
0.0468141946874416 1.205472894757954 10147
0.0448867355111575 1.196341821545445 10148
0.05374109133289728 1.193864618372586 10149
-0.1091705373874301 0.07100656315855325 10150
0.06402494260329714 0.8079416582854662 10151
0.2170223848449762 0.876201885323682 10152
0.2043724972281197 0.8847044557013677 10153
0.1246503960532446 0.2239368605697521 10154
0.6501060078440045 1.100869945852954 10155
0.1083653218711034 0.449258699344786 10156
0.1003827849670959 0.4565921507577988 10157
0.5187425646382759 0.7454203251284619 10158
0.5098990235547763 0.7530921261161743 10159
0.7887520706183494 0.3346743107123455 10160
0.7868674652689243 0.3450097153436598 10161
0.04786661125662237 0.558011563071215 10162
0.7914469670249029 1.049214109847714 10163
-0.02456956352027051 0.5893096369834124 10164
-0.008719446143508027 0.58232015324095 10165
0.434288487475399 1.016238812739778 10166
0.4276342716267523 1.022142943513548 10167
0.1959857130752603 1.44215203470814 10168
0.4350866770534745 1.027355597538275 10169
0.05607590041858099 0.330321910974899 10170
0.0496908655106023 0.3439889311226323 10171
0.04548986005729368 0.3341010731037479 10172
0.5594143115249425 1.033260290386439 10173
0.5681554464605761 1.025767035439551 10174
0.3576997358324304 1.240676388542304 10175
0.3448554244187194 1.235491309207583 10176
-0.07866039476482235 0.1717934934491715 10177
-0.07546151828589853 0.1623488721093434 10178
0.1350029981753483 1.39369217970378 10179
0.552885342514194 1.036420124889234 10180
0.5872088763246531 1.378062805392161 10181
0.5800806988747512 1.384921041826236 10182
0.5737719667896154 1.376954225675078 10183
-0.1671768799647265 0.3902205134131219 10184
0.607338046420505 0.7056978433949483 10185
0.5124102118513024 0.5205768502100159 10186
0.6142425520922402 0.718378220423448 10187
0.5873820946103095 1.392267447273391 10188
0.5738769948995212 1.392720369245954 10189
0.3171901207902303 0.7050695161707617 10190
0.3263629926045619 0.699974012305138 10191
0.08059096389248475 1.394227184890907 10192
0.06987773816709479 1.400972470192329 10193
0.4768670162832079 1.482290167962567 10194
0.4829685495250496 1.491911179909094 10195
0.5704318505026152 0.5744236362178627 10196
0.564529361101909 0.5807099286378004 10197
0.2028207511619139 0.441362310084754 10198
0.1972772688776995 0.082125556060477 10199
0.3128934572997252 0.7467739672429258 10200
0.316904832030968 0.7578785371113733 10201
0.3037448838360301 0.7559906325695332 10202
0.7112053419063467 0.9547138504830667 10203
0.7026996055214456 0.9614768582883071 10204
0.0709083233230855 1.269463493733885 10205
0.07301132728978417 1.286781317087536 10206
0.3702063480893531 1.278959572982309 10207
0.1535299148431856 1.42266790353988 10208
0.1441810660275011 1.420692217719407 10209
0.2134815111127607 1.109915523363116 10210
0.1329586924350117 1.427020874628689 10211
0.7647965944594376 1.253390311198866 10212
0.7803687860964468 0.853903267435057 10213
0.7900135318884669 0.8502592765794033 10214
0.3528821786655132 0.8446303560153393 10215
0.3697191799823729 0.7680834568394791 10216
0.1988823079877653 1.107425661152171 10217
0.5336449562279636 0.8219438682930336 10218
0.5382431515147952 0.8099777441605351 10219
0.1245549627272008 1.228762957107551 10220
0.1215841719707809 1.242183757878088 10221
0.1712556171239092 0.6403139492809888 10222
0.1662804339117921 0.6479552977032792 10223
-0.1715355704464349 0.8654588642507938 10224
0.581597778699267 1.073186734814334 10225
0.7712070668340274 0.8566806306610842 10226
0.7713233182896743 0.8466516288518331 10227
0.5179016243846625 0.6973962035312162 10228
0.2315164379749379 0.09352090578944036 10229
-0.1657691494489045 0.02212641287133161 10230
0.5075979686560007 1.17457965227022 10231
0.2882444129833289 1.030200992894872 10232
0.275903571325079 1.023197932169809 10233
-0.004316275445700408 0.9697392696472513 10234
0.5020803507420073 0.9820979706088753 10235
0.2118127348860677 0.2426748082578278 10236
0.2167339737988473 0.231613832638031 10237
-0.1333381493050972 0.8757337795847351 10238
0.5114526226750388 1.24795785006848 10239
0.5048990798643515 1.242112542308891 10240
0.3607870672046938 1.325668234727684 10241
-0.04185190992369733 0.3638855395804966 10242
0.01102463485207401 0.25487652440282 10243
0.00152908661249268 0.2442058185625529 10244
0.4064117937518593 0.3117620466743836 10245
0.1267638799074942 1.401118074695264 10246
0.576783262997051 0.5669004843963832 10247
-0.04890148614792191 0.8416632674763261 10248
-0.1701733025406761 0.9607749292629221 10249
0.6143088100220163 0.9848405191257316 10250
0.1662688892483036 1.234876142457193 10251
0.1560349158570702 1.239033807437384 10252
0.5605281780992496 1.393093364845753 10253
-0.05696118783660039 1.263657026283545 10254
-0.0443326890509556 1.256953278934189 10255
0.5623730083798599 0.56948298404221 10256
0.1020329559130076 0.166493375410425 10257
-0.06335316222432462 1.250432462521045 10258
0.1912686195012682 0.626777802272749 10259
0.2011455730085699 0.6318006171040644 10260
0.5642081486316245 1.468493358950739 10261
0.562779480992445 1.451948838769899 10262
0.4833387901719711 0.3244013448722214 10263
0.4931193969588056 0.3286983534230729 10264
-0.02363885663583376 1.098046175679055 10265
-0.02859204809811544 1.090983604941463 10266
0.0009845812736079432 0.01153551230281894 10267
0.4829143946901739 0.5810538307281521 10268
0.2999490958627262 0.764097828413001 10269
-0.1412714186586385 0.6368357208494881 10270
0.004725888625131566 1.431722105815914 10271
0.007041713547529639 1.442360252963627 10272
-0.003572073805805433 1.446247522042686 10273
0.1572505026774736 0.4421829536981022 10274
0.1597527061379206 0.4515627335153578 10275
0.1464913156351461 0.4500647896639122 10276
0.1351079884980667 0.4487256113192739 10277
0.1441976516016147 0.4596177611282956 10278
-0.09241380708991648 0.1891776964292203 10279
-0.1026226917872435 0.187019459254949 10280
-0.09160102121344553 0.1794656649861474 10281
0.7438596783945464 0.3003140377704906 10282
-0.1139683896370978 1.203113856198516 10283
0.002507712805786596 1.422275059236985 10284
-0.09036763162911836 0.1692046662030746 10285
0.08268167709444628 0.5553461918026403 10286
0.08011426479052548 0.5670438165926256 10287
0.06855069240380668 0.5513612601356405 10288
0.6337883869332014 1.001505147295693 10289
0.619865941760973 0.9999789188560678 10290
0.4792370769898459 0.5056196117258098 10291
0.4477334299425177 0.7941386095607572 10292
0.06699729269472385 0.57405221050265 10293
0.6107082556001641 0.9929526205885922 10294
-0.1211825010363753 1.32707885398886 10295
0.1910274212388937 0.851202958114605 10296
0.3052656441372322 0.7880747067303706 10297
0.3002754350060157 0.7792435380551943 10298
0.02728685112290052 1.087582079326967 10299
0.5914490102568306 0.7729481377376288 10300
-0.07311684020951582 0.5641314087405589 10301
-0.1196840594125791 0.1979525211491078 10302
0.6410408614889396 0.3824213486493445 10303
0.5444919276786634 0.6032106503651118 10304
0.539239692400479 0.5933276349205201 10305
0.05339400883036009 1.392330323492855 10306
0.06394798084666363 0.3494239663850811 10307
0.05339433582984236 0.3537404907765156 10308
0.6771008156585467 1.210962189782146 10309
0.1768928047151661 0.925266923892516 10310
0.6166173711118712 0.6374652344945213 10311
0.6125219639670518 0.6260010541252381 10312
0.6442725321963425 0.3923435104282403 10313
0.679795197266294 1.218881268498246 10314
0.04918696358937456 1.214932553794809 10315
0.05879920824081831 1.212095997074622 10316
0.05168761903909531 1.224530188058785 10317
0.6068836383998936 0.6425959713224647 10318
0.05670579967218542 0.3638406615163741 10319
0.1443128017099738 0.7773884585140624 10320
-0.09588550551547718 1.25360451679254 10321
0.5306653938846234 0.32604228537993 10322
0.5598327041731601 0.7735229146340035 10323
0.01319570583047412 0.9593378818299155 10324
0.6247114551549676 1.062343937068523 10325
0.2715632268711942 1.237804113720276 10326
-0.1685274474097203 1.363379886764529 10327
-0.08280623865647037 0.717485553747593 10328
0.751110244249741 0.8340283423221175 10329
0.7612208434494161 0.8401644832671816 10330
0.7484564856562599 0.8255945242531232 10331
0.7578812770458374 0.8211909673072102 10332
0.2021485419580588 1.054058655998012 10333
0.594081099196738 0.9097111732999288 10334
0.58331131509893 0.9176260135277918 10335
0.2467773749783044 0.479779527400527 10336
-0.1070883504655424 0.4895406902043942 10337
0.2648908226536589 0.2492205290377767 10338
0.2625597168138855 0.2557916269123989 10339
0.2916216286936242 0.3522285879503831 10340
-0.008206899656937241 1.154789143974302 10341
-0.1195670708096834 0.4847160826090025 10342
-0.05463404601977411 0.9056291753093862 10343
-0.0441884023441027 0.9063673289959719 10344
0.7346839564696189 0.762555864816357 10345
0.291329680023296 1.468255738601436 10346
0.2804979639448089 1.468447433742691 10347
-0.1042056393033457 0.3654362754499353 10348
0.4713133133040062 1.005716059472329 10349
0.4612171756456107 1.007699907932368 10350
-0.1369081710309659 0.113653394980059 10351
-0.1428632957197069 1.1691263445865 10352
0.6365012542328184 1.187297238417682 10353
0.7827204957938649 0.6119727203264558 10354
0.171538263125615 1.095559242922951 10355
-0.1709652556766682 0.1509208493645119 10356
-0.1799352029182433 0.1495364579593121 10357
0.1528839004554905 0.06655131562013622 10358
-0.06655677638858817 0.1955425185827338 10359
-0.06442190239758318 0.2097043471140745 10360
0.2478769661239714 1.151822180792834 10361
-0.1149480371428884 1.283804215590134 10362
-0.1056655121561841 1.294231590428706 10363
-0.1329812602382847 0.782678672535815 10364
-0.1248580001476631 0.7734632620595679 10365
-0.1556763428578069 1.27611550170976 10366
-0.1894331149274267 0.161442025316361 10367
-0.07834898861117708 0.1482796206771525 10368
-0.07024749792712076 0.15372072094558 10369
0.06829479201958263 1.105591105686884 10370
0.05689556979341214 1.109320759477119 10371
-0.1075027749884269 1.159241544895142 10372
-0.09773525494892124 1.150768485140802 10373
0.2602833575607774 1.145228176845702 10374
0.440571355320711 1.429024169799661 10375
0.4303092259749826 1.433711615635703 10376
0.43647565688206 1.419255103557932 10377
-0.01559571281677904 1.24604458149164 10378
-0.05328019434926353 0.5303410025161134 10379
-0.05875659871753981 0.5381187277480411 10380
0.3982929984107491 0.5238859895657149 10381
-0.02975689253070636 1.292782388509777 10382
-0.01850813202201235 1.292044593580851 10383
-0.09432049212913343 0.9861825163073793 10384
0.1141646576943298 0.3618619870273652 10385
0.1029064884823345 0.3561418181718221 10386
-0.09466469577680382 0.9964636870488555 10387
-0.02032084154111591 1.012154398654508 10388
0.2522830640390575 1.301177986337321 10389
0.2512954526916731 1.31156861547332 10390
-0.02609847611149999 0.2024964444012431 10391
0.565763815423676 1.342290030225158 10392
0.1079310577360839 0.3700004334315246 10393
0.05806723696731466 0.8165730321946202 10394
0.05583732025431432 0.8017002397833041 10395
0.2922526363011723 1.457547206680548 10396
0.5518600135381845 1.049660936364379 10397
0.1587675473951051 0.6013620766908222 10398
0.3792641140049589 0.7797045025823743 10399
0.3690848932855612 0.7778582926293964 10400
-0.03811348710415833 0.2071896852842713 10401
0.1153729012943198 1.123769130381359 10402
-0.01671601919920616 1.091575646453979 10403
-0.07490670631614657 0.228102958300259 10404
0.2734796211663691 0.6720899978280365 10405
0.2568514260973543 0.6705790701473652 10406
0.5770500630360019 0.6130078902845167 10407
0.5787500588920218 0.6224295102915353 10408
0.4220564382706265 1.165231976485343 10409
0.734334379253841 0.2941625364749887 10410
0.5814618681650381 0.6323171687452985 10411
0.570418956400122 0.6325261535421122 10412
0.4885333298916413 1.167092209826878 10413
0.4794276968828424 1.163575836563271 10414
0.4912366542452581 1.157336334046877 10415
0.5988362024190502 1.390964679454418 10416
0.6018164781027485 1.380652308380431 10417
0.4460296021917106 1.438539846798873 10418
0.4315254383670092 0.4021418802699277 10419
0.426265369584398 0.4087342784023501 10420
0.7561875062484746 1.278029037797556 10421
0.7668144633411998 1.274270847783533 10422
0.5969575639618031 1.399225653255879 10423
0.2571943274545369 1.467675361379711 10424
0.3817334287514043 1.021838906909798 10425
0.3750009849866959 1.009637083733339 10426
-0.05043674608068803 0.7945605089889981 10427
0.2790472993079892 1.244960162774432 10428
0.5033239252271161 1.064792241655888 10429
0.5127302856437618 1.053751817862696 10430
-0.05052540658949652 1.243508147095265 10431
-0.101649468685695 0.1572255436079315 10432
-0.09238745700486235 0.1453716727365369 10433
0.4325182796425134 0.1896958817868414 10434
0.4207990786413703 0.1904737108947065 10435
0.2809833712561954 1.415543088056957 10436
-0.1781689734934852 0.3906821793290367 10437
-0.01087063178684007 0.07283857044525292 10438
-0.02356798584114407 0.07477150758389682 10439
0.433474512297763 0.4130490126656244 10440
0.7443596321163621 0.3773320643909001 10441
0.2484683251730494 1.089489309553095 10442
0.07734000519462983 0.1863938727501848 10443
-0.1267520973009399 0.2756340941247224 10444
-0.1307488850339361 0.2852235606632953 10445
0.08667161529292348 0.9576249693331158 10446
0.09180251049641006 0.9639128457968039 10447
0.07958784819500708 0.9639428215073401 10448
0.07248986610269527 0.9717254705127297 10449
-0.1266123194103817 0.2985416919814129 10450
0.5221605451328827 0.3113338170213368 10451
0.5240562096371454 0.322760732490128 10452
0.123206314492025 0.4584805483256478 10453
0.1232018386567833 0.4482926203774543 10454
0.6718619621885202 0.790336711767625 10455
0.4285826006313199 0.4586581016398302 10456
0.4267890576513541 0.4690953604410887 10457
0.2679867515950949 0.3605719412605812 10458
-0.004122260492777812 0.2343263305765528 10459
-0.08881479075450238 0.1069589782711845 10460
0.5678634042923597 1.32564646561343 10461
0.7914901374928615 0.4690207452100603 10462
-0.03688360240499257 0.1086132741494506 10463
0.1648293086807012 0.8352882265974786 10464
0.1735594110769701 0.840100793154517 10465
-0.1259212127631201 0.6044658907710039 10466
0.5411543491427582 0.3175146376119704 10467
0.1481416306011524 0.3358589992230867 10468
0.1565912474518167 0.3285076140423631 10469
0.6635086224427744 0.8944842503431071 10470
0.6768756992238569 0.8930278093787593 10471
0.6712074644615541 0.9026981946266045 10472
-0.009762060505407334 0.2420676387843586 10473
-0.02176791045995267 0.2457215502325828 10474
0.0007483260006068204 0.05674770312496651 10475
-0.06646866684775821 0.9253815095305616 10476
0.4107510357734954 1.29299903849696 10477
0.3968982178886498 0.2427511988277083 10478
-0.07921567261929283 0.945414352776637 10479
-0.1922864220221001 0.6083222485160517 10480
0.1332275939163026 0.4666654945164239 10481
0.1246337295569157 0.4679001299287004 10482
0.2690914429873607 1.468191396545588 10483
0.5995355044395098 1.065175128876878 10484
0.2859198499414668 0.3215212605491685 10485
0.03425957869235106 1.453377934940433 10486
0.03785714686592163 1.467247293562136 10487
-0.02426593658859793 0.2357942246227008 10488
-0.03656908702812256 0.2287252013571239 10489
0.2513973301356755 1.32081582526349 10490
-0.02150583727715269 0.02021810947758592 10491
-0.00972860528051249 0.02209201561345563 10492
0.7246466406938284 0.5671912633619005 10493
0.3220893835673416 1.473627374626779 10494
0.7492374466015045 0.616803371091422 10495
0.7393630674657865 0.6157107899828109 10496
-0.03399771311268763 0.962741753754951 10497
0.1384464588099039 0.1768591647290062 10498
0.2807645984781875 0.1114001097138871 10499
0.5176951188878397 0.8771531369012548 10500
0.04071931729846995 1.331742774073652 10501
0.1933200394224188 1.218905969628325 10502
0.1846844272867654 1.223699893508009 10503
0.5487024702929599 0.7028203251109442 10504
0.5558765483904988 0.6888621290544623 10505
0.5476709006284186 0.6960120721158853 10506
-0.01445762044989705 0.09187542587194915 10507
-0.006584481319275175 0.09583588715825803 10508
-0.02076483090348272 0.09904136993455347 10509
-0.1627109308139545 0.9648168256083096 10510
-0.1442783766168667 0.2670571984007336 10511
-0.1396872883248272 0.2572713183495174 10512
-0.1354259607305812 0.2715850355740168 10513
0.06265269991947499 0.7088995907160119 10514
0.07089057885658441 0.701720043479754 10515
0.5287946220571548 1.302186149188427 10516
0.5316784110104714 1.309958863431705 10517
0.4731378267107734 0.8470027344728589 10518
0.4650283308011107 0.8318937687199448 10519
0.4764106877369214 0.835834492954784 10520
0.7714497574750748 1.359041813498883 10521
0.2485760991778382 0.2485118860611608 10522
0.2466603568498995 0.2552279214611765 10523
0.573555066582262 1.33491005749946 10524
0.08307591456897734 1.094716375102313 10525
0.07680581334244674 1.101162600090678 10526
0.09865296179670788 0.2623226040999928 10527
0.5128744639230802 0.3504031530635577 10528
0.732524504838085 0.2807536127940922 10529
-0.0285149103354681 0.1050285732345166 10530
-0.1243495205454687 1.201356094130586 10531
0.7239668677244974 0.3978527672030431 10532
0.7343123512426721 0.3976491506647513 10533
0.6951565711417134 1.485371712858847 10534
-0.1275391872700232 1.212672716391043 10535
-0.1344522903649691 1.20706796775507 10536
0.03397911816508128 0.1899571581641676 10537
0.03235402307453093 0.2008983314147967 10538
0.01798750947058572 0.1991496658672504 10539
0.1775049266292423 1.189197864905509 10540
0.1680249434426548 1.189647089639973 10541
0.1671804894383382 1.179971708394238 10542
-0.0461029309157511 0.5374256979263292 10543
0.2156231558443015 0.7300374000388146 10544
0.4519232252006362 0.6928458009840852 10545
0.4632584296275012 0.6969104286384777 10546
0.2089576384472323 1.378413078985238 10547
0.20523968061806 1.369921015202359 10548
0.2118165090650387 1.388097053448818 10549
0.2364393674798885 1.097959899934031 10550
-0.009331758929797873 0.08524909360982705 10551
0.2594162199193549 0.3534657550103065 10552
0.2501999554125549 0.3608502089265776 10553
0.2515178354059742 0.3463424636622755 10554
0.2978463658341008 0.7925567566323013 10555
0.4389426763643382 0.9467827317079898 10556
0.4490259360975386 0.9362541700645495 10557
0.4487715095947776 0.9452166642995505 10558
0.1248971926474139 1.288397417348517 10559
-0.1485691537249005 0.2767235961618358 10560
0.3033612688421205 0.5954565489962693 10561
0.2986628108767752 0.5860969261712425 10562
0.3029636536835755 0.2989043765642451 10563
0.7625522237910404 0.8592380946271108 10564
0.7535263924168752 0.8628475020035089 10565
0.4954337457576638 1.146414662634967 10566
0.097169785281016 0.3483756390179192 10567
0.09112307875652521 0.3596321711921329 10568
0.408167968877995 0.5282015978666276 10569
0.4141457558824397 0.5177204663782267 10570
-0.0179599738571919 1.154190162058511 10571
0.2369719841045793 1.389067943143217 10572
0.1051051661548788 1.328821604786947 10573
0.1020429624152944 1.315698610002373 10574
0.4513562885793831 1.010013729024991 10575
0.4627994925108028 1.017003015323941 10576
0.5928107773598227 0.7847220363762897 10577
0.5514002684608152 0.8361486999658048 10578
0.02583720776776932 1.141302940619543 10579
0.09262110975571859 1.076550286311776 10580
0.1070171650340977 1.072084800353676 10581
0.7653603600950153 0.3973585299984829 10582
0.7552898620951549 0.3977428421841067 10583
0.252338741721831 0.8529854328875401 10584
0.5136032243942137 0.9442619569648336 10585
0.5262776863839616 0.9483214714227675 10586
0.06023446646515555 1.191785611870384 10587
0.05274087701649727 1.185330459365358 10588
0.3386562819059428 1.238925956165854 10589
0.1758942177624493 1.229671120262172 10590
0.1815567299419137 0.6212819341183624 10591
0.1281838020318808 0.2439645251384645 10592
0.4148276956153114 0.6174093294168165 10593
0.4213194896010716 0.6110757018952203 10594
0.4278784543405735 0.616753926137548 10595
-0.02387427099419993 1.360217608001542 10596
-0.02968499823559683 1.352239687771706 10597
0.3255390810634322 0.7968448001965239 10598
0.3341421454840526 0.8084715161557537 10599
0.08641129892117827 0.05205881879580671 10600
0.2117144386898962 0.2229275910731341 10601
0.5289955163761374 0.2572312901253224 10602
0.5215032181322184 0.2488910101714871 10603
0.120912230664462 0.2370497324447986 10604
-0.1124120378929616 0.1781917891673022 10605
-0.1023926081026751 0.1675665673127839 10606
0.4074261148621925 0.179165213987487 10607
0.3962788991984393 0.1769483116125485 10608
0.6089372096798916 1.291151193607335 10609
0.1101621611556287 0.9351219840666837 10610
0.1012570732468883 0.9435426115719368 10611
0.1005899269141048 0.9341388191293467 10612
-0.001794698577873364 1.337053701902695 10613
0.3363644488273936 0.7883499219225885 10614
0.6500947070946401 0.975007983703046 10615
0.6541095284286063 0.9843603192653625 10616
-0.05101144651099517 0.202224827241916 10617
0.7569716286010872 1.350907839586932 10618
0.1859395000608887 0.5109581952493613 10619
0.198798241755896 0.518203495431098 10620
0.425683964327476 0.4800902852819681 10621
0.4253591983893469 0.490651617863464 10622
0.41556541228548 0.4911217485264175 10623
-0.1243189125167024 0.2535160597980842 10624
0.09784572016340767 1.338802862144289 10625
0.4969330011209363 1.170124467189016 10626
-0.1931643090042996 0.6193152716636617 10627
0.004685885735984697 0.4948335691818019 10628
-0.00365897239920253 0.487983176727385 10629
0.02054705759159124 0.5471757871026988 10630
-0.01098094511983354 0.4947882177969756 10631
0.5481521400364525 1.235068432232022 10632
0.5573103307549282 1.225817494504648 10633
0.02434196755123197 1.183176341155597 10634
0.1799895812966991 0.7518403574199484 10635
0.523204524395264 1.051221999938206 10636
0.03303244978187067 0.6362088256518763 10637
0.0375881689752473 0.6497261615708892 10638
0.2047865440863644 0.212393003312979 10639
0.2219002972857377 0.21738841854357 10640
0.1024571359840683 0.2491220631424071 10641
0.2133582753731885 0.3908532666835821 10642
0.4420633115047281 1.176041187004125 10643
0.4336254567565009 1.170087504273326 10644
0.4453773451902291 1.163309877396016 10645
0.3751175202293769 0.9635200840191473 10646
0.3840713180215626 0.9655278117116566 10647
0.002374771213994843 0.5854287740471873 10648
0.6154159804257244 0.8282752700810715 10649
0.6227798954120344 0.8238004218134337 10650
0.7382901725903463 0.6844949180584929 10651
0.7909729419110153 1.16963440304638 10652
-0.00766811882842992 1.470968980372621 10653
0.0792146591559328 0.05772795499514594 10654
-0.08604299040156185 0.6645283271715335 10655
-0.07619968536485035 0.6680992806058661 10656
-0.1203784089728423 0.18199462689375 10657
0.733920655729827 1.191730497152558 10658
0.01052498786173148 0.2654572064790618 10659
-0.1726947691251605 1.10470998178986 10660
-0.1616580484112175 1.107476661131536 10661
0.1084135411642328 0.6933641219524642 10662
0.1015165724487822 0.6864400139726577 10663
0.1094838287480082 0.6800100333498496 10664
-0.1536379343492495 1.103321249604145 10665
0.6941786109832657 0.5111118653674449 10666
0.1324158581539213 0.9925796109056716 10667
0.1379275405938344 0.981298610529964 10668
0.1441189450739869 0.9928119731791457 10669
-0.01982922957093034 1.327503543942729 10670
0.4097041799267226 0.5767487902305083 10671
0.4176224965482343 0.5815677627662261 10672
-0.1040138369126572 1.477996509746108 10673
0.2043251799167618 0.2006951753871086 10674
0.4255519131355617 0.5852038654704724 10675
-0.09592295616584467 0.6609349378506221 10676
0.7900888149709147 1.488031139810597 10677
-0.1904612871870999 0.8777267761961342 10678
-0.189784208500515 0.8887961784952813 10679
-0.1902122214369804 1.008257914027515 10680
-0.1881836792260988 1.017554904387817 10681
-0.09928842635578851 0.3449929150354213 10682
-0.1059926844344162 0.3557600750137269 10683
0.1787899592031164 0.9791143009011101 10684
0.1624898961990784 0.9802633466591485 10685
0.6375742717358814 1.474480284249455 10686
0.6257191695066568 1.478315866748456 10687
0.3079487250392081 1.119452189667189 10688
0.3186596229153955 1.129524223461169 10689
0.2027898740476788 1.205676323110908 10690
0.212917602981836 1.214689885881811 10691
0.20292956748487 1.216462935963798 10692
-0.04270589700741979 0.5565542873472212 10693
-0.05020345894237749 0.5501346739195045 10694
-0.04051237375979055 0.5448430724465324 10695
0.6321378848980899 1.490524209822664 10696
0.4390420101416967 0.4722768489180979 10697
0.0866664001573368 0.3400703263362806 10698
0.05445172925684172 0.8227659339430092 10699
0.1298843841675951 1.026286482749713 10700
0.1407554813232449 1.029611839576745 10701
0.1760923137790409 0.6309471876799866 10702
0.1725172516318042 0.6151641439897646 10703
0.4551861956422485 0.5938460036160269 10704
0.4471975678522417 0.586353708947032 10705
0.03955252983248216 1.449079957656795 10706
0.1630749195654358 0.6364223493039226 10707
0.462995123268908 0.6019551151642724 10708
0.4480804215678353 0.6016826686744413 10709
0.2321247701517845 0.7992417140208281 10710
0.2274344696670125 0.7914319258879335 10711
0.2360322913432475 0.7869004237773842 10712
-0.01839495829729863 0.9031333602371625 10713
-0.02250555738870003 0.907997302053099 10714
-0.09386887278860724 0.3613107101091265 10715
-0.08330623086885469 0.3558618355193721 10716
0.1859313123880963 0.9715137614246431 10717
0.1923176979375432 0.9635788342897519 10718
0.5957758132417074 1.372330106173694 10719
-0.1230962383539824 0.2666740242655229 10720
0.5895997813811383 1.363639313168062 10721
0.396161003914449 1.35412905543481 10722
0.3893972238085747 1.344630794770663 10723
0.383096352033398 1.35894265807422 10724
0.09010369833064701 0.9351568101778107 10725
0.1014932281017961 0.9245937610138472 10726
-0.03533171437392253 0.9049496794139849 10727
0.2954188257735542 0.4987000936249519 10728
0.3732553701297751 1.471304186856578 10729
0.3838316757258481 1.476686106490747 10730
0.6015351320481315 0.6232565282119233 10731
0.6011823677389776 0.6326866761363129 10732
0.2405606586322739 1.18276790992219 10733
0.2401518688451904 1.171670723848885 10734
0.1416008517560209 0.3285511283902919 10735
0.7034491484121396 0.6051501624313939 10736
0.3980286963831774 1.30873573795999 10737
0.406429477702562 1.313731588551266 10738
0.3934179560515449 1.316593655158177 10739
0.4810231520664909 0.6155678271598468 10740
0.4922886091447075 0.6135251301066883 10741
0.0785383368812535 0.1561706680876073 10742
0.08033631284659956 0.1472715981533151 10743
-0.1911301703549017 0.5054958108170089 10744
0.5454229289499222 0.4287503977244179 10745
-0.01788466283232975 0.4512858624482057 10746
0.7516975637477309 0.9262244498513771 10747
0.6679774154531811 0.8457099505186296 10748
0.788241659468458 1.257229465378759 10749
0.7819265913546484 1.252991645341808 10750
0.7902283965219007 1.248618086466397 10751
-0.02235506381988783 1.337758510227806 10752
-0.02966965340484944 1.342858728454216 10753
-0.04214540025277988 1.348346321132617 10754
0.1291071759713536 0.1258968317250317 10755
0.1200201698905399 0.1279479800557904 10756
0.6067211932854326 1.09531330795402 10757
0.6042002561616137 1.105193296023124 10758
0.2837501315708332 0.3596281921817392 10759
0.05321592368920922 1.166441543229576 10760
0.1539964798597933 1.063573091484875 10761
0.1189027473314584 0.4106199655602499 10762
0.7891100508829306 0.3231851538623025 10763
0.03158762143143287 0.8047332578280236 10764
0.04108652514000236 0.8009545942313904 10765
0.03388150447003411 0.815054211937791 10766
0.04715032941965731 0.8234455347004963 10767
0.71499420148949 0.9933071923903336 10768
0.7164200568306929 1.002913046226998 10769
0.7052674475968537 0.9974585331665993 10770
-0.02627486916122561 0.6866496827147369 10771
-0.03137529228312534 0.6740865996518338 10772
-0.009497838180457697 0.5083366522381697 10773
-0.003193608968199747 0.5125405144327826 10774
0.1962509346379825 0.1524832405613677 10775
-0.07105962057963149 0.1835623329247964 10776
0.04687833055613595 0.9085243655245205 10777
0.04604587284071664 0.8939592341782896 10778
0.563161841384004 0.5935927297111875 10779
0.3801222120219012 0.185925973906031 10780
0.03925495284823623 0.9161542981996376 10781
0.1485635422561807 0.1224816989999281 10782
0.1502067323411651 0.1331593067785761 10783
0.138555477261769 0.1246294894125238 10784
0.63822539760425 0.8642008790144993 10785
-0.03072984562027853 0.70433535655595 10786
-0.02879198198339739 0.6951047570693992 10787
0.4722880746135019 0.3856543802889467 10788
0.4815074647713561 0.3940392002710676 10789
-0.008996218996506895 0.4431877303932167 10790
0.2105299330433898 0.612771472709305 10791
0.2054354066541068 0.5987412113468648 10792
0.3432659809425941 0.8107514047778778 10793
0.3446670709431847 0.8012230698233349 10794
-0.005251539677529912 0.01803245516319214 10795
0.3215866261431031 0.7443626881979777 10796
0.3287173113258429 0.7320073214715187 10797
0.7144957688479135 0.9826591166335549 10798
0.09776803750181975 0.08934052488651006 10799
0.09622975782916614 0.07957989949679098 10800
-0.08899916598696962 0.8823371206521948 10801
0.5634566124154603 1.064827694779896 10802
0.5570446606638708 1.055161784631472 10803
0.02543285142785105 0.1775765779823519 10804
0.0152702368950848 0.174945613023169 10805
0.01737814601641708 0.1670178861252 10806
-0.03842842339930221 0.8247007224085409 10807
0.5692453913310495 0.7656593314720759 10808
0.5650455822633077 0.7534902177369318 10809
0.09896844417032469 0.967915980035064 10810
0.09371811580819603 0.9759031321710995 10811
0.7546049955371829 0.5869713786650321 10812
0.2856748582980079 0.3905103970745649 10813
0.7589313093467734 0.5954307447457978 10814
0.09653933446373435 0.9895522265503234 10815
0.2932433944047813 1.257849151539461 10816
0.2946265256856838 1.268372191625449 10817
0.2846991131165246 1.268811103851972 10818
0.2955843408988729 1.278906091295163 10819
0.2594076891897968 0.2661540265584847 10820
0.09717568915851427 0.09891636321683187 10821
0.2192201899589516 1.030865287277677 10822
0.2088786317245486 1.030233572047131 10823
-0.02716969295516323 1.444729200884749 10824
-0.03551839527394501 1.449888346441026 10825
-0.04307449233831757 1.452810090516045 10826
-0.03215293788336868 1.459205162559823 10827
-0.07826848607745567 0.726915760553264 10828
0.2871410176087096 1.285884830722174 10829
0.2766286760357708 1.279185681829293 10830
0.2793588030645655 0.3998975020173676 10831
0.4307386746475264 0.4288757931406463 10832
0.4372686563480503 0.4222001779532246 10833
0.4398318070807952 0.4283557648278045 10834
0.4820053761871586 1.014923507116332 10835
0.4520129027752156 0.4329946135997412 10836
0.02500941039899125 0.8428869902721342 10837
-0.127010005938927 1.223713763351991 10838
0.02074048088339388 0.1390004133990088 10839
0.02769643847938123 0.1276412169343044 10840
0.6810660948293977 0.9037910969634573 10841
0.6892996273084532 0.9013328350415848 10842
0.4291879472433732 0.5120777446964651 10843
0.419911853784572 0.5083227266704126 10844
0.4239066386693058 0.499815285039127 10845
0.7748765083853031 1.256228372337695 10846
0.6036872873391861 0.9883216358777582 10847
0.6176008643757811 1.436819542050958 10848
0.6134986547675907 1.446051078492517 10849
0.5244360409192735 0.8606488030179882 10850
0.2687888948998163 1.136749190696189 10851
0.004036583669308466 0.975580680921817 10852
0.1628883627311384 0.7630506409715204 10853
0.1584270002400521 0.7715412506795821 10854
0.05725798706314513 0.4586823968007623 10855
0.09683831513441175 0.5576083444714285 10856
0.1346409187539748 1.224127926016566 10857
-0.08122182890241689 0.1915315869568124 10858
0.6414027501403097 0.848449581423389 10859
0.2285267839439492 1.173155824756992 10860
0.1945691765201495 1.097461662292171 10861
0.380426012492898 0.2147413552562635 10862
-0.1666046990504673 0.03337682006871888 10863
0.2401483850307755 1.343922848001245 10864
0.249549612227047 1.340061330172877 10865
0.104980883119926 1.03758607155224 10866
0.09671162244833695 1.025038076908216 10867
0.111734451063784 1.02553730212917 10868
0.5326518216211203 1.123771878682505 10869
0.5346364082654917 1.111923129034802 10870
0.5290478739055406 1.332310201987002 10871
0.08609141889468003 1.361022326677158 10872
0.09112389821227418 1.372485360074262 10873
0.5232006756883164 1.122889773491459 10874
0.4069687921270737 0.4950298340041859 10875
-0.092268520421184 0.8382581869232824 10876
-0.09653693146722035 0.8952153034776222 10877
0.2765289699072914 1.187177355587937 10878
0.2641620468518729 1.191361518140714 10879
0.1552213521391914 0.7808941661396404 10880
0.4331411216606048 0.356433843977156 10881
0.1437522490536105 1.036353052133978 10882
0.1369370109005675 1.043832981390531 10883
0.7233645327176765 1.192859915593818 10884
0.7134326261834294 1.199819875206204 10885
0.7125912752218657 0.5533373293340738 10886
0.1244726799259842 1.044725455020641 10887
0.7196432342725693 0.5602090342566757 10888
0.7271998144659807 0.5541025395125622 10889
0.1116098751056388 0.1315493929470025 10890
0.5879131424975417 0.6126151271355444 10891
0.601352350380977 0.6098995319524882 10892
0.7160293892251722 0.3568922020415543 10893
0.7080040663048869 0.3665854177974863 10894
0.6656140517658576 0.4896099642104721 10895
0.4714212245502834 0.8548838984468322 10896
0.3725005601841624 0.5491572881127049 10897
0.3769291440086782 0.5583442118199464 10898
0.368034050156908 0.5597649391519354 10899
0.2677637285668348 0.4518635817487933 10900
0.2724750727404618 0.4402103114964194 10901
-0.1330819057123165 1.029484824599699 10902
-0.1415202424034122 1.03416461176978 10903
-0.1286258801919236 1.036878697488954 10904
0.7137244423860847 0.3767270110742646 10905
0.3320908142004035 1.480481929659329 10906
0.2635746650426735 0.4575722391655125 10907
0.7237190967313417 0.3769001196291576 10908
0.7340085036934392 0.3770278634979232 10909
0.7235641599034697 0.3873288523332586 10910
0.7898164257038744 1.23794666861309 10911
0.2568544058887694 0.4660536717772944 10912
0.2448690368195399 0.4678339336244646 10913
0.255909686934339 0.5536110709103326 10914
0.5600503287930533 1.285405275598535 10915
0.5596366924898696 1.272704476698471 10916
0.5279468751037872 0.8799910072630143 10917
0.5226593204379968 0.889670248790414 10918
0.2177725938131247 0.6164436206956416 10919
-0.01367815785706434 1.450452266375225 10920
-0.1271180192807002 0.4703277961538518 10921
0.7313238434427841 0.7072865439780445 10922
0.7237821822522597 0.7156542082786805 10923
-0.19047482095292 0.4620148721333581 10924
-0.1094454729182837 1.419468764775546 10925
0.5216291730651947 1.091260289871933 10926
0.5097446566863725 1.083103465367035 10927
0.1125060936534722 0.4336823271834733 10928
0.0986171960528094 1.366639036980789 10929
0.2686343082006411 0.9192027461602474 10930
-0.029556748782794 0.453093054789427 10931
0.5290124520792097 0.6978970433922453 10932
0.5299755102531977 0.6861473108874585 10933
0.192915741315334 0.194873691584027 10934
0.1936866920923398 0.2071657722727362 10935
0.1420600386934568 0.06285387309996282 10936
-0.1095296206719271 0.1852874565155931 10937
0.4729347340960843 1.021830922592527 10938
0.4046793023495701 0.3239278722617413 10939
0.5096188191606565 1.040823439049238 10940
0.4625289114280592 0.4788325938193437 10941
0.3656184063174035 1.005274762200416 10942
0.3593025303092486 1.014153395651365 10943
-0.1459419405579793 0.0769114773769162 10944
-0.1456044726746003 0.08534001612444156 10945
0.0325854809168343 0.9233603537721571 10946
0.1699147382025749 0.6003555735263698 10947
0.1741513499658751 0.5898895113990839 10948
-0.04165775578915533 0.6696607765959827 10949
-0.05173933232007875 0.6653929571708154 10950
0.3841331744465242 0.6688267160420206 10951
0.1158617320957135 0.2282618786176662 10952
-0.08406244900034594 0.1407703071847141 10953
0.1334474659901356 1.11415788500639 10954
0.1232838248618503 1.113663836020515 10955
-0.09207774728622811 1.275240103776637 10956
-0.0890719918353981 1.265333450682566 10957
0.1071828394208325 0.2334767215915296 10958
0.2217790026127948 0.7833199698858461 10959
0.1821782154897361 0.8457656511054515 10960
0.2524052570143576 0.234994784323359 10961
0.2603532501915541 0.2439991627452948 10962
0.4551140567347476 0.4113215056197101 10963
0.4628203660817028 0.4248804694654816 10964
0.4184113789870089 1.430311225097312 10965
0.2531398734745751 1.403135363154546 10966
0.6865702027386793 0.7389912036682436 10967
0.01286906755817881 0.3209211307828648 10968
0.01419181756948581 0.3062212105356072 10969
0.1501865010151249 0.4121932208744602 10970
0.1601204419225185 0.4168574249979003 10971
0.1499216345337804 0.4221957302133956 10972
-0.1758060937709892 0.4699400709634851 10973
-0.05434584294571433 0.9902127960697191 10974
-0.06554202229975527 0.5551342235205254 10975
-0.06184985327300355 0.5466387561670227 10976
0.04242019380042975 0.6662423811634037 10977
0.03393485381234676 0.676271501064351 10978
0.2102932515806941 0.8951249915289734 10979
0.2235302301376602 0.8902987979692203 10980
-0.05478562645011511 0.9997157067904348 10981
0.02514302254558663 0.4255145990019547 10982
0.4373414339935192 0.9186660875181155 10983
0.4441739883787337 0.9245991659018157 10984
0.005061646709468889 0.7870155527473198 10985
-0.04438890307230934 0.2384466891261172 10986
0.7464921953127595 1.314793149040756 10987
0.1419314605960139 0.6386832597472639 10988
0.1549827101587541 0.6340279213292648 10989
0.1411562855851708 0.6265306536808839 10990
0.4440026171987053 1.097551376795116 10991
0.2712418132512853 1.352036885950271 10992
0.2270697416781648 0.2036237129926241 10993
0.3961422276671813 0.788745335424235 10994
0.3889736783461347 0.7832203238895157 10995
0.240458025330554 0.8443122704016349 10996
0.6226540809443412 1.259322580603747 10997
0.1720355573280172 0.1859886981161313 10998
0.7264868756145694 0.5002866278436845 10999
0.3852092933501443 0.7917006856658344 11000
0.3180581453441343 0.7243764277750856 11001
0.6624252445734263 1.240568848672887 11002
-0.07326374312623499 0.3493267832274577 11003
0.2453270959516684 0.3750674081319468 11004
0.08797823754501298 1.08608589324042 11005
0.07081666219012762 1.439567211760413 11006
0.106551098880838 0.1424875853404718 11007
0.074812160245323 0.3445068595240815 11008
0.3695639822179931 0.5375500885276447 11009
-0.1905163606478636 1.040611582045472 11010
-0.1815997706177676 1.041793700552366 11011
0.4352234889044179 0.6215483377871082 11012
0.4395698934679184 0.6104548987478656 11013
0.3633107751841178 0.1889456252518879 11014
0.3534539483075704 0.1823780243693398 11015
0.3576077495193922 0.1737329469553324 11016
0.1014214734319642 0.1489828710031642 11017
0.09291310949526817 0.1403678001801084 11018
0.5606587794890753 1.37625908415483 11019
0.6877625632752083 0.8928844999276494 11020
-0.1393469651008287 0.8094691917445723 11021
-0.1364686780133437 0.7999508088911447 11022
0.5537774478507961 1.384574050646512 11023
-0.1339808507043413 0.7909985918629663 11024
0.1902452984075818 1.08803045929459 11025
0.1497660637181487 0.4317633406701558 11026
0.4924195684433434 1.240264787833745 11027
0.5003946055240324 1.234231994869187 11028
0.4420940694797226 1.368856929528073 11029
0.4504650543672603 1.376551514554937 11030
0.380245656620504 0.8857020180000813 11031
0.483854885464626 1.246203613865006 11032
0.4784848454399175 1.237226070995823 11033
-0.1804536357488588 1.083759613919881 11034
0.4123216470403929 0.5027760890375419 11035
0.4123627431307792 0.6307965550163552 11036
0.40736570150674 0.622717128725032 11037
0.202998721181606 1.228773204557708 11038
0.2835549139505903 0.6535775047894046 11039
-0.1048566399046346 0.8989282238935314 11040
-0.1086627450723956 0.9100063168925758 11041
-0.112973862609959 0.9035604429918086 11042
-0.1187299063570134 0.8954979059529068 11043
-0.1265069025484162 0.9004997652544284 11044
0.3505053037441092 0.6163205826075839 11045
0.3375913865446042 0.6217777386158306 11046
0.03759132519856381 0.7755291517497171 11047
0.2895572682846739 0.5678963267146637 11048
0.2948163406946801 0.5536863611361543 11049
0.04106317940055484 0.786298189283458 11050
0.03034644043462111 0.7863871242840049 11051
0.2139390022643319 0.1986512870614901 11052
0.04217630858799796 1.302297533135931 11053
-0.02723881127183028 0.4419159800372044 11054
0.2939663325576248 0.5767562936868059 11055
-0.173210447512657 1.072945963318008 11056
0.3568965656699927 1.030041096320642 11057
0.3513104191869282 1.020763534599739 11058
-0.1547704648468306 0.8624746320532695 11059
0.0427567585371124 0.1162207361524319 11060
-0.1634951589171582 0.8696275743649148 11061
0.2785730291692834 1.425402724072899 11062
0.288738501390162 1.426974415303189 11063
-0.1900649353372183 1.465800503874457 11064
0.2958863422704825 1.437635819660843 11065
0.2985672779866099 1.428118176801669 11066
0.04441885736351259 1.318019494680958 11067
0.03499712613587299 1.32484267057115 11068
0.02918735343177895 1.318579644952664 11069
0.165807158755743 1.169709148155528 11070
0.03452547564860374 0.1145002669292362 11071
0.1647442353877255 0.6084651390240076 11072
0.6564805032934008 0.3059582341990856 11073
0.3818586618804705 0.2080165188183097 11074
-0.114385549899851 0.9184182077204929 11075
-0.1288751086166177 0.9222348033657178 11076
0.2268154857439388 1.393567456434126 11077
0.2408195677056814 1.398200848185 11078
-0.1453187868233699 1.074973754266581 11079
-0.1535634520510226 1.083820406947347 11080
-0.01635578584333816 0.3915060065003247 11081
-0.02106944966399307 0.3861751900148754 11082
0.7250052318103047 0.3666234246081105 11083
0.5939223836549771 1.3474062089592 11084
0.5842138700501628 1.354221167034038 11085
0.5789133835871904 1.344530072816959 11086
0.1560608815378104 0.9885575617502961 11087
0.1530320030204572 0.9755128180903385 11088
0.05124367314108371 1.406518769566235 11089
-0.1729804357648695 1.040026524694667 11090
-0.1773287132666099 1.031404890350084 11091
-0.1260184450456141 0.8892758397488693 11092
0.09451162933488279 0.3680222556836093 11093
0.6420552722690129 1.491042107014543 11094
0.3541109988651672 0.5735220509767914 11095
0.6008860253637085 0.9310982426587283 11096
0.6089444319175744 0.9289055842186628 11097
0.4525708370861199 1.447524305327223 11098
0.4787937529046667 1.043207574218968 11099
0.3472458201314145 1.014600675846445 11100
0.3373757950927498 1.014667465847527 11101
0.5258004105204149 1.013022124409838 11102
0.3286748619527012 0.9841209987242844 11103
0.4185744664922688 0.4453534748212771 11104
0.3219453114815526 0.991650614452716 11105
-0.06967537116737105 1.182458197330882 11106
0.2534154989190574 1.328734672977094 11107
0.3674727657168782 0.6084628151198272 11108
0.5219010912746739 0.5203832478507014 11109
0.3604568433447594 0.6117131680922061 11110
-0.05312482664384881 0.01831877756516406 11111
-0.02940272587278224 1.469316346161158 11112
-0.02659085868344025 1.479446428188095 11113
-0.03928682319264678 1.471658083652388 11114
0.002630243348484301 0.09679667583069537 11115
0.0377662272576282 0.7509458006757529 11116
-0.0326814539282165 1.490943530048999 11117
0.07006948363877284 1.041320132770508 11118
0.07868304069063188 1.034086845305991 11119
0.05859506487566334 1.0366566006834 11120
0.1655977370792366 0.6670275408011979 11121
0.1654651282645517 0.6818330573637461 11122
0.4631812277051712 0.8588648963060903 11123
0.452161245810786 0.8665529705643166 11124
0.221549414331973 0.3949480009689191 11125
0.2937617874134166 1.195954840540575 11126
-0.06633663977292277 0.6717245634421176 11127
0.5390084878582478 0.6972449616009732 11128
0.529688188265551 0.7087568380612912 11129
0.0455790227596981 1.45117636296175 11130
0.05053411959895394 1.461714042846039 11131
0.3708642830321639 0.4495363971627889 11132
0.3546044884123487 0.4544806787565896 11133
0.7448233855194374 0.3977202676403834 11134
0.6856226769302178 0.4627182534369637 11135
0.6857643762496036 0.4717756731904936 11136
0.3801711514331162 0.4537461782189631 11137
0.1211419620785706 0.8155735403957787 11138
0.4275598294712102 0.6051608238609458 11139
0.7916993423976599 1.34550317684282 11140
0.7911741321133883 1.33604775503627 11141
0.7136589423056927 0.7698784463844073 11142
0.7235133565160402 0.7664179661460361 11143
0.6450996286266116 1.472171394204558 11144
0.6478654021816097 1.480989406385131 11145
0.222948724009905 0.1952787646703511 11146
0.6331504247244402 0.5813219081982425 11147
0.6207516873802337 0.5850311996735478 11148
0.6150276466574428 0.5914832331663984 11149
0.04676639070643198 0.6536942277849082 11150
0.7764385628922634 0.5665364197408911 11151
0.7870620829474214 0.5731618914127278 11152
0.002620965066013128 0.8348953568508762 11153
0.1414691224644437 0.4686531891010642 11154
0.629313324322011 0.6794525250913868 11155
0.424562561863802 0.6622699323152783 11156
0.4143063708835968 0.6551775110437692 11157
0.6154213555641287 0.924195373166051 11158
0.6226523163877132 0.6820293182107411 11159
0.02561204683836728 0.9186151443955969 11160
-0.1639711567327122 1.035265607675109 11161
0.6008799763718445 1.407252437642045 11162
0.2838687261904765 1.180277839965369 11163
0.4489889136599578 1.152203310579699 11164
0.1058167644983595 1.464112970632839 11165
0.1224383878406671 1.025563054311674 11166
0.111356395939539 1.015610255545967 11167
0.1662716499344872 0.6938990111750205 11168
-0.01980058128565584 0.4036168580933874 11169
0.2002057155231405 1.034962429946429 11170
0.1987865223551524 1.023403790958966 11171
0.2536533876340999 0.777026302460277 11172
0.19857011518662 1.043578697666431 11173
0.1890908975299673 1.038652108741942 11174
0.3529442789352344 1.301204030307305 11175
-0.04144671714677428 0.250306559218908 11176
0.5918304691625638 0.6320827357195257 11177
0.6009402621356357 0.6387968639733393 11178
0.3231887180715798 1.007900217270308 11179
0.3668546873241356 0.7875431558108854 11180
-0.04886542890505704 1.472231512836977 11181
-0.05764401598058713 1.472693989147348 11182
-0.04993045151139301 1.462626515269624 11183
0.06356808064409876 1.411019199009223 11184
-0.1885637387115871 1.031582167674653 11185
-0.04664394256527445 0.8216818224029456 11186
-0.04869797713330806 0.8310836896803425 11187
0.1184416777948315 0.7097811951865415 11188
0.1133738377932402 0.6986633241024799 11189
-0.01053578716451198 1.461042217350304 11190
0.09485449322630393 0.6782991857140619 11191
0.01666205452165392 0.1589160398415274 11192
0.2603699365509435 0.8398547443052792 11193
0.2961389696296339 1.235716655869487 11194
0.480924386082653 0.6979444232473756 11195
0.291117163603819 1.248416741412884 11196
0.391876342852696 1.491283525803146 11197
0.2841025038605997 1.250077798914764 11198
0.2926790523982289 0.7712186162973959 11199
-0.1660938832231239 1.237726959348822 11200
0.4720173617401249 0.6984606505569411 11201
0.4784528494714555 0.7073254035835099 11202
-0.1347632554084901 0.8323779205094394 11203
-0.1423600602262228 0.8189898370931439 11204
-0.01155525723035972 1.07070678310286 11205
-0.01098167408464491 1.084608141947788 11206
0.614810673173364 1.181637801732537 11207
0.6270783803744888 1.187724149317134 11208
0.6199242462788566 1.195593756747479 11209
0.5372738002937029 1.095632335286081 11210
0.5400161833846098 1.4012000427228 11211
0.5472561302562811 1.409909962651102 11212
0.4617332630658525 0.8842259002274427 11213
0.4537964596630126 0.8782276697516933 11214
0.4669973392624444 0.8757667981655403 11215
0.7313470727549168 0.538072607788063 11216
0.7357766386985347 0.549010243630035 11217
0.4164494691226779 0.1618713163108238 11218
0.7271920950977331 0.7496012581231994 11219
0.05546678834264367 1.36490824645634 11220
0.01158126446709341 0.1834520037835838 11221
0.006645872912345723 0.1709083931096395 11222
-0.1821556102042562 0.4641644493081865 11223
0.5469854033881351 1.392982450932533 11224
0.4199660039408971 0.4356874626953671 11225
0.4672212058452737 0.4975347332869225 11226
-0.00711205834365818 0.8394410001094901 11227
0.537302678774309 1.301430185172408 11228
0.7136896248260836 0.3987572572067649 11229
0.7031279811016934 0.4003860767103878 11230
0.2160908485435787 1.397971562388315 11231
0.6679093943367769 0.9156225887166504 11232
0.6728689288817213 0.9106697538064668 11233
0.3863965738685282 0.5714658920017792 11234
0.3781302107580446 0.5772160859571963 11235
0.3808914136851302 0.5636510506368549 11236
-0.1797848481814115 0.8888130948927259 11237
-0.007309318236194937 0.01168866536373394 11238
-0.01784900914178956 0.009420731368441394 11239
0.3564104443115338 0.8353165736709129 11240
0.359376163303011 0.8258212527693292 11241
0.3474611237567948 0.8316711257779106 11242
-0.08217158851966554 0.2284232245069135 11243
0.2452458396038285 1.406628470992475 11244
0.1992386225683594 1.362188387464833 11245
0.5262269384872356 0.6784108469293066 11246
0.02390245100727586 1.070853718584589 11247
0.02055808402078844 1.062662706722292 11248
0.02510270685334053 1.079332740261539 11249
0.7149153047881678 0.5135627478351099 11250
0.7074814649684982 0.512705712616866 11251
0.411099065256861 0.1702236804894376 11252
0.05394237866704142 1.233853277348756 11253
0.7458225668343014 0.2910801486268637 11254
0.7453072012373365 0.2812270499393527 11255
-0.1049844545486052 1.339642597470074 11256
-0.113469827002627 1.332570253628408 11257
0.1556471849652642 0.8310524076453141 11258
0.4489668933057641 0.2853774640569979 11259
-0.005012006454125159 1.088823255168135 11260
0.002222397223313464 1.085579676509267 11261
0.5929775600092434 1.057847805458439 11262
0.5872995624578978 1.062983988473152 11263
-0.05305856005710587 1.009024317100498 11264
0.7348456390048081 1.239752495194099 11265
0.7042382498514149 0.5728646112954053 11266
0.6976774785079103 0.5833171780505259 11267
0.09735770355810679 0.8616474004200342 11268
0.512078397836056 0.4301628095862256 11269
0.7275559414688781 1.241456449330193 11270
0.492323640980579 0.3930164857831746 11271
0.7179011105361852 0.5196975297665019 11272
0.7230253772375036 0.5284341298773965 11273
0.7111612519052197 0.5351597393344983 11274
0.09166448021782013 0.05900574255908218 11275
0.7704589160905269 1.033343762510254 11276
0.7687182058730132 1.018955238354589 11277
0.1284418388415012 0.4101996402070402 11278
-0.04271842532759416 1.49120773356459 11279
-0.1694201557940616 1.08216131810913 11280
-0.1618711325071722 1.087269927414361 11281
-0.1711022554936975 1.09443767224207 11282
0.100882517904437 0.05631854897293444 11283
0.3470585588743857 0.8751474287539018 11284
0.5169443890368448 1.10218059472705 11285
0.5145169311003458 1.109911182316085 11286
0.6462410593155757 1.200968616543185 11287
0.1087501902691909 1.044059485037046 11288
0.7146486182175394 0.5673437677954999 11289
0.1346955795075709 0.9677727288557931 11290
0.143638041406061 0.9716293057327313 11291
0.6253117496274524 1.440697688828321 11292
0.6334139957348803 1.433241543273091 11293
0.1517138501281179 0.622849537066644 11294
0.04991191333942333 1.307451223997143 11295
0.05505322715144306 1.31930428758734 11296
0.3555517509622028 0.7945134438094663 11297
0.3461370584485124 0.7913852000475003 11298
0.5269259713819251 0.8704623245812224 11299
0.7906686950592166 0.4220719249997751 11300
0.4342697258661152 0.6002552422207295 11301
0.3824204496490829 0.8996401528839637 11302
0.7177635942731491 0.7241447250520108 11303
0.7152576033695324 0.7308704055953511 11304
0.1423688921007607 1.001079143650108 11305
0.7919537919931293 0.4801002996627848 11306
0.1233562815267247 1.034875478202008 11307
0.115013365806308 1.04442861766682 11308
0.7302816728983234 0.4850307301354282 11309
0.6763314444265639 0.8794033122581559 11310
-0.01992072724816187 1.465244189049226 11311
0.1390878798021501 0.4103539948979787 11312
0.3889744398616715 0.9232708982655226 11313
0.5571703106630432 0.7507548370289432 11314
-0.07848264245503943 1.301101664792622 11315
-0.08689380348160151 1.296876277218434 11316
-0.09392165312974315 0.9019957641562375 11317
0.5960852513785788 1.042872479654135 11318
-0.1604501759615387 1.263595526275925 11319
-0.1677715602931969 1.273809536710471 11320
-0.09569440799881354 1.294912417510698 11321
-0.09433537663324985 1.285282522720433 11322
0.2672375932458055 0.5868814165278631 11323
-0.01363558198262745 1.337689220249996 11324
0.1062740097536382 0.5492738363564681 11325
-0.1929893811481874 1.317079114896959 11326
0.5369743576725131 1.491380434727175 11327
0.3722252189134752 0.1912747455323248 11328
0.0846722325568099 1.025775056911922 11329
0.09093460958387801 1.016671151703965 11330
0.3963960651571412 0.4382475252054583 11331
0.3834378926797919 0.4448630790001268 11332
0.1688144450705083 0.1637996733686441 11333
0.6243598501928758 0.3547918184790815 11334
0.6525806128357023 1.460574804675925 11335
0.4902997493993159 0.7189024350616267 11336
0.09784113362857594 0.2381142661991608 11337
0.09435631952033763 0.2277259651073321 11338
-0.1529657619862537 0.8138675602721709 11339
-0.03442852821554585 0.09847728928198278 11340
0.7035176589910548 0.5948208883294107 11341
0.7094571877449339 0.5847021468029497 11342
0.4408388229190427 0.4166195775764556 11343
0.4440542885664204 0.4059661496316863 11344
0.08157267483104332 0.1379150682636622 11345
-0.181134501678835 0.4991859069490706 11346
0.714222995801999 0.6012030780014561 11347
0.2309926625329766 1.213162944720485 11348
0.2435641337727755 1.20309911814335 11349
0.7908968955231457 0.3573960497262663 11350
-0.04343588858114431 0.7880352595595386 11351
0.791495840797837 1.038755028413891 11352
0.7909260460680908 0.6758724447410097 11353
0.5595448552536996 0.6333605068885714 11354
-0.03615187192303482 0.7494881509012375 11355
-0.03505162305440796 0.7402872118411086 11356
-0.04512043855325907 0.746000579493874 11357
0.529242812407597 1.321443253221208 11358
0.2045936442162783 0.8918202564780042 11359
0.4989708334041586 0.7933209317418897 11360
0.4183798626905737 1.299149093827552 11361
0.2227033319800776 1.19248227515378 11362
0.2224805755139215 1.202914709318406 11363
0.212992694966656 1.194233973138056 11364
0.0361321189958679 0.1798105141375246 11365
0.2223557920250231 1.213279318824055 11366
0.6324446134442813 1.197362161938039 11367
0.7825048410868021 1.352293588764624 11368
0.0185764600046156 1.255584745661881 11369
0.7746118063199628 1.349790431385181 11370
0.7769550572962374 1.34323946276464 11371
0.2060957163377484 0.6220582918378191 11372
0.2797512741571861 0.5518100290739621 11373
-0.0211202343136408 0.8964692529794256 11374
-0.03438789712357023 0.8932851198831819 11375
0.000954624154140213 0.9603560027139709 11376
0.6933425337040428 0.7325049569552897 11377
0.3057790660199368 0.2874495353798407 11378
0.2034168786707102 1.195567916080226 11379
0.2034540964377403 1.186514923540661 11380
0.1943901225678469 1.194830063436929 11381
-0.05087838829564157 1.45325696175169 11382
0.3473135326367687 1.316078882708609 11383
0.2720008650622689 0.689266476613034 11384
0.2593702584987121 0.6921355108021526 11385
0.5118674725505102 0.2929583486231483 11386
0.359722939782592 1.313185212658244 11387
0.383927557280635 0.8003340538274942 11388
0.3745874734261354 0.7990979514213142 11389
-0.01500032764909077 1.261108542702822 11390
-0.02178425087272916 1.255203713198892 11391
0.4020823392496796 0.5708295153014032 11392
0.548570362592351 1.280216484306321 11393
0.6986543989384649 1.255159194936837 11394
0.7009858216645284 1.24569359721116 11395
0.7096800628868657 1.247056895123301 11396
0.2415894947165516 1.190263573237389 11397
0.2540838674023885 1.196202852539433 11398
0.2408137618720188 0.3317652979472805 11399
0.2449876250009788 0.3391987966265649 11400
0.736569020878044 0.5291091607809466 11401
0.6491716069562777 0.2933500211554359 11402
0.6419138225801507 0.5812785156370718 11403
0.6513626045393682 0.5781460604691768 11404
0.4009992951131431 0.8463221220190225 11405
0.09106617186321048 0.1576058434947561 11406
0.1513225792072002 0.9940761197081224 11407
0.04896344687449608 0.7945950998034434 11408
-0.1020671933021484 1.274173384434104 11409
0.4553773863878722 0.9200783048821002 11410
0.409669386595534 1.466642588542567 11411
0.4013523742066891 1.470723375295676 11412
0.4052234156473855 1.459182350258329 11413
0.1320809548989958 0.9560427056550093 11414
0.126473778205091 0.963322866681127 11415
0.1212548970638245 0.9515381542939977 11416
0.1184505243078129 0.9739256344647385 11417
0.5631720987367124 0.6424101606996648 11418
0.7813061235274603 1.031478205225203 11419
0.07064472966634064 0.3685089271825882 11420
0.08096002416574742 0.3637407938377707 11421
0.08746319974772554 0.2408807306445064 11422
0.2549383020052955 0.6844810102400044 11423
0.6827157699807005 0.8859858632856656 11424
0.07064346117320544 0.1357157356460219 11425
0.4900906492300379 1.046514727712963 11426
-0.02588330239613084 0.3668129863404432 11427
-0.03050787475265033 0.3795955430686801 11428
-0.03508693747452441 0.371521554604709 11429
-0.02870406935293057 0.08076316484016635 11430
-0.03509348784354465 0.08659413710264995 11431
-0.08376906358925847 0.4532298672302087 11432
-0.09277493785477244 0.4488790069260256 11433
-0.08530171350577716 1.029023345331448 11434
0.5208173674709307 0.2990369154559707 11435
0.5190029005157016 0.285509280972664 11436
-0.09592494859028582 1.027341022031597 11437
0.6005817428512106 1.450782709104835 11438
-0.09868054089210505 0.4467513473279248 11439
-0.1072837318089418 0.4436107628048541 11440
-0.1028686881681261 0.4349911196754243 11441
-0.08764289533508253 0.3460314617795009 11442
0.1304568487955429 0.9315366228607994 11443
0.3612527898533094 0.1644037905309197 11444
0.4674086182720725 0.7951677537023898 11445
0.3926221779660942 0.7995466648225596 11446
-0.02186083410999563 0.08633644228102366 11447
-0.01725671505781436 1.144840746660164 11448
-0.02060432838465686 1.135824563749631 11449
-0.008258525437082406 1.128762008710451 11450
-0.1829830906690515 1.024614362097177 11451
0.07466498099919025 0.4169133407328511 11452
0.06976907889450235 0.4256054083795806 11453
0.03036374346517057 0.7951094327910732 11454
0.2449594117064957 0.7824205748279586 11455
0.2500208329533401 0.7911928834290766 11456
0.2541728793616962 0.7997851841308021 11457
0.2605641576132428 0.7969111481937895 11458
0.4567196031998967 0.3883887576574925 11459
0.4497855164953576 0.3825868063008284 11460
0.3367436277601753 1.193170848758248 11461
0.6653416924308926 1.382385958719138 11462
0.4513301067107681 0.396350741560043 11463
0.2363164479903696 0.8076042097695967 11464
0.2334533864901455 0.8207256080075158 11465
0.225714914120631 0.8114498361321116 11466
0.1998284800124829 0.5843265409665992 11467
0.703833458985452 1.236989459327263 11468
0.6123672030109247 1.024654923700048 11469
0.6098350226362486 1.014871310256261 11470
0.2510263291547228 0.2595676819074115 11471
0.2679810837938051 0.4310166297335776 11472
0.2454279824085214 0.8037361550709763 11473
-0.1134045798899304 0.2610883583960859 11474
0.2517030125221951 0.5480469123909589 11475
0.08967980303139048 1.186202881491328 11476
0.6090122528890491 0.5991329505196588 11477
0.2881188473647118 0.2660874180542382 11478
0.38131082943855 1.320220626985821 11479
0.3718356371210658 1.317511274783922 11480
0.08494213502187167 0.1694145485957448 11481
0.3703679826779185 0.5827505761928646 11482
0.3650987591726487 0.574990859670004 11483
0.5915402190450899 1.032801447044984 11484
-0.1521137805579166 1.266666820438819 11485
-0.1536179178714421 1.095479788090344 11486
0.08012672759241873 0.1783398229326431 11487
0.08834028802388326 1.116526490351259 11488
0.466997058080829 0.4900672414827058 11489
-0.0272167570058408 1.127298938001426 11490
0.1631949230110221 1.066918764391461 11491
0.171702484406107 1.070133656877594 11492
0.1693903768881346 1.077965534328127 11493
0.5293643830896149 0.3052194356769509 11494
-0.1459386654603174 1.046247096597676 11495
0.08311146350719975 0.9491441337297842 11496
0.0942369650024138 0.9537331853853561 11497
0.07984470103544573 0.939280397826094 11498
0.3738974173259368 1.035200678625262 11499
-0.1472406290922928 0.905853901902349 11500
-0.1498187383501036 0.4990353627820714 11501
0.3650985291193205 0.7970666302915571 11502
0.2094952560277534 0.8163417355621315 11503
0.0731613749833907 1.114437737353459 11504
0.4187967736972063 0.7712305659661008 11505
8.734579717962896e-05 0.1643399581248353 11506
0.6960604131914889 1.002594148884728 11507
-0.08186797595777104 0.5249507875749075 11508
0.4816773195436174 0.6052993039495426 11509
0.4707109535610122 0.6092516699400611 11510
0.3635550985929045 0.8066397763870941 11511
0.6096086001582577 0.9176492496388789 11512
0.6214324877703764 0.9176215068384196 11513
0.3523659888928652 0.8135095263524587 11514
0.341426251313891 0.8198904868911965 11515
0.5610954694568056 0.8317948958324751 11516
0.5561157083851858 0.6533139186451594 11517
-0.116005060515603 1.070304686595571 11518
0.0605027125219388 1.400550473636844 11519
0.7691811145298673 0.9379398795597186 11520
0.7689542632105221 0.9277212816164753 11521
0.7598747121790864 0.9274505629305675 11522
0.4380014911834292 0.3967430261320603 11523
-0.1325627498340583 0.9125245214238455 11524
-0.1358091503341525 0.9036323578275309 11525
0.2390321701779214 0.7741024174414326 11526
0.4369507883120385 0.3849450435220076 11527
0.4424600698999762 0.376719358211528 11528
0.4337943770645901 0.3913322256976486 11529
0.100326884032914 1.006607635656805 11530
0.7709064000907117 0.6075620339615997 11531
0.7650171287515417 0.6015195618245391 11532
0.4293376755530521 0.9488410604742814 11533
0.15799095731378 0.6158253191067236 11534
-0.1123949349986165 1.273650038210537 11535
0.7192640706875959 1.010816138289163 11536
-0.1497796403935487 1.039576759694298 11537
0.7114424412289966 1.016188885508364 11538
0.2859813048266466 1.191554770479746 11539
0.4889823971718636 0.5998438033094219 11540
-0.1470119820578172 1.411136826060695 11541
0.6769082588262467 0.4776038936901017 11542
0.4439680876118266 1.020557435385111 11543
0.4421836399745513 1.01255179347735 11544
0.01354184265292912 0.7841375781671054 11545
0.59933460691769 1.339634702101203 11546
0.7072019012315381 0.7337082841916954 11547
0.7145878570790506 0.9724413192823287 11548
-0.09030905616915702 0.5144333168661869 11549
-0.09918955657434188 0.5106332933292119 11550
-0.08771306954214234 0.5075622590340643 11551
0.6808738615992974 0.7824780906128989 11552
0.1443304571711329 1.141010500372476 11553
-0.05105247910218302 0.0265387462443388 11554
0.7605512645711463 0.6091319559738787 11555
-0.04402672006401372 0.02404232148039386 11556
0.1759875958518546 0.9371517485966485 11557
0.1864703732164059 0.9401448888183789 11558
-0.1413385746137357 0.9251690530137686 11559
0.05111957955894347 0.6646277349579992 11560
0.3617069693210848 0.8161981611560798 11561
0.6115930033455195 0.8675371577320199 11562
0.6005003893868732 0.8586111610754579 11563
0.4819599380294077 0.2074526135680649 11564
0.07383694585523361 0.4401321365592605 11565
0.1186665259527364 0.9427622465882122 11566
0.1117216000610379 0.9523541231995968 11567
0.2570222028901212 1.13658829694057 11568
0.2757551698921815 1.26941835416414 11569
0.1023738686328291 0.9524226823407628 11570
0.1020269008966048 0.9603267403847091 11571
0.7680715684571551 0.4073734555289852 11572
0.03399491517133241 0.4298013088219035 11573
0.04462319076098014 0.4372973064729364 11574
0.7709546996601702 0.4177255840304991 11575
0.05097729514560744 0.4492502489882052 11576
0.5241951087873845 1.10052951843483 11577
0.2396880672650767 0.3644555724954888 11578
0.4122479008109844 1.317740077276854 11579
0.3822888943288308 0.1983214560079213 11580
0.2936802528961657 1.447340769316107 11581
-0.01049373921348612 1.055823253209089 11582
-0.002814612579261567 1.064214109913053 11583
0.1047456719132657 0.06701479627089561 11584
-0.05914835424941924 0.8401110846919138 11585
0.4398276310010969 0.2449556729452716 11586
-0.09818389261531313 1.139173515049457 11587
-0.08560676581158196 1.137773467689249 11588
0.3998702081759499 1.238647491102506 11589
0.06553355306988484 0.9802828002995243 11590
0.1895417084121041 1.017495721592531 11591
0.1819700121069019 1.027519231743453 11592
0.7801931807981087 1.332385102069127 11593
0.1528897197287974 0.9568821666483815 11594
-0.1738297490179524 0.8741653897157703 11595
-0.1756440428978044 0.8801753371626611 11596
-0.1815939977404968 0.8702942475767966 11597
0.5894530812493545 0.9315448222648849 11598
0.6004580146987146 0.9217439981247579 11599
0.01224915247074891 1.066447710060732 11600
0.004458343983540376 1.071918454034739 11601
0.4333975101888577 0.5884707642165777 11602
0.1122095496363368 1.006310416660144 11603
0.1194506100710145 1.006753215362789 11604
0.4303435937094756 0.5947167655256345 11605
0.1918590439945506 1.169398719501579 11606
0.1797389839156978 1.166688602999012 11607
0.1931242827524845 1.162517144765441 11608
0.323720708360474 0.8273881301232034 11609
0.04314648451414384 1.177837369849697 11610
0.03345455594813804 1.18031319470185 11611
0.03441881700550161 1.189731581123648 11612
0.6965777181240317 0.5237283717302172 11613
-0.1026622985128829 0.4987868271345091 11614
0.4120819683868908 1.306574138972405 11615
-0.02518399594335619 0.7156359655844892 11616
-0.0329839735869956 0.7134476187604618 11617
-0.04552924166062598 0.7207847944974427 11618
0.3440928301116725 1.372501305282281 11619
0.5718449374896419 0.8363297449202225 11620
0.7237428443792132 0.9697463106823063 11621
0.1336801526006457 0.937549187235249 11622
0.1375085468397068 0.94596337917912 11623
0.245672923660936 0.7554433334354898 11624
0.668446944025058 0.4709307871165976 11625
0.670011729362604 0.4794383983906796 11626
0.1663546260750132 0.6593605205428871 11627
0.1659337432756741 0.1780310417556399 11628
0.5917189690779543 1.445282566292472 11629
0.3531393054555191 0.366397494889693 11630
0.3380673685602492 0.3672939393423363 11631
0.2989340300927157 1.186550007307849 11632
0.4073386721344944 0.4417686367828721 11633
0.2287882176902171 0.3698676385092116 11634
0.1695383391281452 1.086228328676955 11635
0.3790899493274418 1.367103340702919 11636
-0.1302435132865519 0.5906281675140702 11637
0.4268249762918201 0.1996343500139188 11638
-0.1838876937662581 1.320976404672083 11639
0.2322896679935482 1.191637874222133 11640
0.7435076636418633 0.5443820718667643 11641
0.1121317085580462 0.9836636406467807 11642
0.1082210948301337 0.9708516153852947 11643
0.501073450090766 1.082807530095042 11644
0.257503856514154 1.205273454716344 11645
0.5018385926416468 1.073819350832793 11646
-0.0780010792252509 1.441024531020327 11647
0.2077037273228126 0.5181630611884332 11648
0.05866969988166641 0.9893296661741017 11649
0.05089556349775701 0.9996697105707805 11650
0.536746779343962 0.311885791284401 11651
0.121780480060857 0.9875697386363451 11652
0.1062183489157151 0.993838988809509 11653
-0.05305349220548174 0.7417925878814653 11654
0.3146354848800242 0.9983243442216614 11655
0.7173688120280636 1.255313165900558 11656
0.4477368604595219 0.6658446792434379 11657
0.4376739895836027 0.663985144969053 11658
0.7440880812027529 0.3875013091659833 11659
0.458733182134791 0.7971778012938848 11660
0.2340458701402522 0.3782818750577204 11661
0.6278907199606111 0.9105928482061858 11662
0.1521794811887712 1.161384232987106 11663
0.1507599954562517 1.149825130749387 11664
0.1623416437218028 1.150867131740931 11665
0.008052377227722776 0.1604372744962562 11666
0.01387811947739146 0.149954237886682 11667
0.1332509228669081 1.154147223560367 11668
0.4983438161519451 0.6029875574666144 11669
0.3923595688471034 1.333979622408464 11670
0.1998144058165619 1.160185789876116 11671
0.1960403738104746 1.152663946019063 11672
0.08486152691224634 0.8443525502070957 11673
0.09101936195531517 0.8334074187037235 11674
0.7389844478254561 0.4997340618876369 11675
0.06501664006998871 0.4348124010888296 11676
0.05902121424192851 0.442804222908229 11677
0.7493371429313923 0.5383756424511921 11678
0.7675224844482219 1.122711685658901 11679
0.3135247309753262 1.04963532983239 11680
-0.04915145645283931 1.481229616711973 11681
0.1239861867076792 1.000956839845675 11682
0.1398713005714273 1.152805024314836 11683
0.366862273130986 0.9592193388684322 11684
0.7632089253269617 1.354447495448823 11685
0.7518758521922013 1.356053508972467 11686
-0.1200929662174688 0.2606799919435144 11687
0.1093829548851267 0.8190855116044371 11688
0.1942267571650722 1.072050151909844 11689
0.1964433641608825 1.063782039053411 11690
0.1013722265233485 0.8259006243640774 11691
0.7181707230415179 1.247726912168652 11692
0.7187181838338823 1.23491171189228 11693
0.7071259995951611 1.228618093898666 11694
0.6519274722537538 1.451783813395337 11695
0.2215073766709669 1.17404705978908 11696
0.2221501610240297 1.18296445287991 11697
0.3331346037468957 1.447892846710364 11698
0.4965592670458131 1.063347991636678 11699
0.3592135919357377 0.5680975013226982 11700
0.110829914381433 1.062220294154333 11701
0.1138626740848361 1.053010111043997 11702
0.1906961593028256 1.14496996454074 11703
0.18203401791757 1.150840592324867 11704
0.7137341553596301 0.9638348871273259 11705
0.05792515832611782 0.5900578120347597 11706
0.06323298980805092 0.582275453843751 11707
0.1960873402613593 1.00999358699481 11708
0.01021692751134778 0.1401236195083086 11709
0.1675639184141293 0.7550639171676143 11710
0.1717715324711604 0.7475386396325335 11711
0.04719870110927087 0.08524534801326265 11712
0.01326725606839704 1.079731664235027 11713
0.01096862496938165 1.29612454411446 11714
0.01319746925947241 1.309750293567051 11715
0.208051822115532 1.319086935137505 11716
0.668386980590188 0.4615546137866344 11717
0.6773573067983527 0.462680289139415 11718
-0.0858583242130037 1.255234285543421 11719
0.743932619185498 1.303294543619739 11720
0.149041193833834 0.9628064713799784 11721
0.1404097975288267 0.9566725191662393 11722
0.1900394151477934 1.231370204022736 11723
0.09583805884951642 0.07083566195184397 11724
0.2404036754826837 0.7618650188733785 11725
0.2337208646585502 0.7663181105756094 11726
0.07786464032159694 0.3544973161898447 11727
0.7132404230716274 1.145318008341102 11728
0.3900000950863063 1.323656703919441 11729
-0.1800809329189731 1.468427203632494 11730
0.04850584846735851 1.469692039983489 11731
0.1874184547252319 0.9294921020283017 11732
0.7712033005319624 1.263498599504138 11733
0.6099595449975906 0.2828348209544769 11734
-0.02348489473575846 0.7246496534810747 11735
-0.02776758922548306 0.7321103182856927 11736
0.05691506008453344 0.4292154663230761 11737
0.6856217845533871 1.337061774765385 11738
-0.01641969947025101 0.3612211685420042 11739
0.4973002868818366 0.3409606335265325 11740
0.5018160594601686 0.3496188724336672 11741
0.3925398546947329 1.47384682632118 11742
0.719384414716399 0.9548624754776897 11743
0.1568750712691386 0.627424338870457 11744
0.3931556149958632 0.3250144416077798 11745
0.6279028442630544 0.8169095663242275 11746
0.3346575434614236 0.3804471903027705 11747
0.3851579363570497 0.9125471417215713 11748
0.2069577127302416 0.7794161889717969 11749
0.1285112569521238 0.7567499773067544 11750
0.006900618637414219 0.1916299204715328 11751
-0.1389210517578689 0.3140274318344002 11752
0.05900692748072404 0.5547898345855974 11753
0.5825098161971378 0.925297725074822 11754
0.3967349080828851 1.482195603657736 11755
0.400424412482413 0.796077774030032 11756
0.05716775161732406 0.563799372912608 11757
0.6550370057227018 0.9678235805051999 11758
0.4044238390450103 0.803478992607643 11759
0.09943917571885677 0.3764092074271021 11760
0.0488085630833945 1.01079359868231 11761
0.04270585789251902 1.002075804274391 11762
0.4441101041106504 1.028833046637733 11763
0.09492358758430271 0.9132674970039606 11764
0.07063401923273899 0.1753159678886121 11765
-0.03812432009513678 0.8984768438603679 11766
0.6026042302539057 0.9131378090882551 11767
0.6988223370558322 1.012328717266499 11768
-0.02949029567334858 0.2477027794031477 11769
0.04659475405843221 1.017004705006666 11770
0.1912593760442957 1.181208868620632 11771
0.1859960240715093 1.19166799753061 11772
0.742764926184439 0.5335376319787091 11773
0.06015181989385548 0.5719966553644272 11774
0.05287013676080343 1.176215784837224 11775
0.499174628708806 1.043145827099289 11776
0.02183642794167702 1.313981705889439 11777
0.6247143389611058 0.72001491817194 11778
0.1697810711914852 1.150389464569497 11779
0.6021937448351681 1.028463956192982 11780
-0.05260260818247348 1.351495404788092 11781
-0.03527173019743168 0.7315723194336768 11782
-0.04696349668199346 0.7326475585844267 11783
0.02376698845296011 0.7864929112461849 11784
0.1053933947691984 1.360060139852756 11785
0.09881771914825378 1.35389514922469 11786
0.2029608212524568 1.003959251540567 11787
0.3347524641251665 0.8780779348540566 11788
0.4521628796502496 0.9282529601295747 11789
0.3584475791310426 0.5537635105141917 11790
0.2091120316436479 0.5892602995447328 11791
0.345993079623161 1.187494668997001 11792
0.7507715943927843 0.9331519435664754 11793
0.3571808638455049 0.5397827786704884 11794
0.351189108236874 0.5476376132215744 11795
0.2923672218139101 0.7991629579040203 11796
0.7713455360744546 0.6469510527893514 11797
0.2120552424637413 1.175663616230226 11798
0.2113715489212852 1.166273573833027 11799
-0.02761707680256027 0.3878255593809659 11800
-0.03082390389113131 0.399965901663337 11801
0.1777742390084991 1.084371544970315 11802
0.1852767458286239 1.079829310376917 11803
0.2070066486191358 0.5274078776596475 11804
0.3505772201160127 0.6751726303661791 11805
-0.1270936571122688 0.7642814264932231 11806
0.3711637998828827 0.9956565368247672 11807
0.3392517006657921 0.8284781883169726 11808
0.3316712151329095 0.8268365601022467 11809
0.0980967707906166 0.063387603738358 11810
0.6142206892924638 1.202227002544564 11811
0.1167695927829389 0.9365929132180498 11812
0.1262611056172198 0.940626990105361 11813
0.006795519180140544 0.2051726468681342 11814
0.2254398340686259 0.7295994514543664 11815
0.1949027596869363 0.8415118717139706 11816
-0.02614384951143704 0.4050046562422527 11817
0.4571150572393681 1.110405867623392 11818
0.4515148375407607 1.104709380891054 11819
0.5514383755184682 1.471804011442215 11820
0.5418326035742649 1.475120026060034 11821
0.7807495975471791 0.4155565967813253 11822
0.6029841863842157 0.785930918844303 11823
0.3692073012717751 0.526955158294595 11824
0.2163367896210274 0.7742280924311268 11825
0.2255475775871182 0.7700720153912064 11826
0.6340039506687141 0.3953143155336087 11827
0.6395581757848523 0.401260238492906 11828
0.003425190486388645 0.5089459507974791 11829
0.4652026819959324 1.111375380430118 11830
0.6494391237553688 0.4021412564752755 11831
0.6410388264522698 0.4091143154190719 11832
0.4025318335666852 1.450949040639682 11833
0.179173581594825 1.073961153200304 11834
-0.1043167514644991 1.350982884885427 11835
-0.01819869070830626 0.4422733463743619 11836
0.202421211148481 1.177699268340504 11837
0.4939256893246891 1.056263752870002 11838
0.1734623520122489 1.15645073905963 11839
0.7408338611716569 0.4806869654530364 11840
0.229191282130753 0.9580955786542025 11841
0.5502168223502515 1.292598784193538 11842
0.5457524614261826 1.303916160255209 11843
0.3631643933626015 0.5325958349331841 11844
0.5361783271245152 1.316586234261172 11845
0.5416582401606487 1.311206777721265 11846
0.2502308447075831 0.8425117156839215 11847
0.7841965181760155 0.4841824018358473 11848
0.4859254176710853 0.6551071196364278 11849
0.05381910658986733 1.301040289471183 11850
0.4344541560146054 0.3713059867445838 11851
0.3577057601142518 0.525982906667022 11852
0.5016365528992796 0.6111207490483155 11853
0.5513844325337944 0.3735854339831478 11854
0.1829459662341567 1.036056256317569 11855
-0.04156430444220919 0.0928984123511675 11856
0.6365611828824909 1.205549524590102 11857
0.3389012007131425 0.8702524098742153 11858
0.1962634112799035 1.237674984205838 11859
0.09141891034033665 1.348782331036922 11860
0.5459593856680821 1.482449678066208 11861
0.4268144904558908 0.6741328811517707 11862
0.6246784388854598 1.208507440168423 11863
-0.1476785069247968 0.5102417264210412 11864
-0.130408601431649 0.3213025015937651 11865
-0.04696484534999421 1.342005156532998 11866
0.2534474706895462 0.2213214089568238 11867
0.6846796925637536 0.4556209900654714 11868
0.7505462882245306 0.4768015393691237 11869
0.4102391871399049 0.8095411019836724 11870
0.7121089230151296 0.5756632396476647 11871
0.3523149731328688 0.5184587953461821 11872
0.3022145160968141 0.2800140333222663 11873
0.2934721750295884 0.2731175620032472 11874
0.7587638485784419 0.6179833770255228 11875
0.7669627167137871 0.6179785399258806 11876
0.7745858746333745 0.6154230088845504 11877
0.3916201408217593 0.9052587311175878 11878
-0.1520183078349732 0.9603203038269751 11879
-0.04766915257397398 0.486806672615605 11880
0.2393419168404746 0.3234312922854143 11881
NMARK= 5
MARKER_TAG= sym
MARKER_ELEMS= 16
3 0 5 
3 5 6 
3 6 7 
3 7 8 
3 8 9 
3 9 10 
3 10 11 
3 11 12 
3 12 13 
3 13 14 
3 14 15 
3 15 16 
3 16 17 
3 17 18 
3 18 19 
3 19 1 
MARKER_TAG= wall1
MARKER_ELEMS= 70
3 1 20 
3 20 21 
3 21 22 
3 22 23 
3 23 24 
3 24 25 
3 25 26 
3 26 27 
3 27 28 
3 28 29 
3 29 30 
3 30 31 
3 31 32 
3 32 33 
3 33 34 
3 34 35 
3 35 36 
3 36 37 
3 37 38 
3 38 39 
3 39 40 
3 40 41 
3 41 42 
3 42 43 
3 43 44 
3 44 45 
3 45 46 
3 46 47 
3 47 48 
3 48 49 
3 49 50 
3 50 51 
3 51 52 
3 52 53 
3 53 54 
3 54 55 
3 55 56 
3 56 57 
3 57 58 
3 58 59 
3 59 60 
3 60 61 
3 61 62 
3 62 63 
3 63 64 
3 64 65 
3 65 66 
3 66 67 
3 67 68 
3 68 69 
3 69 70 
3 70 71 
3 71 72 
3 72 73 
3 73 74 
3 74 75 
3 75 76 
3 76 77 
3 77 78 
3 78 79 
3 79 80 
3 80 81 
3 81 82 
3 82 83 
3 83 84 
3 84 85 
3 85 86 
3 86 87 
3 87 88 
3 88 2 
MARKER_TAG= out
MARKER_ELEMS= 98
3 2 89 
3 89 90 
3 90 91 
3 91 92 
3 92 93 
3 93 94 
3 94 95 
3 95 96 
3 96 97 
3 97 98 
3 98 99 
3 99 100 
3 100 101 
3 101 102 
3 102 103 
3 103 104 
3 104 105 
3 105 106 
3 106 107 
3 107 108 
3 108 109 
3 109 110 
3 110 111 
3 111 112 
3 112 113 
3 113 114 
3 114 115 
3 115 116 
3 116 117 
3 117 118 
3 118 119 
3 119 120 
3 120 121 
3 121 122 
3 122 123 
3 123 124 
3 124 125 
3 125 126 
3 126 127 
3 127 128 
3 128 129 
3 129 130 
3 130 131 
3 131 132 
3 132 133 
3 133 134 
3 134 135 
3 135 136 
3 136 137 
3 137 138 
3 138 139 
3 139 140 
3 140 141 
3 141 142 
3 142 143 
3 143 144 
3 144 145 
3 145 146 
3 146 147 
3 147 148 
3 148 149 
3 149 150 
3 150 151 
3 151 152 
3 152 153 
3 153 154 
3 154 155 
3 155 156 
3 156 157 
3 157 158 
3 158 159 
3 159 160 
3 160 161 
3 161 162 
3 162 163 
3 163 164 
3 164 165 
3 165 166 
3 166 167 
3 167 168 
3 168 169 
3 169 170 
3 170 171 
3 171 172 
3 172 173 
3 173 174 
3 174 175 
3 175 176 
3 176 177 
3 177 178 
3 178 179 
3 179 180 
3 180 181 
3 181 182 
3 182 183 
3 183 184 
3 184 185 
3 185 3 
MARKER_TAG= wall2
MARKER_ELEMS= 80
3 3 186 
3 186 187 
3 187 188 
3 188 189 
3 189 190 
3 190 191 
3 191 192 
3 192 193 
3 193 194 
3 194 195 
3 195 196 
3 196 197 
3 197 198 
3 198 199 
3 199 200 
3 200 201 
3 201 202 
3 202 203 
3 203 204 
3 204 205 
3 205 206 
3 206 207 
3 207 208 
3 208 209 
3 209 210 
3 210 211 
3 211 212 
3 212 213 
3 213 214 
3 214 215 
3 215 216 
3 216 217 
3 217 218 
3 218 219 
3 219 220 
3 220 221 
3 221 222 
3 222 223 
3 223 224 
3 224 225 
3 225 226 
3 226 227 
3 227 228 
3 228 229 
3 229 230 
3 230 231 
3 231 232 
3 232 233 
3 233 234 
3 234 235 
3 235 236 
3 236 237 
3 237 238 
3 238 239 
3 239 240 
3 240 241 
3 241 242 
3 242 243 
3 243 244 
3 244 245 
3 245 246 
3 246 247 
3 247 248 
3 248 249 
3 249 250 
3 250 251 
3 251 252 
3 252 253 
3 253 254 
3 254 255 
3 255 256 
3 256 257 
3 257 258 
3 258 259 
3 259 260 
3 260 261 
3 261 262 
3 262 263 
3 263 264 
3 264 4 
MARKER_TAG= inlet
MARKER_ELEMS= 120
3 4 265 
3 265 266 
3 266 267 
3 267 268 
3 268 269 
3 269 270 
3 270 271 
3 271 272 
3 272 273 
3 273 274 
3 274 275 
3 275 276 
3 276 277 
3 277 278 
3 278 279 
3 279 280 
3 280 281 
3 281 282 
3 282 283 
3 283 284 
3 284 285 
3 285 286 
3 286 287 
3 287 288 
3 288 289 
3 289 290 
3 290 291 
3 291 292 
3 292 293 
3 293 294 
3 294 295 
3 295 296 
3 296 297 
3 297 298 
3 298 299 
3 299 300 
3 300 301 
3 301 302 
3 302 303 
3 303 304 
3 304 305 
3 305 306 
3 306 307 
3 307 308 
3 308 309 
3 309 310 
3 310 311 
3 311 312 
3 312 313 
3 313 314 
3 314 315 
3 315 316 
3 316 317 
3 317 318 
3 318 319 
3 319 320 
3 320 321 
3 321 322 
3 322 323 
3 323 324 
3 324 325 
3 325 326 
3 326 327 
3 327 328 
3 328 329 
3 329 330 
3 330 331 
3 331 332 
3 332 333 
3 333 334 
3 334 335 
3 335 336 
3 336 337 
3 337 338 
3 338 339 
3 339 340 
3 340 341 
3 341 342 
3 342 343 
3 343 344 
3 344 345 
3 345 346 
3 346 347 
3 347 348 
3 348 349 
3 349 350 
3 350 351 
3 351 352 
3 352 353 
3 353 354 
3 354 355 
3 355 356 
3 356 357 
3 357 358 
3 358 359 
3 359 360 
3 360 361 
3 361 362 
3 362 363 
3 363 364 
3 364 365 
3 365 366 
3 366 367 
3 367 368 
3 368 369 
3 369 370 
3 370 371 
3 371 372 
3 372 373 
3 373 374 
3 374 375 
3 375 376 
3 376 377 
3 377 378 
3 378 379 
3 379 380 
3 380 381 
3 381 382 
3 382 383 
3 383 0 
