NDIME= 2
NELEM= 6256
5 1157 1743 4745 0
5 1924 889 2718 1
5 1807 1209 4081 2
5 2050 1239 2882 3
5 695 1849 3085 4
5 2260 1081 2559 5
5 2322 2084 5640 6
5 743 2008 4262 7
5 1711 2615 4989 8
5 1809 1136 4254 9
5 2184 1062 2449 10
5 1193 1917 5194 11
5 2535 1219 2574 12
5 531 2344 3625 13
5 2198 4279 4691 14
5 565 2071 2738 15
5 2196 4283 4313 16
5 1279 2723 4217 17
5 1992 795 2680 18
5 1904 620 4325 19
5 3572 1541 4131 20
5 2740 516 5645 21
5 774 2003 4160 22
5 2541 3042 4099 23
5 2002 1090 2594 24
5 1085 2041 4498 25
5 1074 2270 2398 26
5 2507 813 3890 27
5 1137 2010 3098 28
5 1075 2162 4073 29
5 570 2348 3207 30
5 4129 933 5666 31
5 1179 2953 4570 32
5 2205 967 5853 33
5 2181 4355 4953 34
5 572 1856 4361 35
5 2629 832 3606 36
5 1017 2292 2468 37
5 2141 1447 4167 38
5 2068 889 2742 39
5 838 2128 5264 40
5 2568 831 3425 41
5 641 2208 3051 42
5 1389 4323 5039 43
5 2229 588 2572 44
5 2202 788 3354 45
5 2121 1058 4803 46
5 603 2847 5558 47
5 1341 3144 4361 48
5 985 2195 3006 49
5 2886 2369 4598 50
5 2351 606 3703 51
5 1700 3506 3856 52
5 2532 468 5486 53
5 2433 616 3591 54
5 893 1952 3356 55
5 560 1861 4437 56
5 623 1867 3537 57
5 2653 897 5040 58
5 573 2689 2722 59
5 1095 2255 3350 60
5 2193 4082 5031 61
5 1005 2246 5106 62
5 546 2153 3864 63
5 1080 2146 3554 64
5 2366 877 3555 65
5 2233 1018 5854 66
5 2967 2096 5410 67
5 458 2083 5796 68
5 1770 3560 4602 69
5 2124 994 3036 70
5 997 2039 2684 71
5 2734 149 5782 72
5 1736 4038 5376 73
5 1102 2071 5099 74
5 2284 1795 5235 75
5 2463 1252 2492 76
5 910 2454 2596 77
5 2329 689 2780 78
5 3374 1905 5236 79
5 2939 1206 2955 80
5 1111 2131 3858 81
5 1739 4767 4969 82
5 1034 1911 3273 83
5 4308 1318 5418 84
5 2267 1362 3925 85
5 2922 1114 4282 86
5 4017 1226 5428 87
5 1907 4064 5717 88
5 787 2310 4232 89
5 1492 3493 4575 90
5 4174 2220 4823 91
5 3084 1544 3772 92
5 2362 1135 5430 93
5 1768 2206 3063 94
5 1476 2426 4472 95
5 1580 2682 4271 96
5 942 2311 5099 97
5 2326 1075 2708 98
5 2504 1884 5643 99
5 705 3012 4608 100
5 3353 1309 5404 101
5 1315 2345 3355 102
5 1846 539 3302 103
5 3535 913 5709 104
5 728 2210 5366 105
5 1169 2087 3802 106
5 511 2154 4200 107
5 3127 2029 3887 108
5 2697 1035 3358 109
5 2252 1422 4473 110
5 1284 2092 5646 111
5 2409 528 5681 112
5 602 2261 4534 113
5 2381 1504 3398 114
5 4201 1838 5122 115
5 747 2605 3798 116
5 2171 2524 4050 117
5 3347 1342 4124 118
5 2126 1068 3504 119
5 2321 1147 5021 120
5 2153 1176 3327 121
5 3146 1928 4738 122
5 874 2067 3883 123
5 1171 2036 3916 124
5 2459 1454 4831 125
5 816 2844 5881 126
5 1099 2380 5393 127
5 2510 969 4362 128
5 291 2843 5795 129
5 3021 2180 5675 130
5 2275 850 5321 131
5 1206 2247 5117 132
5 690 1987 3845 133
5 2199 370 3570 134
5 754 4354 5743 135
5 509 2755 5476 136
5 2273 3891 5639 137
5 3518 684 3895 138
5 1006 2434 4868 139
5 2911 2080 4500 140
5 4809 1059 5022 141
5 1551 3355 3535 142
5 1508 3193 4337 143
5 1202 2091 3639 144
5 514 2249 5428 145
5 1036 2631 4308 146
5 3517 1742 5583 147
5 2001 801 3910 148
5 2154 1678 2907 149
5 2477 1225 2590 150
5 1993 2291 5531 151
5 1883 2768 3233 152
5 2116 2416 5641 153
5 1543 2488 4041 154
5 2501 1696 3382 155
5 3042 2116 5085 156
5 2107 899 3693 157
5 2677 1412 4665 158
5 238 237 3497 159
5 652 2484 2721 160
5 495 2504 3147 161
5 1226 2412 3065 162
5 1047 2947 3625 163
5 492 2772 3520 164
5 2434 1430 3998 165
5 1300 1960 4357 166
5 2320 965 3514 167
5 2379 470 3125 168
5 2731 704 2832 169
5 2020 2582 5370 170
5 1547 2232 4299 171
5 2405 1007 3797 172
5 2757 534 5670 173
5 4530 990 5177 174
5 2063 915 3596 175
5 586 2874 5163 176
5 2246 2864 5011 177
5 465 2130 4117 178
5 3147 1556 5394 179
5 2256 663 2854 180
5 3934 1172 5372 181
5 1022 2333 2992 182
5 2072 1235 4632 183
5 464 3760 5697 184
5 3865 735 4153 185
5 2463 894 5561 186
5 347 348 4202 187
5 2527 1026 4674 188
5 1054 2409 5302 189
5 1181 2562 2884 190
5 4306 1527 4375 191
5 508 3074 3131 192
5 2019 3828 5658 193
5 1317 2297 3601 194
5 1163 2262 3319 195
5 1329 3410 4180 196
5 2206 493 4709 197
5 2402 1153 3783 198
5 1146 2325 5420 199
5 386 387 5443 200
5 2477 691 4163 201
5 1168 2375 5366 202
5 2219 1698 4160 203
5 2029 3486 4957 204
5 794 2610 3160 205
5 3452 1628 4703 206
5 628 1942 4496 207
5 802 2309 3999 208
5 3792 866 5254 209
5 672 2314 3490 210
5 1490 2346 5793 211
5 1521 2307 3880 212
5 1811 3512 5274 213
5 1959 2750 3314 214
5 4398 580 4558 215
5 1641 2847 4618 216
5 912 2475 4051 217
5 2542 1194 5004 218
5 3188 783 4197 219
5 2368 1055 4172 220
5 414 415 3889 221
5 2283 1015 3742 222
5 1456 2430 4337 223
5 2235 206 3752 224
5 2088 2299 4188 225
5 1937 4566 5619 226
5 1969 3026 4111 227
5 645 3868 5029 228
5 668 2705 5184 229
5 2934 1063 4973 230
5 2668 1630 4757 231
5 1196 3374 4800 232
5 2384 1201 4108 233
5 1962 2647 4616 234
5 443 444 4918 235
5 3664 2318 5589 236
5 2214 3337 4772 237
5 2198 1133 3965 238
5 2099 943 4045 239
5 734 3034 3657 240
5 2649 1571 4582 241
5 3211 1468 3760 242
5 2249 1118 3200 243
5 1154 2473 3451 244
5 981 2743 4325 245
5 1458 2107 4091 246
5 2514 1142 3069 247
5 1820 3307 4419 248
5 1376 2782 3727 249
5 1728 2254 4681 250
5 1625 2487 4487 251
5 2260 519 5282 252
5 751 2606 5768 253
5 3405 1825 4036 254
5 1231 2754 2755 255
5 1374 3579 3836 256
5 3194 874 4263 257
5 932 3022 5845 258
5 4070 1765 5392 259
5 2900 1949 5493 260
5 3349 1039 3973 261
5 3928 1095 5432 262
5 935 4414 4515 263
5 1326 2677 3607 264
5 2373 1500 4367 265
5 919 2455 3503 266
5 2230 959 5540 267
5 2908 839 3183 268
5 1951 2807 5275 269
5 1146 2846 3289 270
5 3276 1981 5336 271
5 1516 2809 5766 272
5 2606 1797 3794 273
5 1260 3761 5720 274
5 1287 2758 3415 275
5 2253 1233 3139 276
5 3720 2244 5513 277
5 2080 2871 4450 278
5 1548 4336 4677 279
5 3057 1940 5344 280
5 462 5349 5626 281
5 2678 1385 3981 282
5 1589 2121 4599 283
5 2340 3105 4535 284
5 2701 683 2979 285
5 2203 1293 4988 286
5 2283 656 3507 287
5 1243 2766 3833 288
5 810 2700 4214 289
5 2310 3214 5788 290
5 2190 3487 5421 291
5 3067 2185 5100 292
5 2981 1644 3278 293
5 391 392 3884 294
5 3132 546 4587 295
5 3150 1468 4209 296
5 907 2539 3988 297
5 972 3114 4720 298
5 1516 3297 5009 299
5 382 383 3731 300
5 2291 1033 3941 301
5 787 2241 4369 302
5 350 2248 3654 303
5 3893 2282 5121 304
5 2832 1344 3321 305
5 2259 932 4748 306
5 1805 2853 2936 307
5 2599 3250 4900 308
5 4387 916 5857 309
5 459 3392 3799 310
5 530 2679 4142 311
5 1086 2469 3443 312
5 1028 2598 5472 313
5 2562 1210 4545 314
5 955 2254 4579 315
5 2178 1035 5324 316
5 3331 2245 4020 317
5 2183 1556 4394 318
5 1933 2538 5709 319
5 2506 907 4342 320
5 2519 1598 3092 321
5 2760 1178 3740 322
5 1149 2495 3820 323
5 1367 2767 3264 324
5 788 2709 3203 325
5 1588 4348 4871 326
5 3706 497 4107 327
5 632 2335 3644 328
5 2174 1333 2866 329
5 1798 3853 5265 330
5 681 2388 3836 331
5 3106 1879 5304 332
5 1451 2716 4315 333
5 2385 1207 5501 334
5 713 2470 4057 335
5 2739 5080 5572 336
5 755 2453 5490 337
5 893 3529 5327 338
5 2059 3474 5645 339
5 980 2595 5202 340
5 1260 2636 3873 341
5 964 2411 4320 342
5 3083 1595 3758 343
5 1111 2888 4557 344
5 1977 2510 5679 345
5 3076 696 4588 346
5 2419 1396 4247 347
5 2475 2070 5858 348
5 1646 2383 3939 349
5 754 3062 3962 350
5 1485 2410 5064 351
5 1078 2456 4712 352
5 1687 4986 5579 353
5 1813 2264 4913 354
5 629 2918 5011 355
5 2719 1321 4490 356
5 1191 2623 4418 357
5 318 317 5867 358
5 1750 4537 5146 359
5 2248 2876 4659 360
5 1496 4003 5748 361
5 1422 2611 3839 362
5 2478 639 3915 363
5 3326 1731 5509 364
5 602 2554 3295 365
5 1228 2931 3675 366
5 1493 3454 3574 367
5 591 3942 4741 368
5 1577 2279 4471 369
5 1258 3125 3210 370
5 2097 1457 4035 371
5 2313 1335 4519 372
5 2522 863 5467 373
5 1081 2652 3383 374
5 2687 1772 5877 375
5 2490 1071 3126 376
5 1061 2576 3791 377
5 2723 569 3841 378
5 4446 1640 5297 379
5 2361 1232 3637 380
5 2089 2730 5405 381
5 550 2767 3473 382
5 1325 2237 3576 383
5 2736 845 3373 384
5 2276 1195 3710 385
5 1097 2639 3389 386
5 2005 1868 5739 387
5 2980 1213 3688 388
5 1598 2515 3198 389
5 1227 2638 4193 390
5 3319 1814 4478 391
5 2794 1658 3863 392
5 2789 692 2961 393
5 2627 1321 4834 394
5 2586 1094 3354 395
5 433 434 2970 396
5 1212 3560 3815 397
5 3230 2182 4229 398
5 1360 2438 4014 399
5 706 2773 5754 400
5 2560 604 5734 401
5 1298 2406 3599 402
5 2608 547 3785 403
5 381 382 3859 404
5 1845 3130 5753 405
5 1057 2870 4616 406
5 407 408 5134 407
5 1151 2397 5879 408
5 4683 1602 5132 409
5 2756 598 5404 410
5 2204 2421 3758 411
5 1599 2896 4837 412
5 2524 948 4293 413
5 1314 2486 5290 414
5 2772 1405 3054 415
5 2940 561 4480 416
5 2885 1613 4610 417
5 2484 1197 4623 418
5 419 420 4877 419
5 2556 3706 5280 420
5 1378 2373 3522 421
5 2598 1784 5287 422
5 2555 1339 4340 423
5 2309 2913 5213 424
5 1361 3832 4123 425
5 2717 805 3423 426
5 1033 2545 4230 427
5 2456 2061 5800 428
5 3455 1331 4605 429
5 1926 2710 3848 430
5 1108 3164 3764 431
5 2062 789 4216 432
5 2315 1650 4889 433
5 1746 3306 4638 434
5 1542 2785 3262 435
5 2681 1021 4958 436
5 276 275 3791 437
5 2383 1314 4533 438
5 2008 2645 3708 439
5 2218 982 3793 440
5 757 4764 5813 441
5 922 2505 4062 442
5 2106 662 5869 443
5 1272 2749 4398 444
5 2367 941 4295 445
5 671 2390 5721 446
5 2830 1854 5525 447
5 2809 2201 5093 448
5 1905 3129 5745 449
5 2593 3308 4944 450
5 642 2888 3717 451
5 2112 3821 4445 452
5 3442 1616 3803 453
5 2216 3534 5359 454
5 2895 758 3427 455
5 1311 2777 3313 456
5 3152 1498 4210 457
5 4214 1871 5403 458
5 2410 550 4519 459
5 2355 1502 4827 460
5 1830 2894 4672 461
5 1259 5302 5599 462
5 2327 2693 4381 463
5 755 3102 4044 464
5 857 2319 4199 465
5 4617 1696 5292 466
5 1956 2689 3714 467
5 688 2432 4139 468
5 2769 438 5539 469
5 4294 1546 5715 470
5 3329 2407 5310 471
5 2539 2960 5316 472
5 2597 1488 4903 473
5 2672 1523 4265 474
5 1471 3767 5810 475
5 4525 1578 4706 476
5 4269 820 5521 477
5 1484 3271 3440 478
5 430 431 3952 479
5 2569 1089 3236 480
5 2426 946 5690 481
5 2585 1950 3830 482
5 1872 4058 5357 483
5 2417 585 4206 484
5 1787 3077 5613 485
5 2851 771 3682 486
5 2388 2914 4408 487
5 3515 2264 4983 488
5 1532 2653 4902 489
5 1985 2549 5857 490
5 3163 1315 4088 491
5 1119 2628 5147 492
5 2529 680 3973 493
5 3497 1436 4112 494
5 1488 2654 4954 495
5 1720 3449 5008 496
5 2660 673 5079 497
5 1281 2637 3647 498
5 1347 3370 4805 499
5 3191 1535 5121 500
5 2624 3663 4783 501
5 3750 1561 4937 502
5 3885 1588 3966 503
5 3360 693 4096 504
5 2903 1016 3377 505
5 2316 581 4677 506
5 2771 658 3679 507
5 260 3013 4550 508
5 3233 1092 5328 509
5 2011 2804 5368 510
5 352 353 5660 511
5 763 3583 4505 512
5 1064 2018 4883 513
5 971 5256 5522 514
5 1847 3141 3384 515
5 524 2353 5581 516
5 701 2704 4900 517
5 4474 1674 5763 518
5 2877 2298 4055 519
5 3091 1152 3209 520
5 3757 1626 4445 521
5 357 358 4756 522
5 2009 4027 5500 523
5 3655 700 5033 524
5 4250 1779 4358 525
5 983 2805 4443 526
5 1192 2754 3771 527
5 2655 945 5280 528
5 402 2656 5037 529
5 2428 474 5226 530
5 3771 778 5335 531
5 1125 3407 5384 532
5 290 289 3712 533
5 1791 3841 4668 534
5 2032 4324 5789 535
5 3623 2451 5504 536
5 4574 2732 5390 537
5 1622 4596 4645 538
5 1432 3904 4449 539
5 2682 1473 4356 540
5 5073 575 5142 541
5 3701 1295 4912 542
5 879 2648 4363 543
5 1264 2646 5871 544
5 809 2625 4466 545
5 2038 2613 4915 546
5 1440 2684 4780 547
5 2703 752 5285 548
5 2694 731 4237 549
5 4178 2052 4869 550
5 1263 3671 5446 551
5 515 3801 4314 552
5 4980 1650 5294 553
5 2151 3404 3947 554
5 554 2759 5571 555
5 3948 1954 5550 556
5 1361 3181 3325 557
5 2482 772 5218 558
5 274 273 3512 559
5 2595 548 5320 560
5 399 400 3963 561
5 1294 2778 3609 562
5 2632 870 4681 563
5 2779 842 4228 564
5 2102 4836 5517 565
5 1332 3443 4052 566
5 3548 819 4223 567
5 3024 2304 4935 568
5 1406 3972 5216 569
5 863 2896 3562 570
5 2632 955 4693 571
5 471 2852 4478 572
5 3274 1309 5826 573
5 1401 3453 4043 574
5 4064 1904 5248 575
5 1764 2893 5227 576
5 4784 527 5499 577
5 872 2945 3994 578
5 3485 2158 4578 579
5 2002 2848 5864 580
5 2486 3156 5503 581
5 3458 2358 4518 582
5 1307 2857 4031 583
5 3114 2162 5850 584
5 3495 2382 4971 585
5 436 437 4185 586
5 2631 1559 4351 587
5 1986 2531 4873 588
5 2982 1348 5228 589
5 1017 2798 3534 590
5 1380 2849 3496 591
5 3148 1330 4435 592
5 3509 1168 5503 593
5 635 2449 5570 594
5 2837 1268 4626 595
5 434 435 4717 596
5 1971 2503 3846 597
5 3037 1623 4332 598
5 2371 1012 5303 599
5 1052 2686 4192 600
5 422 423 4242 601
5 2485 913 5251 602
5 3068 1190 3613 603
5 1442 3103 4372 604
5 2648 1870 5547 605
5 2895 1032 3575 606
5 3138 1684 5320 607
5 2810 1167 5189 608
5 2668 395 4841 609
5 2536 653 3827 610
5 2706 984 4523 611
5 3193 804 3677 612
5 2318 2666 5566 613
5 3578 603 5267 614
5 1167 2818 5203 615
5 2972 942 3709 616
5 823 2690 5471 617
5 2901 1177 4661 618
5 1855 3305 4642 619
5 3002 2053 3817 620
5 1558 2482 4561 621
5 2707 1008 5627 622
5 1290 3491 4171 623
5 1957 5502 5622 624
5 3481 1369 4028 625
5 1963 3700 5323 626
5 2645 990 4726 627
5 2804 1332 4063 628
5 1623 3365 4770 629
5 1832 3525 4637 630
5 1396 2921 5731 631
5 2817 1475 5267 632
5 2880 827 5401 633
5 299 298 3592 634
5 1348 2833 4505 635
5 2589 520 3898 636
5 1019 2005 3622 637
5 1184 2912 4105 638
5 2805 536 5373 639
5 2891 789 4213 640
5 2823 1673 5059 641
5 892 4494 4663 642
5 1707 2703 3924 643
5 2749 1426 4885 644
5 2753 777 4229 645
5 435 436 3632 646
5 2140 4140 5131 647
5 2693 1322 4766 648
5 848 2752 4749 649
5 1067 2597 3840 650
5 2587 1604 4824 651
5 343 344 4179 652
5 638 2863 4305 653
5 2547 1127 5034 654
5 686 3016 3617 655
5 1076 2816 5713 656
5 1344 2796 5393 657
5 3053 545 4578 658
5 4046 1253 5241 659
5 2031 3804 5666 660
5 4526 880 5052 661
5 2788 2033 5044 662
5 5271 1826 5812 663
5 949 2885 4514 664
5 536 3783 4968 665
5 981 2765 5825 666
5 1186 3186 5513 667
5 2570 501 3694 668
5 1862 5406 5713 669
5 3034 1718 5458 670
5 4140 1781 4189 671
5 2761 2096 4821 672
5 234 233 4459 673
5 1494 2855 4275 674
5 1730 2602 5183 675
5 217 216 4462 676
5 1668 2667 4462 677
5 2168 3965 4669 678
5 5043 609 5148 679
5 1203 3091 3728 680
5 2628 1713 5155 681
5 484 3247 3604 682
5 1079 2742 5828 683
5 246 245 4647 684
5 600 2834 5873 685
5 2004 3612 4004 686
5 2225 3381 4606 687
5 452 453 4880 688
5 2552 1144 5659 689
5 2193 2984 4307 690
5 2892 776 5054 691
5 1740 3941 5498 692
5 218 217 5543 693
5 2646 2152 4304 694
5 1328 3143 3936 695
5 3015 1334 3657 696
5 222 221 5538 697
5 233 232 5566 698
5 3001 1182 5794 699
5 1853 3113 3779 700
5 834 2821 4401 701
5 2633 1098 5169 702
5 245 244 5182 703
5 2690 1028 5644 704
5 1303 3328 4788 705
5 725 3032 4450 706
5 1899 2954 5565 707
5 2681 799 5478 708
5 1637 2639 4815 709
5 263 262 5728 710
5 1128 2687 5755 711
5 2959 2035 5470 712
5 712 2534 4768 713
5 3673 1066 4034 714
5 526 2613 4992 715
5 3120 2140 4311 716
5 964 4327 4955 717
5 1695 3263 4633 718
5 2553 885 5470 719
5 3049 1979 4171 720
5 345 346 5635 721
5 1424 3181 4055 722
5 255 254 5036 723
5 2948 1555 5540 724
5 3348 1329 3569 725
5 327 326 5544 726
5 296 295 3842 727
5 283 282 5576 728
5 2822 1085 5761 729
5 2939 1379 4996 730
5 2840 710 4785 731
5 1987 3267 5367 732
5 1515 3829 5047 733
5 2737 2138 4434 734
5 2841 479 4405 735
5 3735 2801 5745 736
5 3308 1509 3794 737
5 1466 3043 3867 738
5 2856 1357 5454 739
5 3175 501 3888 740
5 2917 2515 5728 741
5 378 379 5554 742
5 2828 2118 5866 743
5 3140 626 4341 744
5 1387 3406 3641 745
5 3043 470 3924 746
5 2926 1878 5206 747
5 411 412 4513 748
5 214 213 3886 749
5 251 250 5829 750
5 237 236 3900 751
5 1403 2973 3948 752
5 1416 3541 4165 753
5 3401 1729 5330 754
5 1903 2934 4545 755
5 927 4429 5716 756
5 3219 676 3636 757
5 2594 2076 5118 758
5 303 302 4511 759
5 2893 1620 5759 760
5 2776 1091 4793 761
5 1649 3118 4583 762
5 301 300 3930 763
5 3025 1036 5855 764
5 1393 3617 3815 765
5 3588 1980 4833 766
5 4148 1896 4992 767
5 2865 1383 5522 768
5 5329 1682 5751 769
5 3315 1276 3731 770
5 3477 1471 3894 771
5 3906 895 4147 772
5 2243 3341 4138 773
5 1440 2935 4454 774
5 2807 1789 5761 775
5 1100 2571 5071 776
5 816 3878 4231 777
5 2998 1517 4786 778
5 1912 3014 4580 779
5 3720 2324 5548 780
5 2003 3577 4849 781
5 3225 1209 3709 782
5 2561 1747 5078 783
5 1922 2858 4547 784
5 3938 1384 4723 785
5 3434 1661 3727 786
5 3620 2516 5106 787
5 2745 3437 5300 788
5 469 3020 4149 789
5 1890 3073 5663 790
5 1936 3568 4625 791
5 1120 2916 5434 792
5 1008 2920 4393 793
5 1048 2861 5192 794
5 710 3411 4246 795
5 1568 3192 5738 796
5 3901 1939 4316 797
5 444 445 4186 798
5 1581 3697 4499 799
5 225 224 5130 800
5 804 2975 4845 801
5 1337 3408 4540 802
5 3819 2300 4835 803
5 1692 2908 5838 804
5 3362 1088 3917 805
5 478 3571 4943 806
5 2086 3854 5493 807
5 3607 1632 3633 808
5 1563 4386 5071 809
5 3757 540 5585 810
5 2686 1686 5448 811
5 2949 1188 5634 812
5 2954 559 4848 813
5 1345 3016 4924 814
5 618 3081 4343 815
5 416 417 5236 816
5 3501 1596 4492 817
5 840 4053 5151 818
5 2018 2787 5623 819
5 1738 2963 5036 820
5 773 2798 5776 821
5 3593 1437 3952 822
5 3486 596 4152 823
5 2040 3137 4233 824
5 4360 900 5736 825
5 3583 1283 5546 826
5 660 2763 5014 827
5 2916 529 4157 828
5 933 2788 4799 829
5 1237 5292 5629 830
5 2980 521 4728 831
5 2751 1923 5716 832
5 831 3150 4391 833
5 3404 1302 5440 834
5 1734 3048 4760 835
5 3557 732 4088 836
5 3636 3087 5451 837
5 1005 3212 3987 838
5 1385 2902 4660 839
5 752 3095 4181 840
5 3004 2025 4359 841
5 3031 543 4542 842
5 1980 4047 5433 843
5 3070 2048 5653 844
5 3475 2183 5345 845
5 2152 3531 4187 846
5 2279 584 4834 847
5 1927 2823 5742 848
5 456 3222 4316 849
5 1346 3905 4349 850
5 2868 677 4740 851
5 1527 2915 5443 852
5 4235 861 5294 853
5 3464 1298 5524 854
5 1222 3594 4383 855
5 3386 1456 3677 856
5 607 2922 5512 857
5 385 386 4960 858
5 3516 2040 5682 859
5 2811 522 5622 860
5 2635 1165 5458 861
5 3073 1840 4497 862
5 3195 1338 5293 863
5 832 3690 5326 864
5 1694 3832 3837 865
5 371 372 4389 866
5 626 3167 4771 867
5 2725 3733 4194 868
5 2962 1156 5057 869
5 961 3375 4434 870
5 2065 3919 4393 871
5 3699 1254 4884 872
5 258 257 4297 873
5 773 3156 3929 874
5 412 413 4912 875
5 3523 1386 3537 876
5 2965 681 5317 877
5 3100 725 4049 878
5 3610 611 5595 879
5 2257 2930 5480 880
5 939 3086 5367 881
5 3277 500 4923 882
5 766 3017 5261 883
5 3335 1004 5496 884
5 3582 1916 4269 885
5 931 4375 5143 886
5 1399 4051 4440 887
5 2861 2584 5843 888
5 2868 1134 5380 889
5 706 3357 4306 890
5 3530 1501 3751 891
5 1685 3223 4643 892
5 3722 744 3870 893
5 3077 800 4853 894
5 3536 2474 5306 895
5 3491 1467 3875 896
5 1534 3618 4130 897
5 3575 1352 3992 898
5 936 3344 4714 899
5 2654 1067 5413 900
5 3336 1485 4333 901
5 364 365 4504 902
5 3120 2212 4689 903
5 3365 851 4676 904
5 3232 599 4409 905
5 1503 3213 4710 906
5 1840 2913 5687 907
5 1055 3240 5466 908
5 3546 1484 3957 909
5 3659 1994 4371 910
5 3628 1483 3890 911
5 1453 3299 5281 912
5 729 4128 4454 913
5 1163 2852 5354 914
5 3005 1664 4613 915
5 1106 3341 5665 916
5 4103 613 4503 917
5 3130 1725 5586 918
5 1707 5253 5374 919
5 476 4787 5712 920
5 3457 1548 4585 921
5 2829 629 5239 922
5 4572 1557 5023 923
5 3313 746 4648 924
5 622 3409 4357 925
5 3738 1715 4302 926
5 938 3363 4312 927
5 1077 3424 5352 928
5 3462 1724 4243 929
5 1467 3290 5219 930
5 3428 601 5482 931
5 1538 3183 4482 932
5 2859 1638 4965 933
5 3170 577 4708 934
5 859 2997 5646 935
5 3691 1512 5074 936
5 3155 921 5398 937
5 1059 3058 5864 938
5 769 3126 5325 939
5 503 4182 4797 940
5 606 3253 4220 941
5 3407 568 4415 942
5 2081 3161 4327 943
5 3437 2880 5358 944
5 3182 1640 5413 945
5 1896 3465 4227 946
5 2675 3360 5058 947
5 812 3476 3882 948
5 694 3323 5824 949
5 3468 922 5092 950
5 1962 3785 4104 951
5 1882 3284 4769 952
5 2078 3142 4867 953
5 3426 1580 4431 954
5 1559 3102 5665 955
5 5590 1777 5729 956
5 3117 1521 5142 957
5 3118 1310 3746 958
5 1782 3649 5485 959
5 511 3111 4592 960
5 644 3141 4886 961
5 997 3173 5230 962
5 4418 485 5160 963
5 2265 3253 5375 964
5 3630 659 5031 965
5 557 5044 5868 966
5 1419 3183 4280 967
5 3002 533 5166 968
5 344 345 5843 969
5 1438 3307 5842 970
5 992 3188 4875 971
5 1414 4120 4314 972
5 1680 3184 4687 973
5 722 3099 4424 974
5 2871 1174 5696 975
5 2101 4032 5097 976
5 4550 1777 4763 977
5 3876 2030 5610 978
5 1500 3146 5002 979
5 3479 712 4909 980
5 4030 477 4686 981
5 924 3502 4979 982
5 1683 3623 4941 983
5 366 367 5296 984
5 3420 1561 4536 985
5 797 3460 4949 986
5 1166 3002 5435 987
5 262 261 4763 988
5 3529 1778 4246 989
5 3249 908 4864 990
5 3225 565 4452 991
5 415 416 5441 992
5 3341 490 4351 993
5 4430 1753 4844 994
5 3368 1525 4619 995
5 4630 1837 5047 996
5 2084 3559 4597 997
5 1870 3055 4977 998
5 3104 830 4689 999
5 3906 1690 3960 1000
5 1443 3241 4622 1001
5 432 433 5406 1002
5 761 3210 5161 1003
5 3064 1115 5647 1004
5 1343 3062 5012 1005
5 359 360 5506 1006
5 3028 2031 4799 1007
5 673 3238 5603 1008
5 1269 3516 5397 1009
5 3986 2199 5460 1010
5 3447 707 5425 1011
5 3402 469 4719 1012
5 3928 2266 5002 1013
5 3456 1757 5032 1014
5 1766 3943 4330 1015
5 3128 1809 5138 1016
5 1735 3133 5435 1017
5 1569 4425 5201 1018
5 4948 1893 5261 1019
5 1709 3345 4322 1020
5 242 241 5094 1021
5 1938 3933 4086 1022
5 1355 3762 4960 1023
5 244 243 5100 1024
5 1180 3023 5518 1025
5 917 3892 4641 1026
5 5116 1670 5787 1027
5 3262 1344 5152 1028
5 666 3459 5108 1029
5 3240 487 5179 1030
5 3129 1196 4959 1031
5 278 277 5127 1032
5 209 208 5158 1033
5 2879 1175 5833 1034
5 766 2991 5559 1035
5 1007 4373 5848 1036
5 3627 1642 5576 1037
5 1584 4400 5507 1038
5 1271 3035 5812 1039
5 1358 3897 5357 1040
5 1926 3543 4811 1041
5 1644 3786 5115 1042
5 3393 665 4576 1043
5 3469 1692 4296 1044
5 3207 1985 4630 1045
5 3945 1449 4421 1046
5 3294 1651 4898 1047
5 3470 1788 5699 1048
5 1550 3285 5399 1049
5 3169 780 4907 1050
5 3048 1178 5279 1051
5 3297 2043 5832 1052
5 3350 481 4956 1053
5 3466 1236 5533 1054
5 3587 797 5083 1055
5 791 3618 4997 1056
5 3549 505 4346 1057
5 3268 1312 5086 1058
5 2027 3913 5803 1059
5 1656 3237 5043 1060
5 3369 886 5205 1061
5 205 204 5310 1062
5 3124 1179 5273 1063
5 5234 2209 5856 1064
5 1976 5564 5792 1065
5 2899 1861 5743 1066
5 3524 949 4867 1067
5 3565 1449 4511 1068
5 3282 2207 4810 1069
5 221 220 5537 1070
5 3909 1307 4173 1071
5 3798 1869 4428 1072
5 1973 3515 5289 1073
5 3983 1515 4069 1074
5 1292 3423 5510 1075
5 790 3380 5199 1076
5 461 3266 4408 1077
5 3343 1752 5445 1078
5 3551 2665 4722 1079
5 1352 4225 4563 1080
5 1628 3572 5134 1081
5 5020 2013 5530 1082
5 3768 783 4580 1083
5 1464 3270 4819 1084
5 3395 1455 4429 1085
5 1587 3743 5675 1086
5 1633 4286 4368 1087
5 3533 953 5514 1088
5 764 3072 4937 1089
5 594 4083 5698 1090
5 3410 1566 5648 1091
5 3218 1136 5376 1092
5 224 223 5763 1093
5 1873 3003 5676 1094
5 709 3298 5654 1095
5 699 3279 5793 1096
5 1669 3326 5187 1097
5 1366 3346 5308 1098
5 3616 923 4990 1099
5 1213 3417 5053 1100
5 1875 3667 4666 1101
5 1659 3439 5107 1102
5 281 280 5653 1103
5 2827 3592 5168 1104
5 3280 1667 5749 1105
5 2155 3998 4864 1106
5 1967 3870 4882 1107
5 701 3260 5258 1108
5 266 265 5594 1109
5 956 4457 4564 1110
5 3726 1974 4964 1111
5 2726 3566 4846 1112
5 3306 1800 5746 1113
5 533 3201 5766 1114
5 4116 525 4252 1115
5 1855 4146 4152 1116
5 268 267 5623 1117
5 2530 3634 4825 1118
5 3960 1467 5209 1119
5 2389 3691 5794 1120
5 1217 3412 4696 1121
5 3542 2420 5584 1122
5 460 4035 4934 1123
5 2442 5468 5582 1124
5 3446 589 5113 1125
5 2066 3353 5611 1126
5 468 3697 4666 1127
5 3530 740 4922 1128
5 1609 5278 5505 1129
5 4289 1600 4452 1130
5 3466 579 4649 1131
5 2321 3971 4655 1132
5 4087 1930 4211 1133
5 3918 1423 5523 1134
5 3532 817 4976 1135
5 3591 2133 4714 1136
5 1635 3330 5143 1137
5 2527 3436 5483 1138
5 3377 1395 4947 1139
5 3269 494 5638 1140
5 1489 3312 5022 1141
5 757 3628 5120 1142
5 3160 1338 5339 1143
5 3974 1284 5851 1144
5 2849 1522 4273 1145
5 1714 3256 5110 1146
5 1130 3653 5558 1147
5 1612 3978 4221 1148
5 680 3624 5781 1149
5 1204 3053 5348 1150
5 3451 2404 5711 1151
5 1545 4313 4918 1152
5 1482 3648 4981 1153
5 3831 2429 5053 1154
5 1255 3399 5008 1155
5 4926 463 5501 1156
5 2134 3631 5511 1157
5 2108 5170 5748 1158
5 523 3574 4754 1159
5 1704 3217 5364 1160
5 3475 644 5133 1161
5 4021 1767 4416 1162
5 1651 3510 4906 1163
5 2616 3775 5449 1164
5 3834 994 4931 1165
5 1834 3304 5508 1166
5 506 4622 5391 1167
5 777 3401 5732 1168
5 3333 759 4844 1169
5 3430 632 5557 1170
5 883 4444 5000 1171
5 935 4172 5563 1172
5 3363 1335 5760 1173
5 3507 1477 4680 1174
5 4085 679 5650 1175
5 3538 737 4642 1176
5 3679 2252 4979 1177
5 2125 4523 5018 1178
5 1620 3678 5442 1179
5 4448 875 4559 1180
5 3844 574 5596 1181
5 3983 841 4921 1182
5 3605 2327 5484 1183
5 2464 3690 5101 1184
5 688 3558 5582 1185
5 1483 3461 5528 1186
5 833 3680 4380 1187
5 4049 1717 4675 1188
5 1071 4485 4801 1189
5 2305 3725 4958 1190
5 3471 1810 5771 1191
5 3621 2197 5530 1192
5 847 3787 5718 1193
5 1753 3517 5570 1194
5 3769 996 5015 1195
5 2605 3652 5056 1196
5 3538 1305 5462 1197
5 1446 3708 5249 1198
5 1755 4044 4272 1199
5 903 4910 5402 1200
5 760 3824 5007 1201
5 2573 4315 5387 1202
5 2496 3696 5210 1203
5 1420 3555 5069 1204
5 1865 3392 5340 1205
5 575 4319 5820 1206
5 2046 4709 5360 1207
5 3684 2695 5055 1208
5 1576 4205 4404 1209
5 4205 991 4520 1210
5 736 3457 5753 1211
5 2112 4840 5606 1212
5 567 3662 5817 1213
5 512 3585 5564 1214
5 3782 1182 5311 1215
5 3788 946 5569 1216
5 879 4090 5231 1217
5 3818 881 4838 1218
5 3739 2465 5129 1219
5 3666 1901 5108 1220
5 2034 5181 5823 1221
5 3958 1325 4814 1222
5 2194 4329 4601 1223
5 4456 2082 4652 1224
5 814 3493 5289 1225
5 3257 1761 5791 1226
5 2087 3556 5839 1227
5 4121 1624 5635 1228
5 3571 1439 4856 1229
5 3687 1770 5592 1230
5 586 4196 4716 1231
5 3663 1901 5767 1232
5 2389 3782 5426 1233
5 1566 3949 4590 1234
5 2828 3433 5632 1235
5 4387 1802 4641 1236
5 1655 4752 5770 1237
5 2558 5238 5802 1238
5 4908 1634 5515 1239
5 1900 5615 5657 1240
5 3860 1717 5696 1241
5 3969 535 5883 1242
5 2770 4548 4807 1243
5 3822 2069 4981 1244
5 1747 4036 5160 1245
5 3994 2268 5089 1246
5 4654 969 4804 1247
5 1653 3759 5633 1248
5 537 3472 4970 1249
5 1886 3376 5882 1250
5 3307 829 5746 1251
5 834 3716 5615 1252
5 1823 5088 5813 1253
5 1297 3726 5403 1254
5 3750 2011 5820 1255
5 3907 1296 5332 1256
5 4210 2109 4901 1257
5 3422 1245 5396 1258
5 1942 4442 4564 1259
5 862 4264 5400 1260
5 3877 1629 5707 1261
5 4174 2132 5114 1262
5 2806 3855 5328 1263
5 890 3611 5392 1264
5 2336 3881 5322 1265
5 800 4018 5173 1266
5 2357 4472 5602 1267
5 4858 553 5013 1268
5 1805 4119 4560 1269
5 4220 1931 4911 1270
5 1773 4292 4944 1271
5 4042 1865 5821 1272
5 1774 5541 5561 1273
5 1363 3642 5490 1274
5 4441 1841 4791 1275
5 3926 1378 5602 1276
5 1534 4223 5114 1277
5 3931 873 4940 1278
5 808 3803 5408 1279
5 2275 5240 5727 1280
5 3705 653 5764 1281
5 4334 2349 4924 1282
5 4427 2447 5237 1283
5 4132 876 5167 1284
5 899 4682 5469 1285
5 703 3907 5265 1286
5 3856 531 5737 1287
5 4283 1428 4914 1288
5 1281 3813 5584 1289
5 1185 4321 5487 1290
5 1799 4267 4927 1291
5 4317 1966 5252 1292
5 778 3796 5772 1293
5 1982 4324 5016 1294
5 1221 4023 5674 1295
5 4632 456 5620 1296
5 1465 4082 5457 1297
5 968 4773 5062 1298
5 2352 4079 5150 1299
5 4442 961 5455 1300
5 1902 5338 5432 1301
5 4266 914 5419 1302
5 5072 1782 5452 1303
5 4568 2016 4861 1304
5 4448 1586 4758 1305
5 1691 5254 5624 1306
5 1359 4011 5497 1307
5 4829 1162 5670 1308
5 3956 2149 5568 1309
5 2135 4605 5680 1310
5 3265 4054 5587 1311
5 4682 1835 4734 1312
5 1892 5599 5681 1313
5 1308 3967 5535 1314
5 2820 4392 5057 1315
5 841 4039 5664 1316
5 3913 1542 5844 1317
5 1610 4041 5831 1318
5 1631 3940 4904 1319
5 2186 5473 5579 1320
5 1350 4237 5858 1321
5 3869 870 5778 1322
5 2824 4384 5223 1323
5 1499 4704 5383 1324
5 748 4080 5663 1325
5 4679 970 5431 1326
5 4118 1511 5568 1327
5 5284 1863 5495 1328
5 2150 4907 4908 1329
5 4544 1746 5137 1330
5 2458 5018 5710 1331
5 1543 3878 5484 1332
5 3979 2587 5815 1333
5 1191 4862 5188 1334
5 1875 5089 5757 1335
5 1842 4309 5818 1336
5 615 4878 5532 1337
5 3897 646 5865 1338
5 1970 4934 5390 1339
5 1857 4222 5874 1340
5 2473 3987 5883 1341
5 2127 4694 5879 1342
5 3171 4383 5465 1343
5 5198 2993 5778 1344
5 2985 4650 5588 1345
5 4657 2904 5412 1346
5 5263 1977 5655 1347
5 2094 4735 5291 1348
5 4515 1514 5562 1349
5 1780 3930 5450 1350
5 869 4562 4974 1351
5 4495 891 5346 1352
5 1776 4877 5247 1353
5 904 4767 5314 1354
5 4801 1961 5304 1355
5 4713 1631 5581 1356
5 2188 5612 5620 1357
5 4904 1634 5372 1358
5 1304 4281 5837 1359
5 901 4831 5814 1360
5 2058 4813 5180 1361
5 5137 1921 5704 1362
5 4710 2609 5801 1363
5 1411 4384 5711 1364
5 894 4600 5751 1365
5 4881 581 5614 1366
5 505 4901 5495 1367
5 5128 846 5684 1368
5 4876 1743 5424 1369
5 5429 472 5430 1370
5 2289 4753 5651 1371
5 1518 4461 5705 1372
5 2001 5242 5720 1373
5 1029 5605 5750 1374
5 2328 4781 5671 1375
5 5628 2395 5702 1376
5 1874 4842 5736 1377
5 4854 1655 5774 1378
5 5286 1205 5388 1379
5 4640 1927 5730 1380
5 492 4796 5553 1381
5 4910 2307 5408 1382
5 2064 5312 5700 1383
5 4752 1880 5846 1384
5 4849 2021 5750 1385
5 962 5095 5789 1386
5 965 5309 5821 1387
5 1880 4854 5845 1388
5 5242 496 5456 1389
5 2228 5157 5705 1390
5 2143 4695 5608 1391
5 1053 5058 5788 1392
5 5033 2393 5817 1393
5 987 5233 5655 1394
5 2744 5222 5841 1395
5 5307 823 5631 1396
9 2561 5078 713 4465 1397
9 736 5753 3130 5586 1398
9 2665 5331 1062 4722 1399
9 1282 4584 2591 4390 1400
9 2821 5275 1085 4498 1401
9 648 4193 2638 3984 1402
9 2885 5559 1439 4514 1403
9 1686 5381 2897 5448 1404
9 2791 5394 1556 5133 1405
9 2423 4584 1282 3920 1406
9 2716 4966 516 4315 1407
9 1045 5661 2622 5126 1408
9 2023 3813 1281 3647 1409
9 1072 5075 2526 2943 1410
9 1313 3446 1906 3921 1411
9 3689 1437 3593 1862 1412
9 1434 4950 2954 4848 1413
9 996 4340 2347 4667 1414
9 318 5867 5870 319 1415
9 3326 5509 576 5187 1416
9 1115 5860 2881 5647 1417
9 2579 4347 925 4113 1418
9 2145 4093 1112 3247 1419
9 1229 3260 1771 3229 1420
9 1304 5147 2628 4281 1421
9 1096 4942 2840 5301 1422
9 3474 843 2907 1678 1423
9 2749 4885 580 4398 1424
9 720 3921 1906 2651 1425
9 576 5509 3024 4935 1426
9 2807 5761 1085 5275 1427
9 2591 4698 898 4390 1428
9 1284 3974 2199 3570 1429
9 4513 2414 4374 1697 1430
9 1638 5045 2546 4965 1431
9 852 3920 1836 3304 1432
9 1569 5201 2733 4698 1433
9 1680 4687 2842 5662 1434
9 1289 4248 1935 3379 1435
9 2662 4744 1121 4194 1436
9 2047 4113 925 4161 1437
9 941 5568 2149 4295 1438
9 3678 1620 3554 503 1439
9 2599 4900 1524 4364 1440
9 1663 5024 2732 5051 1441
9 778 5772 2929 5035 1442
9 3048 1734 3740 1178 1443
9 4999 2887 5012 560 1444
9 4338 2386 4636 1386 1445
9 2878 5586 1725 5269 1446
9 679 5068 2223 4010 1447
9 1183 3439 1659 3159 1448
9 1684 5816 3261 5202 1449
9 3561 2015 3849 858 1450
9 3229 1895 3883 1229 1451
9 1549 4204 2537 3982 1452
9 644 4886 2791 5133 1453
9 2792 5172 1538 4482 1454
9 3256 1714 3923 921 1455
9 2882 1239 3772 1544 1456
9 3054 2150 4806 1577 1457
9 1038 5244 2512 5567 1458
9 549 5200 2693 4766 1459
9 3115 871 4019 1712 1460
9 4591 2561 4465 1316 1461
9 682 5298 2557 3831 1462
9 962 5789 4324 1982 1463
9 4093 2133 3413 1112 1464
9 3920 1282 3950 1836 1465
9 1741 4415 568 4372 1466
9 1893 3090 977 2991 1467
9 659 3998 2155 2984 1468
9 2707 5627 1674 4474 1469
9 2861 5635 1624 5192 1470
9 5329 520 2589 4365 1471
9 708 5835 2591 4584 1472
9 1461 4997 2959 4298 1473
9 2573 5387 1304 4009 1474
9 5200 1701 4381 2693 1475
9 928 5678 2747 4750 1476
9 4740 4546 1134 2868 1477
9 3459 1340 4510 1794 1478
9 3196 1680 3145 767 1479
9 2557 4667 1370 3831 1480
9 1052 4014 2438 3954 1481
9 1848 3196 767 3045 1482
9 1978 3624 680 2529 1483
9 3044 4426 1761 5309 1484
9 1656 5043 2372 4385 1485
9 3419 1745 3291 1216 1486
9 1336 3781 1742 3517 1487
9 2713 5332 1296 5555 1488
9 3138 5320 548 5424 1489
9 233 5566 2666 4459 1490
9 2394 4565 1346 4239 1491
9 1998 5003 363 3189 1492
9 3899 2431 5290 860 1493
9 3330 5521 1699 5229 1494
9 1347 4362 2940 4480 1495
9 636 4275 2191 3324 1496
9 3762 1355 3849 2015 1497
9 2177 4349 723 3309 1498
9 535 5555 2404 3451 1499
9 2525 4914 1428 4615 1500
9 312 2258 4165 313 1501
9 2537 5184 1064 4883 1502
9 2352 4720 1460 4079 1503
9 2139 3626 473 3684 1504
9 1713 4169 4592 3111 1505
9 766 5559 2885 4610 1506
9 4635 955 4579 1957 1507
9 1148 4737 2405 3797 1508
9 3162 5880 1702 5232 1509
9 1112 3413 1796 2771 1510
9 5383 4704 593 3903 1511
9 1753 5570 2449 4844 1512
9 2084 4597 1215 2890 1513
9 1099 5393 2796 4467 1514
9 1067 4882 3182 5413 1515
9 1439 5559 2991 4856 1516
9 1811 5145 1333 3512 1517
9 3776 909 4644 2167 1518
9 1391 5365 2875 4970 1519
9 2047 4161 1231 2755 1520
9 2556 5280 945 4529 1521
9 690 3845 2573 4009 1522
9 2115 4906 1117 2812 1523
9 2774 4701 327 5544 1524
9 1175 3776 2167 3508 1525
9 1628 5134 3011 4703 1526
9 2706 3944 2312 984 1527
9 3146 5172 692 5002 1528
9 3950 2386 4338 475 1529
9 2562 4545 567 2884 1530
9 767 3145 1804 3390 1531
9 2190 4953 1044 3487 1532
9 5297 1035 2178 4446 1533
9 4400 749 2998 5507 1534
9 1077 5352 2726 4846 1535
9 2927 4817 283 5576 1536
9 1448 4822 2978 5087 1537
9 1844 3705 1379 3753 1538
9 2225 4606 1507 4999 1539
9 898 4698 2733 4620 1540
9 5156 2423 3920 852 1541
9 2433 5126 1266 3414 1542
9 2192 4353 1233 4196 1543
9 1992 5440 1302 3735 1544
9 1389 5039 2497 3975 1545
9 5068 1431 5109 2223 1546
9 4150 1950 3367 510 1547
9 2250 4089 1257 3494 1548
9 2897 5381 1024 4453 1549
9 2703 1707 3946 752 1550
9 4705 1876 4030 1299 1551
9 2107 3693 1171 3916 1552
9 655 3154 1848 5361 1553
9 1308 4616 2870 3967 1554
9 2805 2024 4176 536 1555
9 4940 873 3082 4603 1556
9 3695 1768 3063 986 1557
9 1331 5449 3369 5205 1558
9 2408 4751 930 5063 1559
9 1451 4315 2573 3845 1560
9 568 4556 2566 4372 1561
9 1845 5600 3331 4020 1562
9 2123 3561 858 4029 1563
9 3410 5648 640 4180 1564
9 2622 1836 3950 475 1565
9 3184 1680 3196 1188 1566
9 2667 5543 217 4462 1567
9 837 3576 2237 4054 1568
9 3286 1218 3263 1695 1569
9 1399 5881 2844 3864 1570
9 2447 4427 513 5445 1571
9 2213 4154 1479 4195 1572
9 1796 5802 4929 3597 1573
9 1048 4871 2560 3993 1574
9 5316 5636 3439 1183 1575
9 1800 3306 1249 4155 1576
9 1475 4136 2479 4612 1577
9 3280 5749 621 5353 1578
9 3452 807 3521 1947 1579
9 2567 3981 1385 4226 1580
9 2767 550 3336 4492 1581
9 2602 4794 1340 3459 1582
9 1163 4933 2278 2262 1583
9 2149 3952 1437 4295 1584
9 3558 5692 1593 5582 1585
9 4727 1939 3687 1030 1586
9 2445 4634 926 4729 1587
9 765 3211 3600 2186 1588
9 714 5146 2513 4930 1589
9 255 5036 2963 5444 1590
9 5813 5088 3275 757 1591
9 1391 5054 2226 3490 1592
9 4293 1448 5087 2524 1593
9 2801 5441 416 5236 1594
9 2857 5723 830 4031 1595
9 544 4091 2107 3916 1596
9 1675 4692 2967 4939 1597
9 1365 4785 2377 3812 1598
9 993 4081 2437 3711 1599
9 2999 828 3506 1700 1600
9 262 4763 2917 5728 1601
9 2483 4186 1547 4299 1602
9 2934 4973 1310 3662 1603
9 1566 4590 2382 5648 1604
9 751 5768 3157 5136 1605
9 2051 4100 499 3038 1606
9 1336 3517 1753 3080 1607
9 580 4885 2182 4731 1608
9 2924 5849 1834 5508 1609
9 3411 1828 3683 1408 1610
9 2009 4298 885 4027 1611
9 623 3847 2100 3400 1612
9 3158 5032 1757 5198 1613
9 4867 949 3835 2078 1614
9 488 5872 3083 3758 1615
9 3145 1173 3394 1804 1616
9 3962 5225 742 2240 1617
9 2704 5811 1050 3805 1618
9 5023 530 3426 4572 1619
9 2366 3922 586 5163 1620
9 1404 4179 2584 3993 1621
9 4002 2041 4880 453 1622
9 1476 4472 2357 4347 1623
9 4207 1655 5770 2224 1624
9 1420 4529 2192 3922 1625
9 5271 466 4023 2194 1626
9 4396 5790 1966 2825 1627
9 724 4577 2516 3620 1628
9 1295 3947 2420 3542 1629
9 2840 4785 1365 5301 1630
9 1147 3835 2103 5021 1631
9 529 3379 1935 3273 1632
9 4236 5511 3631 1390 1633
9 3760 1468 2568 5697 1634
9 1230 4948 5261 3017 1635
9 1659 5107 2213 4951 1636
9 2793 4334 686 5343 1637
9 2471 5351 1027 4651 1638
9 1220 5461 3157 5667 1639
9 1162 4829 3104 4629 1640
9 1023 5507 2998 4786 1641
9 2294 2986 4308 5418 1642
9 3922 2192 4196 586 1643
9 1644 5115 2794 3863 1644
9 1370 4667 2347 3732 1645
9 3128 5138 786 5840 1646
9 696 5129 2465 4588 1647
9 4236 3071 1612 4221 1648
9 5387 2740 5147 1304 1649
9 909 5269 2799 4644 1650
9 1855 4152 596 3342 1651
9 2355 4827 647 5520 1652
9 4371 1994 4866 864 1653
9 4875 1416 4165 2258 1654
9 2623 3935 485 4418 1655
9 495 3366 2250 3494 1656
9 3045 767 3390 1915 1657
9 1034 4950 3238 1911 1658
9 4601 1006 4896 2194 1659
9 1978 4027 885 2553 1660
9 3023 1180 4711 1849 1661
9 2111 4962 1198 3366 1662
9 3488 1276 3561 2123 1663
9 5208 5859 2901 966 1664
9 931 5143 3330 5229 1665
9 1264 3531 2152 2646 1666
9 4111 2436 4946 518 1667
9 5438 998 2588 1704 1668
9 518 4129 1969 4111 1669
9 2881 5860 1714 5110 1670
9 2122 4547 2858 929 1671
9 1486 4270 5781 3624 1672
9 2932 4808 1058 3765 1673
9 954 4089 2250 3755 1674
9 1257 4089 2511 4222 1675
9 2417 4206 1172 3934 1676
9 368 369 3986 4746 1677
9 4578 1636 5348 3053 1678
9 848 4749 2342 3339 1679
9 1540 5654 3298 4268 1680
9 628 5295 2966 3779 1681
9 2347 4340 1339 3651 1682
9 2455 5451 1149 3503 1683
9 5642 1979 3673 5818 1684
9 2734 3596 1186 3734 1685
9 782 3176 2110 3178 1686
9 1914 5779 2646 4304 1687
9 821 3075 1686 3954 1688
9 516 3511 2059 5645 1689
9 2740 5645 1119 5147 1690
9 2336 5322 1371 5025 1691
9 742 4471 2279 2719 1692
9 970 5098 2534 4359 1693
9 3792 5241 3026 866 1694
9 708 4584 2423 4742 1695
9 1145 5450 2827 5168 1696
9 2022 3660 480 3252 1697
9 2544 5428 1226 4339 1698
9 2151 3701 414 3889 1699
9 443 4918 4313 442 1700
9 5671 641 3051 2032 1701
9 2300 4556 568 3407 1702
9 1043 4115 2532 4812 1703
9 2473 5883 535 3451 1704
9 4038 566 3218 5376 1705
9 933 4129 2121 4803 1706
9 1045 5508 3304 5661 1707
9 1509 5667 3157 5768 1708
9 3480 874 3883 1895 1709
9 5003 1998 5327 2550 1710
9 4135 2036 4139 1357 1711
9 2715 4648 746 3286 1712
9 3994 1488 4954 2268 1713
9 4034 2257 5017 812 1714
9 702 4447 2487 3199 1715
9 2167 4378 624 3508 1716
9 1665 5015 2557 5298 1717
9 2087 4504 365 3556 1718
9 4808 1519 4776 2045 1719
9 705 4608 2509 4244 1720
9 702 3199 4261 5604 1721
9 898 4620 2148 4636 1722
9 3035 1271 3052 1356 1723
9 2154 5379 1546 4200 1724
9 5278 4077 2119 5505 1725
9 4537 1912 3188 992 1726
9 2808 4244 1354 4569 1727
9 2245 3997 1240 4020 1728
9 1834 3613 852 3304 1729
9 2888 4309 1235 4557 1730
9 2151 3889 1302 3404 1731
9 4620 1407 3847 2148 1732
9 1829 5715 1546 2618 1733
9 2447 4520 991 3991 1734
9 1787 4242 423 3299 1735
9 937 3639 2091 3235 1736
9 2442 5582 1593 4594 1737
9 1310 4973 2711 3746 1738
9 583 4837 2522 3753 1739
9 5320 1684 5202 2595 1740
9 4288 1837 4630 916 1741
9 728 4433 2298 4624 1742
9 2580 4728 521 4058 1743
9 3291 1745 2945 872 1744
9 1813 3614 1272 4398 1745
9 3967 5235 1795 5535 1746
9 5522 5256 1786 2865 1747
9 1459 5313 2630 4946 1748
9 2604 5469 1637 4815 1749
9 2956 1932 4091 544 1750
9 2441 4432 554 5571 1751
9 786 5138 2685 4094 1752
9 821 4893 3961 4385 1753
9 2914 5046 461 4408 1754
9 3997 880 4553 1983 1755
9 3554 2146 4182 503 1756
9 3232 1874 3030 599 1757
9 3238 4950 1434 5603 1758
9 3862 1291 3623 1683 1759
9 1983 4553 1285 3142 1760
9 858 3849 2189 4507 1761
9 4007 1778 3356 1079 1762
9 2510 4362 1347 4805 1763
9 1311 3800 3334 2777 1764
9 2603 4627 3419 1216 1765
9 753 5465 5061 4154 1766
9 3261 5423 980 5202 1767
9 1125 4835 2300 3407 1768
9 1485 5064 2284 4110 1769
9 866 3026 1969 3804 1770
9 977 5414 2624 1944 1771
9 1837 4288 5827 4069 1772
9 4211 1930 4277 1520 1773
9 4093 936 4714 2133 1774
9 3420 5726 4937 1561 1775
9 2489 4726 990 4530 1776
9 474 4735 2094 3833 1777
9 2171 3421 682 4481 1778
9 2019 4401 1381 3828 1779
9 4324 2032 3051 917 1780
9 2148 3847 623 3537 1781
9 2922 607 4402 1815 1782
9 3798 1565 5193 1869 1783
9 1295 3701 2151 3947 1784
9 5436 2694 4237 1350 1785
9 1412 5686 2360 4665 1786
9 1249 5282 2781 4155 1787
9 2551 4693 955 4635 1788
9 705 4244 2808 5085 1789
9 1070 4623 2296 3789 1790
9 2577 1578 3344 936 1791
9 3477 5000 4444 1471 1792
9 1845 4020 1240 3130 1793
9 2429 3831 1370 3658 1794
9 1555 4318 3322 4366 1795
9 1491 5255 2771 3679 1796
9 2859 4965 486 4028 1797
9 4004 876 4982 2004 1798
9 668 5184 2537 4204 1799
9 954 5210 3264 5082 1800
9 2947 5741 678 4899 1801
9 2555 4340 996 3769 1802
9 3143 5596 574 3936 1803
9 2920 733 3107 4393 1804
9 3284 1882 3312 551 1805
9 3413 2558 5802 1796 1806
9 4125 1009 2667 1668 1807
9 4142 1580 3426 530 1808
9 1523 2672 1181 2884 1809
9 2147 4767 904 4730 1810
9 2460 3559 1087 2977 1811
9 5151 4053 2488 1543 1812
9 2204 2907 843 2421 1813
9 706 4306 2267 3925 1814
9 1194 3452 1947 5004 1815
9 4902 2431 3899 1532 1816
9 1308 5535 2608 3785 1817
9 505 5219 3290 4901 1818
9 4030 4686 2957 1299 1819
9 477 5448 2897 4686 1820
9 4283 441 442 4313 1821
9 1769 5536 2966 5295 1822
9 4878 615 4015 1940 1823
9 4940 1458 4091 1932 1824
9 1259 5599 2851 3682 1825
9 3342 1852 3287 952 1826
9 982 4365 2589 3793 1827
9 1309 3351 1877 5404 1828
9 3266 461 5077 2142 1829
9 4409 599 2786 1762 1830
9 3192 5127 1888 5738 1831
9 631 5832 2043 4249 1832
9 2834 5691 1908 5873 1833
9 4762 2617 5865 646 1834
9 1566 3348 4656 3949 1835
9 3305 1855 3342 952 1836
9 2965 5317 3810 1573 1837
9 1259 3682 1920 4470 1838
9 1936 4625 4654 4804 1839
9 5269 1725 5808 2799 1840
9 3227 5125 1215 4597 1841
9 2404 5555 1296 4743 1842
9 2986 5855 1036 4308 1843
9 4260 624 4582 2037 1844
9 2306 1009 2925 1372 1845
9 5875 657 2445 5216 1846
9 3014 1433 3768 4580 1847
9 2092 5545 3093 5096 1848
9 1055 5466 2391 4172 1849
9 1240 3997 1983 3251 1850
9 3359 4639 1746 4544 1851
9 999 4166 1997 3018 1852
9 5186 1586 3870 1967 1853
9 3529 893 3356 1778 1854
9 3039 5718 5001 1127 1855
9 2271 4480 3509 5503 1856
9 2588 4591 1316 3343 1857
9 3003 5259 1292 4218 1858
9 4420 2158 3485 1225 1859
9 4969 2535 1099 4467 1860
9 490 5154 2342 3397 1861
9 2784 4202 348 349 1862
9 2803 3713 1197 3317 1863
9 5001 1976 3135 1127 1864
9 722 5223 3274 5826 1865
9 5225 2747 4471 742 1866
9 1395 3377 2318 3664 1867
9 997 5230 2378 4774 1868
9 499 4100 2600 3539 1869
9 1273 3979 5815 3649 1870
9 2580 4531 1607 4728 1871
9 1452 4464 2440 3076 1872
9 2962 1195 2276 1156 1873
9 4412 1397 4176 2024 1874
9 1434 4848 2273 4102 1875
9 1477 3654 2248 4680 1876
9 2610 5293 1338 3160 1877
9 2500 4660 709 5654 1878
9 3314 862 5400 1959 1879
9 1119 4169 1713 2628 1880
9 3909 1781 2857 1307 1881
9 1701 2994 4072 4399 1882
9 1051 4148 4992 2613 1883
9 3966 2826 1080 3885 1884
9 1536 5647 2881 4076 1885
9 5799 1867 5855 2986 1886
9 4613 815 3809 1716 1887
9 2745 5156 852 3613 1888
9 2394 4239 835 3850 1889
9 2524 5087 707 4050 1890
9 2955 5276 583 3753 1891
9 4556 1602 4683 2566 1892
9 2346 1490 3502 924 1893
9 1025 4888 2634 4697 1894
9 2507 4338 1386 3523 1895
9 2198 3965 665 4279 1896
9 2170 4629 1557 4572 1897
9 486 4965 2546 3668 1898
9 1457 5390 4934 4035 1899
9 1760 2735 4526 5052 1900
9 2164 4102 770 3424 1901
9 3124 5273 4195 459 1902
9 2727 5192 1624 4535 1903
9 1852 5407 3545 5516 1904
9 5392 2696 4865 890 1905
9 3871 1289 3379 1673 1906
9 1939 3901 850 3687 1907
9 4424 3099 1615 3672 1908
9 3517 5583 635 5570 1909
9 2363 4971 1193 5194 1910
9 2925 733 2920 1372 1911
9 3241 1658 5391 4622 1912
9 2304 4610 1613 4935 1913
9 1407 4620 2733 4725 1914
9 2945 4903 1488 3994 1915
9 5350 948 4481 2274 1916
9 4250 1373 3511 1779 1917
9 2542 5004 611 3610 1918
9 2628 5155 610 4281 1919
9 4363 2354 4090 879 1920
9 2654 5413 1640 4446 1921
9 4216 1454 3825 2062 1922
9 1758 5423 3261 5489 1923
9 3245 1897 4617 828 1924
9 3918 5523 2814 589 1925
9 2282 3773 655 5121 1926
9 2479 3817 1031 4612 1927
9 3319 2262 5401 827 1928
9 2020 4476 1137 2582 1929
9 4828 2289 4723 1384 1930
9 2879 5833 4740 677 1931
9 1953 3638 1242 4577 1932
9 4441 1537 4126 1841 1933
9 3235 640 3495 1421 1934
9 1322 4938 2674 4766 1935
9 3368 4619 1200 5480 1936
9 649 5102 2775 3058 1937
9 784 5707 2877 4055 1938
9 918 5742 2823 5059 1939
9 2809 5093 1735 5166 1940
9 2975 5035 1506 4845 1941
9 1313 5755 2687 3446 1942
9 1431 5163 2874 5109 1943
9 4431 1580 4271 1851 1944
9 4357 1960 5208 2187 1945
9 1915 3390 1148 3456 1946
9 2172 3977 1258 3210 1947
9 536 4176 2402 3783 1948
9 1749 4479 3121 4173 1949
9 4989 951 4604 1711 1950
9 2843 3712 1306 4203 1951
9 4355 2077 1044 4953 1952
9 3940 5515 1634 4904 1953
9 4375 4008 2359 5143 1954
9 344 5843 2584 4179 1955
9 5835 1569 4698 2591 1956
9 2222 4704 1499 2718 1957
9 3834 1737 3036 994 1958
9 1042 4915 2714 3300 1959
9 3767 1471 4444 1948 1960
9 2513 5146 4537 992 1961
9 5201 590 4725 2733 1962
9 361 4778 3683 360 1963
9 2695 3684 473 3331 1964
9 514 2233 3535 3355 1965
9 2119 5167 876 4004 1966
9 2690 5644 1785 5471 1967
9 4569 926 5232 2808 1968
9 3284 551 2408 5063 1969
9 2239 4247 1396 5731 1970
9 3001 5794 595 4438 1971
9 3861 1891 3078 650 1972
9 2900 3639 2130 465 1973
9 5767 1901 4554 3310 1974
9 1674 5573 2990 5763 1975
9 3482 2319 4358 944 1976
9 2925 4233 3137 733 1977
9 3827 3164 1108 2536 1978
9 2650 1502 4119 5688 1979
9 3434 5287 5006 1232 1980
9 1121 4744 2315 3172 1981
9 4818 2308 4968 1510 1982
9 672 3729 2476 3361 1983
9 3648 5418 3285 654 1984
9 1103 4117 2130 3848 1985
9 2936 1904 4064 887 1986
9 1516 5009 2201 2809 1987
9 4644 1495 4378 2167 1988
9 2335 4218 1292 5510 1989
9 3046 4813 585 4510 1990
9 3855 5336 1981 5328 1991
9 2298 4433 1424 4055 1992
9 3434 1232 3022 1661 1993
9 3029 1819 3228 983 1994
9 1436 3239 2217 4112 1995
9 4507 2436 4029 858 1996
9 3376 1886 4150 510 1997
9 3616 2261 5221 923 1998
9 245 5182 2620 4647 1999
9 4494 3237 1656 4663 2000
9 1061 4070 5392 3611 2001
9 2501 4016 732 5629 2002
9 3649 5815 552 5485 2003
9 2913 1840 4183 498 2004
9 3405 718 3432 1825 2005
9 1188 3196 1848 3154 2006
9 2905 2225 4999 560 2007
9 2719 4490 1019 4133 2008
9 3933 1938 5807 2258 2009
9 3007 1452 3076 1150 2010
9 3042 5085 1702 4099 2011
9 4116 5861 1219 2535 2012
9 2633 4836 579 3902 2013
9 2801 5236 1905 5745 2014
9 2279 4834 1321 2719 2015
9 3718 1991 4228 842 2016
9 1276 3315 2015 3561 2017
9 4132 5167 1698 4797 2018
9 5651 1052 4192 2289 2019
9 1088 3362 2461 4155 2020
9 2808 5232 1702 5085 2021
9 4249 2043 4690 1141 2022
9 3194 3483 2067 874 2023
9 5346 2724 4700 1726 2024
9 949 4514 2103 3835 2025
9 2372 4487 1024 3075 2026
9 2820 5057 1156 4045 2027
9 2938 3884 392 393 2028
9 2833 5038 763 4505 2029
9 1503 4710 5801 3730 2030
9 456 4632 2341 3222 2031
9 1222 4383 3171 3302 2032
9 779 5836 3945 4421 2033
9 2647 3905 1057 4616 2034
9 1258 3977 2259 4748 2035
9 703 4300 2259 3977 2036
9 2153 4051 1399 3864 2037
9 4213 789 4323 1512 2038
9 1050 5811 3204 4561 2039
9 3806 5318 2758 1394 2040
9 1027 3585 1924 2718 2041
9 2604 4815 562 3650 2042
9 2444 5650 679 4010 2043
9 1234 4898 2115 3033 2044
9 5815 2587 4824 552 2045
9 2861 5843 345 5635 2046
9 2164 5603 1434 4102 2047
9 3312 1882 4809 5022 2048
9 4262 2008 3708 1446 2049
9 581 5025 2450 4677 2050
9 3268 5086 482 2439 2051
9 1373 5700 5312 3807 2052
9 5122 2618 976 4201 2053
9 3276 5395 1570 5102 2054
9 1754 5652 2802 5000 2055
9 959 4929 5802 5238 2056
9 5663 4080 1499 5383 2057
9 1486 2553 4741 3942 2058
9 1550 5399 2342 4749 2059
9 2131 2850 906 4502 2060
9 502 4963 2657 5224 2061
9 924 4979 2252 4473 2062
9 3185 783 3768 1762 2063
9 2856 5454 739 5516 2064
9 577 5150 3195 5293 2065
9 578 5076 3068 5849 2066
9 4830 4842 1874 3232 2067
9 473 5139 2245 3331 2068
9 3372 1265 3326 1669 2069
9 1545 4918 2483 4310 2070
9 1010 5706 3470 5699 2071
9 3692 5650 2444 1083 2072
9 3901 5842 5321 850 2073
9 1204 5348 2988 3110 2074
9 798 4499 2105 4528 2075
9 4996 1379 3705 5764 2076
9 3541 5190 315 314 2077
9 4032 2101 5073 1799 2078
9 1833 3450 638 4305 2079
9 1573 3053 1204 2965 2080
9 2932 5477 632 3644 2081
9 4554 772 2482 1558 2082
9 3688 861 4235 2000 2083
9 4794 2670 5164 1340 2084
9 3663 666 5108 1901 2085
9 5344 1940 2997 859 2086
9 5579 5473 579 3466 2087
9 1134 3480 1895 2983 2088
9 2338 4327 3161 1427 2089
9 572 5308 3346 5421 2090
9 2235 4661 1177 3123 2091
9 5425 707 5087 2978 2092
9 4102 2273 5639 770 2093
9 5097 934 4536 2101 2094
9 2093 4015 615 2923 2095
9 2496 5210 954 3755 2096
9 3257 5791 4386 1563 2097
9 481 3403 4560 5175 2098
9 1245 3422 1821 3340 2099
9 1396 4850 4011 2921 2100
9 3741 5385 1590 4671 2101
9 1148 3797 1757 3456 2102
9 2668 4841 1643 5153 2103
9 2753 4229 1426 4143 2104
9 833 4328 1790 3680 2105
9 4252 525 3510 1651 2106
9 945 2517 3527 4353 2107
9 4048 5186 463 4926 2108
9 3897 5865 1872 5357 2109
9 1117 5377 2117 2898 2110
9 2146 5212 1132 4182 2111
9 2311 4879 1830 4672 2112
9 1469 4542 2122 3243 2113
9 1103 4425 3463 5491 2114
9 3019 4473 1422 4640 2115
9 4750 2747 5225 1343 2116
9 3632 436 4185 1729 2117
9 2721 1851 4271 652 2118
9 1141 4690 3201 4136 2119
9 1231 4161 2136 3615 2120
9 4719 469 4149 1955 2121
9 2821 4498 1381 4401 2122
9 2904 4657 1431 5068 2123
9 4542 543 4547 2122 2124
9 5120 1482 4981 2069 2125
9 2614 4895 1570 4274 2126
9 1585 5179 3162 4634 2127
9 1397 4380 2402 4176 2128
9 1266 5126 2622 3461 2129
9 1210 3888 1903 4545 2130
9 3903 1540 4268 1890 2131
9 1858 5685 2286 4961 2132
9 850 3560 1770 3687 2133
9 3564 5334 2906 849 2134
9 4103 4843 2263 1909 2135
9 1368 4709 2046 3059 2136
9 2436 4507 1459 4946 2137
9 5527 1636 4578 2158 2138
9 2471 4080 748 4598 2139
9 4611 1356 4976 1913 2140
9 1023 4786 2227 2242 2141
9 3089 1974 4122 538 2142
9 2770 4807 716 4947 2143
9 3486 2029 3127 596 2144
9 2689 573 3846 1647 2145
9 2368 4172 935 3478 2146
9 2246 5011 1722 5106 2147
9 4611 1913 2995 466 2148
9 1526 5030 3567 3902 2149
9 4354 1522 2849 1380 2150
9 1597 5125 3227 4428 2151
9 771 5759 3220 3682 2152
9 3541 1416 4197 1792 2153
9 750 5072 3372 2735 2154
9 1110 4572 3426 4431 2155
9 3112 1988 4458 1120 2156
9 1442 4957 3486 4152 2157
9 2054 4143 1426 2749 2158
9 666 5183 2602 3459 2159
9 2893 5759 771 5227 2160
9 635 5682 2184 2449 2161
9 1065 4967 2815 5195 2162
9 4269 1916 2946 820 2163
9 699 5793 2346 4071 2164
9 3747 4790 1143 5081 2165
9 578 4525 3036 5076 2166
9 1048 5192 2727 4871 2167
9 1217 3388 1925 3378 2168
9 2903 5446 2236 1016 2169
9 5423 2642 5041 980 2170
9 1387 4522 2435 4989 2171
9 2491 1946 4400 1584 2172
9 2793 4643 1128 5755 2173
9 481 3350 2255 3403 2174
9 840 5151 2327 4381 2175
9 3899 860 5527 2158 2176
9 4139 2036 3558 688 2177
9 1526 5473 2186 3600 2178
9 1146 3289 2401 3074 2179
9 4445 1626 4840 2112 2180
9 3190 1638 2859 1101 2181
9 2818 5411 4457 956 2182
9 972 4073 2162 3114 2183
9 1116 5395 3276 5336 2184
9 2375 4388 1424 4433 2185
9 3220 5759 1620 5442 2186
9 212 211 4043 3453 2187
9 3871 1673 2823 792 2188
9 1906 3446 5113 4000 2189
9 5699 1788 5557 2659 2190
9 1265 4528 1731 3326 2191
9 3082 1317 3601 1719 2192
9 2537 4883 1040 3982 2193
9 4116 2535 4969 525 2194
9 2561 998 4036 1747 2195
9 2423 5156 1487 4742 2196
9 1300 5237 2447 3991 2197
9 1225 3485 3569 2590 2198
9 2771 1796 3597 658 2199
9 3944 604 4348 1764 2200
9 5080 2739 5840 786 2201
9 3827 653 3705 1844 2202
9 4072 4540 2996 905 2203
9 2257 5480 1200 5017 2204
9 2200 5585 540 3990 2205
9 3540 1354 4244 2509 2206
9 2010 3086 939 3098 2207
9 602 4534 1968 2554 2208
9 2682 1069 2905 1473 2209
9 1529 5747 2635 4484 2210
9 1517 4928 2145 4061 2211
9 2595 1525 3368 548 2212
9 2540 3826 1375 4007 2213
9 4586 1582 4038 1736 2214
9 2933 4107 497 2026 2215
9 4071 2346 5382 1513 2216
9 1182 3782 2389 5794 2217
9 1752 4404 4205 4520 2218
9 4361 1856 4251 1341 2219
9 3744 425 203 426 2220
9 3368 5480 2930 548 2221
9 4755 2031 3028 670 2222
9 911 3703 2216 5359 2223
9 3972 1406 4100 2051 2224
9 2222 4595 1520 4277 2225
9 1316 4465 2285 3484 2226
9 4994 1909 2263 784 2227
9 3164 5467 863 3764 2228
9 3995 1924 3585 512 2229
9 3370 5776 1898 4805 2230
9 5144 5693 2371 1689 2231
9 3465 846 5128 5630 2232
9 2488 5593 592 4041 2233
9 2022 3252 1025 2453 2234
9 407 5134 3572 406 2235
9 1277 3004 4359 2534 2236
9 3127 3887 1199 3545 2237
9 1233 4353 3527 4120 2238
9 4905 2941 519 4852 2239
9 2306 5543 2667 1009 2240
9 1219 2741 3148 2574 2241
9 1056 4894 2013 5020 2242
9 718 5525 2800 3432 2243
9 1374 4408 3266 2228 2244
9 2361 3637 631 5283 2245
9 756 3909 4173 3121 2246
9 2541 4099 487 3004 2247
9 601 4903 2945 5601 2248
9 772 4637 3525 5218 2249
9 1303 4788 2845 4191 2250
9 1342 4523 2125 4124 2251
9 4413 741 5188 2160 2252
9 1046 4680 2248 4659 2253
9 4558 2264 1813 4398 2254
9 1643 5439 3659 4371 2255
9 3768 1433 4409 1762 2256
9 5549 2685 5138 1809 2257
9 2285 3910 801 3484 2258
9 4173 1307 3552 1749 2259
9 2608 1766 3858 547 2260
9 4205 5703 2330 991 2261
9 1562 4726 2489 3055 2262
9 582 4889 2427 3014 2263
9 2736 3838 1139 2052 2264
9 3155 5398 1663 5051 2265
9 2540 3995 512 3826 2266
9 1891 3861 1291 2688 2267
9 5387 4315 516 2740 2268
9 3073 4497 748 5663 2269
9 2595 980 2641 1525 2270
9 3241 1443 2551 803 2271
9 2303 5537 3584 1372 2272
9 2025 3004 487 3240 2273
9 3320 5142 1521 4151 2274
9 2227 4061 484 3041 2275
9 3124 459 3246 1497 2276
9 1477 5637 2784 3654 2277
9 2147 525 4969 4767 2278
9 2161 3820 480 3660 2279
9 2626 1110 4431 1851 2280
9 5217 1213 2980 4728 2281
9 2232 4488 902 4299 2282
9 2683 4818 1510 3361 2283
9 2175 3358 1035 5297 2284
9 3463 5835 708 5866 2285
9 1392 4025 3609 2778 2286
9 2193 5031 659 2984 2287
9 1124 3045 1915 4832 2288
9 4110 2284 5235 675 2289
9 1827 4773 3187 3670 2290
9 2176 4181 1315 3163 2291
9 1663 5398 2351 3703 2292
9 3372 5072 5452 1265 2293
9 2687 5877 589 3446 2294
9 652 4356 2014 2484 2295
9 1538 4738 4280 3183 2296
9 890 5738 1888 3611 2297
9 3492 4495 5346 1726 2298
9 886 5364 3441 5205 2299
9 3475 5133 1556 2183 2300
9 709 4660 2902 3855 2301
9 4865 2696 610 4243 2302
9 5366 2375 4433 728 2303
9 1579 5400 4264 4485 2304
9 1507 5415 2887 4999 2305
9 2560 4871 4348 604 2306
9 2550 5327 3529 1408 2307
9 449 5524 2640 448 2308
9 1509 5768 2606 3794 2309
9 4026 854 3943 1766 2310
9 4628 2023 4619 1525 2311
9 1087 3559 2084 2322 2312
9 1167 5203 2185 3067 2313
9 1340 5164 3046 4510 2314
9 5144 4039 1996 4925 2315
9 5266 2068 2742 1079 2316
9 5468 2442 3814 1145 2317
9 2239 3402 1193 3914 2318
9 2951 714 4930 3499 2319
9 5360 5176 2060 5095 2320
9 4855 5580 1808 3866 2321
9 1951 4124 684 2807 2322
9 5748 2868 5380 1496 2323
9 614 3142 2078 3635 2324
9 1031 4770 3365 2144 2325
9 5285 752 4181 2176 2326
9 2786 599 4658 4134 2327
9 1098 3567 2607 4774 2328
9 5347 1012 2371 5693 2329
9 3099 5388 1205 5386 2330
9 1948 5482 2365 3767 2331
9 2451 3623 1291 3861 2332
9 4764 2069 4318 1555 2333
9 1864 3931 5060 4493 2334
9 2570 3694 1182 3001 2335
9 3823 1861 2899 825 2336
9 3162 5232 926 4634 2337
9 1337 4540 4072 2994 2338
9 3498 5769 1627 2860 2339
9 4982 1481 3932 2004 2340
9 737 5141 3103 4146 2341
9 491 5131 4140 4189 2342
9 2487 1625 4884 3199 2343
9 2669 4518 1297 5403 2344
9 3581 1986 4873 1173 2345
9 2862 3371 1380 3496 2346
9 4131 405 406 3572 2347
9 2193 5204 896 4082 2348
9 2051 3038 4683 5132 2349
9 3473 2313 4519 550 2350
9 2379 3125 1258 4748 2351
9 5329 2376 5694 520 2352
9 1604 4627 2603 4824 2353
9 3619 5631 823 4615 2354
9 1093 3043 3924 2703 2355
9 2645 4726 1562 4451 2356
9 1079 5828 2540 4007 2357
9 3073 1890 4268 1138 2358
9 1154 2864 2246 2473 2359
9 4159 2007 3081 618 2360
9 2148 3537 1386 4636 2361
9 3671 1911 3238 673 2362
9 1812 5773 4131 4245 2363
9 4322 845 4178 1709 2364
9 3112 5625 583 5276 2365
9 782 4919 3060 3176 2366
9 1420 3922 2366 3555 2367
9 3260 1229 4541 5258 2368
9 2948 5813 4764 1555 2369
9 1045 5126 2433 4460 2370
9 5876 3982 3092 762 2371
9 2531 3595 627 3394 2372
9 1637 4734 3389 2639 2373
9 456 4316 1939 4727 2374
9 558 5287 3434 3727 2375
9 1211 3608 2394 3850 2376
9 3883 2067 4541 1229 2377
9 2995 5674 4023 466 2378
9 4769 855 4662 1882 2379
9 3948 5550 2759 1403 2380
9 1071 4801 5325 3126 2381
9 5633 2220 5574 1653 2382
9 2828 4742 1487 3433 2383
9 789 2891 1860 4216 2384
9 2869 1212 3016 1345 2385
9 2653 1532 3429 897 2386
9 4881 2336 5025 581 2387
9 4318 2069 3822 1252 2388
9 2683 5215 1004 3335 2389
9 3108 5350 2274 1607 2390
9 3663 5767 1113 4783 2391
9 723 4491 2741 3309 2392
9 2746 5561 894 4078 2393
9 1965 4343 1273 3316 2394
9 4114 1478 4423 1907 2395
9 3817 2053 4770 1031 2396
9 3307 5746 1800 4419 2397
9 1347 4480 2271 3370 2398
9 3171 5465 753 5636 2399
9 3275 1266 3461 1483 2400
9 5374 2224 3653 1130 2401
9 3584 5542 2306 1372 2402
9 1487 5156 2745 5300 2403
9 5314 2399 4066 904 2404
9 3863 803 3278 1644 2405
9 5862 409 410 2642 2406
9 2993 5198 1757 3797 2407
9 1049 3367 1950 2585 2408
9 5299 4835 1125 3027 2409
9 2698 1749 3552 534 2410
9 2385 5501 463 4747 2411
9 1157 3536 1947 3521 2412
9 2103 4514 1439 3571 2413
9 3303 5185 1533 5083 2414
9 1138 4759 2163 4183 2415
9 2296 4623 1197 3713 2416
9 482 4068 2508 1639 2417
9 1153 5365 2314 3783 2418
9 2954 4950 1034 5565 2419
9 2920 1008 2303 1372 2420
9 4375 931 2267 4306 2421
9 1294 3895 2125 5018 2422
9 4333 1858 4517 1214 2423
9 1516 5766 3201 4690 2424
9 3158 870 2632 1443 2425
9 5201 4425 2710 590 2426
9 2459 3780 474 2428 2427
9 5326 3690 1312 3754 2428
9 769 3136 1601 3126 2429
9 3323 1474 3301 1251 2430
9 2703 5285 3736 1093 2431
9 2714 4915 2613 526 2432
9 2182 4885 1426 4229 2433
9 901 4975 2459 4831 2434
9 3762 2015 3315 384 2435
9 3298 4759 1138 4268 2436
9 4336 1101 2316 4677 2437
9 518 4946 2630 4599 2438
9 3365 1623 3037 851 2439
9 1989 4379 662 3478 2440
9 2724 5691 2834 1528 2441
9 2456 5800 745 3174 2442
9 2172 4743 1296 3907 2443
9 5219 2126 5209 1467 2444
9 4222 1857 4972 1257 2445
9 5754 2773 5313 1459 2446
9 2339 4499 798 4456 2447
9 2785 1542 4664 5592 2448
9 4890 1885 2705 668 2449
9 662 4379 2766 5869 2450
9 3919 2536 1674 5627 2451
9 4993 2161 3660 1241 2452
9 879 3055 1870 2648 2453
9 5389 3979 3081 2007 2454
9 3720 5513 1013 2324 2455
9 2253 3139 668 4204 2456
9 4921 2042 3170 1505 2457
9 2640 5524 1298 3599 2458
9 1719 3601 494 3980 2459
9 3814 779 4421 1780 2460
9 4323 789 2062 5039 2461
9 1317 4608 3012 2297 2462
9 1974 3726 1297 4122 2463
9 5311 4919 782 3782 2464
9 3328 1303 3777 4653 2465
9 1245 3793 2589 3898 2466
9 1445 5384 3407 4415 2467
9 752 3946 2030 3095 2468
9 1724 3462 1227 4193 2469
9 4294 811 3819 1919 2470
9 2360 4522 1387 3641 2471
9 3211 765 4209 1468 2472
9 2040 3516 1269 3137 2473
9 3450 1995 4860 638 2474
9 2793 5755 1313 4334 2475
9 1171 5692 3558 2036 2476
9 5846 2387 2817 856 2477
9 1606 4095 3180 3816 2478
9 2464 5086 1312 3690 2479
9 2982 5228 526 4227 2480
9 995 4585 2450 4287 2481
9 4622 5032 3158 1443 2482
9 5595 5306 1690 3906 2483
9 3698 994 2124 4775 2484
9 844 4665 2360 3641 2485
9 5006 2098 3637 1232 2486
9 1388 4033 2001 3910 2487
9 1090 4895 2614 3859 2488
9 4164 1598 2519 5594 2489
9 4567 1115 3064 4469 2490
9 3573 2209 5234 674 2491
9 4529 945 4353 2192 2492
9 3944 1764 5227 2312 2493
9 3521 1684 3138 1157 2494
9 4863 2357 5602 1378 2495
9 766 4610 2304 3017 2496
9 4162 1534 5114 2132 2497
9 2777 3614 746 3313 2498
9 3285 5418 1318 5399 2499
9 2492 4600 894 2463 2500
9 1269 3990 2044 3137 2501
9 4937 3072 1086 3750 2502
9 509 4555 2047 2755 2503
9 2757 5670 1162 2374 2504
9 578 5849 2924 4137 2505
9 3113 1853 3375 961 2506
9 4383 3594 661 1850 2507
9 2472 4486 1511 4018 2508
9 3383 1398 2559 1081 2509
9 867 2939 4996 5606 2510
9 2223 5109 762 3198 2511
9 3869 1728 4681 870 2512
9 5433 537 4833 1980 2513
9 1287 3131 3074 2401 2514
9 552 4824 2603 4652 2515
9 3554 1620 2893 1080 2516
9 1033 4230 2935 2448 2517
9 2038 4915 1042 4670 2518
9 3117 5368 2307 1521 2519
9 2960 5871 539 1846 2520
9 4806 584 2279 1577 2521
9 2966 4443 1319 3779 2522
9 2692 4607 374 375 2523
9 2340 4202 1170 3105 2524
9 2467 5187 576 3879 2525
9 1021 2681 4065 2664 2526
9 3986 369 370 2199 2527
9 2673 5870 2099 4045 2528
9 609 5116 2272 5148 2529
9 2272 3699 4884 1625 2530
9 1015 3893 4075 2395 2531
9 2810 3528 4024 667 2532
9 2226 5054 776 3236 2533
9 667 4024 2218 3340 2534
9 3815 2275 5727 1393 2535
9 5073 2101 4319 575 2536
9 2829 5239 1572 3672 2537
9 2345 3095 1118 2249 2538
9 2367 4295 1437 3689 2539
9 375 376 2567 2692 2540
9 4287 1910 2695 995 2541
9 479 3926 5602 4472 2542
9 2471 4598 1279 5351 2543
9 1087 4090 2354 2977 2544
9 1899 3109 559 2954 2545
9 4184 4826 1480 3857 2546
9 412 4912 2414 4513 2547
9 2432 688 2937 4219 2548
9 3192 1568 3070 279 2549
9 4422 4153 735 3335 2550
9 476 3263 1973 3638 2551
9 3376 510 3223 1685 2552
9 1428 4283 2196 3292 2553
9 1235 3445 2341 4632 2554
9 791 5722 4130 3618 2555
9 2356 5241 3792 1489 2556
9 835 4239 2177 4614 2557
9 3914 878 4247 2239 2558
9 2195 4847 687 3006 2559
9 2173 5189 1167 3067 2560
9 3575 3992 758 2895 2561
9 4640 1422 3839 1927 2562
9 2597 1067 2654 1488 2563
9 2202 3634 648 3984 2564
9 3468 5092 2835 1236 2565
9 3812 1818 4892 1365 2566
9 1884 5726 3420 5643 2567
9 3115 1712 3748 660 2568
9 1376 3590 5265 3853 2569
9 2441 5668 1788 3470 2570
9 2927 1094 2586 4817 2571
9 3242 5446 2903 716 2572
9 509 5735 3071 4555 2573
9 570 5047 3829 5250 2574
9 4138 2454 4328 833 2575
9 4337 605 3206 1508 2576
9 5323 1695 4633 1963 2577
9 3480 2037 4263 874 2578
9 4739 1012 5347 2256 2579
9 2378 4076 532 2280 2580
9 3021 5616 3923 1714 2581
9 2828 5632 1021 2118 2582
9 1348 4505 2055 5228 2583
9 4057 2470 1039 4406 2584
9 688 5582 5468 2937 2585
9 2007 5674 2995 5389 2586
9 5291 979 3927 2094 2587
9 1357 4139 2432 5454 2588
9 2315 4889 582 3172 2589
9 2779 4228 1535 3191 2590
9 2677 4665 844 3607 2591
9 3025 623 3400 1755 2592
9 2219 503 4797 1698 2593
9 2538 1551 3535 5709 2594
9 1313 3921 2349 4334 2595
9 4112 239 238 3497 2596
9 692 5172 2792 2961 2597
9 5455 961 4434 2138 2598
9 2227 3041 1151 2242 2599
9 2067 3483 634 5597 2600
9 2710 4425 1103 3848 2601
9 1514 4515 3083 5872 2602
9 4349 3905 2647 723 2603
9 1252 3822 3281 2492 2604
9 2631 4351 490 3397 2605
9 3945 5836 1972 5797 2606
9 4335 1728 3143 1328 2607
9 1277 3881 2541 3004 2608
9 3598 5544 326 325 2609
9 1090 3859 2076 2594 2610
9 1433 4830 3232 4409 2611
9 659 3630 2434 3998 2612
9 2197 5814 5499 5530 2613
9 563 4780 2684 4013 2614
9 5315 1642 3627 2048 2615
9 2012 4147 895 3504 2616
9 3163 4016 1429 2176 2617
9 2624 5183 666 3663 2618
9 531 4280 4738 5737 2619
9 3896 1910 4909 712 2620
9 1253 4029 2436 4111 2621
9 2972 3709 1209 1807 2622
9 5303 1012 4534 2261 2623
9 1037 2914 2388 2120 2624
9 937 3848 2130 3639 2625
9 2743 981 5825 2075 2626
9 4689 2212 5023 1557 2627
9 4258 966 5409 2407 2628
9 1986 3581 357 4756 2629
9 1448 4293 3269 5638 2630
9 5193 793 3254 1869 2631
9 1211 4053 2443 3608 2632
9 4484 502 4156 1871 2633
9 1885 4771 5062 2705 2634
9 2020 4773 968 4476 2635
9 1171 3693 2604 3650 2636
9 2438 4893 821 3954 2637
9 1574 5437 2477 4163 2638
9 1014 5598 2337 2191 2639
9 3085 1849 4489 1161 2640
9 2675 5058 1053 4936 2641
9 2769 5644 1028 5330 2642
9 3597 4929 1537 4441 2643
9 2578 1472 3492 483 2644
9 3469 839 2908 1692 2645
9 1591 4392 2820 4134 2646
9 556 4602 2869 3079 2647
9 594 5698 1987 5367 2648
9 1383 4320 2411 3097 2649
9 3460 2601 1594 3563 2650
9 5502 1082 2811 5622 2651
9 3951 1270 5856 2330 2652
9 3177 1246 4422 1751 2653
9 3846 573 5369 1971 2654
9 2898 2117 4920 597 2655
9 4096 3056 1447 3360 2656
9 3627 5576 282 281 2657
9 863 3562 1843 3764 2658
9 547 3858 2131 3234 2659
9 2806 5328 1092 2163 2660
9 4246 1778 3707 710 2661
9 5355 3629 1873 4674 2662
9 3593 3952 431 432 2663
9 3935 2623 1184 4105 2664
9 2544 4339 1018 2233 2665
9 4319 1561 3750 5820 2666
9 3643 1470 2692 1011 2667
9 4619 2023 3272 1200 2668
9 4362 969 4654 2940 2669
9 2496 3755 1198 3271 2670
9 3320 1799 5073 5142 2671
9 5150 4079 1288 3195 2672
9 2301 3836 3579 836 2673
9 1823 5813 2948 5238 2674
9 3056 4096 1484 3546 2675
9 1675 5504 2451 4692 2676
9 2281 5809 2951 1013 2677
9 2406 3895 1294 3609 2678
9 1716 3809 2713 3969 2679
9 2442 4594 779 3814 2680
9 2750 3710 1195 3314 2681
9 507 5124 2157 3338 2682
9 1343 5225 3962 3062 2683
9 2368 2106 5378 1055 2684
9 2278 5422 5333 2262 2685
9 1440 4780 2448 2935 2686
9 1069 4142 2679 3381 2687
9 3549 2126 5219 505 2688
9 3811 455 3629 1605 2689
9 2448 5498 3941 1033 2690
9 3219 3636 1238 4811 2691
9 1840 3073 1138 4183 2692
9 3423 4776 1519 5510 2693
9 1460 5697 2568 3425 2694
9 4730 1754 4920 2117 2695
9 1534 4162 2035 3618 2696
9 3913 2027 4664 1542 2697
9 1874 5736 3589 3030 2698
9 2895 3427 1133 2198 2699
9 4874 597 3894 2446 2700
9 2116 3042 1001 2416 2701
9 2927 5576 1642 4825 2702
9 2590 3569 1329 4475 2703
9 3507 4680 1046 2283 2704
9 1825 3432 1191 4418 2705
9 2647 1962 4491 723 2706
9 3540 873 3931 1864 2707
9 4649 3468 1236 3466 2708
9 259 2581 3013 260 2709
9 642 5818 4309 2888 2710
9 2168 4669 940 3498 2711
9 3918 1772 4417 1423 2712
9 554 4432 2287 4439 2713
9 1324 5505 2119 4004 2714
9 1094 3634 2202 3354 2715
9 2412 3122 625 3065 2716
9 5313 2773 5706 1010 2717
9 2427 4889 1650 4980 2718
9 1306 3712 2332 3538 2719
9 2950 4756 358 359 2720
9 4955 5533 3050 964 2721
9 1649 3662 1310 3118 2722
9 1029 5442 3678 5605 2723
9 2003 4849 5750 5605 2724
9 3506 828 4617 5292 2725
9 2347 3651 507 3732 2726
9 4042 869 4974 1865 2727
9 2056 4938 1322 3605 2728
9 562 4815 2639 3391 2729
9 1308 3785 1962 4616 2730
9 2937 5468 1145 5168 2731
9 3651 1339 3681 1706 2732
9 2627 985 3006 1321 2733
9 1857 5874 2996 4540 2734
9 3083 4515 4414 1595 2735
9 2730 4509 458 5405 2736
9 381 3859 2614 380 2737
9 792 5222 2744 3871 2738
9 2207 5173 4118 4810 2739
9 541 4847 2195 4695 2740
9 2862 4857 1793 3371 2741
9 3638 1973 5289 1242 2742
9 1603 4187 3665 2838 2743
9 1522 3622 2005 4273 2744
9 2677 1600 4289 1412 2745
9 2327 3605 1322 2693 2746
9 1899 3431 1189 3109 2747
9 499 3539 1864 4493 2748
9 2617 4762 1409 3391 2749
9 998 5438 3405 4036 2750
9 2275 3815 3560 850 2751
9 2568 1468 3150 831 2752
9 2268 4954 694 5824 2753
9 1358 5357 2662 4194 2754
9 3439 5636 753 5107 2755
9 2137 3778 907 3988 2756
9 958 5460 2199 3974 2757
9 698 4699 2579 3631 2758
9 5397 2200 3990 1269 2759
9 3384 3141 644 1999 2760
9 4097 1926 4811 1238 2761
9 5400 1579 3598 1959 2762
9 2826 3966 727 3000 2763
9 3577 5427 974 4849 2764
9 5617 2362 2765 981 2765
9 1051 2613 2038 5798 2766
9 2243 5154 490 3341 2767
9 762 3092 1598 3198 2768
9 2487 4453 1024 4487 2769
9 1867 5799 3523 3537 2770
9 3336 550 2410 1485 2771
9 3069 1392 2778 528 2772
9 2231 4060 1401 4043 2773
9 1961 4801 4485 4264 2774
9 4206 2058 4396 1172 2775
9 2684 1440 3173 997 2776
9 3718 842 2794 5115 2777
9 2800 5279 1178 2160 2778
9 2754 3796 778 3771 2779
9 1611 5472 2598 4483 2780
9 2681 4958 3725 799 2781
9 2657 5066 3778 1159 2782
9 1301 4784 2891 4213 2783
9 2091 4180 640 3235 2784
9 5760 1335 4369 2241 2785
9 1777 4550 3013 5729 2786
9 1328 3936 1943 2526 2787
9 859 5096 4087 4211 2788
9 4328 2454 910 3588 2789
9 2689 1956 1243 2722 2790
9 4145 5549 1809 4254 2791
9 1802 4387 5857 2549 2792
9 3518 1298 3464 1789 2793
9 1645 5433 4047 5412 2794
9 5189 2173 5852 957 2795
9 4866 1994 3963 1220 2796
9 1432 4932 2520 3904 2797
9 1092 3233 2768 2079 2798
9 4621 4098 1703 4501 2799
9 564 5300 3437 5358 2800
9 3516 5583 1742 5397 2801
9 2820 4045 943 4134 2802
9 1334 3911 2838 3665 2803
9 885 4298 2959 5470 2804
9 4732 1802 2549 553 2805
9 2906 5334 1626 3757 2806
9 5278 1609 3215 5257 2807
9 5217 2274 3417 1213 2808
9 1286 5385 3741 5517 2809
9 2815 4967 2943 740 2810
9 1154 3451 5711 4384 2811
9 693 3360 2675 3696 2812
9 5713 2970 5479 1076 2813
9 4397 908 4255 1662 2814
9 3034 734 2506 4342 2815
9 5515 4806 2150 4908 2816
9 545 4656 3348 3569 2817
9 1444 3769 5015 4345 2818
9 635 5583 3516 5682 2819
9 3031 4542 1469 4391 2820
9 1461 4298 2009 3935 2821
9 5836 2370 3872 1972 2822
9 983 3228 2024 2805 2823
9 2924 4460 1382 4137 2824
9 4329 2194 4023 1221 2825
9 813 5799 2986 2294 2826
9 2899 5743 4354 1380 2827
9 2632 4681 2254 955 2828
9 1633 5243 2413 4286 2829
9 4546 2037 3480 1134 2830
9 3010 4855 1604 2587 2831
9 3161 2081 4257 543 2832
9 4225 5194 1917 4563 2833
9 3704 800 3077 1787 2834
9 3786 1644 2981 630 2835
9 3311 5797 915 2063 2836
9 774 5257 3577 2003 2837
9 1108 3764 2565 5130 2838
9 3655 4583 3086 2010 2839
9 758 4521 3754 3427 2840
9 271 5370 2582 272 2841
9 4570 729 4454 1667 2842
9 1842 4034 812 3445 2843
9 1285 3524 4867 3142 2844
9 1089 3729 2226 3236 2845
9 3891 559 2343 1353 2846
9 1894 5358 2880 5401 2847
9 3171 5636 1846 3302 2848
9 4086 3933 311 310 2849
9 604 3944 2706 3774 2850
9 498 4792 2079 3661 2851
9 5452 1782 5485 2082 2852
9 4715 2078 3835 1147 2853
9 3018 4852 2559 1398 2854
9 1018 4339 2181 4953 2855
9 4087 1470 3643 1930 2856
9 5250 3829 1654 3548 2857
9 2792 4482 4932 1432 2858
9 4630 5047 570 3207 2859
9 3589 5714 2698 1180 2860
9 2129 4325 620 3904 2861
9 4266 1724 4193 648 2862
9 1898 3868 645 4805 2863
9 3094 1287 2401 689 2864
9 3241 803 3863 1658 2865
9 1131 4586 2739 5572 2866
9 3469 4296 1135 2520 2867
9 2053 3915 5804 4770 2868
9 5049 2188 4727 1030 2869
9 699 4071 1878 2926 2870
9 743 3180 4095 2008 2871
9 2949 5634 1583 5660 2872
9 5314 4767 1739 3444 2873
9 663 2256 3084 3772 2874
9 2230 4366 489 2795 2875
9 314 313 4165 3541 2876
9 1037 4624 2298 2877 2877
9 3202 1275 2606 751 2878
9 2479 4136 3201 533 2879
9 1019 4490 2466 3318 2880
9 4278 1975 4060 967 2881
9 2504 4394 1556 3147 2882
9 3358 2175 5673 5735 2883
9 3246 459 3799 1587 2884
9 937 3543 1926 3848 2885
9 4669 2439 3970 940 2886
9 2247 1206 2939 867 2887
9 2763 5149 3398 1504 2888
9 4581 598 3382 1696 2889
9 5170 677 2868 5748 2890
9 1319 4443 2805 5373 2891
9 572 5421 3487 1856 2892
9 3003 1873 3629 455 2893
9 2921 4011 1359 3020 2894
9 527 4784 3178 2110 2895
9 1934 3951 555 3080 2896
9 2415 5354 1364 5339 2897
9 2751 5716 4429 1455 2898
9 878 3810 2419 4247 2899
9 709 3855 2806 3298 2900
9 1393 5727 3674 4650 2901
9 3262 556 3321 1344 2902
9 5160 4036 1825 4418 2903
9 1516 4690 2043 3297 2904
9 1281 5584 2420 2652 2905
9 3932 3742 1015 2395 2906
9 1453 4549 2472 4018 2907
9 2059 3807 843 3474 2908
9 1438 5842 3901 4316 2909
9 2472 4549 427 428 2910
9 5603 2164 5079 673 2911
9 4008 5443 387 388 2912
9 5060 1932 2956 975 2913
9 1610 3587 4231 3878 2914
9 3794 1797 5342 607 2915
9 2712 4893 2438 1360 2916
9 5079 2164 3424 1077 2917
9 2581 3224 1083 3013 2918
9 5423 1758 5862 2642 2919
9 2196 4313 1545 4276 2920
9 2445 657 4382 4634 2921
9 5135 582 3014 1912 2922
9 4457 4496 1942 4564 2923
9 2081 4320 1383 2928 2924
9 2313 3214 4369 1335 2925
9 1237 5629 2663 2344 2926
9 1285 4553 2467 3879 2927
9 222 5538 2707 4474 2928
9 1916 3582 391 3884 2929
9 677 5170 2555 4945 2930
9 2810 667 2818 1167 2931
9 2518 5302 1259 4470 2932
9 1853 3779 1319 3865 2933
9 820 5683 2976 5521 2934
9 3479 4909 1371 5322 2935
9 747 3559 2460 2605 2936
9 3389 4531 2580 1097 2937
9 2259 4300 3022 932 2938
9 4964 4251 810 3726 2939
9 4991 2855 1494 4589 2940
9 3393 4576 1247 2655 2941
9 4564 1618 2620 956 2942
9 5624 5254 866 3804 2943
9 4538 1002 3989 1928 2944
9 1802 4732 5016 4641 2945
9 5750 2021 4344 1029 2946
9 1122 5149 2763 3040 2947
9 3284 5063 1417 4769 2948
9 1228 3675 2656 3101 2949
9 4831 1454 4216 1860 2950
9 3318 2466 5708 978 2951
9 1866 5863 5350 3108 2952
9 2784 5637 1170 4202 2953
9 2295 3206 605 3244 2954
9 1048 3993 2584 2861 2955
9 3975 2497 5872 488 2956
9 2528 5494 1109 4593 2957
9 1624 4121 2340 4535 2958
9 947 5575 2090 2521 2959
9 2760 5199 1657 4413 2960
9 3563 1594 3033 738 2961
9 4984 504 4925 1803 2962
9 3324 1730 3090 636 2963
9 1527 4306 3357 2915 2964
9 4235 5294 1650 2315 2965
9 3345 1709 3953 637 2966
9 1115 4567 2180 3021 2967
9 4428 1869 4527 1597 2968
9 5007 3824 1839 4839 2969
9 2104 4551 1234 3096 2970
9 2840 4942 3411 710 2971
9 3857 1480 2265 715 2972
9 1974 3089 4978 4964 2973
9 2902 1385 2678 1116 2974
9 5551 986 5341 2143 2975
9 2414 4912 1295 3542 2976
9 2815 4718 1791 5195 2977
9 1351 5180 4813 3046 2978
9 693 3696 2496 3271 2979
9 4075 1535 4228 1991 2980
9 4386 2981 1100 5071 2981
9 646 3897 2281 5214 2982
9 2186 5579 4986 765 2983
9 4562 869 5356 1672 2984
9 3956 5568 1511 4486 2985
9 2502 3136 1070 3789 2986
9 3325 4388 561 3837 2987
9 2369 2886 1060 5319 2988
9 1651 3294 4614 4252 2989
9 2475 731 4440 4051 2990
9 4043 211 210 2231 2991
9 5148 4487 2372 5043 2992
9 4790 1881 2468 1143 2993
9 3866 1808 5810 888 2994
9 2237 1325 3134 587 2995
9 1973 3263 1218 3515 2996
9 4056 1190 3068 5076 2997
9 793 5193 3686 3957 2998
9 2001 5720 3761 801 2999
9 1583 4659 2876 5660 3000
9 1292 5259 2717 3423 3001
9 3430 5557 1788 5668 3002
9 2437 4081 1209 2543 3003
9 2098 5631 1435 3874 3004
9 2747 5678 1577 4471 3005
9 1300 3991 3573 1960 3006
9 2637 1281 2652 1081 3007
9 5498 2448 4780 563 3008
9 1923 4508 4927 4267 3009
9 2746 4078 1189 3431 3010
9 1212 2869 4602 3560 3011
9 3519 5520 647 2159 3012
9 4961 947 4517 1858 3013
9 3465 5630 1275 4227 3014
9 5330 1028 5472 3401 3015
9 4716 2253 4204 1549 3016
9 2691 5078 1747 3385 3017
9 1571 4655 3194 4263 3018
9 2205 5158 3123 1177 3019
9 1212 3815 3617 3016 3020
9 2011 3750 1086 2804 3021
9 1412 4289 3816 3180 3022
9 2359 4008 388 389 3023
9 2593 5667 1509 3308 3024
9 5751 4600 2376 5329 3025
9 2221 5177 1606 2738 3026
9 664 3488 2123 4046 3027
9 4138 3341 1106 2454 3028
9 968 5062 4771 3167 3029
9 1405 4907 2150 3054 3030
9 2111 3366 495 3147 3031
9 703 5265 3590 4300 3032
9 1065 5195 2329 2780 3033
9 2600 4569 1354 3539 3034
9 2835 1715 3738 608 3035
9 3615 643 5338 1902 3036
9 1301 5426 3178 4784 3037
9 1567 4379 1989 4326 3038
9 3567 1098 2633 3902 3039
9 2811 4790 3747 522 3040
9 4198 2021 4849 974 3041
9 939 5145 1811 3098 3042
9 1763 5425 2978 5026 3043
9 1280 4751 2408 3603 3044
9 660 3748 3040 2763 3045
9 3175 3888 1210 3953 3046
9 1417 3739 5129 3602 3047
9 3453 1401 4109 1748 3048
9 5077 1708 4814 2142 3049
9 1834 5849 3068 3613 3050
9 2713 5555 535 3969 3051
9 5821 5309 1761 4042 3052
9 912 5111 2070 2475 3053
9 4123 3832 865 2203 3054
9 4288 5245 1996 5827 3055
9 4642 737 4146 1855 3056
9 5431 970 4359 2025 3057
9 2973 5474 671 3948 3058
9 3744 4549 1453 5281 3059
9 2364 5105 529 2916 3060
9 3303 2057 4868 1679 3061
9 2766 4379 1567 3833 3062
9 2088 4332 639 2299 3063
9 1066 3673 1979 3049 3064
9 1460 4720 3114 5697 3065
9 2737 249 248 2138 3066
9 3588 910 5277 1980 3067
9 2406 1298 3518 3895 3068
9 3760 2819 1203 3211 3069
9 3533 1320 3955 1544 3070
9 4003 1781 3909 756 3071
9 857 4250 4358 2319 3072
9 5711 2404 3283 1411 3073
9 2086 4163 691 3854 3074
9 3271 1484 4096 693 3075
9 2556 5069 497 3706 3076
9 2616 5449 1331 3455 3077
9 2100 3847 1407 4001 3078
9 2301 4850 1396 2419 3079
9 2013 4894 2583 1000 3080
9 2030 3876 1118 3095 3081
9 5261 1893 2991 766 3082
9 4657 2366 5163 1431 3083
9 2946 1114 2922 1815 3084
9 4430 1934 3080 1753 3085
9 3667 5486 468 4666 3086
9 2302 5733 4917 5305 3087
9 2826 5212 2146 1080 3088
9 4585 995 5600 3457 3089
9 972 5619 4566 2006 3090
9 2075 5825 2764 4781 3091
9 764 3088 4972 3408 3092
9 740 3530 4718 2815 3093
9 3414 5088 1823 5719 3094
9 628 3779 3113 1942 3095
9 777 5732 3230 4229 3096
9 569 3806 4668 3841 3097
9 2277 5720 5242 5456 3098
9 4552 5061 1850 3514 3099
9 1363 5490 2453 2165 3100
9 2409 5681 5599 5302 3101
9 4341 626 4771 1885 3102
9 1847 5249 2890 1215 3103
9 5730 1927 5742 2643 3104
9 3373 1267 3248 711 3105
9 2774 1071 2490 4701 3106
9 1248 4655 3971 2676 3107
9 5397 1742 5805 2200 3108
9 4699 1476 4347 2579 3109
9 2407 5409 3752 5310 3110
9 567 5817 2393 2884 3111
9 1414 4314 3140 4341 3112
9 2680 5305 999 4352 3113
9 5484 3878 816 3605 3114
9 3681 756 3121 1706 3115
9 4190 4736 1619 3686 3116
9 671 5474 3436 2527 3117
9 5047 1837 4069 1515 3118
9 229 3766 2457 230 3119
9 1669 5187 2467 4526 3120
9 829 3553 4721 4638 3121
9 3333 4844 2449 1062 3122
9 1733 5785 2918 629 3123
9 1688 3844 5848 4373 3124
9 1100 4952 2964 2571 3125
9 417 418 3374 5236 3126
9 2729 1126 2912 1184 3127
9 2635 4963 502 4484 3128
9 1051 5483 3436 4148 3129
9 3553 829 3307 1438 3130
9 2744 5494 1289 3871 3131
9 1339 2555 5170 2108 3132
9 2681 5478 1786 4065 3133
9 713 5078 2691 2470 3134
9 4325 2129 5617 981 3135
9 1657 5199 3380 4858 3136
9 2179 3338 4980 5294 3137
9 2802 4066 1207 2385 3138
9 5502 2238 2699 1082 3139
9 848 3228 1819 2752 3140
9 1755 3400 1241 3221 3141
9 3330 1635 4269 5521 3142
9 5256 1949 4733 1786 3143
9 1122 3830 1950 4150 3144
9 5103 2105 4115 1043 3145
9 5109 2874 5876 762 3146
9 4524 1922 2928 799 3147
9 2892 5054 1391 4970 3148
9 1672 4184 3857 3743 3149
9 1687 5579 3466 5533 3150
9 2630 5313 1010 5196 3151
9 2498 5529 3643 1011 3152
9 491 2983 1895 3229 3153
9 4758 5618 875 4448 3154
9 4478 2852 1163 3319 3155
9 939 5367 3267 5145 3156
9 1495 4715 2649 4378 3157
9 2725 4194 1121 3172 3158
9 2547 5672 1943 3936 3159
9 2711 3482 944 3746 3160
9 1040 4883 2018 3790 3161
9 3625 1419 4280 531 3162
9 3217 1704 2588 513 3163
9 2045 4776 4376 4736 3164
9 3869 5778 1958 5596 3165
9 2089 4967 1065 2730 3166
9 1844 5467 3164 3827 3167
9 4530 3226 651 2489 3168
9 1290 4171 1979 5642 3169
9 5475 1975 4543 759 3170
9 2936 2853 620 1904 3171
9 3630 1465 4587 1679 3172
9 4515 5562 3478 935 3173
9 3066 4923 2247 867 3174
9 625 4355 2181 3065 3175
9 5708 2616 3455 978 3176
9 3751 824 4217 1450 3177
9 554 4439 2776 2759 3178
9 5096 3093 1470 4087 3179
9 4098 849 2906 1530 3180
9 3430 2971 2335 632 3181
9 4929 959 2230 1537 3182
9 5638 2297 4822 1448 3183
9 2660 4144 2236 673 3184
9 2874 586 4716 1549 3185
9 1538 5172 3146 4738 3186
9 5758 2073 4255 2396 3187
9 2564 3562 1107 3766 3188
9 1106 5665 3102 3642 3189
9 4521 758 3992 1955 3190
9 317 5526 2671 5867 3191
9 3638 1953 4787 476 3192
9 2418 4684 1481 3293 3193
9 2269 4800 419 4877 3194
9 958 3974 2093 3802 3195
9 3315 3731 383 384 3196
9 4411 4516 5419 914 3197
9 3954 1686 2686 1052 3198
9 3860 5696 1174 3458 3199
9 3314 5591 2017 862 3200
9 1054 5302 2518 5765 3201
9 3239 957 5852 2217 3202
9 5318 5677 2309 802 3203
9 1017 3534 2216 2292 3204
9 5496 1004 5363 2392 3205
9 2430 5197 605 4337 3206
9 1951 5275 2821 834 3207
9 1839 4618 5362 4676 3208
9 440 4914 2525 439 3209
9 1589 5196 2659 3765 3210
9 2918 5785 1049 4897 3211
9 1425 4721 3553 3222 3212
9 1098 4774 2378 2280 3213
9 3911 3449 483 2838 3214
9 4998 1089 2963 1738 3215
9 1400 4631 2672 3140 3216
9 2541 3881 1001 3042 3217
9 5012 3062 1861 560 3218
9 5845 2361 5283 1880 3219
9 3524 1613 2885 949 3220
9 2462 3917 1088 2941 3221
9 3890 813 2294 1482 3222
9 515 4314 4120 3527 3223
9 5321 1820 5240 2275 3224
9 2189 3849 1355 3357 3225
9 4868 2057 3737 1006 3226
9 4866 1220 5667 2593 3227
9 4670 2012 2863 638 3228
9 1162 4629 5211 2374 3229
9 2243 4380 1397 3339 3230
9 3733 5809 1358 4194 3231
9 3254 4962 2111 1104 3232
9 2276 3710 322 321 3233
9 2634 4888 1608 4279 3234
9 3080 555 2636 1336 3235
9 2097 4765 4062 1457 3236
9 3349 5695 1201 2384 3237
9 2858 1922 4524 1464 3238
9 2426 5690 1615 4405 3239
9 4731 1664 4558 580 3240
9 4003 1496 4189 1781 3241
9 5801 2609 3574 523 3242
9 2424 4475 1329 4180 3243
9 2619 1489 3792 5254 3244
9 4687 3184 354 355 3245
9 3749 750 2735 1760 3246
9 3308 5512 1773 4944 3247
9 996 4667 2557 5015 3248
9 2643 5742 918 3808 3249
9 674 5234 2720 3435 3250
9 3556 5296 1918 5839 3251
9 3435 967 2205 1177 3252
9 5253 4207 2224 5374 3253
9 5023 2212 3976 530 3254
9 4630 1985 5857 916 3255
9 5131 1771 4311 2140 3256
9 2554 4500 1244 3295 3257
9 2055 4505 3583 5546 3258
9 984 5710 5018 4523 3259
9 1807 4843 4103 4503 3260
9 2328 5789 5095 2060 3261
9 1263 5446 3242 5434 3262
9 3055 879 5231 1562 3263
9 4327 964 4320 2081 3264
9 5004 1947 3536 611 3265
9 5760 2241 4673 1441 3266
9 1718 5066 2657 4963 3267
9 5059 2364 4458 918 3268
9 678 3685 3009 4702 3269
9 4923 500 5117 2247 3270
9 787 4369 3214 2310 3271
9 1105 3198 2515 2917 3272
9 2887 4750 1343 5012 3273
9 3854 691 4475 2424 3274
9 4181 3095 2345 1315 3275
9 2533 1889 4589 1494 3276
9 1047 2663 3557 2538 3277
9 2136 4161 925 4863 3278
9 4961 2286 5806 1984 3279
9 5378 2025 3240 1055 3280
9 493 5176 5360 4709 3281
9 1570 5395 2839 4274 3282
9 2426 1476 2350 946 3283
9 2746 4609 1774 5561 3284
9 3204 5597 634 4678 3285
9 2244 3720 307 306 3286
9 469 5731 2921 3020 3287
9 2300 3819 1602 4556 3288
9 5122 1838 2391 657 3289
9 2204 4201 976 2907 3290
9 4153 4422 1246 3375 3291
9 2074 4203 952 4191 3292
9 5612 2188 5049 906 3293
9 3285 1550 4259 654 3294
9 1099 2535 2574 2380 3295
9 2425 4796 492 3520 3296
9 2339 4456 1216 3291 3297
9 3402 2239 5731 469 3298
9 2546 3776 1175 3668 3299
9 726 5030 3728 3091 3300
9 3580 5548 2324 1377 3301
9 3056 805 2717 1447 3302
9 1945 3528 957 3239 3303
9 3601 2297 5638 494 3304
9 1881 5029 3868 2468 3305
9 5666 933 4799 2031 3306
9 736 5586 2878 3190 3307
9 2506 1264 2539 907 3308
9 4234 396 202 397 3309
9 4813 2058 4206 585 3310
9 1966 2159 988 5252 3311
9 5250 1660 2348 570 3312
9 1560 4874 2446 3532 3313
9 3313 1552 3448 1311 3314
9 3506 5292 1237 3856 3315
9 3745 4753 588 2229 3316
9 5283 631 4249 2387 3317
9 2690 1784 2598 1028 3318
9 2296 3713 333 332 3319
9 681 3836 2301 2419 3320
9 4848 559 3891 2273 3321
9 1270 4141 4278 2720 3322
9 2085 4810 941 2367 3323
9 908 3249 2396 4255 3324
9 5268 4508 1711 4604 3325
9 3837 3832 1361 3325 3326
9 695 4392 3023 1849 3327
9 3438 1618 5455 2138 3328
9 1160 2132 4174 4823 3329
9 3228 848 4412 2024 3330
9 2383 1646 3929 1314 3331
9 1456 4337 3193 3677 3332
9 3106 1110 2626 1879 3333
9 5477 2659 5557 632 3334
9 1102 4672 3226 2221 3335
9 5620 5612 2072 4632 3336
9 2290 5626 5349 1693 3337
9 4781 2328 963 2075 3338
9 5578 5577 2073 5758 3339
9 4085 1402 3472 1645 3340
9 2509 4608 1317 3082 3341
9 1227 5417 3111 3027 3342
9 919 4993 2100 4001 3343
9 648 3634 2530 4266 3344
9 4789 5516 739 3777 3345
9 5249 3708 457 2890 3346
9 1034 3273 1935 5565 3347
9 2312 5227 771 2851 3348
9 2491 2132 1160 1946 3349
9 1377 5669 4086 3580 3350
9 2379 5774 1655 4207 3351
9 1120 4458 2364 2916 3352
9 4974 4562 1587 3799 3353
9 835 4614 3294 4551 3354
9 5648 2382 3495 640 3355
9 4159 5758 2396 1221 3356
9 5684 846 4539 2334 3357
9 4442 5455 1618 4564 3358
9 3128 5376 1136 1809 3359
9 452 4880 2822 451 3360
9 1482 5120 3628 3890 3361
9 5816 807 5489 3261 3362
9 699 4253 2397 3279 3363
9 2411 5159 608 3097 3364
9 912 4051 2153 3327 3365
9 3028 4799 2788 1250 3366
9 896 5410 2096 2761 3367
9 847 3812 2377 3787 3368
9 2515 1598 4164 5724 3369
9 2427 4830 1433 3014 3370
9 3878 1543 4041 1610 3371
9 4925 1996 5245 1803 3372
9 928 3520 2772 3054 3373
9 1693 5349 2443 4084 3374
9 987 5492 2699 5112 3375
9 5803 1801 4502 2027 3376
9 2548 5625 3112 1120 3377
9 2941 4905 1262 2462 3378
9 1279 4598 2369 2723 3379
9 3172 582 5135 1750 3380
9 3362 3917 1504 2381 3381
9 901 4939 2967 4975 3382
9 4390 898 4636 2386 3383
9 2340 4121 347 4202 3384
9 1207 4066 2399 2658 3385
9 989 5463 2390 5676 3386
9 1057 3905 2919 5806 3387
9 2490 3126 1601 4290 3388
9 4811 3543 1421 3219 3389
9 3652 5044 557 5056 3390
9 1721 5168 3592 3723 3391
9 2532 5486 2533 1230 3392
9 2398 3772 1239 2968 3393
9 1972 3872 1409 3550 3394
9 343 4179 3149 342 3395
9 4444 883 3784 1948 3396
9 694 4954 2654 4446 3397
9 2582 1137 3098 4331 3398
9 2710 1926 4097 590 3399
9 3938 5119 711 3248 3400
9 721 5051 2732 4574 3401
9 4711 534 4489 1849 3402
9 5382 4473 3019 1513 3403
9 2477 5437 3429 1225 3404
9 1056 5027 2957 3197 3405
9 5263 2083 4804 969 3406
9 4101 2042 4990 923 3407
9 3957 1484 3440 793 3408
9 865 4625 3568 3332 3409
9 2879 1444 3668 1175 3410
9 225 5130 2565 226 3411
9 2664 4065 465 4117 3412
9 3408 4972 1857 4540 3413
9 2424 4180 2091 1202 3414
9 3149 4179 1404 3716 3415
9 3043 1466 3125 470 3416
9 3199 4884 1254 4261 3417
9 3578 5267 1475 4612 3418
9 1483 5528 2507 3890 3419
9 639 2478 2702 2299 3420
9 751 3675 2931 3202 3421
9 2796 1344 2832 704 3422
9 3398 5882 973 2381 3423
9 2493 4891 339 340 3424
9 694 4446 2178 3323 3425
9 3246 2180 4567 1497 3426
9 522 5262 2964 4037 3427
9 5007 5008 3399 760 3428
9 5108 3459 1794 3666 3429
9 2145 3247 484 4061 3430
9 5119 1876 3838 711 3431
9 467 3862 2813 2762 3432
9 3816 565 2738 1606 3433
9 5137 1746 4638 1921 3434
9 2339 4646 1581 4499 3435
9 1723 5474 2973 4539 3436
9 3218 1552 2992 1136 3437
9 2559 4852 519 2260 3438
9 1075 5775 3032 2708 3439
9 4183 2163 4792 498 3440
9 5720 2277 3467 1260 3441
9 1941 5267 603 5558 3442
9 3355 1551 4088 1315 3443
9 2522 4837 2896 863 3444
9 2978 4822 960 5026 3445
9 5605 2219 4160 2003 3446
9 3191 5361 1124 2779 3447
9 4901 3290 1290 4210 3448
9 3059 790 2592 1368 3449
9 5048 1462 4847 541 3450
9 4421 1449 3565 1780 3451
9 1064 4872 2787 2018 3452
9 3467 5701 2636 1260 3453
9 3602 5129 696 3763 3454
9 4832 1915 3456 506 3455
9 2177 3309 5861 1652 3456
9 4301 1726 4370 1603 3457
9 5556 2457 3766 1107 3458
9 3163 4088 732 4016 3459
9 3778 2137 5220 1159 3460
9 1382 4460 2433 3591 3461
9 4870 4483 2782 1129 3462
9 1424 4388 3325 3181 3463
9 4548 2770 5556 1107 3464
9 796 5123 3458 4518 3465
9 2958 4511 1449 3311 3466
9 3026 5241 1253 4111 3467
9 2985 5343 686 3617 3468
9 1519 4808 2932 3644 3469
9 3869 5596 3143 1728 3470
9 2252 3679 658 4791 3471
9 4802 837 5157 2228 3472
9 2318 3377 1016 2666 3473
9 1073 4500 2554 1968 3474
9 2674 4938 731 2694 3475
9 1905 3374 1196 3129 3476
9 2787 4872 3670 269 3477
9 2458 5710 1892 5681 3478
9 2413 5243 517 2751 3479
9 2669 4156 1993 5531 3480
9 3501 4492 1214 2521 3481
9 4174 819 5574 2220 3482
9 2853 4449 3904 620 3483
9 4575 1716 3969 1492 3484
9 5736 4842 2157 4360 3485
9 5459 2352 5150 577 3486
9 4042 1761 3257 869 3487
9 2655 1247 2517 945 3488
9 2516 4577 1242 3212 3489
9 4074 2651 5618 1727 3490
9 3851 2288 862 2017 3491
9 5282 1249 4639 2260 3492
9 2620 5182 2185 956 3493
9 3058 1059 4809 1883 3494
9 3265 5587 1816 3745 3495
9 1054 5765 2299 2702 3496
9 1677 4846 3566 4459 3497
9 1191 5188 3151 2623 3498
9 903 5402 3699 5787 3499
9 3181 4994 784 4055 3500
9 2486 5503 1168 5756 3501
9 755 3221 2022 2453 3502
9 2008 4095 990 2645 3503
9 3297 5832 1435 3292 3504
9 1627 5769 2836 2952 3505
9 1889 3667 1251 3301 3506
9 2844 816 4231 1533 3507
9 4017 3399 2412 1226 3508
9 4587 546 3303 1679 3509
9 4336 1548 3457 736 3510
9 3160 5339 1364 3656 3511
9 3037 4332 2088 1472 3512
9 1345 4924 2349 2987 3513
9 4685 2039 2607 726 3514
9 3288 4198 974 1914 3515
9 1192 5476 2755 2754 3516
9 3899 2158 4420 1532 3517
9 3400 2100 4993 1241 3518
9 3221 1241 3660 2022 3519
9 2775 4895 1090 2002 3520
9 3381 4887 868 4606 3521
9 1791 4668 2329 5195 3522
9 533 3002 3817 2479 3523
9 2831 4305 2863 1068 3524
9 4258 2187 5208 966 3525
9 2393 5033 700 3471 3526
9 919 4001 2494 2455 3527
9 1410 5213 3661 3763 3528
9 4012 1719 3980 899 3529
9 2064 3975 488 5312 3530
9 1419 4899 2908 3183 3531
9 4430 4844 759 4543 3532
9 2660 5079 1077 4846 3533
9 3885 1080 2893 1764 3534
9 4039 841 5827 1996 3535
9 3879 1613 3524 1285 3536
9 2016 2625 809 4861 3537
9 4046 2123 4029 1253 3538
9 2420 3947 685 2652 3539
9 1514 5872 2497 3818 3540
9 2592 790 3740 1734 3541
9 702 5604 2583 3197 3542
9 5781 2242 4694 680 3543
9 3091 1203 2819 1152 3544
9 4854 1880 4752 1655 3545
9 1824 2926 5206 4621 3546
9 1774 4609 2528 4593 3547
9 2278 4933 717 3243 3548
9 2465 3739 930 5181 3549
9 4312 1863 2942 938 3550
9 1117 4906 3510 5377 3551
9 4741 2035 4162 591 3552
9 4256 1729 3401 777 3553
9 3825 2428 4326 881 3554
9 4506 1436 3497 1756 3555
9 2875 5609 1790 4833 3556
9 4675 1717 4468 563 3557
9 455 3811 2141 4167 3558
9 884 4927 4508 5268 3559
9 3300 5546 1283 3610 3560
9 2872 3179 1288 3959 3561
9 3332 1293 2203 865 3562
9 4747 3784 883 2385 3563
9 2063 5782 2958 3311 3564
9 856 5770 4752 5846 3565
9 3803 5436 1350 3442 3566
9 2309 5677 1060 2913 3567
9 1569 5835 3463 4425 3568
9 2503 3896 712 4768 3569
9 3829 1515 4240 1654 3570
9 804 4845 2156 3213 3571
9 3586 1554 2350 698 3572
9 4491 1962 4104 1330 3573
9 3532 4976 1356 4212 3574
9 2168 4576 665 3965 3575
9 3606 4828 1384 2629 3576
9 832 3646 2572 3606 3577
9 1406 4729 2600 4100 3578
9 2175 5297 1640 3182 3579
9 3419 888 2365 1745 3580
9 4127 1703 4098 1530 3581
9 3504 895 5209 2126 3582
9 1140 4449 2853 1805 3583
9 785 5272 2437 2543 3584
9 2596 3642 1363 2933 3585
9 3428 1274 3840 2597 3586
9 785 5560 4059 3165 3587
9 4983 2264 4558 1664 3588
9 2955 1206 3808 5276 3589
9 1381 4498 2041 2493 3590
9 4765 2097 5040 1715 3591
9 2711 4973 1063 4438 3592
9 1859 5595 3906 4147 3593
9 3657 1334 3665 734 3594
9 524 4317 3695 2353 3595
9 1005 3987 2473 2246 3596
9 698 3631 2134 3586 3597
9 2892 4970 3472 1402 3598
9 5019 914 5315 2048 3599
9 4512 3302 539 3547 3600
9 240 239 4112 2217 3601
9 2762 1616 3442 467 3602
9 5290 2486 5756 860 3603
9 2653 4035 460 4902 3604
9 1111 4330 3717 2888 3605
9 2837 4626 724 3830 3606
9 4926 5659 1727 4048 3607
9 471 5633 3759 2852 3608
9 2139 4022 1261 3626 3609
9 1369 3421 2171 4050 3610
9 2121 1589 3765 1058 3611
9 5871 2646 5779 539 3612
9 5588 5882 3376 1685 3613
9 1213 5053 2429 3688 3614
9 5406 433 2970 5713 3615
9 4547 543 4257 1922 3616
9 944 4436 1831 3746 3617
9 3587 5083 1533 4231 3618
9 1306 3538 4642 3305 3619
9 4434 3375 1246 2737 3620
9 4566 1937 4101 923 3621
9 2141 5058 3360 1447 3622
9 3405 5438 2748 718 3623
9 2288 1961 4264 862 3624
9 4401 2019 3716 834 3625
9 2257 4034 1066 2930 3626
9 1730 3324 1123 2602 3627
9 2569 3236 1621 4297 3628
9 5262 522 3747 2128 3629
9 868 4364 2425 4606 3630
9 3970 1639 2836 5769 3631
9 889 4595 2222 2718 3632
9 2824 5223 722 4424 3633
9 681 2965 2120 2388 3634
9 3677 804 3213 1503 3635
9 3128 5840 1736 5376 3636
9 4354 754 4798 1522 3637
9 5017 2166 3476 812 3638
9 3820 2495 5104 480 3639
9 4554 1901 3666 772 3640
9 1312 3268 3427 3754 3641
9 5558 2847 5610 1130 3642
9 1185 3329 4477 4321 3643
9 2842 4687 355 356 3644
9 3135 824 3751 1501 3645
9 2556 4529 1420 5069 3646
9 4213 1512 3691 1301 3647
9 5260 613 4103 1909 3648
9 2174 2866 1061 3791 3649
9 1798 5265 3907 5332 3650
9 2399 5314 3444 704 3651
9 4201 1595 4414 1838 3652
9 3154 655 3773 1583 3653
9 5027 1056 2110 3176 3654
9 715 5675 3743 3857 3655
9 5577 920 4573 2073 3656
9 2724 5346 891 5691 3657
9 3282 566 4038 1582 3658
9 2929 5432 1095 3350 3659
9 4943 4783 1113 2676 3660
9 5391 2403 4832 506 3661
9 5125 1597 4886 3141 3662
9 2485 5251 3346 1366 3663
9 1248 3483 3194 4655 3664
9 1958 5848 3844 5596 3665
9 1314 3929 3156 2486 3666
9 2016 4568 3223 510 3667
9 646 5214 2499 4762 3668
9 1140 3403 2255 2789 3669
9 5164 4754 1351 3046 3670
9 2226 3729 672 3490 3671
9 3072 764 3408 1337 3672
9 609 5043 3237 3395 3673
9 3892 4984 1803 4641 3674
9 1234 4551 3294 4898 3675
9 3175 4178 4869 501 3676
9 1039 5371 2529 3973 3677
9 3873 1576 3761 1260 3678
9 3669 5585 2200 5805 3679
9 5207 5854 1990 5251 3680
9 2992 4648 2715 1022 3681
9 797 4949 3737 2057 3682
9 5696 1717 4049 2871 3683
9 5459 1937 5619 2352 3684
9 1170 5637 3337 2214 3685
9 1004 5215 2476 5363 3686
9 2720 4278 967 3435 3687
9 5578 618 4343 2215 3688
9 3691 5074 595 5794 3689
9 1330 4104 3234 4435 3690
9 719 3689 2816 2054 3691
9 1273 4343 3081 3979 3692
9 2569 5444 2963 1089 3693
9 4448 4559 1666 3722 3694
9 5822 3976 2212 1158 3695
9 3632 1783 4717 435 3696
9 1575 5410 4177 3780 3697
9 3277 1513 3019 500 3698
9 1980 5277 5090 4047 3699
9 3487 1044 2700 1856 3700
9 3364 5070 838 4184 3701
9 4695 2143 4760 541 3702
9 3250 5822 1158 3526 3703
9 1732 3354 788 3203 3704
9 1803 5245 4387 4641 3705
9 1924 3995 2742 889 3706
9 1865 4974 3799 3392 3707
9 903 3880 2307 4910 3708
9 1498 3717 4330 3943 3709
9 1113 5767 3310 2317 3710
9 1005 5106 2516 3212 3711
9 549 4052 3443 2469 3712
9 3983 4921 1505 3489 3713
9 2452 608 3738 1574 3714
9 1032 2895 2198 4691 3715
9 3858 1766 4330 1111 3716
9 2044 3821 1224 3107 3717
9 3252 480 5104 1608 3718
9 5393 2380 5152 1344 3719
9 2881 5110 532 4076 3720
9 2482 5218 1413 2575 3721
9 4932 839 3469 2520 3722
9 2125 3895 684 4124 3723
9 2661 3786 630 4426 3724
9 4238 1744 4397 1662 3725
9 1151 3041 3279 2397 3726
9 2338 4986 4955 4327 3727
9 1629 5010 2877 5707 3728
9 4110 1858 4333 1485 3729
9 5808 614 3635 2799 3730
9 5403 3726 810 4214 3731
9 1374 3836 2388 4408 3732
9 4826 1931 4220 1480 3733
9 3557 4088 1551 2538 3734
9 2214 4772 1132 3000 3735
9 3187 5370 271 270 3736
9 2959 4997 3618 2035 3737
9 1616 4910 5408 3803 3738
9 665 3393 2634 4279 3739
9 3240 5179 1585 5466 3740
9 4618 1839 3824 1641 3741
9 2201 4310 902 5093 3742
9 1892 4303 2851 5599 3743
9 690 2866 3267 1987 3744
9 352 5660 2876 351 3745
9 351 2876 2248 350 3746
9 1064 5184 2705 4872 3747
9 2444 4010 5590 5729 3748
9 1192 3206 2295 2697 3749
9 2810 5189 957 3528 3750
9 2343 5140 982 2218 3751
9 1423 4417 3908 3586 3752
9 5702 2395 4075 1991 3753
9 441 4283 4914 440 3754
9 610 5155 3462 4243 3755
9 3499 4930 1377 2324 3756
9 1181 4040 2909 2562 3757
9 4917 5733 1759 4166 3758
9 2878 5269 909 5045 3759
9 3549 4673 1068 2126 3760
9 5806 2286 2870 1057 3761
9 2998 749 2577 1517 3762
9 2422 5351 3153 5792 3763
9 1564 5257 3215 4512 3764
9 5409 4661 2235 3752 3765
9 5005 1832 4637 1794 3766
9 1708 5272 3958 4814 3767
9 2971 1208 5550 1954 3768
9 1202 3639 2900 5493 3769
9 2650 1478 2883 647 3770
9 1657 4858 5013 3640 3771
9 3590 1376 3727 1661 3772
9 2480 4931 994 3698 3773
9 3721 3039 1127 2547 3774
9 649 3058 1883 3233 3775
9 1186 3596 2499 5214 3776
9 4717 5479 2970 434 3777
9 1382 3591 4714 3344 3778
9 4436 1779 4966 2716 3779
9 1559 4272 4044 3102 3780
9 878 4590 3949 3810 3781
9 3332 3568 1418 3166 3782
9 3926 479 2841 1614 3783
9 2511 1596 3501 633 3784
9 584 4806 5515 3940 3785
9 2896 4548 1107 3562 3786
9 2285 4465 713 4057 3787
9 1046 3773 2282 2283 3788
9 3990 540 3821 2044 3789
9 1217 3378 2323 3412 3790
9 597 4920 3477 3894 3791
9 4734 1835 4782 853 3792
9 2374 5211 617 5416 3793
9 4991 2621 1014 2855 3794
9 2823 1927 3839 792 3795
9 1305 3396 2790 3203 3796
9 2892 1402 3692 776 3797
9 1465 5457 3132 4587 3798
9 224 5763 2990 5130 3799
9 1582 4853 2207 3282 3800
9 2053 3002 1166 3915 3801
9 1450 4217 2723 3841 3802
9 4436 944 4358 1779 3803
9 3276 5102 649 1981 3804
9 1165 3657 3034 5458 3805
9 495 3494 1884 2504 3806
9 1204 3110 2120 2965 3807
9 3245 5481 2841 1205 3808
9 1395 3664 2457 5556 3809
9 3130 1240 3251 1725 3810
9 4286 4021 1632 4368 3811
9 2127 5695 3349 3973 3812
9 719 3800 2367 3689 3813
9 1670 3395 4429 4151 3814
9 3074 508 2325 1146 3815
9 3926 1614 3702 1378 3816
9 5021 2103 3571 478 3817
9 5091 1835 3980 494 3818
9 5752 2182 3230 1129 3819
9 2675 4936 1367 3696 3820
9 3485 4578 545 3569 3821
9 2469 1337 2994 549 3822
9 3579 5705 4461 836 3823
9 2777 3334 1272 3614 3824
9 430 3952 2149 3956 3825
9 4663 3961 1767 4021 3826
9 2144 3578 4612 1031 3827
9 2858 1464 4819 929 3828
9 5841 5222 1841 4126 3829
9 5727 5240 571 3674 3830
9 1814 3319 827 5780 3831
9 1215 5125 3141 1847 3832
9 2707 5538 2303 1008 3833
9 747 3798 4428 3227 3834
9 1166 5435 3133 2701 3835
9 1256 3079 2987 2783 3836
9 2972 2211 5420 942 3837
9 4626 1953 4577 724 3838
9 1553 4175 4858 3380 3839
9 4593 489 5541 1774 3840
9 2412 3399 1255 3122 3841
9 925 4347 2357 4863 3842
9 1104 5394 2791 4527 3843
9 1932 5060 3931 4940 3844
9 1953 4626 1268 4787 3845
9 3337 5637 1477 3507 3846
9 3468 4649 2102 922 3847
9 3484 801 4404 1752 3848
9 3272 619 5704 2166 3849
9 4536 1561 4319 2101 3850
9 5368 808 5408 2307 3851
9 857 4820 2064 5700 3852
9 3489 4240 1515 3983 3853
9 1523 2884 2393 3471 3854
9 2593 4944 864 4866 3855
9 1180 5518 3030 3589 3856
9 1619 3546 3957 3686 3857
9 4596 1985 3207 1126 3858
9 5234 5856 1270 2720 3859
9 1870 4977 5823 5181 3860
9 3312 1489 2619 551 3861
9 1916 3884 1114 2946 3862
9 5151 1543 5484 2327 3863
9 3546 4376 805 3056 3864
9 2425 3520 1507 4606 3865
9 511 5299 3027 3111 3866
9 2292 4911 1143 2468 3867
9 3470 5706 3925 1362 3868
9 1466 3867 1877 5161 3869
9 607 5512 3308 3794 3870
9 3346 5251 1990 5421 3871
9 1123 3324 2191 2337 3872
9 4119 1805 2936 887 3873
9 4115 3697 468 2532 3874
9 2377 4785 710 3707 3875
9 201 368 4746 367 3876
9 3756 2290 1693 4399 3877
9 1852 5516 4789 3287 3878
9 5080 786 4094 1776 3879
9 5228 2055 2714 526 3880
9 2728 1376 3853 815 3881
9 2514 3069 528 2409 3882
9 985 5608 4695 2195 3883
9 2054 2749 1272 3334 3884
9 5752 1129 2728 2113 3885
9 1945 5639 3891 1353 3886
9 3133 5447 683 2701 3887
9 4778 361 362 2550 3888
9 1660 5250 3548 4223 3889
9 4938 2056 4440 731 3890
9 1568 5738 4516 4411 3891
9 1007 5848 2993 3797 3892
9 5090 2026 3555 877 3893
9 4983 1664 3005 814 3894
9 481 5175 3513 4956 3895
9 2183 5097 4032 884 3896
9 5113 589 2814 1929 3897
9 2252 4791 2611 1422 3898
9 3077 4853 1582 4586 3899
9 3714 5098 970 4679 3900
9 931 5229 2287 2267 3901
9 1831 4436 2716 4083 3902
9 4142 1069 2682 1580 3903
9 3911 1334 3122 1255 3904
9 3424 770 4506 1756 3905
9 1635 5028 3582 4269 3906
9 814 5289 3515 4983 3907
9 1795 2284 2942 854 3908
9 1611 5732 3401 5472 3909
9 5322 3881 1277 3479 3910
9 621 5220 2137 3159 3911
9 735 4818 2683 3335 3912
9 3806 569 5319 1964 3913
9 3787 1375 3826 1887 3914
9 2590 4475 691 2477 3915
9 2503 1971 4241 1323 3916
9 4221 3978 1666 4407 3917
9 2464 5101 1267 4068 3918
9 1355 4960 2915 3357 3919
9 5679 2331 5492 1977 3920
9 4685 3209 1349 4013 3921
9 705 5085 2116 3012 3922
9 2440 3763 696 3076 3923
9 2108 5748 4003 756 3924
9 775 4171 3491 3875 3925
9 4579 2238 5502 1957 3926
9 4625 865 3832 1694 3927
9 4069 5827 841 3983 3928
9 4399 1693 4084 1701 3929
9 3250 3526 701 4900 3930
9 2243 4138 833 4380 3931
9 4829 4031 830 3104 3932
9 5664 2042 4921 841 3933
9 3588 4833 1790 4328 3934
9 643 3522 2373 4367 3935
9 4188 2299 5765 1908 3936
9 1364 5354 2852 3759 3937
9 5737 3989 1700 3856 3938
9 514 3355 2345 2249 3939
9 5084 4402 2114 1091 3940
9 3495 4971 2363 1421 3941
9 1050 4561 2482 2575 3942
9 4761 846 3465 1896 3943
9 3358 5735 509 2697 3944
9 5841 1109 5494 2744 3945
9 838 5070 2571 2128 3946
9 946 3788 2829 3672 3947
9 3471 700 4350 1810 3948
9 3612 2004 5628 542 3949
9 2080 5065 1174 2871 3950
9 4067 1446 5249 1847 3951
9 689 2401 3289 3166 3952
9 5128 5684 2114 5342 3953
9 534 3552 2251 5670 3954
9 2435 4522 743 4262 3955
9 3526 1771 3260 701 3956
9 5112 2699 2238 669 3957
9 676 4225 3087 3636 3958
9 1605 4463 4232 2310 3959
9 5564 3585 2422 5792 3960
9 5493 1949 5453 2086 3961
9 5286 2066 5611 1897 3962
9 661 3255 2612 2320 3963
9 3791 2576 5777 276 3964
9 3633 4416 587 3134 3965
9 1495 4644 2799 3635 3966
9 1346 4565 2919 3905 3967
9 4309 1842 3445 1235 3968
9 3960 5209 895 3906 3969
9 2980 3688 2000 521 3970
9 979 5291 4307 2984 3971
9 3452 1194 4005 1628 3972
9 1489 5022 2848 2356 3973
9 2988 4284 2210 728 3974
9 2349 3921 720 2987 3975
9 2102 5517 2505 922 3976
9 5414 1730 5183 2624 3977
9 1073 5337 2270 2481 3978
9 3247 5255 1491 3604 3979
9 5005 585 2417 1832 3980
9 5284 2109 3943 854 3981
9 3059 1553 3380 790 3982
9 1539 5326 3754 4521 3983
9 3174 2968 1239 2050 3984
9 3347 834 5615 1900 3985
9 1367 4936 3473 2767 3986
9 595 5074 2319 3482 3987
9 707 3447 2169 4050 3988
9 3202 2931 1348 2982 3989
9 2575 3168 492 5553 3990
9 4068 1267 3373 2508 3991
9 5271 5812 3035 466 3992
9 2752 3719 1164 4259 3993
9 2020 5370 3187 4773 3994
9 4160 1698 4077 774 3995
9 5545 2092 4389 372 3996
9 2838 483 4301 1603 3997
9 4836 2102 4649 579 3998
9 1557 4629 3104 4689 3999
9 2061 5308 572 4361 4000
9 3992 1352 4563 1955 4001
9 2522 5467 1844 3753 4002
9 2310 5788 3811 1605 4003
9 2124 3036 4525 4706 4004
9 4113 2047 4555 1390 4005
9 3523 5799 813 2507 4006
9 4272 1559 2631 1036 4007
9 806 3599 2406 3609 4008
9 2096 2967 4692 4821 4009
9 1503 5598 3386 3677 4010
9 1773 5512 2922 4282 4011
9 729 4469 3064 4128 4012
9 2490 4290 329 328 4013
9 3040 3748 1268 2837 4014
9 4890 1414 4341 1885 4015
9 1217 4696 2910 3388 4016
9 4696 3412 2232 1547 4017
9 975 3887 2029 2400 4018
9 2909 3953 1210 2562 4019
9 2785 5592 1770 4602 4020
9 5333 1894 5401 2262 4021
9 1520 4595 3057 5344 4022
9 3564 849 5206 1878 4023
9 3338 2157 4842 1003 4024
9 741 3640 4645 2729 4025
9 1478 4114 3205 2883 4026
9 542 5628 5702 4168 4027
9 3513 2355 1084 2156 4028
9 295 294 3328 3842 4029
9 663 3772 2398 2270 4030
9 1648 4307 5291 4735 4031
9 2348 2912 1126 3207 4032
9 5288 2545 1033 2291 4033
9 770 5639 4092 4506 4034
9 2856 1199 3231 1357 4035
9 1982 5016 4732 4175 4036
9 3985 1513 3277 1187 4037
9 2850 2072 5612 906 4038
9 5719 1823 5238 2558 4039
9 5026 2416 5614 1763 4040
9 3088 5726 1884 3494 4041
9 1022 3700 2028 2333 4042
9 2938 4757 1630 4282 4043
9 2432 4219 1038 3061 4044
9 4678 1558 4561 3204 4045
9 3322 4318 1252 2463 4046
9 2410 4519 1335 3363 4047
9 4775 2124 4706 749 4048
9 2332 3712 289 288 4049
9 1400 3140 4314 3801 4050
9 1662 4255 2073 4573 4051
9 1599 5625 2548 4807 4052
9 1637 5469 4682 4734 4053
9 1510 4968 3783 2314 4054
9 1155 4291 3645 2671 4055
9 2756 5404 1877 3867 4056
9 3001 4438 1063 2570 4057
9 5489 4703 3011 1758 4058
9 3509 4388 2375 1168 4059
9 2836 1639 3345 637 4060
9 1085 2822 4880 2041 4061
9 2682 4356 652 4271 4062
9 3265 5157 837 4054 4063
9 2934 3662 567 4545 4064
9 3195 1288 3179 1338 4065
9 213 212 3453 3886 4066
9 1647 3846 2503 4768 4067
9 615 5532 4158 2923 4068
9 5747 5834 1165 2635 4069
9 3391 1409 3872 562 4070
9 5118 2076 3731 1276 4071
9 1247 3498 2860 2517 4072
9 3976 1705 2679 530 4073
9 5756 2210 4284 860 4074
9 3441 5364 3217 1415 4075
9 2979 1392 3069 1142 4076
9 5246 2079 2768 855 4077
9 2330 5703 555 3951 4078
9 3870 744 3182 4882 4079
9 4828 588 4753 2289 4080
9 2569 4297 257 256 4081
9 2358 3458 1174 5065 4082
9 2014 3317 1197 2484 4083
9 2969 3963 400 401 4084
9 625 3015 5834 4355 4085
9 1131 5572 3047 5613 4086
9 3865 2308 4818 735 4087
9 5614 581 2316 1763 4088
9 4761 1896 4148 1723 4089
9 4033 4406 2384 4108 4090
9 3041 484 3604 1490 4091
9 2502 3789 331 330 4092
9 5695 2397 4253 1201 4093
9 2139 1323 4241 920 4094
9 2014 4356 1473 3823 4095
9 1965 5552 2215 4343 4096
9 3547 5427 1564 4512 4097
9 1800 4155 2461 4419 4098
9 2552 5659 4926 5501 4099
9 1442 4152 4146 3103 4100
9 4049 4675 1349 3100 4101
9 3717 1498 3152 642 4102
9 2795 489 4593 1109 4103
9 1941 5558 3653 856 4104
9 4140 5723 2857 1781 4105
9 2474 4745 775 3875 4106
9 1360 5587 4054 4224 4107
9 3027 1125 2638 1227 4108
9 2162 1075 2326 5850 4109
9 2499 3596 915 3550 4110
9 3907 703 3977 2172 4111
9 729 4570 2953 4469 4112
9 5464 3824 760 3200 4113
9 2832 3321 1256 2731 4114
9 2480 4823 471 4931 4115
9 2205 5853 3912 5158 4116
9 2353 5608 4713 5581 4117
9 4798 2240 3622 1522 4118
9 2476 4998 1738 5363 4119
9 2527 4674 2390 671 4120
9 5495 4901 2109 5284 4121
9 2867 1278 2661 1020 4122
9 2687 1128 4568 1772 4123
9 911 3939 1970 5024 4124
9 4005 1541 3572 1628 4125
9 4346 1863 4312 1441 4126
9 1332 4052 2674 2694 4127
9 5153 4292 1630 2668 4128
9 4109 759 3333 1748 4129
9 755 5490 3642 3102 4130
9 4455 1817 4724 953 4131
9 2712 587 4416 1767 4132
9 2837 3830 1122 3040 4133
9 4559 1929 4407 1666 4134
9 2798 773 3929 1646 4135
9 3008 3612 542 2867 4136
9 2605 5056 1565 3798 4137
9 720 5878 2783 2987 4138
9 3136 4987 2721 1070 4139
9 1224 5191 3418 2065 4140
9 706 5754 2189 3357 4141
9 1351 4754 3574 3454 4142
9 4676 851 4839 1839 4143
9 5655 5233 2083 5263 4144
9 2961 4449 1140 2789 4145
9 1020 3044 2320 2612 4146
9 3477 4920 1754 5000 4147
9 5777 2576 1888 5127 4148
9 2574 3148 697 2380 4149
9 2284 5064 938 2942 4150
9 5385 2280 4985 1590 4151
9 3122 1334 3015 625 4152
9 5725 616 5719 2558 4153
9 4571 2403 5391 1658 4154
9 5497 4011 836 4461 4155
9 3686 5193 1565 4190 4156
9 2706 4523 1342 3774 4157
9 653 2536 3919 2065 4158
9 5103 1731 4528 2105 4159
9 4802 2142 3576 837 4160
9 4509 3568 1936 458 4161
9 3741 721 2505 5517 4162
9 1675 4939 2197 3621 4163
9 2510 4805 645 5679 4164
9 2985 5588 1685 5343 4165
9 2045 4736 5868 3724 4166
9 5349 462 3608 2443 4167
9 4114 1907 5176 493 4168
9 1727 5618 4758 4048 4169
9 3064 5647 1536 4128 4170
9 2147 5377 3510 525 4171
9 2882 472 5429 2050 4172
9 2611 4791 1841 5222 4173
9 2229 5497 4461 1518 4174
9 3930 1780 3565 301 4175
9 5270 3184 1188 2949 4176
9 4410 1818 3812 847 4177
9 1842 5818 3673 4034 4178
9 761 3351 3352 3283 4179
9 3245 1205 5286 1897 4180
9 4853 800 5173 2207 4181
9 2780 689 3166 1418 4182
9 408 4916 3011 5134 4183
9 4125 5682 2040 4233 4184
9 2678 3981 377 378 4185
9 4451 1562 5231 2322 4186
9 716 4807 2548 3242 4187
9 303 4511 2958 304 4188
9 4019 5712 2563 1712 4189
9 1282 4390 2386 3950 4190
9 246 4647 3438 247 4191
9 1183 3988 2539 5316 4192
9 3548 1654 3964 819 4193
9 3435 1177 2901 674 4194
9 1792 3185 1155 3216 4195
9 2951 5809 3733 714 4196
9 4189 1496 2983 491 4197
9 1102 5099 2311 4672 4198
9 1161 5416 3851 3085 4199
9 3165 4059 1326 3134 4200
9 1430 4601 4329 3249 4201
9 5341 1734 4760 2143 4202
9 4958 1021 5632 2305 4203
9 5863 4293 948 5350 4204
9 2029 4957 1041 2400 4205
9 5288 2291 1993 1159 4206
9 4922 5672 1501 3530 4207
9 3970 2439 482 1639 4208
9 2814 5523 2134 5511 4209
9 2989 4158 1952 893 4210
9 4403 600 4344 2021 4211
9 4804 2083 458 1936 4212
9 1007 2405 4106 4373 4213
9 4346 505 5495 1863 4214
9 5492 987 5655 1977 4215
9 3788 5569 1554 4208 4216
9 1664 4731 2113 4613 4217
9 476 5712 4633 3263 4218
9 2761 4821 3078 1176 4219
9 4151 1521 3880 1670 4220
9 2269 4877 1776 4094 4221
9 3113 961 4442 1942 4222
9 2845 4788 293 292 4223
9 2964 4952 1617 4037 4224
9 818 5162 2430 2621 4225
9 2115 2812 738 3033 4226
9 4829 5670 2251 4031 4227
9 4419 571 5240 1820 4228
9 814 3005 4575 3493 4229
9 809 4466 4208 3908 4230
9 3120 4689 830 5723 4231
9 3793 1245 3340 2218 4232
9 4391 3150 1427 3031 4233
9 5178 2381 3674 571 4234
9 919 3503 2161 4993 4235
9 2658 2399 704 2731 4236
9 3106 5304 617 5211 4237
9 1049 5785 2625 3367 4238
9 2370 4594 1593 3650 4239
9 2440 3999 1410 3763 4240
9 4058 521 2662 5357 4241
9 4532 1923 2751 517 4242
9 4639 1249 3306 1746 4243
9 4860 2038 4670 638 4244
9 1250 3652 2605 2460 4245
9 2249 3200 4017 5428 4246
9 5186 1967 4006 463 4247
9 4197 783 3185 1792 4248
9 1345 2987 3079 2869 4249
9 2849 4273 0 338 4250
9 3096 1234 3033 1594 4251
9 5817 3662 1649 5033 4252
9 2743 5248 1904 4325 4253
9 1325 3958 3165 3134 4254
9 2282 3893 1015 2283 4255
9 1586 4448 3722 3870 4256
9 5111 912 3327 1891 4257
9 247 3438 2138 248 4258
9 4666 3697 1581 4377 4259
9 5608 2353 5551 2143 4260
9 2825 3119 1172 4396 4261
9 4521 1955 4149 1539 4262
9 3209 4685 726 3091 4263
9 1893 4948 636 3090 4264
9 1933 2947 1047 2538 4265
9 1587 5675 2180 3246 4266
9 2369 5319 569 2723 4267
9 3057 4595 889 2068 4268
9 2776 4793 1403 2759 4269
9 3900 1756 3497 237 4270
9 1389 4820 3258 4323 4271
9 1635 5143 2359 5028 4272
9 2976 1091 2776 4439 4273
9 5097 2183 4394 934 4274
9 0 5739 4477 3329 4275
9 717 3179 2872 3243 4276
9 1740 5123 5744 3941 4277
9 3938 4723 1592 5119 4278
9 3193 1508 2975 804 4279
9 1643 4841 4234 5439 4280
9 2354 4363 3416 670 4281
9 633 3501 2521 2090 4282
9 1139 2049 4869 2052 4283
9 2323 1392 2979 683 4284
9 2701 2979 1142 2478 4285
9 2859 4028 2169 1101 4286
9 3428 5482 1948 3784 4287
9 1078 4995 4702 3009 4288
9 1738 5036 3676 5363 4289
9 3050 5533 1236 5159 4290
9 4349 2177 4239 1346 4291
9 1669 4526 2735 3372 4292
9 2474 3536 1157 4745 4293
9 251 5829 3795 252 4294
9 3676 5036 254 253 4295
9 2050 5429 5784 4712 4296
9 4570 1667 3280 1179 4297
9 4724 1817 4395 1676 4298
9 3096 592 5593 2104 4299
9 3218 566 3448 1552 4300
9 3168 1405 2772 492 4301
9 965 5340 4552 3514 4302
9 1464 3725 2305 3270 4303
9 3656 4795 794 3160 4304
9 4137 1578 4525 578 4305
9 1025 4697 2165 2453 4306
9 1165 5834 3015 3657 4307
9 4729 926 4569 2600 4308
9 4373 1818 4410 1688 4309
9 763 4245 4859 3259 4310
9 2691 5500 1223 2470 4311
9 4992 1896 4227 526 4312
9 5432 5338 2266 3928 4313
9 3120 4311 1158 2212 4314
9 2512 3723 297 296 4315
9 3131 1287 3415 1452 4316
9 2527 5483 1995 1026 4317
9 993 3711 2523 3877 4318
9 1824 4108 1201 4253 4319
9 1692 4702 4995 4296 4320
9 2187 5680 622 4357 4321
9 5010 1629 5046 2914 4322
9 4214 1529 4484 1871 4323
9 5532 4878 2068 5266 4324
9 5340 965 5821 1865 4325
9 3367 2625 2016 510 4326
9 3860 1740 4468 1717 4327
9 2794 842 4571 1658 4328
9 2236 5446 3671 673 4329
9 3658 2179 5294 861 4330
9 2059 3511 1373 3807 4331
9 4652 2082 5485 552 4332
9 664 2356 2848 2002 4333
9 3923 2265 5375 921 4334
9 3960 1690 3875 1467 4335
9 4795 3964 1654 4240 4336
9 2915 4960 386 5443 4337
9 5462 5141 737 3538 4338
9 4838 5562 1514 3818 4339
9 1631 4904 3119 5581 4340
9 3278 4952 1100 2981 4341
9 3509 4480 561 4388 4342
9 3826 512 5174 1887 4343
9 1632 4021 4416 3633 4344
9 5497 2229 2572 1359 4345
9 1881 4790 2811 1082 4346
9 3361 1510 2314 672 4347
9 4056 5780 827 2880 4348
9 2344 531 3856 1237 4349
9 1845 5753 3457 5600 4350
9 1331 5205 2797 4605 4351
9 3961 4663 1656 4385 4352
9 1139 4705 3060 4919 4353
9 976 5379 2154 2907 4354
9 2790 4688 1732 3203 4355
9 3985 1187 3564 1878 4356
9 1053 5788 3214 2313 4357
9 914 4266 2530 5315 4358
9 2334 4539 2973 1403 4359
9 4571 842 2779 2403 4360
9 2988 5348 1636 4284 4361
9 2586 4688 285 284 4362
9 765 4986 2338 4209 4363
9 3087 4225 1352 2873 4364
9 1203 3728 3600 3211 4365
9 2127 3973 680 4694 4366
9 4984 3892 1676 4395 4367
9 1286 5517 4836 2633 4368
9 5415 928 4750 2887 4369
9 3942 591 2491 1584 4370
9 5124 1706 4360 2157 4371
9 252 3795 2392 253 4372
9 3928 5002 692 2789 4373
9 3052 3563 738 5067 4374
9 5814 2197 4939 901 4375
9 3551 4722 1668 4462 4376
9 808 4063 5436 3803 4377
9 2767 4492 1596 3264 4378
9 2219 5605 3678 503 4379
9 4292 5153 864 4944 4380
9 3167 5771 1810 968 4381
9 3421 1369 3481 1665 4382
9 1280 5042 3416 4363 4383
9 1190 4056 2880 3437 4384
9 4276 1545 4310 2201 4385
9 3877 2263 4843 993 4386
9 1109 5841 4126 2795 4387
9 746 3614 3996 3286 4388
9 1572 5239 2864 2824 4389
9 2862 3496 337 336 4390
9 1965 3316 750 3749 4391
9 3237 4494 1455 3395 4392
9 3402 4719 1917 1193 4393
9 2822 5761 1789 5165 4394
9 5258 5811 2704 701 4395
9 4691 5104 2495 1032 4396
9 3619 4615 1428 3292 4397
9 3225 3709 2071 565 4398
9 3972 5715 1829 5216 4399
9 5689 1963 4019 871 4400
9 3722 1666 3978 744 4401
9 3203 2709 5462 1305 4402
9 2780 1418 2730 1065 4403
9 250 5050 3177 5829 4404
9 422 4242 3047 421 4405
9 1455 4494 2413 2751 4406
9 4479 4360 1706 3121 4407
9 3844 1688 3721 574 4408
9 1154 4384 2824 2864 4409
9 700 3655 2010 4350 4410
9 2332 3396 1305 3538 4411
9 1743 4876 3049 4745 4412
9 3296 4275 636 4948 4413
9 5191 1224 3821 2112 4414
9 714 3733 2725 5146 4415
9 2619 5254 1691 3603 4416
9 1149 5451 3087 2873 4417
9 3795 1751 5496 2392 4418
9 2293 3116 5075 1072 4419
9 2938 4282 1114 3884 4420
9 1173 5662 2842 3581 4421
9 2827 5450 3930 300 4422
9 838 5264 4826 4184 4423
9 4985 5110 3256 1590 4424
9 2770 4947 1395 5556 4425
9 2005 1019 3318 1868 4426
9 5649 875 5618 2651 4427
9 2702 2478 1142 2514 4428
9 3422 5295 628 4496 4429
9 960 4822 2297 3012 4430
9 5216 2445 4729 1406 4431
9 5847 2208 5514 953 4432
9 524 5581 3119 2825 4433
9 942 5420 2325 2311 4434
9 2461 5178 571 4419 4435
9 3406 5243 1633 3641 4436
9 2534 712 3479 1277 4437
9 1493 3574 2609 3968 4438
9 1202 5493 3854 2424 4439
9 5333 929 4819 1894 4440
9 1069 3381 2225 2905 4441
9 1074 3089 2481 2270 4442
9 1388 3910 2285 4057 4443
9 2592 986 3063 1368 4444
9 5247 4877 420 421 4445
9 4485 1071 2774 1579 4446
9 2708 3100 1152 2326 4447
9 1187 3277 4923 3066 4448
9 2753 1783 4256 777 4449
9 2500 5654 1540 2498 4450
9 1440 4454 4128 3173 4451
9 1575 4975 2967 5410 4452
9 1986 4756 1096 2531 4453
9 3766 229 228 2564 4454
9 540 3757 4445 3821 4455
9 2034 5823 2894 1150 4456
9 2722 1744 4238 573 4457
9 1621 3224 2581 4297 4458
9 1011 4226 2500 2498 4459
9 3420 4536 934 5643 4460
9 2731 1256 2783 1144 4461
9 3382 1429 4016 2501 4462
9 2769 4185 437 438 4463
9 1751 4422 3335 5496 4464
9 1653 3964 4795 3656 4465
9 2830 5525 718 2748 4466
9 3996 4913 1218 3286 4467
9 4956 3513 2156 4845 4468
9 5704 1921 3476 2166 4469
9 2786 4134 943 3645 4470
9 3702 1614 2999 1002 4471
9 1804 3394 627 4737 4472
9 3876 5610 2847 1641 4473
9 3661 2079 5246 1681 4474
9 4549 3744 426 427 4475
9 1267 5101 2629 3248 4476
9 2268 5824 5757 5089 4477
9 4782 1866 3108 853 4478
9 3348 1566 3410 1329 4479
9 234 4459 3566 235 4480
9 2758 5318 802 3415 4481
9 3551 4462 216 215 4482
9 4869 2049 3694 501 4483
9 2033 3724 5868 5044 4484
9 2807 684 3518 1789 4485
9 4911 1931 5081 1143 4486
9 2953 1179 3124 1497 4487
9 3646 832 5326 1539 4488
9 3226 4672 2894 651 4489
9 4995 5784 2095 4296 4490
9 2373 1378 3702 1002 4491
9 1095 3928 2789 2255 4492
9 3525 5534 780 3169 4493
9 4304 826 3288 1914 4494
9 4156 502 5224 1993 4495
9 5049 1030 4664 2027 4496
9 1254 3699 5402 2762 4497
9 1246 3177 5050 2737 4498
9 2266 4367 1500 5002 4499
9 686 4334 4924 3016 4500
9 478 4943 2676 3971 4501
9 5685 675 2870 2286 4502
9 5571 2759 5550 1208 4503
9 2665 3551 215 214 4504
9 4368 844 3641 1633 4505
9 1017 2468 3868 1898 4506
9 3025 1755 4272 1036 4507
9 1944 4943 3571 4856 4508
9 235 3566 2726 236 4509
9 3343 1316 3484 1752 4510
9 1169 2923 4158 2989 4511
9 3024 5103 1043 2304 4512
9 5819 2418 3293 1806 4513
9 2402 4380 3680 1153 4514
9 1466 5161 3210 3125 4515
9 1350 5858 2070 3442 4516
9 2501 5629 5292 1696 4517
9 1539 4149 3020 3646 4518
9 3100 1349 3209 1152 4519
9 1047 3625 2344 2663 4520
9 2791 4886 1597 4527 4521
9 5152 5844 1542 3262 4522
9 2643 3808 1206 5117 4523
9 2099 2671 3645 943 4524
9 2797 1415 3409 622 4525
9 2518 5873 1908 5765 4526
9 4070 1061 2866 690 4527
9 5059 1673 5105 2364 4528
9 1063 2934 1903 2570 4529
9 2277 5456 1703 4127 4530
9 2135 5487 4321 978 4531
9 819 4174 5114 4223 4532
9 740 2943 2526 4922 4533
9 2028 4851 612 2333 4534
9 3254 1104 4527 1869 4535
9 464 5697 3114 5850 4536
9 4215 1876 5119 1592 4537
9 5041 411 4513 1697 4538
9 3743 1587 4562 1672 4539
9 2867 542 4168 1278 4540
9 2843 4203 2074 5795 4541
9 2656 3675 1710 5037 4542
9 4730 2117 5377 2147 4543
9 2917 4763 1777 5590 4544
9 299 3592 2827 300 4545
9 3723 3592 298 297 4546
9 5754 1459 4507 2189 4547
9 2768 1883 4662 855 4548
9 2368 3478 662 2106 4549
9 5549 1531 4959 2685 4550
9 1000 4941 3623 5504 4551
9 1423 3586 2134 5523 4552
9 2760 4413 2160 1178 4553
9 5040 897 4302 1715 4554
9 2136 3522 643 3615 4555
9 2676 1113 2317 1248 4556
9 875 5649 4000 4559 4557
9 3353 5404 598 5611 4558
9 5191 2112 5606 1822 4559
9 3697 4115 2105 4499 4560
9 1294 5018 2458 2778 4561
9 3843 5507 1023 4270 4562
9 1531 5549 4145 2302 4563
9 2062 3825 881 3818 4564
9 2928 1383 2865 799 4565
9 3169 4907 1405 3168 4566
9 3955 1320 2765 472 4567
9 4317 5252 1768 3695 4568
9 1408 3529 4246 3411 4569
9 4153 3375 1853 3865 4570
9 2734 5782 2063 3596 4571
9 1082 2331 5029 1881 4572
9 1261 3749 1760 3626 4573
9 1998 3189 1169 2989 4574
9 5588 4650 973 5882 4575
9 1324 4004 3612 3008 4576
9 5788 5058 2141 3811 4577
9 2563 5712 4787 1268 4578
9 1822 5764 3418 5191 4579
9 2615 1711 4532 517 4580
9 517 5243 3406 2615 4581
9 3018 1398 4352 999 4582
9 5095 962 2046 5360 4583
9 3669 5805 822 4127 4584
9 5810 1808 3894 1471 4585
9 5132 811 3972 2051 4586
9 748 4497 2886 4598 4587
9 5052 880 3997 2245 4588
9 2295 5324 1035 2697 4589
9 4679 5431 2106 5869 4590
9 2549 1985 4596 1622 4591
9 2094 3927 1243 3833 4592
9 4120 1414 3139 1233 4593
9 1278 5115 3786 2661 4594
9 2704 3805 1524 4900 4595
9 1463 4686 2897 4453 4596
9 4538 1928 3146 1500 4597
9 1058 3724 2033 4803 4598
9 3886 5331 2665 214 4599
9 3533 1544 3084 953 4600
9 761 4743 2172 3210 4601
9 2637 4544 619 3647 4602
9 5429 5430 2095 5784 4603
9 2825 1966 4317 524 4604
9 4215 477 4030 1876 4605
9 4441 4791 658 3597 4606
9 1001 3881 2336 4881 4607
9 1591 5518 3023 4392 4608
9 2788 933 4803 2033 4609
9 826 4304 2152 4370 4610
9 1645 5412 2904 4085 4611
9 1626 5334 3066 4840 4612
9 4177 5204 1648 3780 4613
9 4994 3181 1361 4123 4614
9 2565 3764 1843 5171 4615
9 1307 4031 2251 3552 4616
9 1438 4316 3222 3553 4617
9 4582 1571 4263 2037 4618
9 3219 1421 2363 676 4619
9 2090 3756 905 2996 4620
9 991 2330 5856 2209 4621
9 2911 4500 1073 2481 4622
9 444 4186 2483 4918 4623
9 3828 1381 2493 340 4624
9 4814 1325 3576 2142 4625
9 3489 1505 2610 794 4626
9 3636 5451 2455 1238 4627
9 5514 4170 1320 3533 4628
9 2745 3613 1190 3437 4629
9 776 3224 1621 3236 4630
9 3391 2639 1097 2617 4631
9 2834 600 4403 1528 4632
9 5174 512 5564 1976 4633
9 2782 4483 558 3727 4634
9 2839 5395 1116 5554 4635
9 3409 5237 1300 4357 4636
9 2726 5352 3900 236 4637
9 4386 5791 630 2981 4638
9 3594 1609 3255 661 4639
9 1427 3150 4209 2338 4640
9 1934 4430 4543 4141 4641
9 4006 1967 3840 1274 4642
9 5402 4910 1616 2762 4643
9 3386 5598 1014 2621 4644
9 5577 5578 2215 4022 4645
9 4719 1955 4563 1917 4646
9 2690 823 5307 1784 4647
9 773 5776 3370 2271 4648
9 1179 3280 4951 5273 4649
9 3530 3751 1450 4718 4650
9 3709 942 5099 2071 4651
9 1341 4978 2944 3144 4652
9 4132 1806 3293 876 4653
9 2634 3393 1327 4697 4654
9 2904 5068 679 4085 4655
9 3621 5530 2013 1000 4656
9 4240 3489 794 4795 4657
9 353 5270 2949 5660 4658
9 4064 5248 963 5717 4659
9 5137 5704 619 4544 4660
9 4070 690 4009 1765 4661
9 3306 5746 829 4638 4662
9 1705 3250 2599 4887 4663
9 1491 3679 4979 3502 4664
9 590 4097 2494 4725 4665
9 5353 1659 4951 3280 4666
9 1480 4220 3253 2265 4667
9 1186 5513 2244 3734 4668
9 4135 544 3916 2036 4669
9 323 322 3710 2750 4670
9 3937 5852 2173 5094 4671
9 2272 5116 5787 3699 4672
9 2484 4623 1070 2721 4673
9 3249 4329 1221 2396 4674
9 5354 2415 4933 1163 4675
9 2728 1129 2782 1376 4676
9 4394 2504 5643 934 4677
9 3959 831 4391 1469 4678
9 2831 2241 787 4232 4679
9 3742 4684 656 2283 4680
9 2287 5229 1699 4439 4681
9 4404 801 3761 1576 4682
9 3270 5358 1894 4819 4683
9 5686 743 4522 2360 4684
9 1536 5230 3173 4128 4685
9 4175 1553 4777 1982 4686
9 4256 1783 3632 1729 4687
9 2790 3396 287 286 4688
9 5766 2809 5166 533 4689
9 2066 5286 5388 5826 4690
9 3664 231 230 2457 4691
9 1118 3876 5464 3200 4692
9 2450 5025 1371 4287 4693
9 2478 3915 1166 2701 4694
9 4071 1513 3985 1878 4695
9 5288 1159 5220 2545 4696
9 1185 4258 2407 3329 4697
9 5744 5123 796 5531 4698
9 4027 5786 1223 5500 4699
9 2214 3000 3105 1170 4700
9 3801 1627 2952 1400 4701
9 2601 3460 797 3587 4702
9 3443 1332 2804 1086 4703
9 2514 2409 1054 2702 4704
9 2933 5277 910 2596 4705
9 5021 478 3971 2321 4706
9 4470 1920 4344 600 4707
9 4130 1660 4223 1534 4708
9 2355 3513 5175 1502 4709
9 4533 2431 4902 460 4710
9 2935 4230 1667 4454 4711
9 2931 1228 2833 1348 4712
9 4727 2188 5620 456 4713
9 1105 4010 2223 3198 4714
9 2664 5491 2118 1021 4715
9 3544 1741 2709 788 4716
9 3299 1453 3704 1787 4717
9 2066 5826 1309 3353 4718
9 4574 4062 2505 721 4719
9 3008 2867 1020 2612 4720
9 730 3542 5584 3813 4721
9 2873 1352 3575 1032 4722
9 1502 5175 4560 4119 4723
9 877 5412 4047 5090 4724
9 1631 4713 2627 3940 4725
9 1604 4855 3866 4627 4726
9 1683 4261 2813 3862 4727
9 3706 4697 1327 5280 4728
9 1393 4650 2985 3617 4729
9 1970 3939 2383 4934 4730
9 2982 4227 1275 3202 4731
9 3736 5285 2176 1429 4732
9 1639 2508 4322 3345 4733
9 1744 4285 2155 4397 4734
9 4573 920 4241 1971 4735
9 2609 4710 1084 3968 4736
9 3655 5033 1649 4583 4737
9 2898 1560 2812 1117 4738
9 4267 1799 3320 927 4739
9 3024 5509 1731 5103 4740
9 4676 5362 2144 3365 4741
9 2171 4481 948 2524 4742
9 5619 972 4720 2352 4743
9 5253 1707 3924 470 4744
9 1550 4749 2752 4259 4745
9 399 3963 1994 3659 4746
9 1293 3332 3166 3289 4747
9 2594 3488 664 2002 4748
9 4039 5144 1689 5664 4749
9 5784 4995 1078 4712 4750
9 1326 3607 3633 3134 4751
9 3229 1771 5131 491 4752
9 5671 2032 5789 2328 4753
9 258 4297 2581 259 4754
9 3667 1875 5757 1251 4755
9 2579 4113 1390 3631 4756
9 1860 5499 5814 4831 4757
9 594 4583 3118 4083 4758
9 5246 1417 3602 1681 4759
9 1524 3805 5553 4796 4760
9 461 5046 2523 5077 4761
9 2741 4491 1330 3148 4762
9 2074 4191 2845 5795 4763
9 4645 4596 1126 2729 4764
9 2271 5503 3156 773 4765
9 5221 2006 4566 923 4766
9 4265 5771 3167 626 4767
9 950 4396 2058 5180 4768
9 1091 2114 5684 2334 4769
9 2206 4709 1368 3063 4770
9 2734 3734 305 149 4771
9 2950 4942 1096 4756 4772
9 3945 5797 3311 1449 4773
9 1806 4132 4797 4182 4774
9 2488 4053 1211 5593 4775
9 4150 1886 5149 1122 4776
9 3131 1452 3007 508 4777
9 5089 4377 872 3994 4778
9 4882 1067 3840 1967 4779
9 3903 593 2498 1540 4780
9 3256 921 3155 1590 4781
9 2291 3941 5744 5531 4782
9 685 3852 3383 2652 4783
9 3607 844 4368 1632 4784
9 4282 1630 4292 1773 4785
9 515 3527 2517 2860 4786
9 2803 4857 335 334 4787
9 3129 4959 1531 3505 4788
9 4067 1847 3384 951 4789
9 1436 4506 4092 3239 4790
9 2351 5375 3253 606 4791
9 3988 1183 3159 2137 4792
9 290 3712 2843 291 4793
9 603 5362 4618 2847 4794
9 4532 1711 4508 1923 4795
9 739 3061 4653 3777 4796
9 2658 2731 1144 2552 4797
9 3275 1483 3628 757 4798
9 3583 763 3259 1283 4799
9 2216 3703 606 2292 4800
9 2061 4361 3144 5800 4801
9 4768 2534 5098 1647 4802
9 3288 5762 1528 4198 4803
9 2586 3354 1732 4688 4804
9 3578 2144 5362 603 4805
9 5196 1010 5699 2659 4806
9 455 4167 5259 3003 4807
9 2655 5280 1327 3393 4808
9 2566 4957 1442 4372 4809
9 2974 4248 768 3431 4810
9 5197 2430 5162 1474 4811
9 2968 2944 1074 2398 4812
9 3668 1444 4345 486 4813
9 5001 1887 5174 1976 4814
9 1573 3810 3949 4656 4815
9 1793 4857 2803 3317 4816
9 2361 5845 3022 1232 4817
9 3356 1952 5266 1079 4818
9 4928 936 4093 2145 4819
9 1816 5651 4753 3745 4820
9 1776 5247 5572 5080 4821
9 3640 741 4413 1657 4822
9 4145 612 5733 2302 4823
9 1102 2221 2738 2071 4824
9 3092 3982 1040 2519 4825
9 617 5304 1961 2288 4826
9 805 4376 4776 3423 4827
9 3591 616 5725 2133 4828
9 2169 4028 1369 4050 4829
9 606 4220 4911 2292 4830
9 2052 4178 845 2736 4831
9 2911 538 5065 2080 4832
9 1992 2680 4352 3852 4833
9 3230 5732 4870 1129 4834
9 3347 1900 3774 1342 4835
9 2456 1366 5308 2061 4836
9 1432 4449 2961 2792 4837
9 724 3620 2585 3830 4838
9 4539 846 4761 1723 4839
9 1808 5580 2446 3894 4840
9 4823 2220 5633 471 4841
9 3946 1130 5610 2030 4842
9 2415 5740 717 4933 4843
9 725 3100 2708 3032 4844
9 3472 537 5433 1645 4845
9 2235 3123 207 206 4846
9 2459 4975 1575 3780 4847
9 3980 1835 4682 899 4848
9 1135 4296 2095 5430 4849
9 2685 4959 1196 4094 4850
9 1169 3189 4504 2087 4851
9 3460 1271 5812 4949 4852
9 2418 5819 1132 4772 4853
9 5698 1451 3845 1987 4854
9 2829 3788 1733 629 4855
9 3039 3721 1688 4410 4856
9 2429 3658 861 3688 4857
9 3802 2087 5839 958 4858
9 2955 3753 1379 2939 4859
9 2165 4697 3706 4107 4860
9 2694 5436 4063 1332 4861
9 3653 2224 5770 856 4862
9 4014 1816 5587 1360 4863
9 2184 5682 4125 1668 4864
9 3215 1609 3594 1222 4865
9 3539 1354 3540 1864 4866
9 3290 1467 3491 1290 4867
9 4400 1946 4775 749 4868
9 1384 3938 3248 2629 4869
9 2329 1394 3094 689 4870
9 3094 1394 2758 1287 4871
9 3447 5425 1763 2316 4872
9 2969 5461 1220 3963 4873
9 1198 4962 3440 3271 4874
9 3359 4544 2637 1081 4875
9 3364 4184 1672 5356 4876
9 2686 5448 477 4215 4877
9 2661 4426 3044 1020 4878
9 3962 2240 4798 754 4879
9 1161 2757 2374 5416 4880
9 4435 5803 697 3148 4881
9 5299 511 4200 1919 4882
9 3740 790 5199 2760 4883
9 2293 5112 669 3116 4884
9 3316 1273 3649 1782 4885
9 2034 4588 2465 5181 4886
9 613 2846 2211 4503 4887
9 1362 4432 2441 3470 4888
9 4037 1617 4635 1957 4889
9 4656 545 3053 1573 4890
9 1722 5011 2918 4897 4891
9 3450 4463 1026 1995 4892
9 4715 1495 3635 2078 4893
9 1634 4908 3934 5372 4894
9 2530 4825 1642 5315 4895
9 4546 1671 4260 2037 4896
9 1257 4972 3088 3494 4897
9 4669 3965 1133 2439 4898
9 4200 1546 4294 1919 4899
9 5160 485 3385 1747 4900
9 3809 1798 5332 2713 4901
9 2860 1627 3801 515 4902
9 2947 4899 1419 3625 4903
9 2097 4035 2653 5040 4904
9 4348 1588 3885 1764 4905
9 2384 4406 1039 3349 4906
9 1479 4552 5340 3392 4907
9 2302 5305 3505 1531 4908
9 5752 2113 4731 2182 4909
9 3880 903 5787 1670 4910
9 4617 1897 4581 1696 4911
9 1724 4266 5419 4243 4912
9 4190 1565 5056 557 4913
9 3616 4990 1689 2371 4914
9 3281 3822 654 4259 4915
9 2039 4685 4013 2684 4916
9 1793 3317 825 3371 4917
9 4017 3200 760 3399 4918
9 697 5803 3913 5844 4919
9 4208 4466 1733 3788 4920
9 1150 2894 1830 3007 4921
9 2341 3882 1425 3222 4922
9 2322 5231 4090 1087 4923
9 489 4366 3322 5541 4924
9 3593 432 5406 1862 4925
9 3388 447 5488 1925 4926
9 4478 1814 4931 471 4927
9 4289 4452 565 3816 4928
9 3454 1493 3519 950 4929
9 4488 5447 3133 1735 4930
9 4251 1856 2700 810 4931
9 2999 1700 3989 1002 4932
9 5166 1735 5435 3002 4933
9 4122 2358 5065 538 4934
9 2333 4254 1136 2992 4935
9 541 4760 3048 5048 4936
9 5807 992 4875 2258 4937
9 1242 5289 3493 3212 4938
9 3259 4859 1194 2542 4939
9 727 4535 3105 3000 4940
9 744 5673 2175 3182 4941
9 2940 1694 3837 561 4942
9 3025 5855 1867 623 4943
9 467 3442 2070 2688 4944
9 3117 5142 575 5820 4945
9 988 2883 3205 2206 4946
9 5112 2293 5783 987 4947
9 1041 4957 2566 4683 4948
9 3448 566 2085 1311 4949
9 5091 494 3269 1866 4950
9 1184 2623 3151 2729 4951
9 2389 5426 1301 3691 4952
9 1584 5507 3843 3942 4953
9 768 3387 2528 4609 4954
9 3031 1427 3161 543 4955
9 557 5868 4736 4190 4956
9 1160 4823 2480 3698 4957
9 1617 5519 2551 4635 4958
9 5120 2069 4764 757 4959
9 4909 1910 4287 1371 4960
9 4141 1270 3951 1934 4961
9 725 4450 2871 4049 4962
9 2254 1728 4335 669 4963
9 1984 5626 2290 5575 4964
9 4573 1971 5369 1662 4965
9 3932 2395 5628 2004 4966
9 2190 5421 1990 5854 4967
9 3771 1508 3206 1192 4968
9 822 3467 2277 4127 4969
9 1219 5861 3309 2741 4970
9 3656 1364 3759 1653 4971
9 3118 3746 1831 4083 4972
9 3455 4605 2135 978 4973
9 3352 3351 1309 3274 4974
9 4718 1450 3841 1791 4975
9 2494 4097 1238 2455 4976
9 5526 3216 1155 2671 4977
9 4129 518 4599 2121 4978
9 3927 5621 2722 1243 4979
9 4060 1975 5475 1401 4980
9 3327 1176 3078 1891 4981
9 454 4891 4002 453 4982
9 2203 4988 5260 4123 4983
9 5427 3547 1914 974 4984
9 2748 5438 1704 5364 4985
9 3364 5356 1563 5070 4986
9 2542 3610 1283 3259 4987
9 1677 4459 2666 4144 4988
9 3666 1794 4637 772 4989
9 3416 5042 4755 670 4990
9 4136 1475 2817 1141 4991
9 227 5171 2564 228 4992
9 3728 5030 1526 3600 4993
9 4370 1726 4700 826 4994
9 2801 3735 1302 5441 4995
9 1710 5461 2969 5037 4996
9 2155 4864 908 4397 4997
9 3363 5760 1441 4312 4998
9 4033 496 5242 2001 4999
9 5853 967 4060 2231 5000
9 4403 2021 4198 1528 5001
9 4015 5851 2997 1940 5002
9 932 5845 4854 5774 5003
9 1133 3427 3268 2439 5004
9 2009 3385 485 3935 5005
9 3337 3507 656 4772 5006
9 4640 5730 500 3019 5007
9 3978 1612 5673 744 5008
9 1416 4875 3188 4197 5009
9 4044 1755 3221 755 5010
9 4723 2289 4192 1592 5011
9 5279 2800 5525 1854 5012
9 2174 3791 275 274 5013
9 3225 4452 2543 1209 5014
9 4990 2042 5664 1689 5015
9 3879 576 4935 1613 5016
9 916 4387 5245 4288 5017
9 951 4989 2435 4067 5018
9 4724 1676 5847 953 5019
9 1231 3615 3796 2754 5020
9 2841 4405 5386 1205 5021
9 2287 4432 1362 2267 5022
9 867 5606 4840 3066 5023
9 4898 1651 4906 2115 5024
9 2523 3711 1708 5077 5025
9 3640 5013 1622 4645 5026
9 1263 5434 2916 4157 5027
9 2578 483 3449 1720 5028
9 1018 4953 2190 5854 5029
9 5730 2643 5117 500 5030
9 2727 4535 727 3966 5031
9 5375 2351 5398 921 5032
9 1479 4154 5061 4552 5033
9 1492 3987 3212 3493 5034
9 4657 5412 877 2366 5035
9 2761 5457 4082 896 5036
9 2668 4757 394 395 5037
9 3893 5121 1535 4075 5038
9 2644 5775 1075 4073 5039
9 2943 4967 2089 1072 5040
9 982 5140 3208 4365 5041
9 5524 449 450 3464 5042
9 2523 5046 1629 3877 5043
9 1813 4913 3996 3614 5044
9 816 5881 2056 3605 5045
9 791 4997 4105 2912 5046
9 2383 4533 460 4934 5047
9 3191 5121 655 5361 5048
9 3757 5585 1530 2906 5049
9 722 5826 5388 3099 5050
9 4733 1949 2900 465 5051
9 3505 5305 2680 795 5052
9 3071 4236 1390 4555 5053
9 1899 5565 2974 3431 5054
9 4455 2256 5347 1817 5055
9 1691 5624 4755 5042 5056
9 4000 5113 1929 4559 5057
9 798 3500 2082 4456 5058
9 2673 4045 1156 3770 5059
9 5016 4324 917 4641 5060
9 1425 3882 3476 4721 5061
9 3720 5548 308 307 5062
9 5601 2365 5482 601 5063
9 2109 4210 1498 3943 5064
9 1111 4557 2850 2131 5065
9 2688 1291 3862 467 5066
9 2645 4451 457 3708 5067
9 1413 5218 3525 3169 5068
9 3492 1726 4301 483 5069
9 826 4700 5762 3288 5070
9 2362 5430 472 2765 5071
9 3085 3851 2017 695 5072
9 5301 3595 2531 1096 5073
9 3382 598 2756 1429 5074
9 4207 5253 470 2379 5075
9 2373 1002 4538 1500 5076
9 4646 872 4377 1581 5077
9 1677 4144 2660 4846 5078
9 5543 2306 5542 218 5079
9 574 3721 2547 3936 5080
9 3550 1409 4762 2499 5081
9 5283 2387 5846 1880 5082
9 1278 4168 3718 5115 5083
9 4927 884 4032 1799 5084
9 5373 536 4968 2308 5085
9 1411 3283 3352 3274 5086
9 2065 4393 3107 1224 5087
9 1843 3562 2564 5171 5088
9 1720 5008 5007 4839 5089
9 4765 5092 922 4062 5090
9 1088 4155 2781 2941 5091
9 5246 855 4769 1417 5092
9 4789 3777 1303 3287 5093
9 2909 4040 637 3953 5094
9 3674 2381 973 4650 5095
9 3813 2023 4628 730 5096
9 3694 2049 5311 1182 5097
9 5223 4384 1411 3274 5098
9 2889 1262 4905 1997 5099
9 4658 5518 1591 4134 5100
9 2080 4450 1244 4500 5101
9 1625 4487 5148 2272 5102
9 5657 1404 3993 2560 5103
9 3463 5866 2118 5491 5104
9 4311 1771 3526 1158 5105
9 2218 4024 1353 2343 5106
9 2816 1076 4143 2054 5107
9 3820 2161 3503 1149 5108
9 5355 4463 1605 3629 5109
9 5325 1879 2626 769 5110
9 5233 987 5783 2234 5111
9 1999 5345 5268 4604 5112
9 562 3872 2370 3650 5113
9 1072 2089 5405 2234 5114
9 5459 577 3170 1937 5115
9 3392 459 4195 1479 5116
9 2599 4364 868 4887 5117
9 2466 3715 687 5708 5118
9 715 5616 3021 5675 5119
9 5256 971 5453 1949 5120
9 4157 1911 3671 1263 5121
9 4679 5869 1956 3714 5122
9 2107 1458 4012 899 5123
9 5307 5631 2098 5006 5124
9 3481 4028 486 4345 5125
9 3103 5141 1741 4372 5126
9 3748 1712 2563 1268 5127
9 2153 546 3132 1176 5128
9 1341 4251 4964 4978 5129
9 4838 881 4326 1989 5130
9 3205 4114 493 2206 5131
9 2612 3255 1324 3008 5132
9 2846 4988 1293 3289 5133
9 2253 4716 4196 1233 5134
9 1564 5427 3577 5257 5135
9 2587 3979 5389 3010 5136
9 4277 593 4704 2222 5137
9 3610 5595 1859 3300 5138
9 4059 1600 2677 1326 5139
9 3646 3020 1359 2572 5140
9 4816 2077 5747 1529 5141
9 5589 2318 5566 232 5142
9 947 4961 1984 5575 5143
9 1785 5644 2769 5539 5144
9 602 3295 2644 2006 5145
9 683 5447 3412 2323 5146
9 334 333 3713 2803 5147
9 2211 2846 1146 5420 5148
9 1931 4826 5264 5081 5149
9 1042 3300 1859 4147 5150
9 4733 465 4065 1786 5151
9 5086 2464 4068 482 5152
9 2795 4126 1537 2230 5153
9 4364 1524 4796 2425 5154
9 4089 954 5082 2511 5155
9 3512 1333 2174 274 5156
9 445 446 2910 4186 5157
9 320 319 5870 2673 5158
9 2525 5471 1785 5539 5159
9 3908 4208 1554 3586 5160
9 5062 4773 1827 2705 5161
9 588 4828 3606 2572 5162
9 3919 5627 1008 4393 5163
9 1956 5869 2766 1243 5164
9 2930 4876 5424 548 5165
9 4371 864 5153 1643 5166
9 2495 1149 2873 1032 5167
9 4713 5608 985 2627 5168
9 2031 4755 5624 3804 5169
9 2434 3630 1679 4868 5170
9 4025 3378 806 3609 5171
9 5029 2331 5679 645 5172
9 1413 3169 3168 2575 5173
9 4302 5437 1574 3738 5174
9 847 5718 3039 4410 5175
9 1599 4807 4548 2896 5176
9 4258 1185 5487 2187 5177
9 3336 4333 1214 4492 5178
9 1518 5705 5157 3265 5179
9 4157 529 3273 1911 5180
9 1652 5861 4116 4252 5181
9 404 5773 3101 403 5182
9 2656 402 403 3101 5183
9 555 5703 3873 2636 5184
9 3730 5801 523 2337 5185
9 1200 3272 2166 5017 5186
9 4048 4758 1586 5186 5187
9 3532 2446 5580 817 5188
9 2011 5368 3117 5820 5189
9 4381 1701 4084 840 5190
9 4395 5693 504 4984 5191
9 5646 2092 5096 859 5192
9 2804 4063 808 5368 5193
9 1833 4232 4463 3450 5194
9 675 5235 3967 2870 5195
9 2435 4262 1446 4067 5196
9 2750 5656 324 323 5197
9 373 374 4607 3093 5198
9 2431 4533 1314 5290 5199
9 3296 4948 1230 2533 5200
9 4581 1897 5611 598 5201
9 1365 4892 3595 5301 5202
9 2152 4187 1603 4370 5203
9 5701 3467 822 3781 5204
9 3301 818 4589 1889 5205
9 2889 1759 5689 871 5206
9 2567 4226 1011 2692 5207
9 1898 5776 2798 1017 5208
9 5100 2185 5182 244 5209
9 1518 3265 3745 2229 5210
9 3436 5474 1723 4148 5211
9 1833 4305 2831 4232 5212
9 3580 4086 310 309 5213
9 2178 3244 1474 3323 5214
9 4892 4106 627 3595 5215
9 3050 5159 2411 964 5216
9 2997 5851 1284 5646 5217
9 745 5800 3144 2944 5218
9 4013 1349 4675 563 5219
9 845 4322 2508 3373 5220
9 1106 3642 2596 2454 5221
9 633 5874 4222 2511 5222
9 3281 4259 1164 2492 5223
9 2910 4696 1547 4186 5224
9 3474 4169 1119 5645 5225
9 4976 817 3010 1913 5226
9 2649 4715 1147 2321 5227
9 732 3557 2663 5629 5228
9 2392 5363 3676 253 5229
9 3958 5272 785 3165 5230
9 3065 2181 4339 1226 5231
9 3737 1826 4896 1006 5232
9 1970 5390 2732 5024 5233
9 4366 2230 5540 1555 5234
9 5013 553 2549 1622 5235
9 2598 5287 558 4483 5236
9 1872 5865 2617 1097 5237
9 2989 893 5327 1998 5238
9 3188 1912 4580 783 5239
9 2957 4686 1463 3197 5240
9 2831 1068 4673 2241 5241
9 4881 5614 2416 1001 5242
9 1410 3999 2309 5213 5243
9 3620 5106 1722 4897 5244
9 1920 5442 1029 4344 5245
9 5019 1568 4411 914 5246
9 4576 2168 3498 1247 5247
9 5048 1854 2830 1462 5248
9 1963 4633 5712 4019 5249
9 978 4321 1868 3318 5250
9 1530 5585 3669 4127 5251
9 5728 2515 5724 263 5252
9 2510 1977 5263 969 5253
9 2358 4122 1297 4518 5254
9 2088 4188 891 4495 5255
9 4908 4907 780 3934 5256
9 3051 2208 5847 1676 5257
9 4565 2394 3608 462 5258
9 5536 983 4443 2966 5259
9 2452 2086 5453 971 5260
9 5615 3716 1404 5657 5261
9 2428 3825 1454 2459 5262
9 2608 5535 4026 1766 5263
9 3823 1473 4437 1861 5264
9 3819 811 5132 1602 5265
9 446 447 3388 2910 5266
9 5499 1860 2891 4784 5267
9 1333 5145 3267 2866 5268
9 637 4040 2952 2836 5269
9 888 5810 3767 2365 5270
9 551 2619 3603 2408 5271
9 4078 1682 3208 1189 5272
9 5532 5266 1952 4158 5273
9 4026 5535 1795 854 5274
9 5537 2303 5538 221 5275
9 1456 3386 2621 2430 5276
9 1527 5443 4008 4375 5277
9 3898 520 3029 1769 5278
9 5122 657 5875 2618 5279
9 1038 5567 4653 3061 5280
9 3347 4124 1951 834 5281
9 3425 831 3959 1288 5282
9 3549 4346 1441 4673 5283
9 2839 5554 379 4274 5284
9 3123 5158 208 207 5285
9 3565 4511 302 301 5286
9 2039 997 4774 2607 5287
9 3321 556 3079 1256 5288
9 5252 988 2206 1768 5289
9 795 5745 3129 3505 5290
9 2552 5501 1207 2658 5291
9 2443 4053 840 4084 5292
9 3735 5745 795 1992 5293
9 3946 1707 5374 1130 5294
9 2872 3959 1469 3243 5295
9 3755 2250 3366 1198 5296
9 687 3775 2616 5708 5297
9 4118 5568 941 4810 5298
9 3809 815 3853 1798 5299
9 5461 1710 5136 3157 5300
9 4006 1274 4747 463 5301
9 2179 3732 507 3338 5302
9 488 3758 2421 5312 5303
9 2076 3859 382 3731 5304
9 1211 3850 2104 5593 5305
9 3404 5440 685 3947 5306
9 3892 917 3051 1676 5307
9 614 3251 1983 3142 5308
9 2305 5632 3433 564 5309
9 2611 5222 792 3839 5310
9 4870 5732 1611 4483 5311
9 424 5281 3299 423 5312
9 2597 4903 601 3428 5313
9 5456 496 4501 1703 5314
9 4187 3531 734 3665 5315
9 5190 3216 316 315 5316
9 2337 523 2670 1123 5317
9 1216 4456 4652 2603 5318
9 3138 5424 1743 1157 5319
9 2228 5705 3579 1374 5320
9 1041 4683 3038 2400 5321
9 5365 1153 5609 2875 5322
9 1244 4450 3032 5775 5323
9 3842 5567 2512 296 5324
9 5009 781 4276 2201 5325
9 2615 3406 1387 4989 5326
9 209 5158 3912 210 5327
9 1784 5307 5006 5287 5328
9 4843 1807 4081 993 5329
9 3504 1068 2863 2012 5330
9 1824 4621 4501 4108 5331
9 5463 1954 5721 2390 5332
9 2450 4585 1548 4677 5333
9 4468 1740 5498 563 5334
9 2317 3310 4678 634 5335
9 1862 5713 2816 3689 5336
9 2942 1863 5284 854 5337
9 4812 3017 2304 1043 5338
9 277 276 5777 5127 5339
9 883 5000 2802 2385 5340
9 1610 5831 2601 3587 5341
9 1846 5636 5316 2960 5342
9 621 5749 2545 5220 5343
9 2475 5858 4237 731 5344
9 4018 800 3704 1453 5345
9 1494 4275 3296 2533 5346
9 2864 5239 629 5011 5347
9 2631 3397 1318 4308 5348
9 5734 1900 5657 2560 5349
9 5426 3782 782 3178 5350
9 3067 5100 243 242 5351
9 3101 5773 1812 1228 5352
9 1076 5479 2753 4143 5353
9 5210 3696 1367 3264 5354
9 3049 4171 775 4745 5355
9 4730 904 5652 1754 5356
9 3925 5706 2773 706 5357
9 2202 1445 3544 788 5358
9 5371 1223 5786 2529 5359
9 857 4199 3258 4820 5360
9 1506 3350 4956 4845 5361
9 1647 5098 3714 2689 5362
9 4597 3559 747 3227 5363
9 4014 1052 5651 1816 5364
9 3581 2842 356 357 5365
9 1084 4710 3213 2156 5366
9 2785 4602 556 3262 5367
9 5783 2293 1072 2234 5368
9 2648 4751 1280 4363 5369
9 553 4858 4175 4732 5370
9 4524 799 3725 1464 5371
9 2672 4265 626 3140 5372
9 1222 3302 4512 3215 5373
9 5081 5264 2128 3747 5374
9 1255 5008 3449 3911 5375
9 2469 1086 3072 1337 5376
9 1284 3570 4389 2092 5377
9 1600 4059 5560 4452 5378
9 2452 971 3097 608 5379
9 5271 2194 4896 1826 5380
9 5866 708 4742 2828 5381
9 3939 911 5359 1646 5382
9 4879 508 3007 1830 5383
9 205 5310 3752 206 5384
9 5709 913 2485 1933 5385
9 2400 3038 499 4493 5386
9 4133 1019 3622 2240 5387
9 2630 5196 1589 4599 5388
9 663 2270 5337 2854 5389
9 796 4518 2669 5531 5390
9 4594 2370 5836 779 5391
9 4737 1148 3390 1804 5392
9 4859 1541 4005 1194 5393
9 654 3822 4981 3648 5394
9 3707 1778 4007 1375 5395
9 5751 1682 4078 894 5396
9 3109 5140 2343 559 5397
9 3462 5155 5417 1227 5398
9 2463 5561 5541 3322 5399
9 2700 4816 1529 4214 5400
9 3838 1876 4705 1139 5401
9 5369 573 4238 1662 5402
9 1958 5778 2993 5848 5403
9 4474 5763 223 222 5404
9 4502 906 5049 2027 5405
9 2817 5267 1941 856 5406
9 3447 2316 1101 2169 5407
9 938 5064 2410 3363 5408
9 5221 2261 602 2006 5409
9 312 311 3933 2258 5410
9 1506 5035 2929 3350 5411
9 3060 4705 1299 3176 5412
9 2026 5090 5277 2933 5413
9 979 4285 5621 3927 5414
9 1709 4178 3175 3953 5415
9 839 4932 4482 3183 5416
9 2170 3106 5211 4629 5417
9 2204 3758 1595 4201 5418
9 2060 5717 963 2328 5419
9 5335 778 5035 2975 5420
9 2462 1262 3115 660 5421
9 3170 2042 4101 1937 5422
9 4104 3785 547 3234 5423
9 3135 1976 5792 824 5424
9 4537 1750 5135 1912 5425
9 1619 4736 4376 3546 5426
9 4917 4166 999 5305 5427
9 1736 5840 2739 4586 5428
9 1511 4118 5173 4018 5429
9 4971 2382 3914 1193 5430
9 2072 2850 4557 1235 5431
9 2263 3877 5707 784 5432
9 4864 3998 1430 3249 5433
9 546 3864 5185 3303 5434
9 3190 1101 4336 736 5435
9 2217 5852 3937 240 5436
9 4603 4012 1458 4940 5437
9 959 5238 2948 5540 5438
9 4168 5702 1991 3718 5439
9 3790 5594 2519 1040 5440
9 3937 5094 241 240 5441
9 2044 3107 733 3137 5442
9 2788 5044 3652 1250 5443
9 5071 2571 5070 1563 5444
9 3888 501 2570 1903 5445
9 2467 4553 880 4526 5446
9 3444 4467 2796 704 5447
9 1323 5055 3896 2503 5448
9 3544 1445 4415 1741 5449
9 5342 2114 4402 607 5450
9 4169 3474 1678 4592 5451
9 3057 2068 4878 1940 5452
9 4342 5066 1718 3034 5453
9 5597 1775 4541 2067 5454
9 4671 5051 721 3741 5455
9 4077 1698 5167 2119 5456
9 3342 596 5407 1852 5457
9 2976 5683 5084 1091 5458
9 2260 4639 3359 1081 5459
9 3818 2497 5039 2062 5460
9 3897 1358 5809 2281 5461
9 4600 2492 1164 2376 5462
9 1716 4575 3005 4613 5463
9 3233 5328 1981 649 5464
9 5383 3903 1890 5663 5465
9 1721 4219 2937 5168 5466
9 4109 1401 5475 759 5467
9 1902 5772 3796 3615 5468
9 2756 1093 3736 1429 5469
9 5293 2610 4708 577 5470
9 2269 4094 1196 4800 5471
9 1415 4427 5237 3409 5472
9 2238 4579 2254 669 5473
9 3204 5811 1775 5597 5474
9 5038 2833 1228 1812 5475
9 1928 3989 5737 4738 5476
9 2797 5205 3441 1415 5477
9 4164 5594 265 264 5478
9 5590 4010 1105 2917 5479
9 3077 4586 1131 5613 5480
9 3329 5310 204 0 5481
9 2764 5825 2765 1320 5482
9 3086 4583 594 5367 5483
9 4497 1840 5687 2886 5484
9 4046 5241 2356 664 5485
9 2170 4572 1110 3106 5486
9 4417 4861 809 3908 5487
9 3070 1568 5019 2048 5488
9 3316 1782 5072 750 5489
9 3843 4270 1486 3942 5490
9 5873 2518 4470 600 5491
9 286 285 4688 2790 5492
9 3151 5188 741 2729 5493
9 4782 1835 5091 1866 5494
9 3097 971 5522 1383 5495
9 2513 992 5807 1938 5496
9 1144 2783 5878 4074 5497
9 4852 3018 1997 4905 5498
9 4092 5639 1945 3239 5499
9 4299 902 4310 2483 5500
9 4891 454 200 339 5501
9 4199 2319 5074 1512 5502
9 5139 1760 5052 2245 5503
9 5449 3775 1462 3369 5504
9 4786 1517 4061 2227 5505
9 2641 1697 4374 730 5506
9 5396 1769 5295 3422 5507
9 2968 3174 745 2944 5508
9 4895 2775 5102 1570 5509
9 890 4865 4516 5738 5510
9 3790 267 266 5594 5511
9 5530 5499 527 5020 5512
9 825 3317 2014 3823 5513
9 711 3838 2736 3373 5514
9 4978 3089 1074 2944 5515
9 1592 4192 2686 4215 5516
9 2883 988 2159 647 5517
9 3075 821 4385 2372 5518
9 5338 643 4367 2266 5519
9 3147 5394 1104 2111 5520
9 1451 5698 4083 2716 5521
9 2221 3226 4530 5177 5522
9 4211 1520 5344 859 5523
9 3500 798 4528 1265 5524
9 1097 2580 4058 1872 5525
9 2320 3044 5309 965 5526
9 3584 5537 220 219 5527
9 5772 1902 5432 2929 5528
9 5710 984 4303 1892 5529
9 1815 4402 5084 5683 5530
9 5107 753 4154 2213 5531
9 639 4332 5804 3915 5532
9 4800 3374 418 419 5533
9 5378 2106 5431 2025 5534
9 4861 4417 1772 4568 5535
9 3550 915 5797 1972 5536
9 2696 5392 1765 5837 5537
9 2294 5418 3648 1482 5538
9 3413 2133 5725 2558 5539
9 5617 2129 1135 2362 5540
9 3009 1366 2456 1078 5541
9 4550 4763 261 260 5542
9 2956 544 3231 1199 5543
9 5032 4622 506 3456 5544
9 4479 5714 900 4360 5545
9 1683 4941 5604 4261 5546
9 4739 1968 4534 1012 5547
9 1935 4248 2974 5565 5548
9 2641 730 4628 1525 5549
9 532 5110 4985 2280 5550
9 1886 5882 3398 5149 5551
9 3153 5351 1279 4217 5552
9 2321 4655 1571 2649 5553
9 3344 1578 4137 1382 5554
9 4722 1062 2184 1668 5555
9 641 5671 4781 2764 5556
9 793 3440 4962 3254 5557
9 4260 1671 3508 624 5558
9 1264 5871 2960 2539 5559
9 1492 3969 5883 3987 5560
9 4021 4286 892 4663 5561
9 1826 3737 4949 5812 5562
9 3108 1607 4531 853 5563
9 5460 958 5839 1918 5564
9 4170 5514 2208 641 5565
9 2819 5850 2326 1152 5566
9 309 308 5548 3580 5567
9 4661 5409 966 2901 5568
9 4801 5304 1879 5325 5569
9 5176 1907 5717 2060 5570
9 1465 3630 5031 4082 5571
9 3384 1999 4604 951 5572
9 1026 4463 5355 4674 5573
9 989 4218 2335 2971 5574
9 3545 1199 2856 5516 5575
9 3070 5653 280 279 5576
9 5534 2417 3934 780 5577
9 5069 3555 2026 497 5578
9 3282 4810 2085 566 5579
9 1601 3136 2502 4290 5580
9 537 4970 2875 4833 5581
9 5306 5595 611 3536 5582
9 371 4389 3570 370 5583
9 364 4504 3189 363 5584
9 2426 4405 479 4472 5585
9 592 4779 5831 4041 5586
9 4121 5635 346 347 5587
9 475 5528 3461 2622 5588
9 2577 749 4706 1578 5589
9 2903 3377 4947 716 5590
9 4002 4891 2493 2041 5591
9 5458 1718 4963 2635 5592
9 5169 5385 1286 2633 5593
9 1027 5351 2422 3585 5594
9 3834 4931 1814 5780 5595
9 3912 5853 2231 210 5596
9 3152 4210 1290 5642 5597
9 1968 2854 5337 1073 5598
9 5233 2234 5796 2083 5599
9 5508 1045 4460 2924 5600
9 3257 1563 5356 869 5601
9 3047 5572 5247 421 5602
9 3701 4912 413 414 5603
9 5179 487 5880 3162 5604
9 5823 4977 651 2894 5605
9 5014 3917 2462 660 5606
9 3542 730 4374 2414 5607
9 4037 1957 5622 522 5608
9 410 411 5041 2642 5609
9 3582 5028 390 391 5610
9 2952 4040 4631 1400 5611
9 1168 5366 2210 5756 5612
9 5093 902 4488 1735 5613
9 2553 1486 3624 1978 5614
9 5411 3340 1821 4457 5615
9 3266 2142 4802 2228 5616
9 5798 1995 5483 1051 5617
9 5519 1617 4952 3278 5618
9 4351 1559 5665 3341 5619
9 4123 5260 1909 4994 5620
9 3475 5345 1999 644 5621
9 4453 2487 4447 1463 5622
9 4382 5466 1585 4634 5623
9 3149 3716 2019 5658 5624
9 3369 1462 2830 886 5625
9 2696 5837 4281 610 5626
9 4659 1583 3773 1046 5627
9 2460 2977 5830 1250 5628
9 4141 4543 1975 4278 5629
9 3770 321 320 2673 5630
9 4916 5862 1758 3011 5631
9 1695 5323 2715 3286 5632
9 3333 1062 5331 1748 5633
9 4754 5164 2670 523 5634
9 2451 3861 650 4692 5635
9 4592 1678 2154 511 5636
9 462 5626 2919 4565 5637
9 1576 3873 5703 4205 5638
9 1457 4062 4574 5390 5639
9 332 331 3789 2296 5640
9 2854 1968 4739 2256 5641
9 278 5127 3192 279 5642
9 2233 5854 5207 3535 5643
9 341 5658 3828 340 5644
9 5694 1819 3029 520 5645
9 3956 4486 429 430 5646
9 1490 5793 3279 3041 5647
9 4226 1385 4660 2500 5648
9 2950 359 5506 1828 5649
9 5330 1729 4185 2769 5650
9 5057 4392 695 2962 5651
9 4477 5739 1868 4321 5652
9 2748 5364 886 2830 5653
9 2390 4674 1873 5676 5654
9 385 4960 3762 384 5655
9 1805 4560 3403 1140 5656
9 268 5623 2787 269 5657
9 5198 5778 870 3158 5658
9 5248 2743 2075 963 5659
9 1435 5631 3619 3292 5660
9 330 329 4290 2502 5661
9 5625 1599 4837 583 5662
9 3604 1491 3502 1490 5663
9 5045 909 3776 2546 5664
9 1549 3982 5876 2874 5665
9 4233 2925 1009 4125 5666
9 4615 823 5471 2525 5667
9 3814 1780 5450 1145 5668
9 3258 4199 1512 4323 5669
9 5666 3804 1969 4129 5670
9 5804 4332 1623 4770 5671
9 3658 1370 3732 2179 5672
9 4551 2104 3850 835 5673
9 3012 2116 5641 960 5674
9 5141 5462 2709 1741 5675
9 3975 2064 4820 1389 5676
9 4307 1648 5204 2193 5677
9 618 5578 5758 4159 5678
9 4291 1155 3185 1762 5679
9 4242 1787 5613 3047 5680
9 2627 4834 584 3940 5681
9 2813 4261 1254 2762 5682
9 3272 2023 3647 619 5683
9 5399 1318 3397 2342 5684
9 1541 4859 4245 4131 5685
9 4407 1929 2814 882 5686
9 5672 2547 5034 1501 5687
9 1151 5879 4694 2242 5688
9 5341 986 2592 1734 5689
9 3784 4747 1274 3428 5690
9 1767 3961 4893 2712 5691
9 769 2626 4987 3136 5692
9 2919 5626 1984 5806 5693
9 2990 5573 1108 5130 5694
9 1608 5104 4691 4279 5695
9 5230 1536 4076 2378 5696
9 4464 802 3999 2440 5697
9 1756 3900 5352 3424 5698
9 5641 2416 5026 960 5699
9 366 5296 3556 365 5700
9 3703 911 5024 1663 5701
9 5488 806 3378 1925 5702
9 2391 5466 4382 657 5703
9 1819 5694 3719 2752 5704
9 5437 4302 897 3429 5705
9 2695 3331 5600 995 5706
9 1737 3834 5780 4056 5707
9 5700 1373 4250 857 5708
9 5361 1848 3045 1124 5709
9 4851 2028 5689 1759 5710
9 5487 2135 5680 2187 5711
9 2046 4777 1553 3059 5712
9 3659 5439 398 399 5713
9 1137 4476 4350 2010 5714
9 1552 3313 4648 2992 5715
9 5674 2007 4159 1221 5716
9 5101 3690 832 2629 5717
9 2129 3904 2520 1135 5718
9 3030 5518 4658 599 5719
9 1943 5672 4922 2526 5720
9 3387 768 4248 1289 5721
9 4188 1908 5691 891 5722
9 273 272 5274 3512 5723
9 1588 4871 2727 3966 5724
9 622 5680 4605 2797 5725
9 4809 1882 4662 1883 5726
9 4980 3338 1003 2427 5727
9 5668 2441 5571 1208 5728
9 3984 5384 1445 2202 5729
9 2848 5022 1059 5864 5730
9 564 5358 3270 2305 5731
9 1497 4567 4469 2953 5732
9 538 2911 2481 3089 5733
9 4095 1606 5177 990 5734
9 4423 887 4064 1907 5735
9 5851 4015 2093 3974 5736
9 5859 5208 1960 3573 5737
9 3700 1963 5689 2028 5738
9 1646 5359 3534 2798 5739
9 4022 2215 5552 1261 5740
9 5491 2664 4117 1103 5741
9 5445 1752 4520 2447 5742
9 5272 1708 3711 2437 5743
9 5677 1964 5319 1060 5744
9 5693 4395 1817 5347 5745
9 1353 4024 3528 1945 5746
9 5575 2290 3756 2090 5747
9 1820 5321 5842 3307 5748
9 887 4423 5688 4119 5749
9 5864 3058 2775 2002 5750
9 624 4378 2649 4582 5751
9 593 4277 5529 2498 5752
9 3231 544 4135 1357 5753
9 3986 5460 1918 4746 5754
9 5244 1038 4219 1721 5755
9 3343 5445 513 2588 5756
9 5544 3598 1579 2774 5757
9 1988 3112 5276 3808 5758
9 4466 2625 5785 1733 5759
9 3116 669 4335 1328 5760
9 2781 5282 519 2941 5761
9 5194 4225 676 2363 5762
9 5695 2127 5879 2397 5763
9 349 350 3654 2784 5764
9 5053 3417 682 3831 5765
9 5343 1685 4643 2793 5766
9 3522 2136 4863 1378 5767
9 2325 508 4879 2311 5768
9 920 5577 4022 2139 5769
9 2912 2348 5722 791 5770
9 1402 4085 5650 3692 5771
9 2923 1169 3802 2093 5772
9 4702 1692 5838 678 5773
9 3334 3800 719 2054 5774
9 4365 3208 1682 5329 5775
9 5640 2084 2890 457 5776
9 4913 2264 3515 1218 5777
9 2313 3473 4936 1053 5778
9 4825 3634 1094 2927 5779
9 270 269 3670 3187 5780
9 5716 1923 4267 927 5781
9 3351 761 5161 1877 5782
9 4835 5299 1919 3819 5783
9 2242 5781 4270 1023 5784
9 4651 1499 4080 2471 5785
9 3084 2256 4455 953 5786
9 3867 3043 1093 2756 5787
9 3621 1000 5504 1675 5788
9 4703 5489 807 3452 5789
9 5296 367 4746 1918 5790
9 1189 3208 5140 3109 5791
9 4001 1407 4725 2494 5792
9 294 293 4788 3328 5793
9 5128 5342 1797 5630 5794
9 4212 5067 1560 3532 5795
9 2458 5681 528 2778 5796
9 5743 1861 3062 754 5797
9 3719 5694 2376 1164 5798
9 5782 149 304 2958 5799
9 4331 5274 272 2582 5800
9 4707 5607 851 3037 5801
9 4751 2648 5547 930 5802
9 5718 3787 1887 5001 5803
9 4451 2322 5640 457 5804
9 2607 3567 5030 726 5805
9 4493 5060 975 2400 5806
9 2209 3573 3991 991 5807
9 336 335 4857 2862 5808
9 612 4145 4254 2333 5809
9 764 4937 5726 3088 5810
9 4273 2005 5739 0 5811
9 1910 3896 5055 2695 5812
9 5688 4423 1478 2650 5813
9 5323 3700 1022 2715 5814
9 4377 5089 1875 4666 5815
9 5529 4277 1930 3643 5816
9 5805 1742 3781 822 5817
9 3889 415 5441 1302 5818
9 1398 3383 3852 4352 5819
9 338 337 3496 2849 5820
9 670 5830 2977 2354 5821
9 4426 630 5791 1761 5822
9 5749 1667 4230 2545 5823
9 5226 1567 4326 2428 5824
9 2191 4275 2855 1014 5825
9 2757 1161 4489 534 5826
9 5479 4717 1783 2753 5827
9 774 4077 5278 5257 5828
9 5740 2415 5339 1338 5829
9 5642 5818 642 3152 5830
9 4627 3866 888 3419 5831
9 1150 3076 4588 2034 5832
9 4106 4892 1818 4373 5833
9 3807 5312 2421 843 5834
9 929 5333 5422 2122 5835
9 849 4098 4621 5206 5836
9 5506 360 3683 1828 5837
9 4496 4457 1821 3422 5838
9 1230 3017 4812 2532 5839
9 5244 1721 3723 2512 5840
9 811 4294 5715 3972 5841
9 5334 3564 1187 3066 5842
9 3715 2466 4490 1321 5843
9 3685 678 5741 2485 5844
9 5563 1838 4414 935 5845
9 4668 3806 1394 2329 5846
9 1690 5306 2474 3875 5847
9 306 305 3734 2244 5848
9 2387 4249 1141 2817 5849
9 3627 281 5653 2048 5850
9 2120 3110 4624 1037 5851
9 2288 3851 5416 617 5852
9 5207 5251 913 3535 5853
9 1618 3438 4647 2620 5854
9 5481 2999 1614 2841 5855
9 4406 4033 1388 4057 5856
9 1481 4684 3742 3932 5857
9 3681 1339 2108 756 5858
9 3431 768 4609 2746 5859
9 1612 3071 5735 5673 5860
9 4590 878 3914 2382 5861
9 1128 4643 3223 4568 5862
9 5775 2644 3295 1244 5863
9 3874 631 3637 2098 5864
9 5526 317 316 3216 5865
9 3415 802 4464 1452 5866
9 4300 3590 1661 3022 5867
9 4510 585 5005 1794 5868
9 5440 1992 3852 685 5869
9 1375 3787 2377 3707 5870
9 4601 1430 2434 1006 5871
9 3119 4904 5372 1172 5872
9 1811 5274 4331 3098 5873
9 5723 4140 2140 3120 5874
9 4772 656 4684 2418 5875
9 3769 1444 4945 2555 5876
9 1850 5061 5465 4383 5877
9 3833 1567 5226 474 5878
9 5185 3864 2844 1533 5879
9 5510 1519 3644 2335 5880
9 4991 4589 818 2621 5881
9 781 5009 3297 3292 5882
9 3482 2711 4438 595 5883
9 1558 4678 3310 4554 5884
9 396 4234 4841 395 5885
9 5669 1377 4930 2513 5886
9 288 287 3396 2332 5887
9 1699 5521 2976 4439 5888
9 2160 5188 4862 2800 5889
9 5384 3984 2638 1125 5890
9 5790 4396 950 3519 5891
9 5520 3519 1493 3968 5892
9 1013 5513 3186 2281 5893
9 5463 989 2971 1954 5894
9 5774 2379 4748 932 5895
9 5076 3036 1737 4056 5896
9 3695 986 5551 2353 5897
9 3255 1609 5505 1324 5898
9 3882 2341 3445 812 5899
9 5469 2604 3693 899 5900
9 896 5204 4177 5410 5901
9 650 3078 4821 4692 5902
9 1748 5331 3886 3453 5903
9 4862 1191 3432 2800 5904
9 2413 4494 892 4286 5905
9 2928 1922 4257 2081 5906
9 1938 4086 5669 2513 5907
9 1751 3795 5829 3177 5908
9 5434 3242 2548 1120 5909
9 5217 4728 1607 2274 5910
9 3217 513 4427 1415 5911
9 3790 2018 5623 267 5912
9 425 3744 5281 424 5913
9 5591 2962 695 2017 5914
9 2717 5259 4167 1447 5915
9 3414 5719 616 2433 5916
9 3418 5764 653 2065 5917
9 924 4473 5382 2346 5918
9 3684 5055 1323 2139 5919
9 1470 3093 4607 2692 5920
9 4860 1995 5798 2038 5921
9 5092 4765 1715 2835 5922
9 5171 227 226 2565 5923
9 4052 549 4766 2674 5924
9 4412 848 3339 1397 5925
9 2641 980 5041 1697 5926
9 2576 1061 3611 1888 5927
9 1871 4156 2669 5403 5928
9 5733 612 4851 1759 5929
9 3774 1900 5734 604 5930
9 4338 2507 5528 475 5931
9 2057 3303 5083 797 5932
9 2878 5045 1638 3190 5933
9 5844 5152 2380 697 5934
9 3425 1288 4079 1460 5935
9 5683 820 2946 1815 5936
9 4218 989 5676 3003 5937
9 5607 1720 4839 851 5938
9 405 4131 5773 404 5939
9 3739 1417 5063 930 5940
9 4284 1636 5527 860 5941
9 4424 3672 1572 2824 5942
9 5721 1954 3948 671 5943
9 3153 4217 824 5792 5944
9 2085 2367 3800 1311 5945
9 5365 1391 3490 2314 5946
9 1988 3808 918 4458 5947
9 2651 4074 5878 720 5948
9 2905 560 4437 1473 5949
9 4783 4943 1944 2624 5950
9 3429 1532 4420 1225 5951
9 5881 1399 4440 2056 5952
9 376 377 3981 2567 5953
9 4163 2086 2452 1574 5954
9 5042 1280 3603 1691 5955
9 4887 3381 2679 1705 5956
9 3626 1760 5139 473 5957
9 1810 4350 4476 968 5958
9 3251 614 5808 1725 5959
9 1030 3687 5592 4664 5960
9 325 324 5656 3598 5961
9 409 5862 4916 408 5962
9 1750 5146 2725 3172 5963
9 4144 2666 1016 2236 5964
9 5796 2234 5405 458 5965
9 1920 3682 3220 5442 5966
9 4919 5311 2049 1139 5967
9 4191 952 3287 1303 5968
9 4653 5567 3842 3328 5969
9 613 5260 4988 2846 5970
9 498 3661 5213 2913 5971
9 3464 450 5165 1789 5972
9 2601 5831 4779 1594 5973
9 1828 3411 4942 2950 5974
9 514 5428 2544 2233 5975
9 2956 1199 3887 975 5976
9 1959 3598 5656 2750 5977
9 1792 3216 5190 3541 5978
9 3305 952 4203 1306 5979
9 1042 4147 2012 4670 5980
9 5563 4172 2391 1838 5981
9 3417 2274 4481 682 5982
9 1719 4012 4603 3082 5983
9 2113 2728 815 4613 5984
9 4899 678 5838 2908 5985
9 2006 2644 4073 972 5986
9 1827 3670 4872 2705 5987
9 3483 1248 2317 634 5988
9 3235 1421 3543 937 5989
9 3780 1648 4735 474 5990
9 3902 579 5473 1526 5991
9 2972 1807 4503 2211 5992
9 5470 2035 4741 2553 5993
9 4502 1801 3234 2131 5994
9 3955 472 2882 1544 5995
9 4977 3055 2489 651 5996
9 3110 2988 728 4624 5997
9 4744 2662 521 2000 5998
9 2575 5553 3805 1050 5999
9 3067 242 5094 2173 6000
9 1504 3917 5014 2763 6001
9 3692 1083 3224 776 6002
9 393 394 4757 2938 6003
9 1641 3824 5464 3876 6004
9 5819 1806 4182 1132 6005
9 4743 761 3283 2404 6006
9 5447 4488 2232 3412 6007
9 4982 876 3293 1481 6008
9 5875 5216 1829 2618 6009
9 4631 4040 1181 2672 6010
9 5833 1175 3508 1671 6011
9 5038 1812 4245 763 6012
9 5511 4236 882 2814 6013
9 5630 1797 2606 1275 6014
9 3874 1435 5832 631 6015
9 4253 699 2926 1824 6016
9 3197 1463 4447 702 6017
9 674 2901 5859 3573 6018
9 5439 4234 397 398 6019
9 1251 5757 5824 3323 6020
9 3395 1670 5116 609 6021
9 5659 1144 4074 1727 6022
9 3385 2009 5500 2691 6023
9 3599 806 5488 2640 6024
9 292 291 5795 2845 6025
9 4517 947 2521 1214 6026
9 5066 4342 907 3778 6027
9 3563 3052 1271 3460 6028
9 5607 4707 2578 1720 6029
9 1665 3481 4345 5015 6030
9 5562 4838 1989 3478 6031
9 4495 3492 1472 2088 6032
9 219 218 5542 3584 6033
9 5027 3176 1299 2957 6034
9 264 263 5724 4164 6035
9 4779 592 3096 1594 6036
9 5417 5155 1713 3111 6037
9 3749 1261 5552 1965 6038
9 4099 1702 5880 487 6039
9 5574 819 3964 1653 6040
9 5181 930 5547 1870 6041
9 5589 232 231 3664 6042
9 3531 1264 2506 734 6043
9 5598 1503 3730 2337 6044
9 5088 3414 1266 3275 6045
9 3244 605 5197 1474 6046
9 5874 633 2090 2996 6047
9 1195 2962 5591 3314 6048
9 2213 4195 5273 4951 6049
9 1508 3771 5335 2975 6050
9 5123 1740 3860 3458 6051
9 2099 5870 5867 2671 6052
9 5762 4700 2724 1528 6053
9 5609 1153 3680 1790 6054
9 2280 5385 5169 1098 6055
9 389 390 5028 2359 6056
9 627 4106 2405 4737 6057
9 3174 2050 4712 2456 6058
9 4224 4054 2237 587 6059
9 428 429 4486 2472 6060
9 5411 2818 667 3340 6061
9 4110 675 5685 1858 6062
9 401 402 5037 2969 6063
9 2577 936 4928 1517 6064
9 1408 3683 4778 2550 6065
9 5214 2281 3186 1186 6066
9 5389 2995 1913 3010 6067
9 5519 3278 803 2551 6068
9 2196 4276 781 3292 6069
9 927 3320 4151 4429 6070
9 380 2614 4274 379 6071
9 5534 3525 1832 2417 6072
9 1801 5803 4435 3234 6073
9 1681 3602 3763 3661 6074
9 4856 2991 977 1944 6075
9 5652 904 4066 2802 6076
9 5481 3245 828 2999 6077
9 3387 1289 5494 2528 6078
9 5178 2461 3362 2381 6079
9 817 5580 4855 3010 6080
9 4792 2163 1092 2079 6081
9 5771 4265 1523 3471 6082
9 2308 3865 1319 5373 6083
9 1660 4130 5722 2348 6084
9 5386 4405 1615 3099 6085
9 3500 1265 5452 2082 6086
9 2583 5604 4941 1000 6087
9 4108 4501 496 4033 6088
9 5118 1276 3488 2594 6089
9 5180 1351 3454 950 6090
9 3048 5279 1854 5048 6091
9 1176 3132 5457 2761 6092
9 2712 1360 4224 587 6093
9 1921 4638 4721 3476 6094
9 4890 668 3139 1414 6095
9 873 3540 2509 3082 6096
9 2714 2055 5546 3300 6097
9 3724 1058 4808 2045 6098
9 3291 872 4646 2339 6099
9 853 4531 3389 4734 6100
9 5165 450 451 2822 6101
9 4166 1759 2889 1997 6102
9 2889 871 3115 1262 6103
9 5075 3116 1328 2526 6104
9 5136 1710 3675 751 6105
9 591 4162 2132 2491 6106
9 2899 1380 3371 825 6107
9 5379 976 2618 1546 6108
9 5020 527 2110 1056 6109
9 4107 2933 1363 2165 6110
9 5741 2947 1933 2485 6111
9 5714 4479 1749 2698 6112
9 354 3184 5270 353 6113
9 2764 1320 4170 641 6114
9 5336 3855 2902 1116 6115
9 3698 4775 1946 1160 6116
9 884 5268 5345 2183 6117
9 5621 4285 1744 2722 6118
9 4654 4625 1694 2940 6119
9 2984 2155 4285 979 6120
9 900 5714 3589 5736 6121
9 3061 739 5454 2432 6122
9 5082 3264 1596 2511 6123
9 5300 564 3433 1487 6124
9 5658 341 342 3149 6125
9 3898 1769 5396 1245 6126
9 4221 4407 882 4236 6127
9 2585 3620 4897 1049 6128
9 2077 4355 5834 5747 6129
9 5701 3781 1336 2636 6130
9 5422 2278 3243 2122 6131
9 2819 3760 464 5850 6132
9 5407 596 3127 3545 6133
9 2470 1223 5371 1039 6134
9 3155 5051 4671 1590 6135
9 2571 2964 5262 2128 6136
9 1652 4252 4614 2177 6137
9 4243 5419 4516 4865 6138
9 5687 2913 1060 2886 6139
9 5837 1765 4009 1304 6140
9 373 3093 5545 372 6141
9 5486 3667 1889 2533 6142
9 2543 4452 5560 785 6143
9 4467 3444 1739 4969 6144
9 3715 1321 3006 687 6145
9 1505 3170 4708 2610 6146
9 1366 3009 3685 2485 6147
9 1705 3976 5822 3250 6148
9 3430 5668 1208 2971 6149
9 5790 3519 2159 1966 6150
9 2835 608 5159 1236 6151
9 5224 2657 1159 1993 6152
9 3029 983 5536 1769 6153
9 4955 4986 1687 5533 6154
9 1418 3568 4509 2730 6155
9 4744 2000 4235 2315 6156
9 4105 4997 1461 3935 6157
9 3511 516 4966 1779 6158
9 4830 2427 1003 4842 6159
9 5162 818 3301 1474 6160
9 1851 2721 4987 2626 6161
9 4133 2240 742 2719 6162
9 4212 1356 3052 5067 6163
9 4651 1027 2718 1499 6164
9 5601 2945 1745 2365 6165
9 4711 1180 2698 534 6166
9 661 2320 3514 1850 6167
9 3729 1089 4998 2476 6168
9 3269 4293 5863 1866 6169
9 3616 2371 5303 2261 6170
9 3521 807 5816 1684 6171
9 2678 378 5554 1116 6172
9 5769 3498 940 3970 6173
9 2276 321 3770 1156 6174
9 5111 1891 2688 2070 6175
9 4611 466 3035 1356 6176
9 4291 1762 2786 3645 6177
9 2898 597 4874 1560 6178
9 5539 438 439 2525 6179
9 3651 1706 5124 507 6180
9 1124 4832 2403 2779 6181
9 1013 2951 3499 2324 6182
9 4847 1462 3775 687 6183
9 5779 1914 3547 539 6184
9 4876 2930 1066 3049 6185
9 1671 4546 4740 5833 6186
9 4816 2700 1044 2077 6187
9 5353 621 3159 1659 6188
9 4873 2531 3394 1173 6189
9 3180 743 5686 1412 6190
9 2699 5492 2331 1082 6191
9 5729 3013 1083 2444 6192
9 5034 1127 3135 1501 6193
9 4945 1444 2879 677 6194
9 5050 250 249 2737 6195
9 5010 2914 1037 2877 6196
9 5488 447 448 2640 6197
9 5477 2932 3765 2659 6198
9 3179 717 5740 1338 6199
9 2323 3378 4025 1392 6200
9 2312 2851 4303 984 6201
9 5144 4925 504 5693 6202
9 3339 2342 5154 2243 6203
9 2983 1496 5380 1134 6204
9 3995 2540 5828 2742 6205
9 3379 529 5105 1673 6206
9 3090 1730 5414 977 6207
9 1775 5811 5258 4541 6208
9 4707 3037 1472 2578 6209
9 3028 1250 5830 670 6210
9 5415 1507 3520 928 6211
9 962 1982 4777 2046 6212
9 3244 2178 5324 2295 6213
9 2419 3810 5317 681 6214
9 2350 1554 5569 946 6215
9 5203 2818 956 2185 6216
9 362 363 5003 2550 6217
9 284 283 4817 2586 6218
9 4699 698 2350 1476 6219
9 905 3756 4399 4072 6220
9 328 327 4701 2490 6221
9 5877 1772 3918 589 6222
9 5786 4027 1978 2529 6223
9 3421 1665 5298 682 6224
9 836 4011 4850 2301 6225
9 256 255 5444 2569 6226
9 2994 1701 5200 549 6227
9 3252 1608 4888 1025 6228
9 5067 738 2812 1560 6229
9 998 2561 4591 2588 6230
9 3054 1577 5678 928 6231
9 3000 1132 5212 2826 6232
9 4894 1056 3197 2583 6233
9 5860 1115 3021 1714 6234
9 1112 2771 5255 3247 6235
9 1906 4000 5649 2651 6236
9 3672 1615 5690 946 6237
9 2536 1108 5573 1674 6238
9 3968 1084 2355 5520 6239
9 4793 1091 2334 1403 6240
9 4827 1502 2650 647 6241
9 4794 2602 1123 2670 6242
9 5634 1188 3154 1583 6243
9 2265 3923 5616 715 6244
9 5662 1173 3145 1680 6245
9 4693 2551 1443 2632 6246
9 3650 1593 5692 1171 6247
9 5661 3304 1836 2622 6248
9 2806 2163 4759 3298 6249
9 5215 2683 3361 2476 6250
9 2697 509 5476 1192 6251
9 5318 3806 1964 5677 6252
9 2865 1786 5478 799 6253
9 5381 1686 3075 1024 6254
9 1822 5606 4996 5764 6255
NPOIN= 5884
0.4998476951563913 -0.01745240643728351 0
0.4996016433099398 -0.01741312082706588 1
0.4988636867345173 -0.01729532509811847 2
0.4976345199898801 -0.01709933703057989 3
0.4959155336578787 -0.01682570840748901 4
0.4937080158666021 -0.01647513071509751 5
0.4910144517009243 -0.01604848025758199 6
0.4878375210842506 -0.01554693078482274 7
0.4841802026394668 -0.01497173317147125 8
0.480046171282414 -0.01432435677744304 9
0.4754394984473395 -0.01360647391376445 10
0.4703644550493626 -0.01281978837767856 11
0.464826407630037 -0.01196626412737008 12
0.4588306200410239 -0.01104801835217582 13
0.452382956182221 -0.01006717071409489 14
0.4454898760226138 -0.009026071313063194 15
0.4381580388200825 -0.007927112733558037 16
0.4303947025369089 -0.006772767020991556 17
0.4222074234317045 -0.005565606442028859 18
0.4136044561381076 -0.00430830246676903 19
0.404594055568996 -0.003003510567748039 20
0.3951851739302245 -0.001654047411492937 21
0.3853871645883951 -0.0002626666561546896 22
0.3752094796732109 0.001167806305536435 23
0.3646621705248951 0.002634495615498491 24
0.3537558883922889 0.004134514944205688 25
0.3425010833330255 0.005664911463274844 26
0.3309089072178896 0.007222830110884749 27
0.318990808730541 0.008805230616907127 28
0.3067584391420399 0.01040921919788669 29
0.2942239473784809 0.01203176336396457 30
0.2813996819864498 0.01366980713784669 31
0.2682982926885094 0.01532035929585571 32
0.2549325274467508 0.01698032688430416 33
0.2413156346706855 0.01864663821873215 34
0.2274610604705511 0.02031608814399818 35
0.2133824524968407 0.021985558000772 36
0.199093755911019 0.02365178391532412 37
0.1846088165878773 0.02531154375307349 38
0.1699421771541608 0.02696142319016944 39
0.1551079827408731 0.02859815486240119 40
0.140120974548106 0.03021824096762114 41
0.1249960935709654 0.0318181702147235 42
0.1097479808502496 0.03339443654832438 43
0.09439167527154557 0.03494340695035388 44
0.07894241586450357 0.03646145491073779 45
0.06341533923066756 0.03794481568596524 46
0.0478257824646926 0.03938975103747488 47
0.03218898197836784 0.04079248447803821 48
0.01652037310587728 0.04214917603908378 49
0.0008354909916504782 0.04345597400832248 50
-0.01485042899966788 0.04470904190766412 51
-0.03052185137460006 0.04590454802177351 52
-0.04616324116324094 0.04703863063988464 53
-0.06175946141499838 0.0481075450154405 54
-0.0772949750656784 0.04910754941939849 55
-0.09275454378372694 0.05003497734777658 56
-0.1081230276516429 0.05088625402812594 57
-0.1233851839747707 0.05165796291838837 58
-0.1385260689656189 0.05234675270308926 59
-0.1535307355207388 0.0529494620378161 60
-0.168384533175033 0.05346312478494038 61
-0.1830727088607738 0.05388492303874723 62
-0.1975809059588299 0.0542122458440234 63
-0.2118947629633967 0.05444276220291024 64
-0.2260002146579724 0.05457435632128706 65
-0.2398833916070169 0.05460515585896128 66
-0.2535305187749893 0.0545336101722434 67
-0.2669283170361432 0.05435840730861705 68
-0.2800635013309136 0.05407857526378217 69
-0.292923181477616 0.05369343897023294 70
-0.3054945627417095 0.05320258506610484 71
-0.3177653440296347 0.0526059688609069 72
-0.3297233191714037 0.05190383736522034 73
-0.3413567770342024 0.05109672627318427 74
-0.3526543010292792 0.05018548646744521 75
-0.3636045694914543 0.04917126053172193 76
-0.3741969559367846 0.0480554732252954 77
-0.3844208298672737 0.04683977927241648 78
-0.3942661556323441 0.04552613382461146 79
-0.4037232745566339 0.04411666863942929 80
-0.4127826837518344 0.04261375823025077 81
-0.4214355376112549 0.04101993860619921 82
-0.4296732282228387 0.03933787994517585 83
-0.4374876051611321 0.03757040043186623 84
-0.4448709863583812 0.03572041643987944 85
-0.4518160088254747 0.03379089991997941 86
-0.458315838794483 0.0317848720666133 87
-0.4643640024426472 0.02970536035709457 88
-0.469954547089678 0.02755533135464936 89
-0.4750819399913181 0.02533775895251452 90
-0.4797411009526343 0.02305547492035555 91
-0.4839274011063482 0.02071123889360519 92
-0.4876367646428475 0.01830764013393463 93
-0.490865473141788 0.01584713411994199 94
-0.4936103544160817 0.01333199583582003 95
-0.4958687207431596 0.01076424868251586 96
-0.4976383670448614 0.008145711453120189 97
-0.4989175355055497 0.005478002716035877 98
-0.4997049789148261 0.002762538920172176 99
-0.5 -1.911211868834527e-39 100
-0.499801569851635 -0.002771152143492506 101
-0.499109374451397 -0.005512443130846593 102
-0.4979240869178462 -0.008223169107323082 103
-0.4962469042682598 -0.01090187095985995 104
-0.494079526760239 -0.01354686975916143 105
-0.4914240946537064 -0.01615627086397843 106
-0.4882832234182685 -0.0187279583058001 107
-0.4846600039127992 -0.02125954777855977 108
-0.4805580665975143 -0.02374845552847199 109
-0.475981394435224 -0.0261919516274697 110
-0.4709345171635379 -0.02858711657607717 111
-0.4654224130553357 -0.03093094303342017 112
-0.4594505076970993 -0.03322026582788728 113
-0.4530246466113422 -0.03545191245785641 114
-0.4461511940197112 -0.03762263135711542 115
-0.4388368740890231 -0.0397291646765859 116
-0.4310889416034696 -0.04176828531132177 117
-0.4229149721711252 -0.04373681056399173 118
-0.4143230128991975 -0.04563163952092595 119
-0.405321573268171 -0.04744980321902499 120
-0.3959194049907897 -0.04918845848681223 121
-0.3861259222971374 -0.05084490061137709 122
-0.3759507035815067 -0.05241666205087075 123
-0.3654037101472235 -0.0539014386056382 124
-0.3544955082674286 -0.05529720556041208 125
-0.3432366682293163 -0.05660216816489496 126
-0.3316384649256172 -0.05781478941098261 127
-0.3197122782950294 -0.0589338205011617 128
-0.3074697936408053 -0.05995831735498253 129
-0.294923201076719 -0.06088760712314677 130
-0.2820847957625118 -0.06172130516694706 131
-0.2689673790646389 -0.06245937806664312 132
-0.2555838568719507 -0.06310205061765468 133
-0.2419475400735737 -0.06364983059027059 134
-0.2280717454924522 -0.06410356570299595 135
-0.2139702938894319 -0.06446432491310262 136
-0.199657111594898 -0.06473349538388422 137
-0.1851463290973522 -0.06491270075159991 138
-0.1704523805046101 -0.06500376938480293 139
-0.1555897048111612 -0.06500880960940116 140
-0.1405731444410544 -0.0649301227398789 141
-0.1254174444514297 -0.06477016181311543 142
-0.1101376531696933 -0.06453156460133014 143
-0.09474882223920833 -0.06421715884780448 144
-0.07926630430479109 -0.06382982705095971 145
-0.06370535481887313 -0.06337261343008897 146
-0.04808133078937232 -0.06284865044553729 147
-0.03240989040018327 -0.06226113531126643 148
-0.01670629207064706 -0.0616132822206777 149
-0.0009861960789469548 -0.0609084083694563 150
0.01473473782030543 -0.06014980095785653 151
0.03044114965228362 -0.05934076242033164 152
0.0461173793133276 -0.05848459995408985 153
0.06174786685907185 -0.05758461250310311 154
0.07731725336183382 -0.0566440425109629 155
0.09281008060725771 -0.05566609068211232 156
0.1082110898269545 -0.05465399120690653 157
0.123504924711103 -0.05361083655178277 158
0.1386764287448963 -0.05253973267213655 159
0.1537108474468948 -0.05144367252260246 160
0.1685931263813504 -0.05032564382209322 161
0.1833084112565776 -0.04918862778152586 162
0.1978424515290379 -0.04803539611676834 163
0.2121805942727778 -0.04686885354140338 164
0.2263088895966634 -0.04569173701311304 165
0.2402132869266949 -0.0445068217382466 166
0.2538800380865184 -0.04331674818019791 167
0.2672955932986019 -0.04212425027913469 168
0.2804466050237654 -0.04093193548550556 169
0.2933202251231048 -0.0397424499713932 170
0.3059037071877257 -0.03855834166935147 171
0.3181846035413739 -0.03738223373699479 172
0.3301506668263822 -0.03621673282546496 173
0.341790151877744 -0.03506432433190662 174
0.3530915108821306 -0.03392764712110001 175
0.3640434991219554 -0.03280916532096213 176
0.3746355698532534 -0.03171146525934098 177
0.3848569775841888 -0.03063705978426461 178
0.3946975767315432 -0.0295884722152049 179
0.4041478223188117 -0.02856819634916984 180
0.413198270575927 -0.02757865773906936 181
0.4218398764502315 -0.02662235890811465 182
0.4300642973828629 -0.02570166561889482 183
0.4378631905357204 -0.02481895963156208 184
0.4452289144824491 -0.0239765479362037 185
0.4521541294089813 -0.02317664777309784 186
0.4586320966140822 -0.02242141786447553 187
0.4646562780467003 -0.021712981428989 188
0.4702207394039302 -0.02105325219024141 189
0.4753201461518647 -0.02044416234206132 190
0.4799490664769499 -0.01988748735664391 191
0.4841031726041265 -0.01938478094053692 192
0.4877783372165415 -0.0189375722950339 193
0.4909708363570922 -0.01854720163224272 194
0.493677649562493 -0.01821481511237625 195
0.4958960575785958 -0.01794149224232003 196
0.4976235462517985 -0.01772802206421847 197
0.4988588041061828 -0.01757505068806652 198
0.4996004221500524 -0.01748308103016499 199
8 8 200
-8 8 201
-8 -8 202
8 -8 203
0.4851240889676695 -0.01511994216024154 204
0.4703946627090652 -0.01282445694270567 205
0.4556597067819882 -0.01056479176655019 206
0.4409194409331374 -0.008339992586764527 207
0.426174088781635 -0.006149161254953107 208
0.4114238569522055 -0.003991427982909032 209
0.3966689390667772 -0.001865960149311017 210
0.3819094895371276 0.0002277919965682037 211
0.3671456837253565 0.002290593342458015 212
0.3523776415573673 0.004322859007426406 213
0.3376054986184815 0.006325105026624551 214
0.3228293698228807 0.008297715119053979 215
0.3080493463581946 0.01024092431543642 216
0.2932655116380479 0.01215493902526544 217
0.2784779451684653 0.01403987777167592 218
0.2636867063102365 0.01589580767743167 219
0.2488918457025999 0.01772262901377137 220
0.2340934007718862 0.019520180675887 221
0.2192913990726401 0.02128820587658726 222
0.2044858619815427 0.02302637376361309 223
0.189676799177246 0.02473424361906949 224
0.1748642077444212 0.02641123205451619 225
0.1600480854757304 0.02805673406554221 226
0.1452284174400889 0.02966998963513931 227
0.1304051814632908 0.03125012016792893 228
0.1155783523559883 0.03279617094896792 229
0.1007478974288398 0.03430704379291993 230
0.08591378380792296 0.03578155956367114 231
0.07107597135934508 0.03721837447716461 232
0.05623441830382191 0.03861601628260386 233
0.04138908527457322 0.03997291657218193 234
0.02653993216298076 0.04128734699724923 235
0.01168692040891129 0.04255742710965139 236
-0.00316998354724732 0.04378112976621732 237
-0.01803080698439163 0.0449562678159393 238
-0.03289556815798005 0.04608049129224695 239
-0.04776427700772318 0.04715122864092272 240
-0.06263692572536284 0.04816575946520345 241
-0.07751349031793479 0.04912113132516951 242
-0.09239392758595458 0.05001415053824672 243
-0.1072781662508611 0.05084137226981538 244
-0.1221661007890964 0.05159914519606399 245
-0.1370575912985074 0.05228344876416816 246
-0.1519524504658956 0.0528899742433193 247
-0.1668504359586233 0.05341406891647931 248
-0.1817512400309682 0.05385064069722777 249
-0.1966544778876548 0.05419411915299496 250
-0.2115596670941696 0.05443846522600788 251
-0.2264662104841479 0.05457700568423305 252
-0.2413733730755404 0.05460235490803028 253
-0.2562802409789004 0.05450634272566527 254
-0.2711856890759788 0.05427977151514603 255
-0.2860883208981824 0.05391231122968973 256
-0.3009863931587732 0.05339214380908719 257
-0.3158777124248578 0.05270567016502466 258
-0.3307595062669792 0.05183706143611077 259
-0.3456281868276078 0.05076756188086182 260
-0.3604790717413727 0.04947459355606459 261
-0.3753059025569188 0.04793045945921986 262
-0.3901000613715228 0.04610012183000971 263
-0.4048493392555416 0.04393838804291823 264
-0.4195355784782461 0.04138422694427676 265
-0.4341303042917762 0.03835196228067372 266
-0.4485852237235519 0.03471351872140861 267
-0.4628093550854245 0.03026206823609541 268
-0.4766020350891637 0.0246248729610189 269
-0.4893939773536715 0.01702128929842933 270
-0.4988277870037265 0.005706962204899533 271
-0.4976968611348363 -0.008639515389044354 272
-0.487469904717482 -0.01933028044651442 273
-0.4746270556279507 -0.02686194192265597 274
-0.4609090652230021 -0.03268207921288867 275
-0.446781314857901 -0.03743187971047933 276
-0.4324216288577074 -0.04143031029444043 277
-0.4179149889610099 -0.04485965627845261 278
-0.4033082520764711 -0.04783520827921421 279
-0.3886299056925808 -0.05043542928171067 280
-0.3738985100080804 -0.05271660721358669 281
-0.359126863609341 -0.05472110568811929 282
-0.3443241365866614 -0.05648179912080929 283
-0.3294971208153701 -0.05802494997672709 284
-0.3146509902886327 -0.05937205407856232 285
-0.2997897572507453 -0.06054105612927813 286
-0.2849165937188038 -0.0615471468935247 287
-0.2700340442385333 -0.06240345103365511 288
-0.2551441703029451 -0.06312136567860858 289
-0.2402486517376405 -0.06371088229446122 290
-0.2253488801423483 -0.06418092890595277 291
-0.2104460039836185 -0.06453946002338252 292
-0.1955409792839772 -0.06479368588328074 293
-0.1806346040248151 -0.06495011020330492 294
-0.1657275445031549 -0.06501464382343834 295
-0.1508203594588866 -0.06499273808126427 296
-0.1359135144353407 -0.06488937190877762 297
-0.121007398841121 -0.06470910769289719 298
-0.1061023375561241 -0.06445618365157574 299
-0.09119859933203464 -0.06413453411200379 300
-0.07629640827896705 -0.0637477513823085 301
-0.06139594665418668 -0.06329921713944521 302
-0.04649736410768111 -0.06279206572044449 303
-0.03160078454184097 -0.06222912433018812 304
-0.001905025086134713 -0.06095099890718023 305
0.01289403947506554 -0.06024128237776473 306
0.02769084797758043 -0.05948598002028736 307
0.04248537034944061 -0.05868713986953156 308
0.05727758150343341 -0.05784658219466875 309
0.07206746301208297 -0.05696597342537264 310
0.08685499959827127 -0.05604682501179641 311
0.1016401838639049 -0.05509057874741045 312
0.1164230076378528 -0.054098509275967 313
0.1312034642211259 -0.05307177083612245 314
0.1459815477704355 -0.05201141497613136 315
0.1607572492479423 -0.05091836482444639 316
0.1755305604818806 -0.04979347848700415 317
0.1903014693824276 -0.0486374639464088 318
0.2050699580013158 -0.04745092604889393 319
0.2198360066755094 -0.0462344105435594 320
0.2345995925544714 -0.04498834897958883 321
0.2493606795620165 -0.04371303948930186 322
0.2641192348059352 -0.04240874398040442 323
0.2788752107309972 -0.04107559641720832 324
0.2936285605447826 -0.03971369431458946 325
0.3083792175907114 -0.03832292154903284 326
0.3231271156799663 -0.03690318961710876 327
0.3378721750919111 -0.03545428515967507 328
0.3526143186683269 -0.0339759912420684 329
0.3673534384662283 -0.03246785943165207 330
0.3820894246469899 -0.03092942088755992 331
0.3968221728556392 -0.0293602594551313 332
0.4115515301761681 -0.02775959200659002 333
0.4262773702102989 -0.02612688293366783 334
0.4409995290757774 -0.02446131425615322 335
0.4557178327111827 -0.02276201163361876 336
0.4704320998178937 -0.02102809933705833 337
0.4851421326883747 -0.01925860659926177 338
7.466666666668147 8 339
6.933333333336295 8 340
6.400000000004441 8 341
5.866666666672588 8 342
5.333333333340736 8 343
4.800000000008884 8 344
4.266666666677033 8 345
3.733333333345181 8 346
3.200000000013328 8 347
2.666666666681474 8 348
2.133333333349619 8 349
1.600000000017766 8 350
1.066666666685911 8 351
0.5333333333540571 8 352
2.203037752224191e-11 8 353
-0.5333333333126102 8 354
-1.066666666647423 8 355
-1.599999999982234 8 356
-2.133333333317049 8 357
-2.666666666651862 8 358
-3.199999999986677 8 359
-3.73333333332149 8 360
-4.266666666656304 8 361
-4.799999999991117 8 362
-5.333333333325932 8 363
-5.866666666660745 8 364
-6.399999999995559 8 365
-6.933333333330372 8 366
-7.466666666665187 8 367
-8 7.466666666668147 368
-8 6.933333333336295 369
-8 6.400000000004441 370
-8 5.866666666672588 371
-8 5.333333333340736 372
-8 4.800000000008884 373
-8 4.266666666677033 374
-8 3.733333333345181 375
-8 3.200000000013328 376
-8 2.666666666681474 377
-8 2.133333333349619 378
-8 1.600000000017766 379
-8 1.066666666685911 380
-8 0.5333333333540571 381
-8 2.203037752224191e-11 382
-8 -0.5333333333126102 383
-8 -1.066666666647423 384
-8 -1.599999999982234 385
-8 -2.133333333317049 386
-8 -2.666666666651862 387
-8 -3.199999999986677 388
-8 -3.73333333332149 389
-8 -4.266666666656304 390
-8 -4.799999999991117 391
-8 -5.333333333325932 392
-8 -5.866666666660745 393
-8 -6.399999999995559 394
-8 -6.933333333330372 395
-8 -7.466666666665187 396
-7.466666666668147 -8 397
-6.933333333336295 -8 398
-6.400000000004441 -8 399
-5.866666666672588 -8 400
-5.333333333340736 -8 401
-4.800000000008884 -8 402
-4.266666666677033 -8 403
-3.733333333345181 -8 404
-3.200000000013328 -8 405
-2.666666666681474 -8 406
-2.133333333349619 -8 407
-1.600000000017766 -8 408
-1.066666666685911 -8 409
-0.5333333333540571 -8 410
-2.203037752224191e-11 -8 411
0.5333333333126102 -8 412
1.066666666647423 -8 413
1.599999999982234 -8 414
2.133333333317049 -8 415
2.666666666651862 -8 416
3.199999999986677 -8 417
3.73333333332149 -8 418
4.266666666656304 -8 419
4.799999999991117 -8 420
5.333333333325932 -8 421
5.866666666660745 -8 422
6.399999999995559 -8 423
6.933333333330372 -8 424
7.466666666665187 -8 425
8 -7.466666666668147 426
8 -6.933333333336295 427
8 -6.400000000004441 428
8 -5.866666666672588 429
8 -5.333333333340736 430
8 -4.800000000008884 431
8 -4.266666666677033 432
8 -3.733333333345181 433
8 -3.200000000013328 434
8 -2.666666666681474 435
8 -2.133333333349619 436
8 -1.600000000017766 437
8 -1.066666666685911 438
8 -0.5333333333540571 439
8 -2.203037752224191e-11 440
8 0.5333333333126102 441
8 1.066666666647423 442
8 1.599999999982234 443
8 2.133333333317049 444
8 2.666666666651862 445
8 3.199999999986677 446
8 3.73333333332149 447
8 4.266666666656304 448
8 4.799999999991117 449
8 5.333333333325932 450
8 5.866666666660745 451
8 6.399999999995559 452
8 6.933333333330372 453
8 7.466666666665187 454
-3.672007060321153 -3.090974146203652 455
0.2204507204797566 -4.002575158794345 456
-3.333668104055494 -0.2306081129846124 457
-2.099939142370319 2.79840776433735 458
0.9878970100998928 3.075281625745192 459
-0.4954793536270268 1.903769469154946 460
-1.648696169249243 0.9750311464784959 461
-1.123941674961177 -2.191218700170273 462
0.7052916655311833 -1.885248613734401 463
0.6933133211824624 1.295913569229465 464
-0.1988382591010503 1.006086388247014 465
-0.3037790692035696 -1.307980589414686 466
-1.27437003669171 -0.7657311562639508 467
0.5591472125571244 -0.9710844413506694 468
-0.8748690614249042 0.6802546930497054 469
4.201838007241337 -0.2124185855029896 470
0.387587776067342 0.6763584758907868 471
1.563526563901798 0.5018929315016619 472
-0.008882738515325065 -0.7261908526819436 473
-0.5841969377355333 -0.6184745926129992 474
-0.06148796044751433 0.5354624213786616 475
3.827643020160872 -3.73507033487791 476
-1.210029557361328 -0.05907508514603858 477
0.4194855533266016 -0.5171895165040061 478
2.423337440822037 -1.126834479467306 479
-0.4672832384207443 0.4489326965670526 480
1.370885085781713 -0.4011360364964739 481
-0.7869832309023329 0.2633926383387504 482
3.548466973825233 2.316421976617587 483
0.2305599174560347 0.355025525630693 484
0.5440166353801906 0.2896763085570922 485
0.1249656594344592 -0.3858033496464839 486
-0.2467579469824158 -0.4216305582603139 487
-0.5241426560168944 -0.3186718352882832 488
0.01849624563410678 0.2775990786159672 489
-0.2352262562363753 0.2996228623520045 490
0.3269768037753849 -0.2818981421010744 491
0.5251148095626953 -0.213349946205343 492
1.052272870372949 0.04569639452874611 493
-0.06268657473663791 -0.2718457473476342 494
-2.581419713562911 -1.547811378297265 495
0.3539863061244322 0.1958639582287777 496
-0.4256493726643955 0.2372193625318809 497
-5.066781117688997 2.240906749069157 498
-0.2352982349680775 -0.2441632407231208 499
0.1879737879028766 0.1952621548817111 500
-0.7733608926983343 -0.0256966942178062 501
2.034975397204415 1.90444054834747 502
3.060986094569355 5.043873606296007 503
1.009312514680759 0.6602916646853847 504
-1.926989017095015 -4.139866901094985 505
-0.735659359840341 5.366681181667082 506
0.1685011729157438 -0.2186923523409998 507
-3.281205150669679 1.517310548977939 508
1.422725653243679 -1.27407683099293 509
2.197621517546752 -2.894890308617974 510
-0.3905138888545503 -0.2085471671143222 511
-4.174186248252982 4.959294810845258 512
0.4964137051302648 0.1333421526098835 513
3.089540743504271 0.8362416115390792 514
-0.5719931696300317 0.1625720521504435 515
-0.518589346570189 -0.1667468494816434 516
-2.25841678596011 -0.3301882040930083 517
-5.498759063614768 -1.380201644461362 518
1.973357133534831 -5.045478551990534 519
-0.1090748234257259 0.1925881189488005 520
0.05023556003773283 -0.1884415826087227 521
-0.6295816743301502 3.559815282887301 522
0.8654349244327246 -0.4891886477589953 523
0.8057984712181393 -0.09488007391730457 524
-0.1710260146699136 -2.24153630693981 525
-4.010005478521224 -5.441056275338354 526
-0.9134947939245063 -0.3407679875243546 527
5.445100650863711 3.962733501583159 528
0.07354944574076087 0.1567608584104392 529
0.3935306217807261 -0.1626904219146599 530
2.387015068465871 -0.1367416522691089 531
0.479591351053534 2.263404165466726 532
5.638791165484288 1.570960221245597 533
0.2680514628712098 -0.1572285304339348 534
4.038308737876287 -1.964279387270789 535
-0.2143129974524234 0.169212246591236 536
-0.3320395322810361 0.1644814469337391 537
1.503006632273235 1.327188110212238 538
2.428794820374986 3.295548211255657 539
0.2743405638181431 0.1241183984228057 540
0.6793576253425256 0.06286574573565479 541
1.123251915886113 4.932851382477732 542
0.2660332260687015 1.133275894385609 543
-0.1436199570036011 -0.1757462741831179 544
-0.7933237998268959 1.305098257688658 545
-0.8378157691001326 -1.079725094736161 546
-0.7817834869206181 -3.357125191058957 547
-0.6819005021105782 -5.912109619045634 548
-1.504229189792293 -1.511015688084217 549
-2.300569160242945 -2.89176117742262 550
-5.104283599024413 0.3848520814875818 551
0.1443077907328281 -1.163520857924425 552
0.8550245336719019 0.3699667332184691 553
-5.758145871012025 -3.543525657583486 554
0.3863439700750481 0.1014374558575482 555
0.5837571723463038 -2.921795954100194 556
-3.973432761972271 -1.440785818196082 557
5.993212882024115 -1.324902293202326 558
-0.02078522906155343 0.1404125523178315 559
0.47434064624038 -0.1174974660599073 560
-1.534209261402758 2.103193024679272 561
-0.0473876109969787 -0.1552664164315097 562
1.119041238146156 1.869900589002878 563
0.06910187165526679 0.8228072635695225 564
-2.707750953017902 0.7064835534313081 565
5.668761373069247 -5.547006679737642 566
-0.6380078277375226 -0.01127710309894917 567
-0.3008376987769513 -0.1609359684186572 568
-3.833927015267737 3.024819859578064 569
0.662262289407226 0.5361754704372695 570
1.447888032403185 -3.910308397600835 571
2.206081912166461 0.9954467749103196 572
-0.3105949687246889 -0.7326081656397134 573
-2.431694616113804 4.688182208152641 574
-1.995895524395065 -0.9759093667795256 575
0.3011181184052812 -0.8024799593997047 576
0.6767323562007431 0.9194231968542234 577
0.1729372650396287 0.5854183821193734 578
0.2819038446419779 1.713277091841681 579
5.533474388355696 -3.074496437532335 580
-0.05953330629764967 -0.4653279361581176 581
0.114283964041319 -0.1402160262787497 582
0.1469018697460274 0.1106119612021973 583
0.6271674108772822 -0.1057084463348674 584
0.7274851018434096 -0.317450288563265 585
-0.4500927179220459 0.1413743421438022 586
-1.789938614871316 0.3310701183075964 587
-1.195807137279977 0.3924532234688115 588
1.609994258474543 -2.202631665179375 589
-0.2991384162181407 0.7193042295053453 590
0.416989364200457 0.4664731375203962 591
-0.7572985426566945 -1.751264630837385 592
-5.931237270055735 3.909704448773863 593
-0.5511572246521557 -0.07718776831284785 594
-0.6923691826589066 -0.170815471007304 595
-0.2193509243257747 -0.1426931382100791 596
0.02184288187205604 -1.743285204325378 597
3.252869870066858 -0.5503133143871243 598
0.1907603088774291 -0.1248058887393077 599
3.841959728374969 3.802753782555406 600
0.5237107009569583 -1.481748026250514 601
1.057077834519139 1.051666643873529 602
4.511051384676965 1.105889029264579 603
4.820015380000692 5.993746968586183 604
1.075917746363241 -0.9808353577199246 605
-0.2352144228926179 2.70465792108194 606
-5.988007359949158 -5.519962208624117 607
-0.08633901741033294 1.433847211214178 608
-1.69489118303691 -0.3991213591684027 609
-0.4333385908192545 -0.1274538664838333 610
-2.355321914014285 -5.876149602014436 611
3.742353485026131 -5.50689746838808 612
-2.359645323853311 1.609382335821811 613
0.2063644631430599 -0.5883882108901016 614
-5.929555161171214 6.062499215281136 615
0.08760635195589414 0.4408874533572227 616
0.3120136620363221 -0.1129794477112219 617
-0.1336619368295817 -1.022477491230199 618
0.6136020276260942 -5.506861359201632 619
1.507496091108286 0.03086557534577479 620
1.614268739214151 2.577615880151987 621
0.5067439054920427 0.06792756948375983 622
-0.2508122206250207 0.4875964083671644 623
0.2693572414757869 -0.4287515929997216 624
2.858451870016521 1.639687645316924 625
-0.561204180882358 0.06665672401720983 626
-2.068090969199949 6.242982261787925 627
-0.1429754800333071 0.1271293477544687 628
2.847588544379884 -2.14028212356883 629
0.4007861541147418 4.118472522514986 630
5.838454683460204 0.1764777586094505 631
-4.867456904964173 -2.569133910049154 632
-1.998039550947216 -2.165801193548238 633
0.4534338144051042 -0.3756785392487661 634
0.3264701178207267 0.07426734131044242 635
0.6554885875886712 -0.6784530883054071 636
-0.7087054083961741 0.11349875993762 637
-3.265381772982083 -4.358814504872225 638
4.850421888146113 2.746994037034889 639
-0.5702896644430899 0.9836568099299606 640
1.239770738787687 0.4023039870580764 641
-0.8710627751034027 -4.29624877127415 642
1.84001293287148 -0.7772184058744396 643
-2.803160318517059 -0.8427036210649786 644
-1.147975292275528 2.839404082620193 645
0.007858626040765171 -0.1300621721441905 646
1.073595952127179 -0.2055238009374295 647
-0.3649280170913512 -0.1206052936836964 648
-6.331330357461534 1.368600332058981 649
-0.9681153077268552 -0.7412235190433246 650
-3.53339381458573 0.6396576087290974 651
0.4105539364018798 -0.09297039693643201 652
0.2036955156452973 0.08685754551088259 653
-0.1182983188818896 0.3196091562985691 654
0.2932095040753006 6.438679471968539 655
1.865032421680016 6.27834957205018 656
-0.3363214670922698 -0.3347707481544632 657
0.1329162388174763 0.3114529898825817 658
-0.5725184796345365 -0.9305253850024936 659
2.648154781079397 -4.126827048592177 660
1.578873939262492 3.947396472954977 661
-0.4277715540508578 -0.5051689501939425 662
1.389125601225127 0.8865375139519168 663
-6.322075423957404 -0.2030522204200945 664
-0.5788541899792469 0.3221976035785179 665
0.612526282754282 -0.4626661179521633 666
-0.07918781159638161 0.1079285238030571 667
-0.5003918770209862 0.09123306343166472 668
-1.672355201110984 3.8231000227384 669
-4.350597977204631 -0.4979066335618445 670
-4.533847244847389 -4.006769195261991 671
-0.2621497732903639 0.1215418283667703 672
0.04185195897461357 0.100094025256645 673
0.4392682381211548 0.0522263926519645 674
-1.504154033816228 -2.926720069453006 675
-0.5738736145988331 0.7302520547523704 676
0.218890738721752 -0.331507990801875 677
2.166710074768487 0.3851268788476758 678
-0.3731604971320974 0.1125232457212418 679
0.3693922306400283 0.3380681609972954 680
-1.150921675600568 1.044511441583223 681
0.07519545177971021 -0.2854503304411095 682
6.139935662012357 3.005946263332324 683
6.469191363963085 5.511031089651563 684
1.769711268763479 -6.567554885646303 685
1.368437529862873 -3.011367708597364 686
0.6065623509155679 0.0188162298020952 687
-0.1167140175902114 -0.1263603699620334 688
-2.985429200540952 2.367258403869578 689
-0.4920596758582103 -0.0893463161042049 690
-0.4036986276000828 1.281857769254423 691
1.807239006998067 -0.326905360462512 692
-3.081595170045144 -2.296944603282176 693
0.8295386932202421 -1.235854191885733 694
0.256083174955184 -0.1045085951815111 695
-4.281237288122907 1.364063365649513 696
-0.0996930841518901 -2.971326056081876 697
2.048862180962618 -1.689610046335417 698
0.2714563047245007 0.2584219742629317 699
-0.5723786148005461 -0.006876935975423217 700
0.4199611890376113 -0.2621197237102618 701
-1.247331056777889 -0.3927804901657446 702
4.805162961121899 -1.155013565459344 703
0.3382833180063209 -2.448943481978333 704
-0.1565184558789493 -0.3330253267726986 705
-6.475879646422857 -2.335710544978535 706
0.0006213002535496726 -0.3681447844318617 707
-0.08700295914303056 0.7427849409986405 708
-6.392558181218006 2.716289880205683 709
-3.592825030493827 6.504484924293533 710
-0.9930305065909519 0.1222407754547557 711
-0.1753405872392531 -0.588325063628974 712
0.4560290476870075 0.2363525392827888 713
0.06525548128495269 -0.1105109491869651 714
0.2838395894516549 2.867705719758981 715
0.09600192395461041 0.08843400299924414 716
0.4410905260496757 0.9172450628977266 717
0.5939425527819913 0.1847936496238744 718
6.478857166087086 -4.265881721849333 719
1.036138065581239 -2.475863195843391 720
-0.004859582187563502 2.051949236386436 721
3.157096749359004 -1.351838246044638 722
-0.727701100809103 -2.663118976761547 723
3.190684461560668 -3.15284089482357 724
1.063514261338629 1.472619117278561 725
0.6866546633417906 1.740871649561516 726
3.420507267538378 6.558080555166154 727
-1.220679270211438 1.594297738022987 728
1.004929839908134 2.498866153745062 729
0.3390882914993995 -6.669002526069288 730
-1.23961304603437 -1.156753524257153 731
2.953518545540826 0.046146432143397 732
0.2641226330244285 0.06886554899471106 733
2.639537711285604 2.35793076294058 734
-0.208120369981673 0.1121699782614506 735
0.06314684214682666 -0.5223659480114669 736
-0.2614198941926267 -0.1171232996711387 737
-0.3623965741833001 -1.7081552121471 738
-0.16584877332055 -0.1179597185012535 739
-2.835879699186058 3.563111992234901 740
0.7158531171576891 0.3003030833957685 741
0.5518376182410373 -0.08396707361898706 742
-2.755215163451137 0.0932129093843666 743
1.137818729721971 -1.650587109849626 744
1.832685607703786 0.8699793412683088 745
5.019766954584054 -4.360542329495455 746
-3.577544492389197 -0.9026739717598335 747
-4.88188361069839 3.405692492030265 748
0.2793278080043091 0.4983993663639676 749
0.0847128669896005 -0.9217455005288966 750
-4.984733789342696 -6.545910799323642 751
3.708901248057768 0.2857903790619992 752
1.656349558049406 3.235911711862344 753
0.5041124414248312 -0.07342532184689135 754
-0.352245234434361 0.3651367678603167 755
0.2409032285800349 -0.2450026962882428 756
-0.03033854880091314 0.4010586758710141 757
-0.7346721255645129 0.4878279036870856 758
0.3687867061427723 0.04632981997756122 759
3.611454469130295 1.364113855273268 760
3.974778179179131 -1.084671816846743 761
-0.4216440673183772 0.09377129929029725 762
-3.36742983485646 -6.599302700616631 763
-2.00185640491737 -1.549098245770538 764
0.4150246972582438 1.440316258887095 765
0.4761300382457927 -0.7078184400146934 766
-0.9012693127443803 6.466732347259569 767
0.02122191111327706 0.2073462939245229 768
0.3597785154857275 -0.07991982868251463 769
-0.006063656536104418 0.09159992960247744 770
4.235350832057206 4.939154920423438 771
0.5843869586337247 -0.3421466179592878 772
-0.9230678683118825 2.2783200408041 773
2.597747151215738 4.33987659282481 774
-1.531195692442039 -5.154847522129211 775
-0.316953024795824 0.1052893251808233 776
6.777685682337218 -2.407427909821898 777
1.438048960474822 -0.8016646779329308 778
-0.06921510663626126 -0.1107450804869782 779
0.6395414180665394 -0.234685137767366 780
6.727782703854257 0.9245516591261157 781
-0.8988206257509332 -0.183923321303504 782
0.141598566236218 -0.1004096489924759 783
-1.82548964941337 1.508898732084201 784
-2.188790191006563 0.7292843839516754 785
4.717121833578011 -6.716901462444735 786
-2.906560481369776 -3.551261984187379 787
-0.3112827928688172 -0.1102897538384735 788
-0.6911374520149979 -0.3650103537105747 789
0.8353942472924929 0.1796519404294356 790
0.5744395094742055 0.4400245087674529 791
0.1101879341868969 0.2188057551388393 792
-3.321818822428392 -1.655611675756671 793
0.6088583447481629 0.7556907569768255 794
2.877155715790402 -6.599961857587848 795
1.574101697650867 1.770956623940185 796
-0.6541465696056966 -1.363472126375594 797
0.3273443279105835 -1.044110400685456 798
0.03666649900477564 1.054351980112023 799
6.535791345532145 -6.623197597131327 800
0.4143198543805501 0.168538719549494 801
-3.98096555241055 2.109807534224498 802
-0.4164033916214516 4.52859868625304 803
1.159887622963663 -0.671519192052158 804
-3.798695170190385 -2.306633811549857 805
6.925726961209177 4.142512497553926 806
-1.546878735240556 -6.65314160786092 807
-1.578670881739611 -0.9837907552762121 808
2.234728262474484 -2.327530498811405 809
1.998695119396093 1.381392529113823 810
-0.3134851528129587 -0.2301568282308954 811
-0.06194428925251846 -4.8479194172038 812
-0.1319618134337325 0.4374044601922171 813
4.502856710088582 -2.916350496127128 814
5.02579505767607 -2.051110251958176 815
-0.9938922369139593 -1.38050922391481 816
-0.06264364705456729 -1.45155077199143 817
0.8511568827921019 -0.9094687503979355 818
0.5165612735969636 0.6027710655828786 819
-6.690692909491691 -4.588884108777271 820
-1.563780125720212 -0.0175774528950661 821
0.3337866861273474 0.1347406163991618 822
6.845464661045259 -0.4665489737894719 823
-3.646498749521564 4.093450567613597 824
0.4575303679849069 -0.06590841997788698 825
3.172200409921459 3.049918785412012 826
0.2574450815803699 0.7549483174736894 827
2.694961206339665 -0.6123094062154812 828
0.8431572610697685 -4.475849345062492 829
0.3223747730847197 -0.1959674067407659 830
0.4908135108472619 1.151839420898388 831
-0.9689454184429824 0.4027835940111121 832
-0.2789018083861045 0.2288704887107489 833
6.039765705974967 6.55138485187797 834
-0.6956661993025076 -2.149375912144317 835
-1.211244082035378 0.7499664206679244 836
-1.593709064347807 0.6058107424404674 837
-0.07397246078747868 3.382736331119941 838
1.933058328911788 0.1143046748611251 839
-1.199518855098224 -1.777985539537345 840
0.8159048505435245 0.7214547015324505 841
0.1285481147534641 5.206702851404616 842
-0.4759439017697041 -0.2473869561164428 843
-2.279152580014676 0.1284026501173104 844
-0.8486706181902071 0.09658721394116934 845
-4.967796086616833 -4.994762998445175 846
-3.131171296301526 5.492638676601195 847
-0.1802103174040667 0.2346404093670123 848
0.278610177383799 0.1883494920160071 849
0.7983499240239967 -3.661899092157377 850
4.184631568313365 1.887295753347699 851
0.03467199843382229 0.6540431175438763 852
-0.01892505834635702 -0.2293382262523764 853
-1.435540721261279 -3.587183172733617 854
-5.317167233002591 1.191910017324471 855
4.804301995621841 0.5116171080803608 856
-0.5987651440070513 -0.2471120291187793 857
-6.591162861997714 -1.245093234480101 858
-6.654210849618305 5.128802931413206 859
-0.8608114946780998 1.714902892210954 860
0.1026658598558334 -0.2061616560443905 861
0.2895428336245357 -0.08410316190682912 862
0.1551265308391848 0.07402531887233724 863
-6.629939314534955 -6.823377056231239 864
-2.114233145181541 2.15035548474747 865
-5.306870491480066 -0.5534822783596023 866
0.2055379644712881 0.1496250807527713 867
0.4573098851483497 -0.1888788779852497 868
0.5440476686844075 3.503650669381181 869
-1.470411767506577 4.649998270573296 870
3.237082255835886 -4.660638596800721 871
0.5014580241474546 -1.214810781638674 872
-0.1586319786874062 -0.2548958187579648 873
0.3596064515132454 -0.3682725025522252 874
1.121419144112842 -2.08631499538055 875
2.079804401561675 5.184350762087997 876
-0.3969704156743871 0.1805992852231376 877
-0.8672600777577092 0.9533938589273809 878
-3.938435054306644 0.04759519670989944 879
0.1534483297518882 -0.7319510039908846 880
-0.5682212912412277 -0.4669818897446968 881
1.513821723580852 -1.828339505150653 882
0.4133253104877481 -1.793808483190874 883
-2.363879950771023 -0.8088793907600331 884
0.4669844978938519 0.3704439660339295 885
0.5712335485129068 0.1086234858946318 886
1.288805017215498 -0.05348424277109996 887
0.2669357208670013 -1.439142870040164 888
-5.209315863788064 4.984510496033724 889
-0.4357353570503789 -0.08735964708843606 890
3.983113388963004 3.016503844209448 891
-1.950480820050972 -0.1070890251401129 892
-4.946612471725006 6.65025479894783 893
-0.04921690322928515 0.2370236319224691 894
-2.499439596892862 -4.79827060955876 895
-0.7344654119627387 -0.7968398999100503 896
-0.3581089655111806 1.625750212764603 897
-0.1721278458612302 0.6210193495584072 898
-0.08601334166625148 -0.2151206198377048 899
0.2125027073646961 -0.1793117721968664 900
-0.7959051876619047 -0.5472121925946385 901
6.721820235047931 2.021159784115321 902
-1.614576736797821 -0.6787944841668827 903
0.202297617501506 -2.103875739113281 904
-1.682522629774709 -1.957665571210387 905
-0.1550986743812249 -3.647740326951893 906
2.177406309021431 2.529858078461301 907
-0.3605938285235397 -0.9278878518421222 908
0.1754548953004144 -0.4785130016769309 909
-0.3396035673154962 0.2349679295961637 910
-0.3865507512107578 2.345420534875266 911
-1.086700646614529 -0.9676252687859739 912
2.573428173563409 0.6262486218173443 913
-0.3919209561815784 -0.08996876503563218 914
-0.02521388115000074 -0.1032737100598864 915
0.8213168770142902 0.5380281707687434 916
1.064733204708998 0.4615667984871474 917
0.1293332758680608 0.1653385277222365 918
-0.3894585628820171 0.5726711791899202 919
-0.1646248164958455 -0.8053868255572749 920
0.1206872947015523 2.511126477929411 921
0.02078101225851401 1.793193697806624 922
0.8964174359229546 0.9302043010116845 923
0.1981837823820428 0.2760845711820733 924
1.894283520034398 -1.232967281836515 925
-0.2522211256009194 -0.330361736865097 926
-2.054028062308876 -0.6175697207468747 927
0.5358791437407311 -0.1519070335144773 928
0.2280559187758691 0.956354612136724 929
-4.371797473935203 0.6639121115418514 930
-6.797876867752287 -3.323224423248592 931
4.941682013437757 -0.5011017607416131 932
-4.752996106413706 -1.181413246456317 933
-2.343422902553066 -1.167706247541319 934
-0.4299216772716017 -0.3995582743569642 935
0.190296594283315 0.4490181309010527 936
-0.3966478982334012 0.9066752817328324 937
-1.940451697026109 -3.415451428107222 938
-0.5254825196410348 -0.04326679664146546 939
-0.6625922772385979 0.2534397289818224 940
6.771019197900967 -5.357470664019804 941
-2.826194212633838 1.21934562641662 942
0.2007609600342472 -0.08648632058602024 943
-0.6106673616898024 -0.1555455587427084 944
-0.5106473827719598 0.2119034576919225 945
2.507443561167321 -1.681981379238723 946
-1.683155090977818 -2.458944210324558 947
0.01365938672664453 -0.2924535688540122 948
0.3470227196575616 -0.6311001312548835 949
0.8753450869606362 -0.2916711204228056 950
-2.710286084288841 -0.4456680026030381 951
-0.2192175362073656 -0.1043891580320269 952
1.261721535657487 0.6335882343711453 953
-2.533611627373123 -2.11480105930406 954
-1.105445450433623 4.181955292769837 955
-0.1121963776206693 0.08666364585587354 956
-0.05439385335016567 0.08268035135519711 957
-6.824417824503731 6.844380925642229 958
0.05250454956102912 0.3411091534814771 959
-0.0875594717418947 -0.36174386279293 960
-0.1590185733871181 0.09411810133756893 961
1.038540560852669 0.2467765698664101 962
1.26429096816192 0.186951451174595 963
0.1385138704469326 1.365062743126227 964
1.075994577890003 3.72553869804374 965
0.4695960639516831 0.02971786044032454 966
0.4099178863188155 0.03315791171974606 967
-0.5393912547070439 0.02950796000594766 968
-1.625495418164132 2.651990513614579 969
-0.2987628733008539 -0.5420403563580386 970
-0.1217424791334128 1.242653920345501 971
0.8224859026212747 1.118168979803787 972
1.802453870490987 -3.538832905866851 973
2.981142272526848 3.667319431857103 974
-0.1938251317664981 -0.1940148893666818 975
-0.3993359009011548 -0.2778981649475682 976
0.5552367546339391 -0.5948941745105703 977
0.5403991713856374 0.01967721415086413 978
-0.5009720329539847 -0.7719555578331364 979
-0.5480887109836147 -6.896555702681728 980
1.463806315472026 0.257462103105201 981
-0.06815336074315355 0.1613644541428739 982
-0.1608468656205441 0.1793228762134658 983
5.041898685689405 5.081382081566383 984
0.6691787344208899 -0.01854858288741895 985
0.8202517434107236 0.03641730318867121 986
-1.701727392912707 3.22021426774739 987
0.9759302115690103 -0.0958651030064599 988
-4.43844496011716 -3.189287520875226 989
-3.195448866447473 0.302789845819572 990
0.4366293372023863 0.09843731776425199 991
0.1030472221681472 -0.09418959544054131 992
-2.075309431016167 1.181194749541806 993
0.290456111558586 0.6143489581594007 994
-0.03264283989375108 -0.5888509433977792 995
0.1536402276138551 -0.2892089366480795 996
0.7798303008638211 2.062496667475433 997
0.5219789049653529 0.1955319856999653 998
2.706387665167396 -5.75907247956709 999
-1.042907768431235 -0.4945097514526096 1000
-0.1292491864361524 -0.4348596350471277 1001
2.250662475171604 -0.6476879593418452 1002
0.1582745600601188 -0.1730801132224216 1003
-0.233012547079504 0.0914377914166785 1004
3.583688878014164 -2.516385381578857 1005
-0.5223925222139666 -1.176240085495318 1006
-1.995966711838401 5.488466963147767 1007
0.2354087400397833 0.05059089965708478 1008
0.2861472569682275 0.04334663476117532 1009
-5.68801982025056 -2.231323016312074 1010
-6.896590202063843 3.732749399568324 1011
1.112886933912862 0.8747497577155769 1012
0.03841180088654415 -0.09829828890903594 1013
0.8372892086200286 -0.727200828553056 1014
1.163842207605663 5.929758306625622 1015
0.07036269569806743 0.07638656413288629 1016
-0.7331235334632091 2.646404894765558 1017
2.763565729703544 1.096934029396577 1018
0.5458944021960268 -0.03393450749320778 1019
0.9985802644564699 4.338050936014267 1020
-0.05443724769146505 0.905534416488916 1021
4.325517426505537 -4.889503955108559 1022
0.3200478770108872 0.4044744811050124 1023
-1.425960588112433 -0.1864328578571313 1024
-0.4589400736924257 0.3562296725944338 1025
-3.80749259999081 -3.958564450748031 1026
-4.68270532239169 4.270355159303981 1027
6.879373981939366 -1.333498740054213 1028
3.472103894987413 4.33929301294293 1029
0.256598914182341 -3.554704611660234 1030
4.924606053766391 1.694134951654726 1031
-0.5938327838712059 0.4918591810020369 1032
1.416537986245739 2.143518898130734 1033
0.03369574082486157 0.1458991774112989 1034
1.122803572092762 -1.266906656833308 1035
-0.2385227161232893 0.3937222396130161 1036
-1.415741750260044 1.309051436737132 1037
-0.1431980607703486 -0.09757293495647322 1038
0.3995414931065556 0.2765419052878353 1039
-0.4475597212877915 0.06770059043402053 1040
-0.2488068770864354 -0.1909514657186874 1041
-3.175821062726535 -5.077790654273485 1042
0.44488624427148 -0.8688118287343096 1043
2.399121425928898 1.334464112903299 1044
0.05879268986886245 0.5410741706909538 1045
1.098572440722948 6.839991569957688 1046
2.561344155385134 0.1812785832715934 1047
4.394156704484174 6.97238762493838 1048
2.739267271688474 -2.678939286976203 1049
0.4928492499590388 -0.2849649622603767 1050
-3.972676325173644 -4.662582029280586 1051
-1.373819589530204 0.1553486834606276 1052
-2.875248237493443 -2.91801359567114 1053
4.765428723828644 3.579118318065713 1054
-0.3443974859341175 -0.4308284214543006 1055
-1.053989315260537 -0.3058364473806531 1056
-1.162141825567738 -2.688637410072363 1057
-4.698869707108674 -1.784553585084502 1058
-5.956549069293668 0.6515957771030875 1059
-4.34786368775049 2.742382384934848 1060
-0.4633557215054588 -0.06834673579545979 1061
0.3369103013856432 0.04211290794182524 1062
-0.6902657177896515 -0.08699945498425048 1063
-0.4768435211437296 0.06096381901383951 1064
-2.729568576826833 2.921564824013246 1065
-0.7510649667261591 -5.143288811140613 1066
0.8149285657831016 -1.524295136275738 1067
-2.65184738142648 -4.209872773340456 1068
0.4322422241158981 -0.1374466792287814 1069
0.3900141487517374 -0.06394814823106762 1070
0.3312875248047358 -0.06578771830403946 1071
-2.239751831201711 3.39266621768502 1072
1.320530562961111 1.086094692355439 1073
1.608061247277176 1.021129204644317 1074
0.9081086053312606 1.301306047449353 1075
7.000720161234505 -3.51449801929205 1076
0.0213543476788563 0.07595898937868718 1077
1.963645228369278 0.5781581797900762 1078
-4.776424662369911 5.807349303212958 1079
3.593547526213631 5.668280753837034 1080
1.476415708916595 -5.655625523927272 1081
-1.085523277885694 3.339261818206786 1082
-0.340359488397031 0.09004572833423116 1083
1.088242941813112 -0.4345110878949778 1084
7.067964619125057 6.382020434459935 1085
-1.749460386129646 -1.32898115673812 1086
-3.787896502150349 -0.4162811549696214 1087
1.957072475422533 -4.391201509976612 1088
-0.2794642581779803 0.08764628047297439 1089
-7.034344891212331 0.4421702002448895 1090
-5.695434967196415 -4.559340559856225 1091
-5.717442621787756 1.913452694739662 1092
3.703234521369062 -0.1779031569673036 1093
-0.3394364339975667 -0.08859957635218467 1094
1.579078786656565 -0.5091492838627008 1095
-2.728350641075449 6.951022537857894 1096
-0.002512167919957853 -0.1748585269282951 1097
0.4624232072096819 1.968643331062216 1098
0.01966365848406957 -2.609781963223405 1099
-0.09415132996269461 3.900456570395923 1100
0.046763196748332 -0.4465513751060961 1101
-3.064889698201744 0.8799268506553781 1102
-0.2177105798915952 0.8542622730704862 1103
-2.99038987485898 -1.359651370544568 1104
-0.3874878369402062 0.08282726428434656 1105
-0.306738693882276 0.2900618070739467 1106
0.1232035245834934 0.06118292473250846 1107
0.1849238660167125 0.05600938281924207 1108
0.04994329806897963 0.255265432894366 1109
0.3643106863257575 -0.1207800973414595 1110
-0.6946883004727208 -3.82233093248057 1111
0.1596984409853364 0.3768553559252684 1112
0.4923460212088224 -0.4467552672158171 1113
-6.999008000516977 -5.320467199922614 1114
0.6249647038978909 2.605528005246446 1115
-7.153355079116174 2.071813534172985 1116
-0.178401342862657 -1.902626716882995 1117
3.604220356815441 0.8448973820682443 1118
-0.4622302277946904 -0.1726651492561692 1119
0.1097814435052662 0.1288295304094827 1120
0.07628970491180698 -0.1519023028731339 1121
2.580020580926967 -3.374368542231106 1122
0.7552253255845316 -0.5502059664961217 1123
-0.3069622751787082 5.900164541710262 1124
-0.3499264045698021 -0.164826556659493 1125
0.6882327411640918 0.4197901866523892 1126
-3.201250829273573 4.651624519416056 1127
1.727910866020633 -2.637450100664589 1128
5.840916725045467 -2.098569872228448 1129
4.223101741190974 0.5207353631237494 1130
5.619506687697712 -6.980949330549961 1131
2.762628893658742 5.946300397463613 1132
-0.6852062712075901 0.3583960346868797 1133
0.2877719532165748 -0.3344807261819999 1134
1.687576947655497 0.2629393019760643 1135
4.70319425845751 -5.637486415080756 1136
-0.529097852360061 -0.007950382073796516 1137
-5.501995369940285 2.826516544022466 1138
-0.921534259397061 -0.03797722174256345 1139
1.53107541286452 -0.2405937201385314 1140
5.479696726444017 0.8571599408667122 1141
5.509021128766366 3.312870843919479 1142
-0.548957034535934 3.078273076772883 1143
0.7434246295291747 -2.333656587237838 1144
-0.09503424176484354 -0.09793968780817376 1145
-2.881491087414703 1.676047544232778 1146
0.3404100310451464 -0.5333000089762889 1147
-1.401418128468499 5.802177492132599 1148
-0.505297378333415 0.5519871768770527 1149
-3.770202344881596 1.201730168362549 1150
0.3003095742677613 0.3262743963326311 1151
0.8154262523101126 1.507159834209754 1152
-0.2687783742564353 0.1809913252847238 1153
3.519234309122472 -1.895390003297538 1154
0.1686017517254098 -0.0811539696141763 1155
0.2335601621249477 -0.07230452948400734 1156
-1.468590579974359 -5.868211102505875 1157
0.3819635857351896 -0.2201947009850453 1158
1.838230196306412 2.216692964863828 1159
0.3779657240401831 0.5613881929219759 1160
0.2808937880739362 -0.1307457728200936 1161
0.3111674270421924 -0.154926403013491 1162
0.372930388304698 0.8042693027788621 1163
-0.1045934833332084 0.2535881597961573 1164
2.488402792549509 1.921587149476918 1165
5.542111641073288 2.417813105639757 1166
-0.08270198953243274 0.08363065045431675 1167
-1.167873128263791 1.871708553411018 1168
-5.913591753291283 6.956108469626069 1169
2.656438667123183 7.019841815680515 1170
-0.09567690455206455 -0.167919979684535 1171
0.7468129775475965 -0.2061969802306653 1172
-1.678574573461497 7.022169560440536 1173
1.346741272899878 1.547523830666367 1174
0.2015515378428386 -0.3998945976371173 1175
-0.9024116737760904 -0.9088618621375809 1176
0.4359256227861694 0.02439446065759088 1177
0.7219192984469801 0.1811433983788963 1178
1.172845928527437 2.744114748614865 1179
0.2341951091232428 -0.1463726712763598 1180
-0.6382487394709632 0.05607859768161241 1181
-0.7892836834119512 -0.1275907592004493 1182
1.888898354432719 2.828064946915342 1183
0.6255993073604829 0.3639432841208147 1184
0.4983467713553089 0.01472159530305948 1185
0.009125936297646462 -0.09490732855668199 1186
0.2327963753022333 0.1951973236297995 1187
-0.2079257586332983 7.125154067499886 1188
-0.03027857368794189 0.1886637668763847 1189
0.1438945931313095 0.6918162460031632 1190
0.6246718212961317 0.2594625571139195 1191
1.342012308814959 -1.066751170221719 1192
-0.7390686943761721 0.7877609772742755 1193
-2.47074375054617 -6.641414272768857 1194
0.2560116227885915 -0.06940094903850429 1195
3.869586176015387 -7.123547055011843 1196
0.4195063133288741 -0.05752295794307876 1197
-2.867550008847739 -1.850434044496801 1198
-0.1762566718536217 -0.1614437649468594 1199
-0.01757161410369111 -5.581580699292432 1200
0.3328270828208006 0.2582669369091303 1201
-0.3818416063487106 1.086949801747195 1202
0.6393204233515174 1.500174521126169 1203
-1.061774656964561 1.32644269993008 1204
2.820587183598254 -1.012938241705882 1205
0.1738304375771245 0.1513454910326717 1206
0.481013822981978 -2.091902232359183 1207
-5.185737706945963 -3.272831875223585 1208
-2.418576732833148 1.01380272093291 1209
-0.7039288436472613 0.01907618122999542 1210
-0.9338181164663066 -1.962092754948282 1211
1.002173718310344 -3.186451960893533 1212
0.06207602579670137 -0.23410261229095 1213
-1.898438401756056 -2.564021479361423 1214
-3.222603778120899 -0.5887801407803891 1215
0.3047378440949592 -1.242837245334528 1216
7.051397448776498 3.276965656213873 1217
4.577432184047025 -3.750884524554765 1218
-0.330209821682146 -2.624921223167852 1219
-5.868191099201983 -7.065353721700715 1220
-0.2866325016637056 -1.102330928849418 1221
2.02176177160638 3.734973730056112 1222
0.4375372783432502 0.2983506942029682 1223
0.2401908810450643 0.09837642249470581 1224
-0.5466570085589587 1.473477355006144 1225
3.08317044411421 1.289443512990666 1226
-0.3870951987699284 -0.1522871978929557 1227
-4.088254092700694 -7.004792109085035 1228
0.3821865267673147 -0.30655165504694 1229
0.5736189535242922 -0.8177219098790989 1230
1.642776289098876 -1.039696686580455 1231
5.710784668196463 -0.5571440283430985 1232
-0.5018270509668246 0.1411443209247979 1233
-0.5475684211584292 -1.90367519435885 1234
-0.3002071162665481 -4.192341136543108 1235
0.07100044976758968 1.563988251436547 1236
2.640445807882679 -0.2031087733186797 1237
-0.4392993219196303 0.7031123319099711 1238
1.606315746405034 0.7400930002510049 1239
0.1152116827983983 -0.631279766943827 1240
-0.3647906172883727 0.467298124357291 1241
3.83845961044331 -3.122280884144043 1242
-0.4345879440102919 -0.6509519297906159 1243
1.117653169569923 1.26165418025938 1244
-0.1055300780013649 0.1474990370226489 1245
-0.1897180384268398 0.08232874271102943 1246
-0.5692680641310344 0.2426111922018462 1247
0.4307298451813037 -0.4266567822819841 1248
1.473139531887498 -4.834015706163779 1249
-4.193206340296655 -0.9014087587290883 1250
0.7600609520084587 -1.061702170775766 1251
-0.05820003298867995 0.2995285355071582 1252
-5.992097899401248 -0.8242339481181938 1253
-1.396214503510331 -0.5797950948647473 1254
3.285996491384002 1.769369704408233 1255
0.6748385590032943 -2.636410202918164 1256
-2.241754095566654 -1.846364593002671 1257
4.496782749800827 -0.7311323581851352 1258
4.374524203889002 4.244505089705759 1259
0.3761460960125406 0.1409000672679701 1260
-0.03323625176490108 -0.8583972642487031 1261
2.690376798578483 -4.697344025719367 1262
0.07430993029198858 0.1197710327456088 1263
2.481214825547936 2.763619516974281 1264
0.2468750754043512 -0.9625087800051289 1265
0.007471312766413112 0.4708033378259238 1266
-0.9247304986805499 0.2228914679866723 1267
3.231273287850676 -3.738606503935368 1268
0.2923189019850838 0.09536193386564716 1269
0.4077839835466532 0.07130758779141293 1270
-0.4232116654533222 -1.45788762191692 1271
5.678870326243389 -3.811685203805002 1272
0.01696223723507349 -1.056834163185452 1273
0.6588213226946816 -1.701518834425691 1274
-4.852796308112208 -5.859349296080821 1275
-7.095531194733742 -0.5430570286156389 1276
-0.1949696886006881 -0.5137745079296892 1277
0.7274661505943809 4.677120046609154 1278
-4.198098608571797 3.658495484466373 1279
-4.535259695034557 0.03658815164337486 1280
0.9238447195624666 -6.107238100795064 1281
-0.06937817015704441 0.6365878029654557 1282
-3.093011946003536 -6.112725371391202 1283
-7.099267358020349 5.829818724037376 1284
0.2620475878907206 -0.6942955242075052 1285
0.2427701662428921 1.96282351662312 1286
-3.375386135215 2.098999438106925 1287
0.5528821100446807 1.028695777040835 1288
0.05594586848750258 0.2055627472791942 1289
-1.423828027065711 -4.590556333718159 1290
-1.127910854690843 -0.708911646372324 1291
-4.11509345853669 -2.694236046521592 1292
-2.421460536963557 2.019767519081329 1293
6.031262926923915 4.655536220260172 1294
1.121582194025259 -7.190263671904114 1295
4.350115710314814 -1.534454166618145 1296
1.712967753098541 1.51630556924286 1297
7.085294260989819 4.907950744076437 1298
-1.063432347912557 -0.1366888583480667 1299
0.4744044291037298 0.08007357561237588 1300
-0.7783593925052406 -0.2744658492120211 1301
2.178819979628392 -7.250019034197114 1302
-0.1920919397560601 -0.0941201586447218 1303
-0.4736962020687722 -0.1313612302523327 1304
-0.2823528290230335 -0.09270177278895364 1305
-0.2437054169865179 -0.09344972688237849 1306
0.2779499089856138 -0.2061036081618544 1307
-1.096467730961506 -3.085340573733326 1308
3.468545316046405 -0.9811610665307731 1309
-0.6264458028944826 -0.07990017967635946 1310
5.770389559829928 -4.834652750563174 1311
-0.8262394980783334 0.3701484898470981 1312
1.393998337317452 -2.583438350983373 1313
-0.736491540700748 2.025162520665583 1314
3.238603798211257 0.3857895903554088 1315
0.4682872708240119 0.1818533488156082 1316
-0.1148001953781763 -0.2944828798153108 1317
-0.1849921670063936 0.3321699173414689 1318
-0.1807644156691233 0.1422133633050321 1319
1.384509643887133 0.4700618261524085 1320
0.6102167039895229 -0.03705831994833331 1321
-1.256475590369097 -1.428724726271074 1322
-0.1450006012246012 -0.7214558092630483 1323
1.706395859698008 4.524655487170028 1324
-1.855383795101813 0.5862672064139687 1325
-2.178023319883859 0.4163863419083174 1326
-0.4986053074233121 0.2824982779712201 1327
-2.15692077447758 4.037227893563998 1328
-0.5923560181948757 1.184055133114709 1329
-0.5301263807933134 -2.975715314104575 1330
0.5527258688863882 0.0629816533665572 1331
-1.533021340902844 -1.222610612278432 1332
-0.4931733328181013 -0.04449058817834625 1333
2.951865115141366 1.993833271802967 1334
-2.489382802369182 -3.329433657344748 1335
0.3556350104408658 0.1045658375497939 1336
-1.762364070975903 -1.599468485367678 1337
0.5318116127904039 0.8870086757484575 1338
0.2006739826404479 -0.2625905101264707 1339
0.7275576217938224 -0.4311559176799472 1340
1.925911699966231 1.106375519661273 1341
5.55633912749372 5.763964411929139 1342
0.5166828793732725 -0.1095294604738172 1343
0.3141513015501762 -2.747098757275409 1344
1.023345102221718 -2.90796570617991 1345
-0.9005954644945556 -2.395181057840974 1346
-1.303184076927117 2.434497898470157 1347
-4.04888381426161 -6.305538925204166 1348
0.9565454212387063 1.688992811710687 1349
-1.342246419650951 -1.000045104915853 1350
0.8372682874546421 -0.3642058050922553 1351
-0.6538361155542393 0.5828142271555513 1352
-0.04259849874779791 0.1198308914900489 1353
-0.2011112245469552 -0.2901510672985704 1354
-7.196966755358897 -1.737765263278298 1355
-0.2612778539533228 -1.463628307558294 1356
-0.1475499853026667 -0.1482912875176538 1357
0.04309020254127435 -0.1373065893769871 1358
-1.082141652789612 0.5909973012051569 1359
-1.586087908634318 0.267544143521213 1360
-1.824436000710282 1.891147646552184 1361
-6.056291594691235 -2.914587758851778 1362
-0.3820046665618552 0.2964788757590371 1363
0.4766084227697783 0.7644599113486403 1364
-2.925162526149421 6.176702919212479 1365
2.188313107512772 0.7062729572538634 1366
-2.642924944873138 -2.543808933864599 1367
0.906326735484255 0.1008907072420168 1368
0.06982440372715341 -0.3491915365004736 1369
0.1262520262291403 -0.246361722710611 1370
-0.1060403863898682 -0.5387576377804507 1371
0.2609623357437574 0.04247207198796438 1372
-0.5468907578941125 -0.2265313850690575 1373
-1.400040176173925 0.8645422221088306 1374
-3.932382560060764 5.70490088073932 1375
5.394154177477976 -1.636386664712673 1376
0.06381804893117973 -0.08364714966825754 1377
2.143704377317664 -0.9361954003217214 1378
0.1864884471914121 0.1137909741353524 1379
0.4786718412730592 -0.05159221447635397 1380
6.729872983021829 7.172686096298868 1381
0.1350807657630931 0.504268576845903 1382
0.02177809571761298 1.210363546530066 1383
-1.100706669940173 0.2564363487234412 1384
-7.121015954553521 2.772899930107308 1385
-0.1514272482929956 0.5297007820971951 1386
-2.49524079123848 -0.1277138631997202 1387
0.4041255379844627 0.2134687190755662 1388
-0.5999902482378608 -0.3223295293137762 1389
1.68348523358234 -1.517271597511143 1390
-0.2933237139489328 0.1385122433285659 1391
6.029847977364761 3.652555008018705 1392
1.362632959351397 -3.462142762677117 1393
-3.419149249408595 2.495369713662863 1394
0.09623247942950132 0.06212114806070406 1395
-1.009334657901299 0.8070717927508698 1396
-0.2172220026528771 0.220117898205341 1397
2.145507063841004 -5.754906925704514 1398
-1.034456836910251 -1.182214387307052 1399
-0.6117242945510526 0.1162298343712449 1400
0.3772920384401526 0.03025259507826831 1401
-0.3381755054206454 0.1273067934973507 1402
-5.244964143348782 -4.173331738304987 1403
5.225233976729721 7.080807557058854 1404
0.5723237940770014 -0.2002746194137105 1405
-0.2828695714920466 -0.2789968001136755 1406
-0.2816379646400864 0.6033767699754298 1407
-4.164649317421516 7.208835339523747 1408
-0.02535581139830892 -0.1348714900012639 1409
-4.44148687635653 1.925552096086055 1410
3.637682456290729 -1.444149683249765 1411
-2.574103018018769 0.321831556005763 1412
0.5706157707536159 -0.2707840375817822 1413
-0.532171729650956 0.1101636610981893 1414
0.5144266702464815 0.1012261020516227 1415
0.1261069676926889 -0.07783820714291979 1416
-4.818072763357848 1.06035666770147 1417
-2.542961793049998 2.557682968331014 1418
2.2361547551615 0.0701369112769944 1419
-0.4456216735855456 0.193089927940816 1420
-0.5314321333957109 0.848193212636712 1421
0.1536115343000183 0.2418264528040912 1422
1.908453396662963 -2.098933106505922 1423
-1.529808367333082 1.728398052867691 1424
0.3375800121963993 -4.528126767329104 1425
6.257453883909298 -3.152028141691406 1426
0.3391479520330071 1.23533833460295 1427
7.225206709234504 0.2185101245814262 1428
3.361744381011872 -0.1463186367767102 1429
-0.4645454868596937 -1.055008628044497 1430
-0.4079279630090074 0.1292353099406553 1431
1.750243392943678 -0.05246642271222498 1432
0.1553717118413571 -0.1294123874855592 1433
0.0108906285511708 0.1188140968426795 1434
6.352473241930285 0.1827242602770008 1435
-0.02367165178829932 0.07077281433982763 1436
7.204896579418012 -4.733502218576681 1437
0.6950773120011247 -4.175903446749087 1438
0.4393731590557003 -0.6097857233924293 1439
1.017830384007889 2.166682887225476 1440
-2.222245056806395 -3.756345446177376 1441
-0.258212601736183 -0.1510385699604083 1442
-0.9290127861194414 4.690001863851839 1443
0.1710598255339338 -0.3475740777942842 1444
-0.3214486062011815 -0.1338447298869716 1445
-2.975782677379805 -0.2165042856530951 1446
-3.521795788164068 -2.587459872439645 1447
-0.03823130621856323 -0.3216727659045557 1448
-0.05316064838120124 -0.08901357896567966 1449
-3.497301309439609 3.581588591829914 1450
-0.5292930484496432 -0.1140656594866638 1451
-3.718617480056666 1.71708233745597 1452
6.984405549176875 -7.076044399232303 1453
-0.6822486903943167 -0.4826069583058725 1454
-1.959856964098944 -0.3739911975011122 1455
1.016008491492407 -0.7999052297933262 1456
-0.2352662173052065 1.903768189745249 1457
-0.1270228206799627 -0.2175261151613388 1458
-6.098439007123964 -1.761862148355514 1459
0.6443054882512711 1.124237161762987 1460
0.5312615104246589 0.3689148105804343 1461
0.6154138729291881 0.08023780236176357 1462
-1.253212048761358 -0.2630918084200466 1463
0.1295343662201386 0.971946495844401 1464
-0.7211273151045356 -0.9667013621602549 1465
4.006273877979034 -0.5495707063363825 1466
-1.93432217441395 -4.737653617854558 1467
0.5172845388460954 1.303632330301104 1468
0.3999512766907785 1.073357975410222 1469
-7.100367451217623 4.348592072252933 1470
0.2481928781795453 -1.644924973310497 1471
4.041692868113929 2.420644297680669 1472
0.4459321852329124 -0.1033434177034206 1473
0.9263712493609912 -1.026731484639139 1474
5.093642800828319 1.113549433797566 1475
2.193852739155821 -1.464360235030808 1476
1.847111992232079 7.12527172254567 1477
1.123540045513236 -0.08256867925793915 1478
1.244686984762234 3.291742228687116 1479
0.01511836504793299 2.971881234397332 1480
1.846358970595955 5.576470361571621 1481
-0.09983077961419742 0.3856802744510608 1482
-0.04949933202474331 0.4520897099823463 1483
-3.322401919784433 -2.008366216619979 1484
-1.93125118651286 -2.959501673855124 1485
0.3896891121395821 0.3984187454862721 1486
0.01966680748745772 0.7624312196551244 1487
0.6876578210224795 -1.370541907601311 1488
-5.537105836824852 0.0499066381557896 1489
0.2279956080096218 0.3045985755367816 1490
0.1882561568414612 0.3214673372143838 1491
4.149019734565811 -2.466289454730023 1492
0.9519446910176809 -0.3507840960378101 1493
0.7334341564911783 -0.8171203838489375 1494
0.2525835084313557 -0.5093770345864078 1495
0.2825906109815068 -0.2907865538718297 1496
0.9170732750360827 2.812021992527923 1497
-1.123848118108078 -4.106140806449129 1498
-5.150114518426455 4.012148983155463 1499
2.01846841556188 -0.5568480626310955 1500
-3.197360450192385 4.146512745201789 1501
1.204793811094675 -0.2498863872344118 1502
0.9964765046466675 -0.612489755482871 1503
2.157901125387174 -3.83839775002558 1504
0.7000881242549643 0.79632354655549 1505
1.36926192346288 -0.6065012317814303 1506
0.4956121194377808 -0.1589773921433879 1507
1.217675674747984 -0.8643093447427118 1508
-5.699140386536802 -6.350479215084411 1509
-0.2368906845299097 0.1333532843871854 1510
7.158244384196988 -6.044215720692785 1511
-0.6875760501791031 -0.274801684181374 1512
0.2178296728392358 0.2251436356473563 1513
-0.5153836972982303 -0.393609356249394 1514
0.6905910329578533 0.6479937711382725 1515
6.114264924400275 1.131119812166591 1516
0.2474368655530341 0.429747798752459 1517
-1.325433810865197 0.5738458757726527 1518
-4.385921826632902 -2.29985560215982 1519
-6.148318609605426 4.776139029889623 1520
-1.812318517055532 -0.7899602856523494 1521
0.5074676428232096 -0.04879383015957028 1522
-0.5995342024151428 0.03655553946531682 1523
0.4706276947246217 -0.2284893099845372 1524
-0.1681628666740272 -6.286757178467786 1525
0.4574409406900998 1.665620995809859 1526
-7.265747674883382 -2.652870701218298 1527
3.554280624575991 3.441508287541489 1528
2.2191929040598 1.628284535321952 1529
0.2970860380489639 0.161781049229273 1530
3.628479332959424 -6.331048425959414 1531
-0.5493427921356229 1.661370005986851 1532
-0.8607065582212489 -1.301059537474445 1533
0.5085292497094258 0.4981512984381712 1534
0.4611786902957533 5.758301310079688 1535
0.7076779798446835 2.3220198090691 1536
0.0734079045354321 0.3052911778701295 1537
2.015897087098421 -0.1603501571192334 1538
-0.8819035306954277 0.507699517817885 1539
-6.026553400398812 3.332176265941636 1540
-2.724672355196675 -7.138336871944748 1541
0.2258241990252494 -3.155835545725701 1542
-0.9851437693107543 -1.642662797369105 1543
1.44648027387632 0.6318447154908132 1544
7.196910082266117 1.41253545968641 1545
-0.3616355852949746 -0.2542913114952995 1546
7.150737942262317 2.558108245276238 1547
0.004021580241595907 -0.5225323624508177 1548
-0.4578907726533716 0.1090306406633251 1549
-0.1518863423134839 0.2910742950448238 1550
2.88701760214122 0.4308019758902163 1551
5.189916261130424 -5.141652630564333 1552
0.9138789400055295 0.2433746346281544 1553
2.274569045177078 -1.874333553295124 1554
-0.001878082990620344 0.3385815195971439 1555
-2.666446305117907 -1.142307160547289 1556
0.3513119399121979 -0.1646815102137244 1557
0.5199983777021967 -0.3441669434232526 1558
-0.2737037018774863 0.3438909525467415 1559
-0.1498104106905981 -1.698166010770631 1560
-2.081007076697934 -1.217565296681796 1561
-3.571735304868549 0.07630464652950934 1562
0.2230641387873235 3.651395073140714 1563
2.520556415941719 3.821752248419591 1564
-3.674749941978013 -1.367192957569082 1565
-0.7164163934063099 1.086613889492208 1566
-0.525234081777245 -0.5521355322835909 1567
-0.4040683419609695 -0.07388365122134041 1568
-0.1904887080971714 0.7200138160746927 1569
-7.102309469605948 1.265517392228251 1570
0.3373852796177365 -0.4339508444543932 1571
2.995122641771584 -1.770932490985475 1572
-0.9421114509479376 1.196881744492468 1573
-0.2646023287742206 1.411084965865878 1574
-0.7255710955759385 -0.6526828068475314 1575
0.407016736517534 0.1378446218188306 1576
0.5801516631962508 -0.1290284320817097 1577
0.2004548906370313 0.5184596257309522 1578
0.3089335023733485 -0.06320726119764408 1579
0.4015223494536947 -0.1283719491057354 1580
0.485528704327751 -1.100157077000381 1581
5.842081158242906 -6.187771840681785 1582
0.4307308674986144 7.085268085001279 1583
0.3614409438184066 0.4686395655535003 1584
-0.291080634904703 -0.3829242393169959 1585
0.9641338276237419 -1.878654121232724 1586
0.62401907380419 3.104679806674074 1587
4.099653545185897 6.210865260077593 1588
-5.187258898887065 -1.854824217112265 1589
0.2067236547580591 2.254374594627516 1590
0.2193874186676526 -0.1122140361598429 1591
-1.170050594931079 0.1181400403753119 1592
-0.08507919833391892 -0.1386494459733553 1593
-0.5893903544970782 -1.69083444126422 1594
-0.4512136053066111 -0.3366249851542896 1595
-2.233208684199726 -2.344898885570546 1596
-3.142386007998653 -0.9869000851869936 1597
-0.4152523417800565 0.06929255958644998 1598
0.1301406573449397 0.09464319219666048 1599
-2.381690535243228 0.5069937394268064 1600
0.3598938582933928 -0.06050688704095486 1601
-0.2971700077678316 -0.2005738723877287 1602
3.192895411860077 2.535688326514389 1603
0.1106228168898605 -1.308549282025546 1604
-3.425639473023549 -3.380846948858867 1605
-2.940150593420265 0.4842871444839548 1606
0.01413845099566626 -0.2325094754115956 1607
-0.5052062360817644 0.3929006039655711 1608
1.972729761376153 4.126849456165456 1609
-0.8293090014983296 -1.550006445815665 1610
6.431986787869937 -1.7700298498695 1611
1.341468596377966 -1.605614177444548 1612
0.3464377570117845 -0.7238696855960445 1613
2.398586785874932 -0.8775516672734011 1614
2.718454817389921 -1.436392246590609 1615
-1.441971024513063 -0.8100137655852323 1616
-0.5671824621940236 4.024542550350053 1617
-0.1369607831485328 0.07820400514913244 1618
-3.725624809660181 -1.810108952716643 1619
3.62376670865917 5.034580267206948 1620
-0.3103694384114193 0.0814995048619605 1621
0.7850224775128436 0.3887708612091517 1622
4.554430763752943 2.138704005356735 1623
3.738131709251655 7.245994956837137 1624
-1.472359118706107 -0.410805071130725 1625
0.2504900358631476 0.1503514817466245 1626
-0.6232850967644911 0.1673901679735495 1627
-2.17953449061641 -7.167967466983253 1628
-1.713369791252193 1.239144906015594 1629
-7.188604065092794 -6.245644988543593 1630
0.7081577116256105 -0.1009196400554153 1631
-2.071248227673733 0.1398856134333081 1632
-2.20892978217775 -0.05881211860784358 1633
0.6770406494285841 -0.1608980839499859 1634
-7.187097284928731 -4.012013298840517 1635
-0.9030619300309594 1.520821930281294 1636
-0.0463300431104994 -0.192350646312363 1637
0.1086905251081146 -0.449277323154105 1638
-0.7503833978819694 0.1938651359810027 1639
0.9756737883439124 -1.413398891717197 1640
4.007310908481229 1.112085539136646 1641
-0.3660919073912279 -0.07797277203965503 1642
-7.077990697472374 -7.14242351785045 1643
0.07217809297447822 4.439051655330295 1644
-0.3566418236107805 0.151213980024242 1645
-0.6335749727861492 2.274910459408222 1646
-0.2721855576165855 -0.6390016420832735 1647
-0.6199754206317862 -0.7216630111677745 1648
-0.5967769271084331 -0.04852006309455306 1649
0.1188932792113343 -0.1731353178319794 1650
-0.3680795662278097 -2.089519499725542 1651
-0.4745114085092362 -2.393044822365647 1652
0.4955913543849949 0.6786807774015773 1653
0.59938850807707 0.6293301047071003 1654
4.769559773570942 0.00628192896762949 1655
-1.742265206801357 -0.1700929234279987 1656
0.7871715480499832 0.278855173094829 1657
-0.2881187551477156 4.966072052778915 1658
1.601875932583261 2.840789832334106 1659
0.5834885130752089 0.51980391061813 1660
5.457609850574844 -1.062324528388521 1661
-0.2984066359368223 -0.8272188624101937 1662
-0.1504375535006025 2.356465008817842 1663
5.023741672402888 -2.855597648125718 1664
0.1004675264286903 -0.3187251630311774 1665
1.263044261821714 -1.835969853055563 1666
1.268021659724533 2.471275260034082 1667
0.3105719153527515 0.03999650170622093 1668
0.2089683392656297 -0.8556776792017678 1669
-1.748992120908938 -0.5779526240998529 1670
0.252349002319858 -0.3919208286510946 1671
0.3527636806430409 3.268137925281299 1672
0.0927116620380822 0.1846172084143704 1673
0.2060950130441793 0.04855254218971462 1674
-0.9347857016409874 -0.581050448263271 1675
1.141062332399273 0.5758317251331314 1676
0.04320676201454932 0.06499365113926472 1677
-0.4319644924621667 -0.2239941200043275 1678
-0.6935706517142666 -1.093107643094827 1679
-0.9864320427415058 7.146236254104388 1680
-4.870493512284396 1.513177620072712 1681
-0.05806142926462183 0.2048261381612844 1682
-1.187737706377308 -0.6004927259671203 1683
-1.169244364630401 -6.374109053793152 1684
1.80485219734696 -3.034247781538568 1685
-1.396872693931057 -0.03984219703522474 1686
0.2484507284901828 1.50647132904696 1687
-2.555067326941409 5.147987087516274 1688
0.9324184397324945 0.7923592106073251 1689
-2.116378276070322 -5.168664641835988 1690
-4.839354845136548 -0.1961945910345675 1691
1.948467205887043 0.3214880202007008 1692
-1.367038651586081 -2.012584891533538 1693
-1.789245067327578 2.208448935144617 1694
4.26985116215184 -4.189152260722961 1695
2.991970210010779 -0.4196325650665429 1696
0.05399810341043348 -7.207719315993462 1697
2.592458422531012 4.765771431813586 1698
-6.428486290302573 -3.875995935688262 1699
2.466978951142662 -0.4857911605292268 1700
-1.431327551880093 -1.746389917401678 1701
-0.2155700801381017 -0.3829632274110087 1702
0.3261046759810363 0.1805400991938089 1703
0.5291722819396846 0.1523686720905631 1704
0.4173839796803042 -0.1889005692921133 1705
0.2039110862278797 -0.2207992870262784 1706
4.063078117679099 0.1455598262922726 1707
-1.918826850004843 0.8726685685330495 1708
-0.774366155135535 0.08777886956655452 1709
-5.095199636750721 -7.112002927051878 1710
-2.42826997521405 -0.4527377168228334 1711
3.175601510055508 -4.165925542413484 1712
-0.4292360196920805 -0.1708474452543821 1713
0.389494148446421 2.540313583235279 1714
-0.1900812675682045 1.618884385724495 1715
4.569294970976027 -2.289913396040343 1716
1.199105479469642 1.701207757555146 1717
2.258311243355647 2.112430193774674 1718
-0.100814986359957 -0.2567972928983873 1719
3.805862560019817 1.931760205130212 1720
-0.1271397874959303 -0.0908105458942626 1721
3.127018843368679 -2.495674170439289 1722
-4.648846096123776 -4.676327277166366 1723
-0.3916803786301087 -0.1249489756401412 1724
0.1488742221391756 -0.5622726629785916 1725
3.502614427290765 2.76741103543768 1726
0.8868110289563603 -2.15191584571067 1727
-1.770930628088301 4.3008906472537 1728
7.30818699604214 -2.058223119405961 1729
0.6374425778518927 -0.5710269461215249 1730
0.3289404274475982 -0.9053096120920585 1731
-0.3117695417407752 -0.08733277747524255 1732
2.604664405690034 -2.204782021078432 1733
0.7659606033272083 0.1073450507638509 1734
6.15193600652224 2.121722001327084 1735
5.288595845487794 -6.284227256284913 1736
0.23965712115871 0.6528508248696577 1737
-0.2599398531043161 0.07931283253178396 1738
0.09654303813641987 -2.332864453124003 1739
1.33024011752134 1.828373733472422 1740
-0.2947020386966435 -0.1308187739647537 1741
0.3249748154747781 0.1074054226400569 1742
-1.199627993984445 -5.634553168262197 1743
-0.3807163697126582 -0.7926087486807397 1744
0.395831856712144 -1.341922359827188 1745
1.031451716142724 -5.037069012779867 1746
0.5133072228264279 0.2476357627044001 1747
0.3576172968061718 0.03221420831459589 1748
0.249923542091635 -0.1890749589436236 1749
0.09870725548228051 -0.1251483055551418 1750
-0.2112200914425619 0.07822858323735922 1751
0.4503073207013252 0.1466081734995057 1752
0.355845229423034 0.07802920521398794 1753
0.1829491734996185 -1.923774707120648 1754
-0.3018951810269793 0.4208162646293549 1755
-0.004583283277728018 0.06862012403642039 1756
-1.370984328773787 5.293771652261684 1757
-1.261626820875781 -7.29718582300817 1758
3.314499122775154 -5.244448762489293 1759
0.05308344278701998 -0.8044428032233892 1760
0.652715103927797 3.829850837400035 1761
0.1684775635372829 -0.1048356570932496 1762
-0.04551732044867489 -0.4085252114809786 1763
4.274721282282812 5.668821044141783 1764
-0.4672906184675394 -0.1039951128789085 1765
-1.031915045837737 -3.590939724968322 1766
-1.799974514027008 0.1106209779592156 1767
0.8968472862486314 -0.02784736087424389 1768
-0.131613515431386 0.1621528840522202 1769
0.6181250874471794 -3.375215967725151 1770
0.3702630956890871 -0.2621619675201922 1771
1.812626619174518 -2.35460618357891 1772
-6.66006527491788 -6.070119536472411 1773
0.004625214632839629 0.2475372908280592 1774
0.4339320130743759 -0.3207882383734738 1775
4.770488564728618 -7.230785324569472 1776
-0.3629068642858971 0.07111892965452604 1777
-4.280600605244199 6.280313802357879 1778
-0.5643384422003038 -0.1785703610816135 1779
-0.07601499741406088 -0.08908562804925936 1780
0.2882160593292812 -0.2436510248861847 1781
0.1208398297429825 -1.026529868189766 1782
7.311131199798675 -2.634814155178918 1783
6.514358689494022 -0.905447751715356 1784
7.290242812754689 -0.8693599657762802 1785
-0.08106109610749596 1.084055772301297 1786
6.29943542577084 -7.233646319620026 1787
-5.38461746115928 -2.687534959526119 1788
7.176793405954118 5.543510634802196 1789
-0.2961242935989843 0.1986787760803257 1790
-3.269909302003641 3.160854710989272 1791
0.1465094173118963 -0.07856337760137028 1792
0.4491078698655254 -0.04836489338153603 1793
0.6621909616740091 -0.3686569110150677 1794
-1.433226939461964 -3.316050838434092 1795
0.1161871460785121 0.3533055009684831 1796
-5.377055456315829 -5.669177153792261 1797
4.770810459501565 -1.736551134078098 1798
-2.145732945416816 -0.7913360908757772 1799
1.316568772662846 -4.448097793041944 1800
-0.3107314311361878 -3.310370223589745 1801
0.8976817024687994 0.4436859674685437 1802
0.9632335509210357 0.5871697297596032 1803
-1.503338861415588 6.38180165778725 1804
1.419295411796483 -0.1604327834785755 1805
2.470321729038773 5.486965961711319 1806
-2.372873908299924 1.255765334165909 1807
0.1369650505140985 -1.520559503606939 1808
4.420125454917188 -6.056571295610672 1809
-0.5584638045638939 0.01900811522864758 1810
-0.507865085805687 -0.03133043141872157 1811
-3.641677852802455 -7.09715052171158 1812
5.182044982519073 -3.62185542879457 1813
0.3113459562952254 0.7072968442395625 1814
-6.432808944331241 -5.045142537898261 1815
-1.413057242581682 0.3179807925115841 1816
1.166050499843214 0.6972073612939594 1817
-2.700202123432007 5.678724094276828 1818
-0.1419662648549958 0.2142144647040048 1819
1.121854672949391 -3.975993441593093 1820
-0.1105745604464024 0.1237464421003467 1821
0.2188674537404661 0.1155565749987655 1822
0.03817663812751235 0.4026370723059823 1823
0.3072491202631395 0.2316632087133945 1824
0.57685727174909 0.2305721147743036 1825
-0.474956981577736 -1.27591150273896 1826
-0.5047749702899041 0.04164308064210949 1827
-3.467490273554507 7.364834310186554 1828
-0.3349851786904293 -0.277136033766007 1829
-3.414224764345003 1.190507233627418 1830
-0.5851620366660336 -0.1228192376328747 1831
0.6626075128524667 -0.3062028120974834 1832
-3.221252834361867 -3.96637303751906 1833
0.0901280310315247 0.6119947610804756 1834
-0.04971350859901601 -0.2369887630219879 1835
-0.01254566904577582 0.5921288276959924 1836
0.7667825971556542 0.597238976983366 1837
-0.3960581305949605 -0.3476800396679221 1838
4.073842296933173 1.474644210959326 1839
-4.982630137278027 2.781239938659474 1840
0.09687570751909338 0.2738637048378038 1841
-0.4544065678035301 -4.602525155275957 1842
0.1522369846894832 0.05385291047304342 1843
0.1797416494531358 0.09151942198872537 1844
0.05670765410295162 -0.6035290664718599 1845
2.159494708798241 3.22023321834428 1846
-3.008488995452898 -0.4989465793583441 1847
-0.2911601631994318 6.484339861212952 1848
0.2562107832653296 -0.1282123005549611 1849
1.534538449217915 3.69581286836945 1850
0.3870725876269958 -0.1040051752427033 1851
-0.2025082398640038 -0.1252940318455785 1852
-0.1736221701288707 0.1143842892562634 1853
0.6460422716563249 0.1379163559514346 1854
-0.2393328647202657 -0.1220620791703098 1855
2.161717733411865 1.173875728264572 1856
-1.995909239689057 -1.868727701826179 1857
-1.685494481056607 -2.720426254349699 1858
-2.79554119057856 -5.34424164954053 1859
-0.7608242935073211 -0.4209411057217716 1860
0.4754759418360018 -0.0901404724486644 1861
7.343681390305214 -4.193370935607256 1862
-1.840059506642685 -3.754222025665972 1863
-0.1954254134801579 -0.2509625088576459 1864
0.8695023892581891 3.490140289564729 1865
-0.02678441852956237 -0.261294017042326 1866
-0.2039515620039175 0.4637532599586869 1867
0.5256722734735302 -0.008280710769014762 1868
-3.309431544771359 -1.292336991935861 1869
-3.99962085828863 0.4816550274472089 1870
1.992118137957869 1.701208291157305 1871
0.01578404372442666 -0.1621362696989417 1872
-3.954331944720035 -3.370640000810143 1873
0.189144262801212 -0.1520940671900272 1874
0.6471500394948565 -1.085506236899306 1875
-1.073186623292247 0.001470896626734864 1876
3.739039987941989 -0.7497898994027248 1877
0.2570946077810984 0.217371438530308 1878
0.3473157502410591 -0.09905214809615905 1879
5.136413397972072 0.04882745147025948 1880
-0.8991469336670151 3.122173631536322 1881
-5.397895735901895 0.7689416538012902 1882
-5.770592283489757 1.093077397090232 1883
-2.343672566236579 -1.454446015987729 1884
-0.5286360785148723 0.07679107605639672 1885
2.21512866010091 -3.290538446077465 1886
-3.743445337269859 5.166671830915181 1887
-0.437627195112804 -0.06612831074603243 1888
0.7314765300847798 -0.9292822810274002 1889
-5.537266897023757 3.315594141948786 1890
-1.053505334184872 -0.8369911993507227 1891
5.010711218571983 4.61574287953465 1892
0.5613867092706057 -0.6779045411485791 1893
0.2080813678284444 0.8617077466794436 1894
0.3383016369104105 -0.3225111061719207 1895
-4.507297756104911 -5.112663064721723 1896
2.9827792574886 -0.7177096959962674 1897
-0.956885265300061 2.646954778845543 1898
-0.003039830115264514 0.1679787697941297 1899
5.33947140184833 6.356431675831595 1900
0.5707755268307881 -0.4092716037866138 1901
1.655077530932653 -0.746020212331702 1902
-0.7070563949877697 -0.03401080177642673 1903
1.393095793093179 0.05341229991984035 1904
3.270937383241379 -7.259157663274099 1905
1.250609180604918 -2.343384414860447 1906
1.168181201183133 0.03476182070892755 1907
4.180605631621896 3.332578137099142 1908
-2.095690649381192 1.582937392301673 1909
-0.1031530731189226 -0.6019274016957271 1910
0.05033384317006344 0.1319963655053872 1911
0.1193663979482434 -0.1161147671672885 1912
-0.1697250217709307 -1.355314008925846 1913
2.860115705939673 3.352000350348345 1914
-0.8421695813244205 5.863781819115885 1915
-7.231798136885632 -4.799570735801494 1916
-0.7294311880653271 0.6983148829641659 1917
-7.147324899549814 7.327224557449695 1918
-0.3498092616944492 -0.2185370301031154 1919
3.904595774258451 4.314469011020806 1920
0.6050921460624435 -4.998279408319785 1921
0.162455023163107 1.080656659520434 1922
-2.211708767271956 -0.5178649843612156 1923
-4.751808898282346 4.816870252092018 1924
7.251149662822709 3.722733433556386 1925
-0.3729318735196011 0.789670111502331 1926
0.1437890514820432 0.2055590773622777 1927
2.166764805463751 -0.4323405523451782 1928
1.417598433473199 -2.000571788265591 1929
-6.555720002922278 4.441823355232956 1930
-0.2560600812481721 3.062183135024087 1931
-0.1598626155348926 -0.2079039858029992 1932
2.511144288491514 0.4247858136843788 1933
0.3829447701134331 0.07691654404566395 1934
0.04457151878713687 0.1723472860735759 1935
-2.009420326463175 2.602921071159896 1936
0.7822543865624434 0.9455421016497079 1937
0.08917306595441631 -0.08022054232492841 1938
0.4681130004543159 -3.784983283795185 1939
-6.148550908628066 5.547385100528885 1940
4.687924051428288 0.7601084561964611 1941
-0.1415686894131481 0.1093433179371986 1942
-2.607317530143167 4.100288139635254 1943
0.5165445993158828 -0.5565994430900981 1944
-0.03971355976961666 0.1009225460221818 1945
0.3504199422113998 0.5220782968896056 1946
-1.961448741105924 -6.255464508055208 1947
0.404601131350786 -1.628417654453625 1948
-0.196712725621052 1.130004771542146 1949
2.607093750655015 -2.998288470839469 1950
6.325682412117585 6.101429402345749 1951
-5.154102546479192 6.277175752100233 1952
3.534143204791264 -3.430297027034955 1953
-4.799263653003027 -3.565453122804083 1954
-0.7745648771281887 0.5899302442677236 1955
-0.3778996689716829 -0.6136636865264116 1956
-0.9118657703189209 3.819934928570277 1957
-1.967790518740855 4.909692227396931 1958
0.2874403125663318 -0.06376442939964229 1959
0.4710767382087755 0.06306463593082978 1960
0.3138528238569823 -0.09036624446847347 1961
-0.8222929120343677 -2.931197432342123 1962
3.810128908853042 -4.516248288161654 1963
-3.982171589763867 2.730483580811541 1964
-0.005505691477010938 -0.9435149478265554 1965
0.889402595130325 -0.1490350290973062 1966
0.8236106384729051 -1.732489440231476 1967
1.21563780411925 1.000733540074743 1968
-5.321309005678557 -0.9474316520844378 1969
-0.3519187838128984 2.153533980635383 1970
-0.2260867691202296 -0.7510736559595693 1971
-0.04044995302194481 -0.1185219284954478 1972
4.167398572046041 -3.46894345721272 1973
1.707418750570187 1.320379173483887 1974
0.3883706030015803 0.04421425976753008 1975
-3.74155518404915 4.662908982944677 1976
-1.500000322777381 2.945285586944543 1977
0.4186507283082342 0.3548269156465011 1978
-1.047999889915593 -4.859007896989909 1979
-0.3471092796424767 0.1951892670874912 1980
-6.460698468106911 1.721635375482802 1981
0.9877391656623745 0.3030432958387235 1982
0.1854785892068643 -0.6613460415045668 1983
-1.422595060157886 -2.427481214314704 1984
0.771196343237785 0.4656888316574183 1985
-2.190699069544407 7.238466688285563 1986
-0.5183496650828231 -0.08356392394245298 1987
0.1313153566837178 0.1424439735817583 1988
-0.5002686556522608 -0.4854643412034028 1989
2.508222293412285 0.8956585485251108 1990
0.6265307536663421 5.37336548521728 1991
2.419018751723782 -6.631294344552164 1992
1.811599991389548 1.993962361129974 1993
-6.38572546437575 -7.29236790775727 1994
-3.699532737002278 -4.293838014105004 1995
0.8901495848959334 0.6525277709141944 1996
2.714032236586517 -5.242580421491581 1997
-5.236758109440506 7.253329670505067 1998
-2.697352629100942 -0.6933342997645305 1999
0.07667089440002736 -0.1883622433389385 2000
0.3875701280065311 0.1857437985749217 2001
-6.50636145406689 0.3165067535315506 2002
2.874672708013749 4.270885544150623 2003
1.553587402229084 5.216614095090041 2004
0.5219523323988394 -0.02561663645897085 2005
0.9322611226061188 1.060751533392433 2006
-0.1608494683980682 -1.137027430317933 2007
-2.99768242486646 0.06039030921185401 2008
0.4994640010801645 0.3260017159484744 2009
-0.5455130778263221 -0.02230128366845423 2010
-1.79586870602823 -1.110589202667501 2011
-2.89164491623117 -4.644132547897749 2012
-1.011340986755335 -0.4179989949305187 2013
0.4330393725350676 -0.07858436052636378 2014
-7.196237316908763 -1.169597412409367 2015
2.167241138655545 -2.613266774562697 2016
0.2736942982762496 -0.09434905442046834 2017
-0.4636730076493263 0.05184059405546514 2018
6.200833815266366 7.246041370403274 2019
-0.5192345128424127 0.01242750553386507 2020
3.400593606831718 3.880128642403603 2021
-0.4102403944160836 0.4067551604284895 2022
0.3400049669053044 -6.000465809919818 2023
-0.193118337505878 0.1991203766149164 2024
-0.2977766101929573 -0.4771592845977723 2025
-0.4026240756347378 0.2218944123563629 2026
-0.01475629126925437 -3.361304732877256 2027
3.820749608395082 -5.050300045346109 2028
-0.2223354951427395 -0.1729013390868976 2029
3.861183734522824 0.6278646730653392 2030
-4.719883559156202 -0.7700536197127876 2031
1.136822901533318 0.3676597097641788 2032
-4.456826553920769 -1.44166153475219 2033
-3.945873849879554 1.022792302951469 2034
0.4764149936711932 0.4350352566521132 2035
-0.1196862877757903 -0.1547542746036038 2036
0.301332244500925 -0.3910919138646476 2037
-3.560551772120739 -4.722419741398854 2038
0.7830760799943018 1.909334038599671 2039
0.296491862148729 0.07435987449866237 2040
7.321906348764198 6.864906147160236 2041
0.8205975905076772 0.8355742183714772 2042
5.922724941076242 0.6731156878640704 2043
0.2677075071821729 0.09689026678825244 2044
-4.252558183997444 -1.924481989274807 2045
0.9889823477018865 0.1862545353370949 2046
1.660497737939843 -1.2625234590232 2047
-0.3843522395719224 -0.07140871808499734 2048
-0.8436721905904287 -0.06100566389665268 2049
1.713996520254681 0.6531186691210652 2050
-0.2759224433558533 -0.2396635210930129 2051
-0.872664867988695 0.01931908085366674 2052
5.163678103110065 2.097743158862692 2053
6.384079929851143 -3.839010093716338 2054
-3.631017704564573 -5.888707263733344 2055
-1.135363530723074 -1.295986423512063 2056
-0.6418176706465581 -1.242740975774971 2057
0.7935561749063587 -0.2784579758520235 2058
-0.5032739953937388 -0.2092409141292161 2059
1.146927918493356 0.1672336379650652 2060
2.046646414865797 0.880333912436292 2061
-0.6301550909459555 -0.4095696235231857 2062
-0.02492054874997223 -0.09004077167935819 2063
-0.5658286838908282 -0.2887300446776953 2064
0.2237788297875268 0.0861864389900707 2065
3.179719022506265 -0.9250112761475124 2066
0.4024427158514052 -0.3504787414881734 2067
-5.432118189791018 5.47768611466941 2068
-0.05498848817190342 0.3507173405738332 2069
-1.209969569311325 -0.90790878375845 2070
-2.854487850632339 0.8800539264659861 2071
-0.1847207971271566 -3.934801493967889 2072
-0.2228070626824523 -0.8968850115081265 2073
-0.2195992439454258 -0.08691901424057948 2074
1.325089320635308 0.2520164984194164 2075
-7.300061326030386 -0.04650528398934498 2076
2.419394831499493 1.515987286847916 2077
0.2837765401915938 -0.5789569666288742 2078
-5.323540944325804 1.744613009495668 2079
1.292948521479773 1.365432275380624 2080
0.1686182917825622 1.211564955004448 2081
0.222981192552188 -1.077187194720145 2082
-1.829728210567496 2.880078080159564 2083
-3.466163005256121 -0.4439002068074365 2084
6.119421427935012 -5.230889427080724 2085
-0.2661168515666734 1.250890834729276 2086
-6.356053314586739 7.287695858202069 2087
4.266400350257878 2.72048330623024 2088
-2.398849643622859 3.125449299079565 2089
-1.761131609303451 -2.178533143468926 2090
-0.4425812452009406 1.023129881332597 2091
-7.317057826010486 5.372934449508534 2092
-6.365040799072516 6.403489546572048 2093
-0.5204166379476612 -0.6862198726092354 2094
1.761756593812638 0.4167952069383334 2095
-0.8181695403409449 -0.7378056356894338 2096
-0.2492268074934618 1.786709256188434 2097
6.131961776393208 -0.2138756507711988 2098
0.1996866214260639 -0.07238524219850634 2099
-0.3225128171321061 0.5342388078830782 2100
-2.171242861714188 -1.021729091695159 2101
0.1330224998836346 1.800458353243002 2102
0.3890441269001591 -0.5709534063832397 2103
-0.7329416856818367 -1.9396291176613 2104
0.4002449685475546 -0.9612894131200616 2105
-0.3692422816413133 -0.4912229730614044 2106
-0.113200100318864 -0.1973924493369766 2107
0.2268869077452159 -0.2730192630866732 2108
-1.440331947632103 -3.991988115311072 2109
-0.9508737567048547 -0.2738186360634816 2110
-2.862827315589767 -1.530038427958459 2111
0.2375665798661674 0.1260254294119825 2112
5.395344651311709 -2.418282335812362 2113
-5.646346445556766 -4.99570488146033 2114
-0.3631587405439168 -1.893535644090486 2115
-0.130742205968193 -0.3781975363673941 2116
0.004893488682897121 -1.920815943357646 2117
-0.08779152426677433 0.8452908169210417 2118
2.132244199172041 4.688177426848772 2119
-1.260156277444148 1.240706994569913 2120
-5.029337548276867 -1.575115156780679 2121
0.2961140204665597 1.004143193084 2122
-6.498864534715275 -0.7172527857598032 2123
0.2713038361001729 0.5700772758082382 2124
5.899979893407997 5.264113667452849 2125
-2.299241120701817 -4.401078792500861 2126
0.3434144828770441 0.3054626079107805 2127
-0.2945177798595312 3.469951864859995 2128
1.583143216230807 0.1797075097985742 2129
-0.2713921330196837 0.9438603807929022 2130
-0.49232771739897 -3.5773158543732 2131
0.4290180601633097 0.5289336734661026 2132
0.1330533154410444 0.4249797553570324 2133
1.842241510049714 -1.862706990566104 2134
0.5211309978886514 0.03570399349582284 2135
1.864179212036946 -0.9969122317240621 2136
1.872926858070411 2.535287169560846 2137
-0.1600373786191883 0.07061357890077938 2138
-0.09675173394240534 -0.7760454182940665 2139
0.3434739046879418 -0.239206761138663 2140
-3.394396447210558 -2.850509322796813 2141
-1.701724517091891 0.7641013898254654 2142
0.7430967472248262 0.03488098364983841 2143
4.64811533907355 1.551905573154623 2144
0.2061121771330339 0.3989201305934579 2145
3.18589266893634 5.606666736328441 2146
-0.01938837558338834 -2.122740852646413 2147
-0.21260935044605 0.5608706460694468 2148
7.311836287820064 -5.263376576356663 2149
0.6090198732243198 -0.1680959668698073 2150
1.634179959372681 -7.32977539998 2151
2.900691302904343 2.799937584013463 2152
-0.9567732794729095 -1.0345605284428 2153
-0.4011322765090129 -0.2377315112537241 2154
-0.4550411202793857 -0.8773458334153358 2155
1.167468129254989 -0.5025142742093061 2156
0.1806832879712603 -0.192597988418605 2157
-0.7210012604296326 1.560757682319042 2158
0.9743931287473353 -0.176810941468301 2159
0.6986223487998003 0.2279399465229181 2160
-0.4287364239884479 0.509041913872375 2161
0.8287547151683462 1.252798210545171 2162
-5.603194191471516 2.313161827637405 2163
0.01564140041487134 0.09587784431567815 2164
-0.4183197912041416 0.3033858220763716 2165
0.2808195445425745 -5.231109684113661 2166
0.2246128150447779 -0.4546013975898784 2167
-0.6189082334517503 0.2787944148041011 2168
0.04040487021556113 -0.3951215254196113 2169
0.3460044214240914 -0.1386828728346644 2170
0.0430433347143567 -0.3182583930245707 2171
4.4132139766019 -1.129880050655619 2172
-0.06806120145641389 0.06867819801631539 2173
-0.4772624464090927 -0.0451423803546042 2174
1.137416594102021 -1.439771695963714 2175
3.409366080791925 0.1136600027391249 2176
-0.6329334292200054 -2.397483939956329 2177
1.004874250527956 -1.191313883534346 2178
0.1339940703718905 -0.2109701857814348 2179
0.6565776041143213 2.829182497197035 2180
2.809996888706253 1.351953777506457 2181
5.867574775954905 -2.67468519082023 2182
-2.499362993810142 -0.9647039132740153 2183
0.3219269460520494 0.05280637255690535 2184
-0.101583648960382 0.07140776337203335 2185
0.406044206108579 1.539960961790231 2186
0.492587916640211 0.04210217143173427 2187
0.07969755387103908 -3.745071812247213 2188
-6.623490407972236 -1.777140384155099 2189
2.517445554147506 1.092010611468444 2190
0.7761832258104855 -0.6676877581341684 2191
-0.4754659579730983 0.1722054858643267 2192
-0.6326899259080168 -0.8299045604554735 2193
-0.4030130715019348 -1.196834888219635 2194
0.6618731556498249 0.01454674668513922 2195
7.162508894692176 0.826777890629998 2196
-0.8811027023906104 -0.5030621873721758 2197
-0.625433286614326 0.3924955947107744 2198
-7.406845111958368 6.535497086352682 2199
0.299547948832407 0.1185383579566362 2200
6.623869533670375 1.433494210916924 2201
-0.333263953579259 -0.1166036823490869 2202
-2.214990816243914 1.978597294561804 2203
-0.4518747643310221 -0.2895991887208057 2204
0.4201434148133085 0.01991306499636706 2205
0.9779500369492899 -0.004145076166308573 2206
6.354758478781525 -6.082031131737049 2207
1.223582831767836 0.5083679363635161 2208
0.4358590268520244 0.07748169082484252 2209
-1.08490255332142 1.687751247423841 2210
-2.601246557154113 1.461608065632384 2211
0.3702501223717792 -0.19516790226477 2212
1.424793474428791 3.074515935816914 2213
2.585068183832971 6.619205465178349 2214
-0.08431359814359687 -0.9275465556153473 2215
-0.4677118270530676 2.552284998132442 2216
-0.04210663641726878 0.0643894108317726 2217
-0.07029852065114256 0.1384544316503174 2218
2.912468242962858 4.705919571693575 2219
0.452829645407742 0.6306817507621111 2220
-3.100439135544534 0.6848297164045447 2221
-5.6213535692918 4.428146956971267 2222
-0.3967446608454155 0.1030413029462496 2223
4.50822498116159 0.2521576499007838 2224
0.4635526710705645 -0.1470402860303602 2225
-0.2875398230262646 0.1123815765518259 2226
0.2760554487580062 0.3743666765022166 2227
-1.494648090488031 0.7558839646120346 2228
-1.237015221053034 0.5009317187633126 2229
0.04132001277932851 0.3126161693477751 2230
0.3946811797693818 0.01643893978030532 2231
6.819541119030195 2.513923630406402 2232
2.878101887264174 0.9121551689909734 2233
-2.02921669497025 3.159392716258977 2234
0.4514800145826872 0.005697171535852335 2235
0.05930869497351701 0.0870725133996049 2236
-1.741504023778822 0.4868716170942184 2237
-1.31518290291077 3.692750624072051 2238
-0.86997339519825 0.8115845028989274 2239
0.5330171646372681 -0.06514300626819974 2240
-2.655234330840532 -3.701390018200315 2241
0.3181781851715278 0.3601296384976959 2242
-0.2423926519790594 0.2580911874271002 2243
0.01681258214859195 -0.07413662199942195 2244
0.07212920572344625 -0.7048270278311797 2245
3.408024223920846 -2.297878649967734 2246
0.1933225657232694 0.1643951939151678 2247
1.340072368109218 7.430643102550666 2248
3.34337010509178 0.8739725181618899 2249
-2.552838509808701 -1.835203517207615 2250
0.2878524943763895 -0.179884956899218 2251
0.1595803468092295 0.274935651568818 2252
-0.4853406403448381 0.1196421970519211 2253
-1.446022670008648 4.108344773172729 2254
1.530886368958265 -0.4129984282529625 2255
1.262761218165749 0.8205459587143356 2256
-0.3376080618200349 -5.277006161069178 2257
0.1048228943714468 -0.07172785905146956 2258
4.837572018365471 -0.7802959804468313 2259
1.682757841410394 -5.229529075948552 2260
1.018862942225442 0.9448009782956833 2261
0.3024595041800745 0.8401964037823041 2262
-1.995395052068045 1.427197641650738 2263
4.936312483392812 -3.372129952634961 2264
0.1061110578962227 2.785563601546604 2265
1.817130543525795 -0.6001210649045846 2266
-6.473623160546327 -3.011711293795198 2267
0.7046561365226964 -1.225543148229409 2268
4.347447290808246 -7.410889211218414 2269
1.459151493252447 0.994774413902095 2270
-1.117825596570357 2.247107916984848 2271
-1.563447774311155 -0.4501197025871415 2272
-0.009906079165748932 0.1144748016258816 2273
0.03415449414165056 -0.256452568623294 2274
1.095925049906111 -3.665937969865174 2275
0.2442553845941907 -0.06132810912498896 2276
0.3494158388720643 0.1597853909720134 2277
0.3468604768138824 0.9053157031002751 2278
0.5937908536468178 -0.09314965374026213 2279
0.4306998508491102 2.152838764692157 2280
0.02767379847903001 -0.1129299119625747 2281
0.8449102953060535 6.312647541979903 2282
1.337099824267178 6.352305553374929 2283
-1.659389564280954 -3.21947924647792 2284
0.4355069330337781 0.2023039674458707 2285
-1.426307825693817 -2.691101296201189 2286
-6.262094488909688 -3.425741423819617 2287
0.3005981429783749 -0.09877302548122244 2288
-1.226906520614048 0.2471470763239162 2289
-1.460950004973196 -2.157371010433735 2290
1.600512988969641 2.061201648917785 2291
-0.4824569725544595 2.753673023445175 2292
-1.939305403248449 3.476452567225326 2293
-0.1415844132050716 0.3993671696476297 2294
1.152970047794212 -1.116589259901006 2295
0.4011123771750164 -0.04474815351637586 2296
-0.08634400187392678 -0.3132163065691965 2297
-1.45744847572409 1.523455676665612 2298
4.600419118219568 3.060496661898532 2299
-0.3197870903803427 -0.1818930118324014 2300
-1.150299785519623 0.8450818315461833 2301
3.504052811886058 -5.961982120205905 2302
0.2432067495267567 0.03736076275030862 2303
0.4183572964145596 -0.7988686223655773 2304
0.0530957104977162 0.8923966147876573 2305
0.2764405410186112 0.03349932185154011 2306
-1.672663450096866 -0.8386869716885921 2307
-0.2090743207214638 0.137691755549981 2308
-4.303057472430563 2.272858318242835 2309
-3.118440315778418 -3.392139189498472 2310
-3.094787785814158 1.213364935231153 2311
4.651808012250559 5.191648995724969 2312
-2.657924834941327 -3.074065431896599 2313
-0.2594475490297861 0.1428533735231391 2314
0.09957658838486289 -0.1660889134791161 2315
-0.01234606499372644 -0.4373093585482896 2316
0.4710047436045732 -0.4103583984281376 2317
0.0771189655617957 0.05551527687798874 2318
-0.6374661988265593 -0.2123845346400876 2319
1.253085845664241 3.969258799240785 2320
0.3618280518467192 -0.4915393329957584 2321
-3.594852474418894 -0.2551375491588995 2322
6.424114122503663 3.300527944654549 2323
0.04862080353337996 -0.08629589759750064 2324
-3.034764528988676 1.455145240332567 2325
0.850609042765575 1.386736768255489 2326
-1.169661522403883 -1.594707541729141 2327
1.194009743448727 0.2513148613240794 2328
-3.156347812655312 2.716383382881604 2329
0.4148661232322408 0.09356147079880321 2330
-1.229045893774375 3.099740708858742 2331
-0.2659874520313991 -0.07837979234292525 2332
4.130122474760727 -5.291718705851717 2333
-5.284971286142172 -4.589158951044266 2334
-4.546201507141233 -2.722086453013167 2335
-0.1126919457672875 -0.4849536640700583 2336
0.8494340225434602 -0.5896409845053977 2337
0.3260264966248906 1.330389778526145 2338
0.4001097689935884 -1.146781837455203 2339
3.189748415958865 7.275248652961388 2340
0.06564188955158853 -4.38456992539288 2341
-0.1975231586786132 0.2831925270603679 2342
-0.04523930889011957 0.1406356477117878 2343
2.556761259564309 -0.06366754123621267 2344
3.334246300778929 0.6241809802656969 2345
0.223892329547978 0.2668901246662911 2346
0.161523674609094 -0.2538923751395863 2347
0.6247900221817543 0.4839683409484061 2348
1.163430444895206 -2.702561602093446 2349
2.248625598197532 -1.680069943240412 2350
-0.1068965262804647 2.56762711616494 2351
0.7103345368336966 1.026243398465491 2352
0.7778321390769947 -0.03681498756506156 2353
-4.104955369019469 -0.3257123281735727 2354
1.139074118188002 -0.3384705977804697 2355
-5.944943490865466 -0.08661540171668476 2356
2.117924020226406 -1.199747751933024 2357
1.521094511699567 1.51700637647588 2358
-7.585265843236543 -3.638974307186107 2359
-2.511315021000473 0.08836102481710172 2360
5.514906419562298 -0.2058932470830621 2361
1.579374468500045 0.3229151244275769 2362
-0.614868667865486 0.78798609088648 2363
0.1024226549130864 0.1573798269229777 2364
0.3875828405034111 -1.463942956154767 2365
-0.4184653726444019 0.1630776436291132 2366
6.564199788538152 -4.897354684996451 2367
-0.3896920704186819 -0.4475252252170478 2368
-4.232485046067771 3.171609641653397 2369
-0.06115807425182705 -0.1323101153159388 2370
1.016036046030179 0.8316113527741461 2371
-1.58269669401806 -0.1907059581566981 2372
2.063355044712808 -0.7305043786384867 2373
0.3049136732840462 -0.1383673521630365 2374
-1.311583364426528 1.787470247295369 2375
-0.09417767508221191 0.2303421412204543 2376
-3.400800262729865 5.946555754458369 2377
0.5959665196069728 2.157147143334941 2378
4.530828652982603 -0.3073412157641407 2379
7.305623064962483e-05 -2.787541897542245 2380
1.826367169685023 -3.799088374115167 2381
-0.7089226065032361 0.9384339325105705 2382
-0.5635461052061742 2.093973717309133 2383
0.3604705285311252 0.2531590886069661 2384
0.4796847709912676 -1.921332575725035 2385
-0.1128065490134951 0.5796960229878306 2386
5.30976500150756 0.4192673004145987 2387
-1.331366920810291 1.080874641432243 2388
-0.7830399713924109 -0.2022842107129736 2389
-4.361054734392228 -3.603225660776169 2390
-0.359414259644473 -0.3697606580674183 2391
-0.2314382705271586 0.07180939696699284 2392
-0.6031286633201772 0.0004568574224192631 2393
-0.9136499825465896 -2.180230458481174 2394
1.118743917362695 5.558573961054512 2395
-0.2927985942700614 -1.001212401808176 2396
0.3059779999065119 0.2926374148858067 2397
1.56282632627782 0.9000079230969912 2398
0.3574699987664726 -2.259725633953829 2399
-0.2261480691544676 -0.2015346557485259 2400
-3.049075155755495 2.044146155088158 2401
-0.2419831334653695 0.1923333541759117 2402
-0.3047432732440248 5.385281467744151 2403
3.958746859624293 -1.556937361204425 2404
-1.90859701226013 5.762219753330311 2405
6.681131318517367 4.681461748067825 2406
0.4799240188377984 0.0102437913520965 2407
-4.781918785654972 0.3654416459003916 2408
5.057274927074621 3.836162109031698 2409
-2.150420163507543 -3.130712556557001 2410
0.0494813262808583 1.352732045915091 2411
3.130986032480358 1.506228963562541 2412
-2.082621476254612 -0.2130038667725253 2413
0.5496823745007627 -7.274191057342117 2414
0.4519506055 0.8404682840543425 2415
-0.09957480446999953 -0.4025303804144538 2416
0.6884125959008774 -0.2696880443515386 2417
2.217384332226032 5.852181361536402 2418
-1.048255309076122 0.931342093600642 2419
1.163331219245192 -6.627024979637358 2420
-0.485908487762578 -0.2787582004478135 2421
-4.24104971484189 4.30745504883789 2422
-0.02560118560723043 0.6988499050707572 2423
-0.4382755613739341 1.155007982311797 2424
0.4860748638808146 -0.1951414987553989 2425
2.443813677925888 -1.4249262178618 2426
0.142541709620226 -0.1587043693147457 2427
-0.6035717709447341 -0.5445536584871934 2428
0.09462191493714599 -0.2347388377807526 2429
0.9718408241121014 -0.8893395619904066 2430
-0.6591656046683408 1.828887401430171 2431
-0.1384308305440573 -0.1205860889624817 2432
0.07179864071221431 0.479023057825525 2433
-0.5556055632486426 -1.066475391142728 2434
-2.731372310677691 -0.1811599743077796 2435
-6.032276970120483 -1.293172032139105 2436
-2.146354372069396 0.9482603138902078 2437
-1.541856468263619 0.1456842757445609 2438
-0.7204990380495584 0.2986648433648115 2439
-4.149841217354088 1.749554845288944 2440
-5.605140386434329 -3.078430586933445 2441
-0.08711641152010466 -0.116333329496374 2442
-1.152997125565836 -1.979886354452274 2443
-0.3574496613656139 0.09322372087018994 2444
-0.2995510530983712 -0.3202062288348078 2445
-0.007161409536437277 -1.595324608439052 2446
0.4689955561147459 0.1112468478901252 2447
1.236319499359638 2.087381627680883 2448
0.3369819821068483 0.06144861948881337 2449
-0.04809821221044483 -0.5279409358549194 2450
-1.011941891208545 -0.6591834649050129 2451
-0.1853837104380059 1.335205754377897 2452
-0.4064900768602213 0.352319174658853 2453
-0.3123058132813309 0.2552915913948003 2454
-0.4280628054967893 0.6265416093792056 2455
1.957691498525334 0.7377151663616121 2456
0.1055207818487946 0.04752777870271145 2457
5.468481069311795 4.49589915675537 2458
-0.6882154750892633 -0.5618635882821106 2459
-3.903031371214681 -0.7878958030965614 2460
1.623401800447498 -4.173262502924611 2461
2.416129901176288 -4.430532143467516 2462
-0.0431428908136243 0.2711829534115232 2463
-0.8663045782474351 0.2991711158978533 2464
-4.254832014668035 1.020569618278628 2465
0.5725529832426668 -0.007973872388151134 2466
0.2270095335764805 -0.770882606500789 2467
-0.7418578008861115 2.910966587449149 2468
-1.653846192550253 -1.459986624786005 2469
0.4384196462225644 0.2664787969312374 2470
-4.687051225803907 3.818515242342488 2471
7.532087387385654 -6.483667055559708 2472
3.684842495793898 -2.138611491302931 2473
-1.800249238952227 -5.430464286827858 2474
-1.176935203134845 -1.029079884193325 2475
-0.2526027266140219 0.09951518941559206 2476
-0.4249082359792012 1.389045880898008 2477
5.26418616575707 2.958764407970311 2478
5.303070687396042 1.49317231229301 2479
0.3533868415971977 0.6178018800849572 2480
1.440320075286144 1.13447756876843 2481
0.5421508122496874 -0.3119087376354917 2482
7.275237462105434 2.023436837547945 2483
0.4136471652025343 -0.07407696207247941 2484
2.395305499160555 0.5995082886929909 2485
-0.9167965507934914 1.962207856864438 2486
-1.37368958659555 -0.34014890504525 2487
-0.9309914285652678 -1.764649205203566 2488
-3.481446448418689 0.4033622028191324 2489
0.3409490960693208 -0.05106577002016807 2490
0.3884872388178396 0.4952601197110179 2491
-0.0779908974464532 0.2700282702127668 2492
7.131311793943222 7.373841362876812 2493
-0.3559495426426993 0.6494118750635107 2494
-0.5276399341395648 0.4913557302104599 2495
-2.812898233559949 -2.151916738005421 2496
-0.5651877485424212 -0.3631735609498464 2497
-6.375809870897204 3.653311268306197 2498
-0.008104377375861276 -0.1149648685546876 2499
-6.59864859651974 3.176362411825048 2500
3.032010295290087 -0.2085216587216618 2501
0.3714986557927319 -0.04812364435262386 2502
-0.1943375375843548 -0.6786963519065653 2503
-2.48714557302684 -1.361920877384659 2504
0.02157305352376833 1.92711589053638 2505
2.410612015736786 2.508494420335512 2506
-0.1090577889438467 0.4806249135571067 2507
-0.8284778352183897 0.177106667528727 2508
-0.157032674047753 -0.291706767531138 2509
-1.40394646756218 2.720320046762734 2510
-2.237363352586319 -2.133276980871302 2511
-0.1424957836284778 -0.08103158833644517 2512
0.08276340839431048 -0.09312044776643845 2513
5.243739261301251 3.517709413797335 2514
-0.3970075499472513 0.06593736172664431 2515
3.460773623745926 -2.857518051793665 2516
-0.5544567112279734 0.2043701127641543 2517
4.314182276958246 3.749802197753937 2518
-0.431706791957587 0.06640322861720348 2519
1.761976818336718 0.1377000539814211 2520
-1.851108713557398 -2.388472270186242 2521
0.1577612417820105 0.09079207225697235 2522
-1.837273940420965 1.074502125941104 2523
0.009362414738324411 -0.3229734663110198 2524
7.475958552956801 -0.4237691153208227 2525
-2.481495724363179 3.826713214304176 2526
-4.149082249886208 -4.082194283121021 2527
0.03219427290685462 0.2307730310621073 2528
0.4073246155313273 0.3212655425989385 2529
-0.3691040182496205 -0.09591045278127763 2530
-2.332646275137364 6.78159045736018 2531
0.5369900030974237 -0.8942687571258428 2532
0.6600235665097332 -0.852322029897427 2533
-0.2324318446406162 -0.5602785502488922 2534
-0.1493254229438705 -2.536301997989304 2535
0.2014889072801661 0.06642696477284922 2536
-0.469057145290165 0.08248910995348638 2537
2.688746714196846 0.3333790895925987 2538
2.195022104992054 2.791602519033114 2539
-4.388520083944759 5.470248226947117 2540
-0.1911181375402582 -0.4467170469699579 2541
-2.679823809111612 -6.27909298410684 2542
-2.295140878500512 0.8504266443895155 2543
2.977698691857093 1.058164322036762 2544
1.539450634037804 2.314424274655612 2545
0.1522712803629975 -0.4282827489758083 2546
-2.853202046648125 4.468727141960577 2547
0.1115648668169397 0.1080737723853123 2548
0.8305973218820729 0.4265597528230659 2549
-4.636404695707625 7.516367866850222 2550
-0.7306434925937558 4.357809337952147 2551
0.6454482630679044 -2.191168328347358 2552
0.4323143269424108 0.392107393836374 2553
1.158780861732992 1.10689618880025 2554
0.1909443970113434 -0.2997464804976188 2555
-0.4623315002431301 0.2269184520030623 2556
0.1169077980371286 -0.2850716367263321 2557
0.08801405522386034 0.3966430633233952 2558
1.932745725055394 -5.489695521604791 2559
4.843804795127463 6.547391937669962 2560
0.4929645623384504 0.2126974167829192 2561
-0.6669029344596369 0.03357064011745663 2562
3.335490320153832 -3.984394388141571 2563
0.1351940012851915 0.04508790630378001 2564
0.1642702746465765 0.04190188474090938 2565
-0.2749189779245517 -0.1760241316386678 2566
-7.508149950898362 3.271216589090988 2567
0.561348555119473 1.210454696744364 2568
-0.2894190964373674 0.07125040269901543 2569
-0.7338152796523774 -0.07167789844620062 2570
-0.1414115198804941 3.674359549854602 2571
-1.098754961223805 0.4761032450604984 2572
-0.5012987638866226 -0.1195975806150573 2573
-0.1953663361078253 -2.727093179551945 2574
0.5346161675097826 -0.2665044646654489 2575
-0.4482827748549925 -0.05741866407355249 2576
0.2292366004421569 0.4743274089729607 2577
3.868638638724973 2.194927408603692 2578
1.936058601819947 -1.475135948233365 2579
0.01495240017369698 -0.1946100962239019 2580
-0.3272485189674786 0.06892781986619724 2581
-0.5135732194499544 -0.003559720828722619 2582
-1.112746235345024 -0.4158935023582688 2583
4.723433613122954 7.39576958983902 2584
2.843459244323451 -2.902939246793096 2585
-0.3291220735332264 -0.07521251212717178 2586
0.04628153221917417 -1.241046945926622 2587
0.5040524987327196 0.1639858338885413 2588
-0.0928209688355148 0.1733909502813956 2589
-0.5372154648865622 1.33856490384141 2590
-0.1301734707136755 0.6799125409680671 2591
0.8335662703855439 0.107100474784471 2592
-6.131818454873881 -6.601816186931204 2593
-6.847717844338294 0.03349253046781794 2594
-0.6171931160145714 -6.372355497273441 2595
-0.3459489696239428 0.2641486990984876 2596
0.6755033196149715 -1.510943561901187 2597
6.455301948352431 -1.31115697431054 2598
0.4423634962892971 -0.2091873264270221 2599
-0.2434322999526375 -0.285416881169632 2600
-0.6614301495706857 -1.554977888319639 2601
0.6889561407525457 -0.5060248737572162 2602
0.2138408725083053 -1.242239693096778 2603
-0.06887694186686719 -0.1797541524430502 2604
-3.797966334118478 -1.038805333606255 2605
-5.226681380436077 -6.076829405750939 2606
0.656231470887818 1.872566751419525 2607
-0.9949212053778835 -3.356456294503079 2608
0.9740510831612555 -0.4469772116283799 2609
0.6227961947928493 0.8140730882517999 2610
0.1263534542591732 0.250311252146917 2611
1.317278530493487 4.286658089591919 2612
-3.858355703828168 -4.993564788856736 2613
-7.527476477982446 0.9257377032598828 2614
-2.385174026250582 -0.2952805606346649 2615
0.5701949024235726 0.04049149687854135 2616
-0.0069838552950351 -0.151473802963046 2617
-0.3602193902297976 -0.2883447079533036 2618
-5.139192715425652 0.0582512256458371 2619
-0.1239441854434085 0.07171150682887255 2620
0.8848518114176047 -0.8144535925307749 2621
-0.005862169055248811 0.536293104686038 2622
0.6102900386852624 0.3127680801304858 2623
0.5626844394501874 -0.5201778769801279 2624
2.395045319506304 -2.502350055962911 2625
0.367202717373575 -0.09691923817047417 2626
0.6602754203488931 -0.05965102449832371 2627
-0.448041412041559 -0.1542746263765063 2628
-1.01469837905941 0.2974356196022503 2629
-5.620941079592709 -1.806235530622018 2630
-0.2335907067456251 0.3466153416784991 2631
-1.181310182223031 4.449723056719998 2632
0.3297353371000397 1.896213677733803 2633
-0.5123924651648729 0.3345135113732103 2634
2.297379020075864 1.873061196981455 2635
0.3716670760675149 0.118773293114613 2636
1.030295902122958 -5.727303474593498 2637
-0.3640541347982421 -0.1468343478834596 2638
-0.02909834653175573 -0.1772357432221568 2639
7.498667716371919 4.396872807555931 2640
-0.09329335512863358 -6.774540406809297 2641
-0.7181131259182575 -7.546871315101733 2642
0.1579968352503664 0.1775148298030371 2643
0.9762750427862449 1.179238742391941 2644
-3.251006164790323 0.0621373987624621 2645
2.671610829280072 3.007162779083263 2646
-0.8933435392202425 -2.737032582403319 2647
-4.180375608606682 0.2579374395482443 2648
0.3115958199514534 -0.4716567995762256 2649
1.157148211134155 -0.158846042813215 2650
1.074173593491215 -2.280424762319756 2651
1.41068820837466 -6.235904877419249 2652
-0.4123951671590045 1.736177666198495 2653
0.8206062406306351 -1.388614912507855 2654
-0.5313723196086921 0.2509449976412051 2655
-4.614148078593673 -7.474779103566268 2656
2.026552823656431 2.106927114151742 2657
0.5128174588794795 -2.241804765196087 2658
-5.190013436022268 -2.291531647163706 2659
0.03871062279280506 0.08056548352812951 2660
0.6936921197284441 4.374925274837683 2661
0.05544641678470036 -0.1634889599079782 2662
2.684236139816663 0.04755799329418518 2663
-0.1315645272280006 0.9201212683018903 2664
0.3330614113837362 0.02172974436790846 2665
0.06156563270180841 0.06253352627028434 2666
0.2951495570593711 0.03281983811561998 2667
-7.428453391511949 -6.651065520653134 2668
1.760828421138734 1.739869128059504 2669
0.7826804333642936 -0.4866277456275859 2670
0.1831666279346147 -0.07193252002426082 2671
-0.6069452390806738 0.06861234834482408 2672
0.2169756043082779 -0.06030522984071936 2673
-1.377719338236139 -1.321393825700161 2674
-2.950680848476587 -2.605646626782988 2675
0.4502912549277517 -0.4655539766594012 2676
-2.347275866481321 0.3529254759312502 2677
-7.467083440227922 2.413610862495923 2678
0.4177845845411228 -0.1668543933756364 2679
2.690328514256783 -6.275964364122224 2680
-0.03665422009745523 0.9896589891228793 2681
0.4227266882954365 -0.1162537378009056 2682
-0.2310916321034219 0.1095396566734227 2683
0.9254997712150663 1.990786675746852 2684
4.164895091999401 -6.578256471090839 2685
-1.297478109559935 0.04481312413623649 2686
1.646522147288073 -2.463912649295477 2687
-1.16922751421465 -0.8024240515385216 2688
-0.3335149946471422 -0.6556874290928915 2689
6.874762746846672 -0.8948009753261122 2690
0.4747321100939888 0.275882351394393 2691
-7.439229025002722 3.891580963028336 2692
-1.312725978670962 -1.556481107133699 2693
-1.38655841011006 -1.168846469897645 2694
-0.05778510832860096 -0.6430618288423143 2695
-0.4426799413085179 -0.1098753311310993 2696
1.258213634778293 -1.207781378153617 2697
0.2434809186432163 -0.1683510455352651 2698
-1.39340282813437 3.428266170459539 2699
2.198241201288014 1.390530997832155 2700
5.746376604267311 2.780040528583974 2701
4.970330831961475 3.297006315787513 2702
3.816033069890496 0.04016017165992092 2703
0.4525990033588572 -0.2645472628904617 2704
-0.5062014749114675 0.06124106706086173 2705
5.081351187339868 5.525602394693055 2706
0.2244667629134632 0.04083663944114738 2707
0.9446579950042872 1.407136884053389 2708
-0.2943262382751297 -0.1113763982407611 2709
-0.2940970450051989 0.7802513309899392 2710
-0.6531061685672841 -0.1232513841527439 2711
-1.704495959846212 0.1889780348599086 2712
4.423032131360741 -1.898830571192355 2713
-3.574417763375805 -5.483692369489527 2714
4.511533311877324 -4.574050430762857 2715
-0.548661286541524 -0.1351566353983791 2716
-3.797553513010791 -2.545692124577854 2717
-5.096593567337015 4.470788559688235 2718
0.5733975118709604 -0.0628422178391508 2719
0.416515400200706 0.05692586687901314 2720
0.3932980462983265 -0.08359516903739271 2721
-0.3873554154188912 -0.7187542789139799 2722
-3.953864429322593 3.358650977897989 2723
3.668014410628233 3.153469889391987 2724
0.07589505596657596 -0.1307383134360547 2725
0.02094074798794514 0.05744269308497053 2726
3.898684768560006 6.723994259353589 2727
5.399586296558737 -2.059605277650549 2728
0.6836241037968043 0.3518142329541368 2729
-2.432562905885899 2.83595787826003 2730
0.5568913058476472 -2.446527870656383 2731
-0.1662396110663814 2.15132487227404 2732
-0.2361681299917415 0.6651196520112027 2733
-0.009916045811206076 -0.07894207840367395 2734
0.1191684603049779 -0.8602526353404518 2735
-0.9026247693028184 0.06697672149054229 2736
-0.1766181858012906 0.07099742076616705 2737
-2.920577721854033 0.6689976020671796 2738
5.219262423386596 -6.765740657266015 2739
-0.4907401872764295 -0.1568002322384541 2740
-0.4646105914878342 -2.726381006723665 2741
-4.889693129476864 5.377974575016122 2742
1.384316591746369 0.1945890719753919 2743
0.07699685703680788 0.233339844443236 2744
0.07464608323786794 0.7176473148462887 2745
-0.01334123254995492 0.2198080916324501 2746
0.5449029906659215 -0.1165184101426079 2747
0.5726765291991306 0.1551700722837762 2748
5.957086760748333 -3.473232673702201 2749
0.2725203355969451 -0.05625639774225209 2750
-2.111553349483335 -0.37710846048046 2751
-0.1433024289912279 0.2463253219144104 2752
6.905803761555457 -2.906665669261747 2753
1.493297135011404 -0.9926972399275629 2754
1.533306272392159 -1.151084800348757 2755
3.539834863837103 -0.4041061831301621 2756
0.288560575504987 -0.1449710741065576 2757
-3.601009304033917 2.299919933482735 2758
-5.439232551957057 -3.768897257570896 2759
0.7630472882932429 0.2144660575244826 2760
-0.817570998029806 -0.8290460596465011 2761
-1.383219878071907 -0.694411093639092 2762
2.454805231059609 -3.79913202059289 2763
1.321805359956784 0.3697591742037703 2764
1.482248464703572 0.3793215202160655 2765
-0.4501897052252918 -0.5788749463357692 2766
-2.40569067478088 -2.635146094310418 2767
-5.543593924372874 1.409674959780621 2768
7.467590350789141 -1.335534683985373 2769
0.1094173278126381 0.07389041636036683 2770
0.1508488750372295 0.3409342520503664 2771
0.5458301257352957 -0.1899033274289517 2772
-6.127390192113632 -2.188642891334279 2773
0.3202031453399781 -0.05515119402384066 2774
-6.638183941583002 0.8585821018371993 2775
-5.686696546546075 -4.078663798086336 2776
5.583988392749585 -4.369968477096262 2777
5.821241407284005 4.198033502988824 2778
-0.01324425022125385 5.611336420695428 2779
-2.807256083559425 2.658343044429022 2780
1.82502965296806 -4.731284626667745 2781
5.792318946213274 -1.702866741482751 2782
0.8216948562502094 -2.518570912387476 2783
2.220440785516955 7.53056836821441 2784
0.4415681984161096 -3.177810037589578 2785
0.1880664854119372 -0.1052954346943574 2786
-0.4735790481802828 0.04152022658272561 2787
-4.4293655580663 -1.160833157852338 2788
1.651549819992062 -0.3448725761754893 2789
-0.2982922752883698 -0.07607323661060121 2790
-2.911670927329517 -1.0848882274723 2791
1.826257409363905 -0.1491036040549501 2792
1.555667028801026 -2.818267120501232 2793
0.04272392445352427 4.889481454460157 2794
0.04530332976671431 0.2806669716208359 2795
0.2236560529049377 -2.57744658608082 2796
0.5249243958486421 0.07690805139983978 2797
-0.7692816426739713 2.429714179612275 2798
0.1981071828760824 -0.5323221419249743 2799
0.6561744026538177 0.1977288572377512 2800
2.746991424280607 -7.364992584510571 2801
0.3342985163916603 -1.967482038955353 2802
0.431422278734777 -0.0406389665504037 2803
-1.671377032786701 -1.155239799227916 2804
-0.187861234144825 0.1739971749168889 2805
-6.017469742894188 2.360749474471493 2806
6.723460807687808 5.857933646737175 2807
-0.2051078554144391 -0.3350339484406221 2808
6.168236812509338 1.536760120725219 2809
-0.07125315404190986 0.09451775861221481 2810
-0.8228575118126856 3.416540542281056 2811
-0.2649815261635896 -1.802600232589538 2812
-1.292586724375973 -0.6442792051670383 2813
1.601727119822746 -1.958090891029843 2814
-2.922344112838154 3.310592600988342 2815
6.872223873864487 -3.892350383223012 2816
5.119146486251045 0.7529227912252169 2817
-0.09405945508829787 0.09557334726687507 2818
0.7067645499823725 1.419132354920162 2819
0.2210239005459106 -0.09302452458133996 2820
6.539841094996795 6.622368623962068 2821
7.525230728789517 6.068677260339689 2822
0.1192089390646843 0.1945911690087787 2823
3.185576469576252 -1.682332534977408 2824
0.81687672417061 -0.1515271511402737 2825
3.354255175797436 6.052649676144281 2826
-0.09957004890279614 -0.07917003612350706 2827
-0.04082239149278966 0.8116400130744065 2828
2.767479465260898 -1.910781909886752 2829
0.6029327526688375 0.1281624476352454 2830
-2.88327781656976 -3.930607033536494 2831
0.439078707846492 -2.600404662438097 2832
-3.835425614471862 -6.655141043059282 2833
3.841431501634636 3.486523090009614 2834
-0.06042808759589937 1.580781934591656 2835
-0.6883925321590272 0.1586291741030472 2836
2.990437540707057 -3.493211009370254 2837
3.219742315096375 2.283250923528545 2838
-7.407011806785574 1.618746407344077 2839
-3.182632848972357 6.620386248879211 2840
2.579658570245244 -0.9899994715078401 2841
-1.46691273645803 7.567312459287137 2842
-0.2316508300952479 -0.07879431436487182 2843
-0.9459632633445977 -1.277694898610687 2844
-0.2083172304775181 -0.07755666390430979 2845
-2.552674186596837 1.701765994793698 2846
4.219762875699727 0.9838932972112653 2847
-6.056366426053999 0.2549870889784198 2848
0.4898839352432348 -0.03588159813523085 2849
-0.3281274821366094 -3.794717734657773 2850
4.579668602032383 4.780150584260059 2851
0.402380102588389 0.7398160897114057 2852
1.492996613817527 -0.06889224556221782 2853
1.310880676746211 0.9474749942566727 2854
0.7852634044230027 -0.7765564244409128 2855
-0.1670713670747084 -0.141983572649417 2856
0.298974431511274 -0.2174488663721552 2857
0.1910035877130945 1.007809442922052 2858
0.08831395293924285 -0.423155732503422 2859
-0.5922671560385454 0.1909522894321954 2860
4.30049324220749 7.36787683242689 2861
0.4594076199962018 -0.03634295140356883 2862
-2.952131134509515 -4.349736770396194 2863
3.240030095623062 -1.990352606284285 2864
-0.01983711010487739 1.128359424089976 2865
-0.487855504878678 -0.06312301105700401 2866
1.054633923597792 4.634621508425907 2867
0.2551710579045717 -0.3227699168470184 2868
0.8735860652208418 -3.01924999804694 2869
-1.305214145424114 -2.860542164380578 2870
1.22803124946096 1.510917078512139 2871
0.4559674219812028 1.002654344211094 2872
-0.5793999210492334 0.5675381257832687 2873
-0.436462717121539 0.1168156530009275 2874
-0.3001049265117781 0.1691339234696327 2875
0.9121376531214558 7.593245990435753 2876
-1.582588465917453 1.388656369987306 2877
0.1244781060113832 -0.500309007219423 2878
0.2030178436463373 -0.3617796417973518 2879
0.1956594434511599 0.7623489707078385 2880
0.5448647578006064 2.410268686759682 2881
1.572467572457199 0.6274554106441819 2882
1.052300564373921 -0.09976382002345496 2883
-0.6261218481852843 0.02038630550578622 2884
0.3955827100650731 -0.6683629212101423 2885
-4.570010941990008 3.006891469764428 2886
0.5045276546311568 -0.1331446839386674 2887
-0.6891356439266644 -4.129485658328504 2888
2.983262198368243 -4.957992293341393 2889
-3.272689622266668 -0.3985596359459632 2890
-0.7587477624536829 -0.3602810820722283 2891
-0.3195014948787896 0.1267396677652916 2892
3.929462861351318 5.330169691189178 2893
-3.585925715060807 0.9446020351385266 2894
-0.6667070218846649 0.4563719750060072 2895
0.1372178978860572 0.07997283890409232 2896
-1.311195012989705 -0.1412583273384602 2897
-0.07431802138214395 -1.821112083363624 2898
0.473384672894354 -0.06874654779593393 2899
-0.2632735980454001 1.05774415503757 2900
0.4523107329403163 0.03675131680319087 2901
-6.861806640425371 2.457019277188545 2902
0.08167952900181252 0.085280200892217 2903
-0.3818444414098009 0.1367735382312241 2904
0.4534387902313008 -0.1276843453662038 2905
0.2744580684655793 0.1662572338364072 2906
-0.4341994519393315 -0.25808991895511 2907
2.054062096584705 0.2015691909719789 2908
-0.6836945348306772 0.06214283177501002 2909
7.544604375571794 3.025416856256431 2910
1.392508251305832 1.253136293790436 2911
0.6214506797579168 0.4206087437003168 2912
-4.680707347524424 2.487961764559931 2913
-1.521166701169297 1.165299613153644 2914
-7.364299836718939 -2.276615653619631 2915
0.09035454158924872 0.1407679454440266 2916
-0.3809823489806241 0.07072596705077355 2917
2.870530303432462 -2.391217184904356 2918
-1.149074721334022 -2.425193471835291 2919
0.2513353313019469 0.05807636634325551 2920
-1.005159791143003 0.7085639826137378 2921
-6.54227353342416 -5.476296179227234 2922
-5.931633291234638 6.439559127551014 2923
0.1156355576454855 0.560373970739891 2924
0.2753254899037418 0.05518588972046131 2925
0.281149804669931 0.230978259100627 2926
-0.3484174716894798 -0.07819852305062287 2927
0.09731849290901248 1.141019882422653 2928
1.508005643937631 -0.6526578162049927 2929
-0.640133099046965 -5.475503593715008 2930
-4.360560124733573 -6.571796753619897 2931
-4.761970203703372 -2.216230624291707 2932
-0.3821765086697355 0.2547013484034408 2933
-0.6693497084798729 -0.05284154414883163 2934
1.194469996415954 2.224863881553188 2935
1.386468440750504 -0.04938568598063452 2936
-0.1141390636524146 -0.1084477689911154 2937
-7.531161329616795 -5.799007772296968 2938
0.1881593518147387 0.1334301961942953 2939
-1.59496756342578 2.32027948339122 2940
2.112714765594327 -4.713635928171282 2941
-1.725016142450664 -3.493937497709831 2942
-2.56666831799925 3.491026921943121 2943
1.762248358469499 0.9712473456280741 2944
0.5117377026841977 -1.349958268592471 2945
-6.845771734366717 -4.939089612887715 2946
2.389927281018606 0.2864900682773251 2947
0.02151570947634531 0.363275802921658 2948
0.02335364375572822 7.427762058407731 2949
-3.112926081534898 7.447717565832265 2950
0.05107232709710675 -0.1060933660121754 2951
-0.6460291868388381 0.1345624729410213 2952
1.006955505837811 2.68981451235496 2953
0.003940996501087086 0.1458111837871246 2954
0.1669385154108096 0.1292781810019522 2955
-0.1688055481728584 -0.1859169253112878 2956
-1.115688143822137 -0.2114830229912642 2957
-0.035702759672581 -0.07583622087920305 2958
0.5005378583932325 0.4002828288300789 2959
2.219306205332847 3.025020409374105 2960
1.727934040817018 -0.221857692893923 2961
0.2507933983793881 -0.08394280460025526 2962
-0.2705554140160927 0.07398319398407581 2963
-0.384978404711441 3.753793266651078 2964
-1.094633932818561 1.188639739439593 2965
-0.1547855700029566 0.1502419133616931 2966
-0.8229576825716792 -0.6526609290270704 2967
1.673094598283555 0.8433898396199505 2968
-5.440597434333233 -7.5456865980738 2969
7.579132603537794 -3.480013580959406 2970
-4.80513128958081 -3.109026407684651 2971
-2.596737710348371 1.263241379145151 2972
-4.894973255811556 -4.307055353530431 2973
0.01925529971777277 0.1825841449540342 2974
1.29132745337521 -0.7363051663363022 2975
-6.188607201430962 -4.319648959991359 2976
-4.000063290957401 -0.5523843648683 2977
-0.04237681078315853 -0.3643052402172596 2978
5.830038425258496 3.22073901439675 2979
0.0573121641786691 -0.2124686259224472 2980
0.09138386438488551 4.084662682686717 2981
-4.315878014907157 -5.98658885084533 2982
0.3103720342903958 -0.3073914158316757 2983
-0.5443154070725043 -0.8417810590652659 2984
1.549753682649079 -3.22486161954982 2985
-0.1803563633516194 0.4133117735205322 2986
0.9641489520812231 -2.689717824340809 2987
-1.095513665413348 1.500220509147657 2988
-5.403708766409657 6.816787313734688 2989
0.1927376143873241 0.0415146301697813 2990
0.5098020191058082 -0.6406216947789691 2991
4.682109410244536 -5.127546702004363 2992
-1.752705208246377 5.170231041567478 2993
-1.590786901539114 -1.681109909082975 2994
-0.2007926479955099 -1.264406321580953 2995
-1.806464458352956 -1.984212100813521 2996
-6.581710472141627 5.534132760455267 2997
0.2868329300433501 0.4485731584979691 2998
2.494773572347439 -0.6921447690933915 2999
3.041449398817865 6.436703249262703 3000
-0.7357171788553875 -0.1210495383541465 3001
5.543630509329409 2.001186926033442 3002
-3.989196851305169 -3.071854919104565 3003
-0.2345477277080377 -0.4737803314897569 3004
4.659669705447294 -2.693443024187672 3005
0.6355857765657458 -0.006251830023345319 3006
-3.553321194081001 1.393885366299403 3007
1.379840364048064 4.587304894894966 3008
2.098922194175814 0.5546042714615408 3009
-0.04655561205226525 -1.331222689216641 3010
-1.601264201369786 -7.432014406017677 3011
-0.1179265059417123 -0.3408335991101346 3012
-0.3449189460192963 0.07206178347099462 3013
0.1343159101781875 -0.133053043043005 3014
2.752282890081191 1.824571585244836 3015
1.162849378409481 -3.049056218329472 3016
0.4991840837187629 -0.7870097094315133 3017
2.440325504413104 -5.505090200155148 3018
0.1878378229475233 0.2221917805661753 3019
-0.9722984172189998 0.6117204918823342 3020
0.4846512108366942 2.71635145256481 3021
5.287963869486039 -0.7098109597995718 3022
0.2369135901535429 -0.1250742021883178 3023
0.3658942760166987 -0.8398303194886234 3024
-0.2547499056659183 0.4356054598787903 3025
-5.521189396641323 -0.7296304137670997 3026
-0.3756996696842707 -0.1745082785192085 3027
-4.449206588974874 -0.7795666391327061 3028
-0.1362594504881082 0.1879875365745556 3029
0.2033322379580159 -0.1417238255986374 3030
0.3449711274020672 1.158148402805579 3031
1.028085547800164 1.38301844894313 3032
-0.4625623725443594 -1.799910561089171 3033
2.422832438301661 2.189939401704741 3034
-0.3518073586642289 -1.399695846576597 3035
0.2352713951956605 0.6107167311299369 3036
4.255802508137424 2.204248521479099 3037
-0.2519166455761694 -0.2227477472576506 3038
-3.008176583062542 5.0055605187869 3039
2.750713472251569 -3.643239538999551 3040
0.2630100533544358 0.3305523964422044 3041
-0.1652881046890841 -0.4102623405290716 3042
3.924762149494295 -0.3028998345624339 3043
0.948409809037126 4.057956040275144 3044
-0.5867536557100831 6.179685850425948 3045
0.7822199285164201 -0.3722602930693108 3046
5.662989592068666 -7.469372895843159 3047
0.7063381457440424 0.1248800938723916 3048
-1.09381753449354 -5.203677632083611 3049
0.1166080674343517 1.439887864759741 3050
1.151580372858751 0.4609795497423337 3051
-0.357610780874573 -1.539476860363103 3052
-0.9232767078005049 1.330682621851203 3053
0.5703645924453873 -0.1665504812466834 3054
-3.73678503618243 0.2980323026770823 3055
-3.558763822673466 -2.286951995224222 3056
-5.82928955467947 5.225349424989798 3057
-6.190301382277221 0.9196740835924525 3058
0.9112001018293411 0.1755351047932264 3059
-0.9645827223127947 -0.1250371219424922 3060
-0.1532932411077474 -0.1077390489160049 3061
0.501774498043926 -0.09489021897914171 3062
0.8958351639344296 0.03489421272186594 3063
0.7834325686062219 2.507425219770674 3064
2.944175798357982 1.454869561895535 3065
0.2259978236683619 0.1681025314365356 3066
-0.08375492773893137 0.06677041362138762 3067
0.1435755947794302 0.6427151500531293 3068
5.561007407059242 3.650529993548954 3069
-0.3956704469792368 -0.06316222511022622 3070
1.443620411533269 -1.517490615799967 3071
-1.869130413854312 -1.462306259206823 3072
-5.244339564230688 3.085899078006958 3073
-3.12376261007814 1.78084837151341 3074
-1.495619011068361 -0.1102216491072126 3075
-3.999225579403167 1.449669395925466 3076
6.085889493076849 -6.774376531634929 3077
-0.9476203795058656 -0.8050743469770308 3078
0.7697696268199092 -2.823460007302759 3079
0.3701364352498479 0.09054592824420672 3080
-0.09510119813526051 -1.0879754064265 3081
-0.1321152703819863 -0.2676369429341387 3082
-0.4845735898274658 -0.351385539640922 3083
1.350920873718467 0.7216534927661952 3084
0.2723465702791084 -0.1175187511745974 3085
-0.5440182357114061 -0.04549021929458148 3086
-0.5624203115611537 0.6321535902134273 3087
-2.155504937977577 -1.596566120860994 3088
1.609995573446127 1.185253149367222 3089
0.6014168435536617 -0.6334662404897066 3090
0.7094036359539184 1.607492663516496 3091
-0.4288634935751677 0.08053238458646098 3092
-7.49956311627155 4.702994822297272 3093
-3.261887115120063 2.331096970226653 3094
3.596078516261817 0.5704974275793561 3095
-0.656674775422784 -1.825778760291207 3096
-0.03140230317418423 1.310126363102193 3097
-0.5222541973284782 -0.02540035438100043 3098
2.919564142721571 -1.305343097564688 3099
0.9673739792265703 1.534749097586923 3100
-4.173545863683551 -7.515274060642208 3101
-0.3153193538237569 0.3392507025490531 3102
-0.2669290199463284 -0.1361618836100679 3103
0.3257678218306834 -0.1754247231486837 3104
3.046335631326832 6.907925407295811 3105
0.3422565973844987 -0.120365672785704 3106
0.2524205505297573 0.08388427586084059 3107
-0.004884553588347239 -0.2476091638423857 3108
-0.02504182478150194 0.1653317763661968 3109
-1.184026988668446 1.378932066168649 3110
-0.4039770749710992 -0.1800633233491312 3111
0.1302402601402588 0.1284116031021317 3112
-0.1577374546362272 0.1102382108610436 3113
0.7532828684174034 1.204788174397796 3114
2.942058472207761 -4.416592292251339 3115
-2.02170893591308 3.731755837009774 3116
-1.838551599455027 -0.9374264961274842 3117
-0.5923470434425371 -0.0808791122748211 3118
0.7572705808657663 -0.1476460275220727 3119
0.34703279101019 -0.2161414613114945 3120
0.2325586819622763 -0.2159151723589597 3121
3.066474792825612 1.718448294466422 3122
0.4377966171593824 0.006353504955674751 3123
1.059441292167861 2.89290355811815 3124
4.270830797572861 -0.5361365790852833 3125
0.3492583515727715 -0.06775359798054049 3126
-0.2074148168336945 -0.156875918380777 3127
4.786189835173966 -6.2221416542826 3128
3.411709848134523 -6.885776224131526 3129
0.09789152807992343 -0.5830329678961826 3130
-3.391758857187839 1.791961613830614 3131
-0.8224437585728346 -0.9730638312175415 3132
6.027009219501835 2.49400230040751 3133
-1.991460552914961 0.4385133643639598 3134
-3.459052722862586 4.384293010237273 3135
0.3717772521827826 -0.06765129315917488 3136
0.2809573029749307 0.0808703165265813 3137
-1.138186873788308 -6.020904677016921 3138
-0.5063553755767694 0.1145529043889614 3139
-0.5794202995509488 0.09582716343852626 3140
-2.972327425328138 -0.7354215202707651 3141
0.2421852352241458 -0.633357610400287 3142
-2.100566020093888 4.369122940692041 3143
1.907213957463573 0.9856846506361906 3144
-1.259817769700721 6.736622536035176 3145
2.016187072709054 -0.3800296731401168 3146
-2.700370331361581 -1.374871044007089 3147
-0.3199568942720293 -2.885931080813536 3148
5.760982102891167 7.574964784806403 3149
0.4302113893734378 1.235506547723354 3150
0.6551564173442448 0.3113284984771637 3151
-1.081628590664681 -4.336627102531132 3152
-4.039340696466809 4.030996723655419 3153
0.05024327287285665 6.7612842907913 3154
0.06631285709908046 2.346456172773123 3155
-0.9291808200242292 2.121033622588549 3156
-5.438860522755854 -6.772889355034663 3157
-1.256130328480663 4.89448062597067 3158
1.748595826400972 2.692666762107844 3159
0.5565593761385355 0.7978871592119984 3160
0.2617631832652622 1.21909737910125 3161
-0.2550518510621849 -0.376683689705486 3162
3.213598189584632 0.1504651014454924 3163
0.1774029831964374 0.07100241565222698 3164
-2.095794103972901 0.6074662639399566 3165
-2.642035028514694 2.288119743324579 3166
-0.5524348742636372 0.0456757480204353 3167
0.5571699165091019 -0.2295465127475554 3168
0.5953307800292981 -0.2474547051780615 3169
0.7316589554335522 0.8698412500597463 3170
1.900779086240031 3.424942214221856 3171
0.0919780216462867 -0.1424823908593833 3172
0.8660720487260585 2.205286921256514 3173
1.790408356376998 0.7836985887293226 3174
-0.7626959952743796 0.02281042798979112 3175
-0.9879365449196161 -0.1912865456424496 3176
-0.1994706124949536 0.07173129849432239 3177
-0.8752658762673351 -0.2504791090944232 3178
0.4909048614234898 0.9619242065341048 3179
-2.766766094223568 0.2964319706823469 3180
-1.72705033984024 1.758022711858277 3181
1.015473735445878 -1.522838855609814 3182
2.063459951222137 0.008288869940138405 3183
-0.5339871190001075 7.517884743349562 3184
0.1560146239815265 -0.09060657460744673 3185
0.02173302411511379 -0.1003728718190138 3186
-0.5008058102344747 0.02259009914144464 3187
0.1226787097421651 -0.09734089184973364 3188
-5.649755867172269 7.450486286996493 3189
0.08744003075559624 -0.479405676323566 3190
0.195520612318822 5.922843985306725 3191
-0.4155238337140905 -0.06152253806987127 3192
1.133808559638221 -0.7757884205130472 3193
0.3786886336301047 -0.4014571593736851 3194
0.5900552385609545 0.9539135823722105 3195
-0.5922496699277655 6.804363127670785 3196
-1.157852167099887 -0.3172722373424017 3197
-0.4028094123667584 0.0845998499292174 3198
-1.333955584351343 -0.4458385126427286 3199
3.537043644413056 1.115827589395025 3200
5.660052026692337 1.242460383079711 3201
-4.61972221575098 -6.240404811222947 3202
-0.2994681758504322 -0.09354031920245887 3203
0.4724369063001697 -0.3301579306677044 3204
1.043439477793023 -0.040069488100342 3205
1.193140290718293 -1.009886868491763 3206
0.6987825180300201 0.4852999687043046 3207
-0.05314140702605201 0.1848190859418097 3208
0.8347760139268195 1.66221570978709 3209
4.237678395199648 -0.8713622212797573 3210
0.5373351144461458 1.440748543440743 3211
3.785507764085533 -2.764026352895768 3212
1.100831787136229 -0.5748388568608932 3213
-2.859929448478638 -3.250696299014365 3214
2.20377703653636 3.893333378788487 3215
0.1592694526974291 -0.06674496651296227 3216
0.5185840929924721 0.1281881022941331 3217
5.177081170193743 -5.524594837210431 3218
-0.5120193501826813 0.763808224073051 3219
3.930401907326655 4.73093010138318 3220
-0.3584229844189309 0.4151749941146635 3221
0.3443308150029218 -4.300154132649325 3222
1.930395603618987 -2.823098284449349 3223
-0.3232713226399755 0.08579337378225295 3224
-2.562264922855495 0.8643169127968851 3225
-3.306643753244161 0.684902196959946 3226
-3.377402154803618 -0.8486396788175234 3227
-0.1682022707147015 0.2067330973839427 3228
0.3539702996890781 -0.2940860360356932 3229
6.149030379257701 -2.36180316799653 3230
-0.1563167743794505 -0.1620074432229347 3231
0.17829778436094 -0.1397479847555137 3232
-5.92364199806637 1.530834070458927 3233
-0.5259945205410803 -3.276594659406017 3234
-0.4828942538702024 0.9453216311221782 3235
-0.2980415472131441 0.09245427547899511 3236
-1.800948205353478 -0.2763064113987967 3237
0.03411627883665127 0.1206133314235378 3238
-0.03617351489981919 0.08141316822869603 3239
-0.2943758933569314 -0.4272706141061101 3240
-0.5654661901417071 4.784271292437624 3241
0.09348817685306536 0.1048911947027557 3242
0.3917293631726483 0.9810378862921459 3243
1.039619829419546 -1.078015019750767 3244
2.766275644866486 -0.7931248531700681 3245
0.7912593764047737 2.948878784093572 3246
0.194660030986122 0.3622683543268018 3247
-1.004167625028754 0.2045257477609168 3248
-0.3831278904825761 -1.014792032044146 3249
0.4162194373327392 -0.2163471128738706 3250
0.1641953365903982 -0.6123075842977193 3251
-0.4597778778777081 0.4015455412321856 3252
-0.06675539689605138 2.761755923428753 3253
-3.159243972801711 -1.499540055124378 3254
1.635387574465624 4.223341361517504 3255
0.2636389416495188 2.414219864272614 3256
0.4484942795664594 3.699793813037017 3257
-0.6291642887631006 -0.2890511672026921 3258
-2.99013541249633 -6.44595386112198 3259
0.3954774510242693 -0.2814280717535889 3260
-1.134708218677656 -6.834800245617691 3261
0.3660933793509643 -2.981595588119304 3262
4.165869266468769 -3.828339662760347 3263
-2.460128145850427 -2.369061699577124 3264
-1.436511484260933 0.4975377960417394 3265
-1.585271007798877 0.8570025044420144 3266
-0.5096437436380049 -0.06251877681357552 3267
-0.7718619217198366 0.34948025713033 3268
-0.03802624693314084 -0.2839099080066584 3269
0.1226543339000575 0.8959068572467229 3270
-3.030629796908618 -2.043805070229089 3271
0.299619853636065 -5.568288971429047 3272
0.05127019924594955 0.1538920451065929 3273
3.492850810914748 -1.263544209446609 3274
-0.01308977209051041 0.4363683614246116 3275
-6.784675156946204 1.623816364741735 3276
0.2125705035264147 0.1996590464390863 3277
-0.2354284480555353 4.247341922243669 3278
0.2740106112213204 0.2922372238607546 3279
1.378644671052414 2.677328797639334 3280
-0.0938294465649781 0.2904372535196527 3281
6.039601803446291 -5.863430308672497 3282
3.803139863289696 -1.313334036758083 3283
-5.07117883856511 0.6771446469845709 3284
-0.1464414373007346 0.3196638507224033 3285
4.671166589904487 -4.15314695823543 3286
-0.1990130727301941 -0.1100375867570483 3287
3.187891447818189 3.308422140744533 3288
-2.709824220822479 1.977867336629525 3289
-1.714779961034136 -4.461834474731446 3290
0.3991329921182712 -1.239275196002662 3291
6.771590684588485 0.4808515023965783 3292
2.155231333148978 5.53057282880386 3293
-0.5112478026893812 -2.086008859364336 3294
1.074047754390325 1.160062572926503 3295
0.6563574978353639 -0.7748544324191486 3296
6.2903395882551 0.7334697610457023 3297
-5.987514535329619 2.751147067827107 3298
6.648214955481289 -7.491934494613575 3299
-3.119667798879626 -5.532136737882998 3300
0.8120411719844142 -0.9849076942570578 3301
2.160747073752042 3.497049805281026 3302
-0.7600824786409799 -1.194826682329209 3303
0.04135227623178738 0.597378830395681 3304
-0.2380624140889628 -0.1069574599100667 3305
1.170350516957926 -4.709754562399082 3306
0.9741283465279378 -4.21523119376126 3307
-6.087444417330697 -6.194678744626477 3308
-0.5604340483682276 -2.577901972187618 3309
0.5085393097644723 -0.3926701887087173 3310
-0.03789999035090021 -0.08964377783464303 3311
-5.410317252304651 0.4254300262580837 3312
5.256557454540024 -4.699913433641614 3313
0.2727709278292565 -0.07297497025593264 3314
-7.461837085855261 -0.8389592345686921 3315
0.05228359906015015 -0.9863368092216153 3316
0.4381618207548537 -0.05806116499262011 3317
0.5457869051501911 -0.007777622007118602 3318
0.314942519261327 0.7621124128438664 3319
-2.003715649301979 -0.7260966863386277 3320
0.5213118502338326 -2.735369072221539 3321
-0.01756995218571329 0.2914701554219978 3322
0.8594349111481936 -1.133927423352161 3323
0.7081287570920806 -0.6167356518487164 3324
-1.668451948351569 1.919592542097816 3325
0.2700027104688887 -0.8822370028268104 3326
-1.011280150858744 -0.933854495415497 3327
-0.1771183960877741 -0.08150820564197521 3328
0.4944571627515844 0.0003912139383648565 3329
-6.855711753054186 -3.850949657857217 3330
0.01178172723280526 -0.6625647536790459 3331
-2.356231706491016 2.229528398391065 3332
0.3532111197292609 0.04410204585445537 3333
5.933185057058334 -4.139146541590209 3334
-0.2184583152531138 0.09844040905989898 3335
-2.088931893698283 -2.782250331203834 3336
2.196707765936245 6.71219343161944 3337
0.154918729497182 -0.1938398601113589 3338
-0.2095680620835481 0.2479330706049792 3339
-0.09304678811680939 0.1254207191657003 3340
-0.2686165648565773 0.2902751323385244 3341
-0.2203265048150333 -0.123655612774186 3342
0.4745561739487022 0.1590437508269409 3343
0.1691643147942067 0.4856833248373055 3344
-0.7562303166468243 0.1307903326489563 3345
2.327141885051538 0.8284873390607347 3346
5.727139116847446 6.136302870476124 3347
-0.7098533153135063 1.185393091909324 3348
0.3640442358658815 0.2757848903025567 3349
1.442360250099047 -0.5217841298024916 3350
3.70789054957962 -1.00427476954211 3351
3.67835573913259 -1.185388747615592 3352
3.311301014030872 -0.8442936671346976 3353
-0.3239700770144865 -0.0944019410010231 3354
3.067742857343767 0.6065571914383631 3355
-4.757019173154742 6.23437032288929 3356
-6.943697713280675 -2.114879974484389 3357
1.222141102021459 -1.348390095687452 3358
1.257029237639102 -5.369727371227782 3359
-3.213884827473514 -2.512565094868464 3360
-0.2460531044306028 0.1167373227573649 3361
1.87200304226499 -4.119698936927499 3362
-2.194779043269312 -3.402077266721755 3363
0.1579407779405479 3.414414336169473 3364
4.509288548560239 1.831112424134349 3365
-2.713207479642803 -1.687804257750096 3366
2.494388992054549 -2.771510240877702 3367
-0.3298823329720625 -5.892049134577722 3368
0.5789755842005292 0.08346253210374439 3369
-1.123049805622246 2.424749915917141 3370
0.4602188186470242 -0.05029794821777474 3371
0.1781102140947399 -0.9073623845477838 3372
-0.902593096979163 0.1420959852583025 3373
3.610390690393398 -7.536615159335263 3374
-0.1783509806790497 0.09625883812135685 3375
2.040285560801988 -3.132292332199638 3376
0.08426596228692938 0.06976576119214875 3377
6.808569559858142 3.66823157547053 3378
0.06656305115478917 0.1799403303299436 3379
0.8560581914095194 0.2443543578944609 3380
0.4419290934440174 -0.1625453842347428 3381
3.182525169746892 -0.3332103687728131 3382
1.850545099503271 -5.995494349320398 3383
-2.819859798251871 -0.5884222764424412 3384
0.5088885086218192 0.2852604302585655 3385
0.9575216554336954 -0.7466212327370034 3386
0.03562906073442271 0.2151322274220542 3387
7.423824527511951 3.444838543109324 3388
-0.01736841366847687 -0.1971857454999429 3389
-1.160216284882157 6.124900391960971 3390
-0.02677040721848339 -0.1545168181293786 3391
1.016310738939163 3.317537209232623 3392
-0.5350144252554105 0.2934530730887184 3393
-1.881607207129647 6.592914590840378 3394
-1.81868573183817 -0.4245773836913767 3395
-0.2828636546084081 -0.0776590171187316 3396
-0.2121127921368677 0.3167922794461306 3397
2.095687122726927 -3.605211369237866 3398
3.377120894241303 1.493337504705075 3399
-0.3111305666407637 0.4783354047695463 3400
6.847592869906109 -1.937846864555847 3401
-0.8180038571492589 0.7483060675646216 3402
1.44821126192252 -0.3319939560131538 3403
1.831194186407337 -7.077833722837664 3404
0.565632966395248 0.2005544154933766 3405
-2.360396943469471 -0.1758500008818073 3406
-0.3225674818516279 -0.1617783152110275 3407
-1.942599973718341 -1.667368675915159 3408
0.4976491662312888 0.08388542987588951 3409
-0.6247158220862924 1.090968282928338 3410
-3.674301854715083 6.990798325275468 3411
6.730127122161256 2.922715244727455 3412
0.1253524971079517 0.3865759770371969 3413
0.03821459096902901 0.4481955886600461 3414
-3.687623301532617 2.047775250733282 3415
-4.407341992189288 -0.2577237987143486 3416
0.0623295945264157 -0.2578387226879765 3417
0.220546832694117 0.1003986483357955 3418
0.2910539965192904 -1.339784411850775 3419
-2.214306789061165 -1.298260746651974 3420
0.07120568317888924 -0.3193687353534529 3421
-0.1228464314592581 0.1347113948010189 3422
-4.030480828685851 -2.431315535685322 3423
0.007091130906570137 0.08036948733065691 3424
0.5693299435769928 1.124197646514022 3425
0.384256959236076 -0.1407512181110603 3426
-0.7373600264248812 0.4096336944434866 3427
0.5665674901466247 -1.597720782971298 3428
-0.4452673479724847 1.562339074397255 3429
-5.033455386801422 -2.829280644050489 3430
-0.0007758787486964402 0.1927482756902859 3431
0.6099548809974222 0.218553181462101 3432
0.01610317232750654 0.8125148862094712 3433
5.760186560865178 -0.9581324064454678 3434
0.4257765901985842 0.04203211291093781 3435
-4.299231358869124 -4.406538888176699 3436
0.1242196559937261 0.7472398667939305 3437
-0.1449139777688984 0.06548557932775553 3438
1.766428316383801 2.972273889659453 3439
-3.173278379148466 -1.812743088871651 3440
0.5373831439414807 0.1052028366284168 3441
-1.33857288789994 -0.88349762477089 3442
-1.602983991883437 -1.339733484290295 3443
0.1810411157824769 -2.374247694832114 3444
-0.1946738124332634 -4.50642297018116 3445
1.454549404103429 -2.371133891188674 3446
0.004285221060623958 -0.3983803073953096 3447
5.534282024170828 -5.165473547845276 3448
3.517158110753279 2.019769828560369 3449
-3.414121120538544 -4.072702829278485 3450
3.804402657294294 -1.843532875774371 3451
-1.974490003870065 -6.723081812946054 3452
0.3652440196310032 0.01847583446968528 3453
0.8902958554781336 -0.3490058691113928 3454
0.5501559673904278 0.04269715208978491 3455
-1.075645144174159 5.512125650667563 3456
0.02275171858998891 -0.5547756376614104 3457
1.437306259301149 1.648405862255509 3458
0.6637641201318297 -0.4374152127085515 3459
-0.5454044546698992 -1.481278768621168 3460
-0.02443040638736031 0.4889692844369867 3461
-0.4039342069770795 -0.1374593244598524 3462
-0.1497580645534778 0.7888734166824761 3463
7.457519072118201 5.170588171919487 3464
-4.803644473144073 -5.311315695424594 3465
0.2034254950922559 1.609037280416192 3466
0.3532406900086978 0.1401301590955246 3467
0.06160621338356374 1.680946720686626 3468
1.864953740701568 0.2101128429097613 3469
-5.728947118161464 -2.722433687813068 3470
-0.5822302012332772 0.01560282462456826 3471
-0.337743190051101 0.1459519638208263 3472
-2.558285283842843 -2.840251002161289 3473
-0.4651365316737158 -0.2124769312388122 3474
-2.663852348153803 -0.902255588836151 3475
0.3299949212083041 -4.88618362489388 3476
0.1864841692487743 -1.753305696872815 3477
-0.4470076810617012 -0.4520771429746971 3478
-0.161061896149995 -0.5407371418734301 3479
0.3218810650401664 -0.3535249328577017 3480
0.09995827000600027 -0.3472704737202286 3481
-0.6484633304135269 -0.164264086101257 3482
0.4152029904339793 -0.3894647966876845 3483
0.4427464350414699 0.1755680803159196 3484
-0.6734109975356849 1.433446920654472 3485
-0.2331315066856713 -0.1563647802363993 3486
2.357524225995049 1.164782704196788 3487
-6.681923180009018 -0.3586234902164005 3488
0.6666506542512698 0.7353622140276538 3489
-0.2780802583060906 0.1286855610226035 3490
-1.630736678465079 -4.835491071691993 3491
3.776940433397831 2.575108190919166 3492
4.189997603119173 -2.761167078479729 3493
-2.375998883476991 -1.653056381430697 3494
-0.6097722586243921 0.9081789564386514 3495
0.4727206950706578 -0.03467954783653971 3496
-0.01546896787331414 0.05833444296309592 3497
-0.6215568693204369 0.2332576116663221 3498
0.05550753103603524 -0.09665118615646265 3499
0.2694404799862611 -1.031345733676161 3500
-2.030782575545842 -2.342520687964974 3501
0.1992130733195908 0.2989607510841767 3502
-0.4416210774929421 0.5599841748163051 3503
-2.606792448608259 -4.562151628906746 3504
3.240525897422526 -6.465245059700427 3505
2.626077416505873 -0.4509904015271554 3506
1.774820640307194 6.710169711753192 3507
0.2370242541316185 -0.419661660447456 3508
-1.277986008752409 2.020632440918895 3509
-0.2203322603915102 -2.085377430542503 3510
-0.5324554527640096 -0.1965461429856522 3511
-0.4935470254265046 -0.02954405428230134 3512
1.228728207021329 -0.4152622560391154 3513
1.313971115734652 3.703168520938146 3514
4.526539595190395 -3.384203063879835 3515
0.3069643149641586 0.08616553008154197 3516
0.3411400290128621 0.09175003404871879 3517
6.817154634490015 5.24546245240425 3518
0.9602501445169339 -0.2632456921443456 3519
0.5157483233578436 -0.1802391185636576 3520
-1.555769670623663 -6.290159764037562 3521
1.950529823337227 -0.8678711079242571 3522
-0.153508463227303 0.4889249653487375 3523
0.3117732713620432 -0.6738454160381323 3524
0.6225478779786323 -0.2850585902709624 3525
0.3977884222199806 -0.2402629657874051 3526
-0.5414677268688005 0.1699618349884084 3527
-0.05674043904229537 0.09842342135950534 3528
-4.428924110293744 6.8085333054591 3529
-3.092743130165824 3.748885147224016 3530
2.722066603606945 2.613129433719172 3531
-0.1220199528803531 -1.553562099310182 3532
1.35195005805181 0.5694941428294482 3533
-0.6097211706744293 2.511587940517662 3534
2.769398448158336 0.6620052968459614 3535
-1.948779011906843 -5.796816918924883 3536
-0.1952470719411188 0.5104153391938592 3537
-0.2632410392533015 -0.09902169771116386 3538
-0.2188287679623415 -0.2674582560804182 3539
-0.1776869326720494 -0.271683500156116 3540
0.1356284776109302 -0.06683116913565479 3541
0.8054721283081874 -6.884737806439697 3542
-0.43660477791699 0.8364111936044939 3543
-0.3102587439979112 -0.1248659852429383 3544
-0.1940556289887204 -0.1459626251962977 3545
-3.613921038916946 -1.996550469596599 3546
2.588324474910254 3.531556785622463 3547
0.5735062454332912 0.5859464262314646 3548
-2.203609827614663 -4.107119572268534 3549
-0.02467484331269421 -0.117533408938807 3550
0.3208895353769722 0.02058629070300099 3551
0.2717554939662277 -0.1834215093097551 3552
0.6150371684886728 -4.393049685910883 3553
3.367383503093917 5.300161132686368 3554
-0.419533534567852 0.1965930395702512 3555
-6.666540799324479 7.576356633535245 3556
2.813511170338834 0.1679051088227579 3557
-0.1060941436478737 -0.1416070582730254 3558
-3.646252477810347 -0.6521877435285134 3559
0.8395614628712216 -3.373036464663754 3560
-6.841923530365439 -0.9246643586108507 3561
0.1405306302850951 0.06079941720295825 3562
-0.4600265201401542 -1.606837283498131 3563
0.2551398786346806 0.1915922483065557 3564
-0.06571786169184837 -0.07896773996458924 3565
0.03163672124491616 0.05326271052510044 3566
0.5242115812293213 1.827289167738567 3567
-2.251357595665893 2.496224928670107 3568
-0.661871270059961 1.303310541238363 3569
-7.506282423817267 6.040352001130747 3570
0.4389767795078687 -0.5612462593527693 3571
-2.553875773728446 -7.526153160348054 3572
0.4527845845396633 0.06588795107672347 3573
0.9118901577866619 -0.4135750561343986 3574
-0.6567395159365398 0.5198911090898163 3575
-1.711517078779381 0.6162298411953618 3576
2.760108282648568 3.993914238165504 3577
4.753847184206526 1.29677554367163 3578
-1.307763191061236 0.7906878692454659 3579
0.06079863201971535 -0.07100897938541824 3580
-1.873625308506308 7.453187339326357 3581
-7.496101921344285 -4.514052538284943 3582
-3.347050591632763 -6.2212491318411 3583
0.2610914301691747 0.02703161265534547 3584
-4.410203246339834 4.568113851587551 3585
2.04381681729269 -1.933698972390578 3586
-0.7627023142352415 -1.447608329117983 3587
-0.3268235802702905 0.2138373033116523 3588
0.2155393316784657 -0.1581761917243926 3589
5.203278902549499 -1.267288141702971 3590
0.1174387386679405 0.4649389823240376 3591
-0.1143525380675973 -0.07500344846882358 3592
7.52680476132993 -4.492219159061593 3593
1.828471549634991 3.884315432564395 3594
-2.44522285477089 6.406882470427088 3595
-0.01076314036427221 -0.0962829309154045 3596
0.1072582120098131 0.3231834914645679 3597
0.2966014000040479 -0.05251657393677065 3598
7.063310869726221 4.489047269186482 3599
0.498289715362113 1.562295257358174 3600
-0.09028458530714302 -0.2806922764600114 3601
-4.657568165743555 1.36378956398319 3602
-4.822744728564844 0.06293714007575536 3603
0.2113624588664408 0.3325320848208348 3604
-1.126455596136489 -1.438898938146778 3605
-1.06711324016187 0.3766720375753893 3606
-2.179039994587457 0.2535268030355438 3607
-1.031450273557073 -2.078387743423312 3608
6.423096008312083 4.283254825761067 3609
-2.779441873589199 -5.887004865986352 3610
-0.4471882206083366 -0.07718977949005146 3611
1.425546794472265 4.874744564180979 3612
0.09271503945691846 0.6638833379318407 3613
5.271761363708633 -4.018247914432147 3614
1.70817198641445 -0.8862901078773064 3615
0.9636290092054752 0.888908991079167 3616
1.330974349376891 -3.2295525680297 3617
0.5278167679762442 0.4517047344891004 3618
6.796939273494983 0.03508708692944944 3619
3.126858220600869 -2.834542382288977 3620
-0.9502793316399624 -0.5090987788184392 3621
0.5263474920406239 -0.04493279593124632 3622
-1.094665666148458 -0.6214573524729252 3623
0.3871537491323324 0.3667862888508873 3624
2.411604117260389 0.06597896186502876 3625
-0.02213326657747277 -0.7921920654067858 3626
-0.3713559479059291 -0.06705087079754699 3627
-0.05808773501815829 0.4161729449846269 3628
-3.703181175191951 -3.367016776279966 3629
-0.6397821781339342 -0.9982242580052045 3630
1.844576632231181 -1.654950082939442 3631
7.598838308139172 -2.373138137490864 3632
-2.015671703886134 0.2605946705240834 3633
-0.3522956205135111 -0.1023969960494801 3634
0.2350294655385415 -0.5526487627293732 3635
-0.5144171524652735 0.6895241560399913 3636
5.826631684497389 -0.1845620355792866 3637
3.84897270714663 -3.442929602906605 3638
-0.3430930235786461 0.9985740729011795 3639
0.7628145286022279 0.3245482736930593 3640
-2.365593218758752 -0.01754318902039468 3641
-0.3416010133586377 0.3019882173201348 3642
-6.728039368134808 4.137033157228551 3643
-4.620240446882479 -2.4125442092527 3644
0.1864767503844129 -0.08914436630878883 3645
-0.9783651059060167 0.4991921168827859 3646
0.6939223747834747 -5.813158218475063 3647
-0.1171682218642777 0.3513174092697094 3648
0.081920983943816 -1.088341325836431 3649
-0.07132412070323826 -0.1544971471639491 3650
0.1825736656522063 -0.2392106555359842 3651
-4.038748393862247 -1.141625519479268 3652
4.511892618577177 0.4855434075315808 3653
1.804962330949886 7.483645640120922 3654
-0.5679830633373212 -0.02813164949383377 3655
0.5264085058328088 0.7357469601251042 3656
2.646753112571372 2.051847129928712 3657
0.1137275327344225 -0.2245452679530309 3658
-6.655581647966855 -7.520305339913867 3659
-0.4173300979414053 0.4578976892773619 3660
-4.856340517694607 1.848593233366238 3661
-0.628453542940535 -0.04446571377783137 3662
0.5621220698809529 -0.459892194236184 3663
0.09166646505256795 0.04688863763849209 3664
2.942932412939412 2.297400096633535 3665
0.6088327271414485 -0.3837029825020061 3666
0.6701796001419592 -1.003100911848191 3667
0.1615285638909647 -0.3910735578643786 3668
0.3101395039088271 0.1394773535661232 3669
-0.4934336328614476 0.03551856301454629 3670
0.05847346784746142 0.1134739336794861 3671
2.81452615689379 -1.665697956987686 3672
-0.7834380888177688 -4.853836059690866 3673
1.540277482997203 -3.702789463690524 3674
-4.662091679482526 -6.970955918076368 3675
-0.2489345464464797 0.06761535117744689 3676
1.048457071126801 -0.7162581583858174 3677
3.344015674931423 4.790681797516432 3678
0.163527162529346 0.3072983222325069 3679
-0.2747247793153143 0.2049633238503615 3680
0.2149371783576977 -0.2426988593072042 3681
4.180418392669072 4.571280985746619 3682
-3.942413017935621 7.563072101166831 3683
-0.06364163858525548 -0.7102889330677418 3684
2.207748715015144 0.5177291324742291 3685
-3.62683684105177 -1.674573338494811 3686
0.5119205970006523 -3.557123034932816 3687
0.08051910760909743 -0.2142447893467202 3688
6.890609176901335 -4.37623780867414 3689
-0.8928308033329611 0.3587652791755006 3690
-0.7385431576837189 -0.2308749574735312 3691
-0.3385832441905998 0.1080581373464712 3692
-0.08932188365781493 -0.1862466931363424 3693
-0.7902776049339858 -0.07475640707202667 3694
0.8391763579625402 -0.02978104520453004 3695
-2.837833739101067 -2.385480293556277 3696
0.5003346554024412 -1.015263107093729 3697
0.3341663202103392 0.5865023636543366 3698
-1.513751346582012 -0.5597312083619559 3699
4.044961839115274 -4.782730389890855 3700
1.35799731209461 -7.519874770164228 3701
2.274184732551087 -0.8167231114397608 3702
-0.2847049493322556 2.495906407488659 3703
6.605532561502848 -6.962728713600802 3704
0.1921710703774535 0.1002409136777612 3705
-0.4528571111047515 0.2598255590206501 3706
-3.794622703647944 6.096774273908364 3707
-3.14835342143313 -0.1440659148414297 3708
-2.658223646022656 1.038869533190494 3709
0.255959228507408 -0.05653756470493414 3710
-1.992276342444097 1.02072975886676 3711
-0.2472954484796799 -0.07662312617943476 3712
0.4161854615099794 -0.04283773363879762 3713
-0.3300421286514005 -0.5946612837547435 3714
0.5952581755156753 -0.008251752241685621 3715
5.750621366268851 7.080805426279325 3716
-0.9298268230959156 -4.072643546819424 3717
0.4855545675265611 5.072315139055787 3718
-0.1208241793550591 0.2406896092054258 3719
0.03276559653825334 -0.07499117659377179 3720
-2.711825591694974 4.825134320938468 3721
1.130467957484801 -1.811188213114833 3722
-0.1298536721932778 -0.07790624040415953 3723
-4.372660362482127 -1.67640713411217 3724
0.05907997015000759 0.9673958137888002 3725
1.83609391099097 1.409942085888698 3726
5.710967056313073 -1.32944274940861 3727
0.5923096340475399 1.598285271166382 3728
-0.270755337415284 0.1057077647305716 3729
0.931147374480923 -0.5665510612926896 3730
-7.564800273518135 -0.3742809708018606 3731
0.147730294992459 -0.232108376135767 3732
0.06121477700539519 -0.1245024561747515 3733
0.003312247310741009 -0.07697130709101083 3734
2.545744696776112 -7.044830887355834 3735
3.565219015254113 -0.08348271132625053 3736
-0.5471175152634633 -1.268552877271808 3737
-0.2035146349273611 1.494387999398587 3738
-4.477683272655954 0.9715619522801998 3739
0.7738194167345005 0.1663287536359967 3740
0.1202047109338735 2.068720899810225 3741
1.510018285673652 5.911354726379582 3742
0.3875975917060784 3.096038347128248 3743
7.504270223957121 -7.510767800986707 3744
-1.339875304341179 0.4102236150821302 3745
-0.6130472948622513 -0.1161404492644698 3746
-0.5040696865410061 3.358996187736097 3747
2.944408021979267 -3.920397001616335 3748
0.02528222675332618 -0.8831250048560084 3749
-1.899630121650519 -1.222309751130884 3750
-3.397239456514483 3.884604247828156 3751
0.4643054994860486 0.002480439921157739 3752
0.1677683522756225 0.1074808341483472 3753
-0.815041802968556 0.4290977341050396 3754
-2.694954895189926 -1.990632769277467 3755
-1.598483222525558 -2.045887083805834 3756
0.2687903026160319 0.14429244685552 3757
-0.4817661690440868 -0.3149273201919127 3758
0.4529177981726254 0.7186702095392292 3759
0.6291260896678751 1.338007756923582 3760
0.3956414574540156 0.1527719201170282 3761
-7.489656247627223 -1.421925905199202 3762
-4.463122401029311 1.648508741751286 3763
0.165000254015247 0.05841761935042476 3764
-4.963418967117448 -2.024292916885383 3765
0.1201209368343257 0.04673443473513268 3766
0.3285115526527806 -1.566140230440378 3767
0.1515136580099033 -0.1133599324871095 3768
0.1631106509475893 -0.3136301323819074 3769
0.2277096219110713 -0.06000131449864727 3770
1.351741990945369 -0.9126012017721734 3771
1.476884604954052 0.7892756999582803 3772
0.6777178325338598 6.649855254158454 3773
5.213401394031086 5.891325614130483 3774
0.5929381401597075 0.04985961731769482 3775
0.188099271518758 -0.4407911436468839 3776
-0.1774315383099807 -0.1057837324359544 3777
2.009232070683278 2.378593913979983 3778
-0.1615684879460685 0.1301706604336444 3779
-0.6646018372168049 -0.6567454397938758 3780
0.3432519660499397 0.1186812584758297 3781
-0.8312727670354766 -0.1739727201854321 3782
-0.2425819089060623 0.1656078617733754 3783
0.4901346295250213 -1.709568296295867 3784
-0.8881945691185024 -3.15949323533225 3785
0.4094506352743804 4.377629960483072 3786
-3.522186473817129 5.515387825901158 3787
2.541142052409645 -1.953611338162576 3788
0.3859625871228387 -0.04702940585029266 3789
-0.4473893485701549 0.05185509550292677 3790
-0.4613058544754626 -0.04786318918601513 3791
-5.467353963145832 -0.3066994549359788 3792
-0.08662831313120156 0.1558999745955358 3793
-5.69435868102141 -5.942259137180097 3794
-0.2190524314313493 0.06658656896313686 3795
1.548741191083969 -0.8697909818588422 3796
-1.658932485757169 5.486660433470528 3797
-3.545443918336307 -1.148035407750334 3798
0.8082727889497655 3.221844158390628 3799
6.205856620565613 -4.508978244959326 3800
-0.5961569744815765 0.1432840920384009 3801
-6.412544724167065 6.815712147251547 3802
-1.474619553071811 -0.9292425031490325 3803
-5.057941447835171 -0.7236493291049623 3804
0.4808741432564315 -0.2548249347021252 3805
-3.702285550667485 2.725947105632565 3806
-0.5124576395606669 -0.2383164947532016 3807
0.1477202024629463 0.1529760144277304 3808
4.696622168395714 -2.000505673823538 3809
-0.956946656977416 1.058762846112934 3810
-3.396364055092828 -3.101671230316649 3811
-3.041336801622908 5.816697234095315 3812
0.5950603426707515 -6.321045167328966 3813
-0.08201710015956606 -0.1039716348715428 3814
1.12028477857464 -3.400870042245178 3815
-2.738461566444082 0.4917986496397456 3816
5.212530911561342 1.782150046075255 3817
-0.5609101590540939 -0.4132675533791735 3818
-0.3236393818993418 -0.2053962371498158 3819
-0.475821774348229 0.4964153952386006 3820
0.2555997385473953 0.1148465154533638 3821
-0.08395978295179514 0.3177645331785695 3822
0.4520484688177719 -0.08353429482481105 3823
3.851256337031838 1.300296485578019 3824
-0.6218950243561315 -0.4768129342125616 3825
-4.060065700185058 5.336640284893154 3826
0.1882367661030391 0.0789747035851294 3827
6.54744326278836 7.495967029234963 3828
0.6442349598535418 0.6042357680187086 3829
2.853837602647865 -3.204615091632936 3830
0.1001609582791808 -0.2606810650682529 3831
-1.903447077945062 2.04670325903334 3832
-0.5082659835152924 -0.6188574074197529 3833
0.2714961540055105 0.6604095815008243 3834
0.3412305262752139 -0.5773301044762867 3835
-1.264559427562039 0.9168686646080769 3836
-1.695805134703084 2.061250910735126 3837
-0.9703402869487652 0.04132472822304299 3838
0.1321385126219763 0.2263547652465258 3839
0.7395151674320516 -1.628913756916268 3840
-3.588071712893519 3.231518807676249 3841
-0.1620590800968537 -0.07646065899304894 3842
0.3560706333518489 0.4269058134831965 3843
-2.306311207817751 4.962198758412138 3844
-0.5113072576130601 -0.105120438717357 3845
-0.2579075265815326 -0.694959080632658 3846
-0.2671190514750119 0.5473324152346355 3847
-0.3079535839305921 0.8628520849396811 3848
-6.904269014301801 -1.48910080201619 3849
-0.8187133149929799 -2.05872128733797 3850
0.2853378079581975 -0.107887261490159 3851
2.099873647662965 -6.29281058823995 3852
5.046946654581873 -1.736688227770011 3853
-0.364887684596316 1.210334758926821 3854
-6.46854391155452 2.305032932748302 3855
2.502814077829432 -0.309487616471734 3856
0.2037119803619074 3.039168253143566 3857
-0.7705111719129927 -3.561987667090102 3858
-7.515522532133472 0.377522424703006 3859
1.316867095178954 1.704253724409612 3860
-1.03647932552908 -0.7326509211208569 3861
-1.224117821261911 -0.6759960863488892 3862
-0.148745135284734 4.670229702359885 3863
-0.9272307822215016 -1.17353239614759 3864
-0.1920333829356794 0.123000440376282 3865
0.1659910244349311 -1.419296418060931 3866
3.779265345439827 -0.5149156769136229 3867
-0.9673690876353866 2.837200062604046 3868
-1.792299213278636 4.608460011746596 3869
0.9897521981349402 -1.746750170821744 3870
0.084731062918912 0.2113329914275805 3871
-0.0438582054272233 -0.135481535342773 3872
0.3933438109342973 0.1268507249339252 3873
6.126200196495934 0.03743141966725799 3874
-1.797510250542254 -5.100454166985126 3875
3.842069913243346 0.9173260693259753 3876
-1.887766174010931 1.255712556391319 3877
-0.9402615805489153 -1.507148869198374 3878
0.2827555900286133 -0.7482244051921936 3879
-1.706330445502739 -0.7074576322509913 3880
-0.1562355362902842 -0.4761916095092767 3881
0.1798143985369879 -4.612050221454312 3882
0.3682208033319276 -0.3327985112030526 3883
-7.492361561838542 -5.230110891081107 3884
3.917528449266191 5.926552847568122 3885
0.3505769963095974 0.01540497604546027 3886
-0.1989266391325601 -0.173158030782779 3887
-0.7297506873408052 -0.00516369192568847 3888
1.885824151972028 -7.577103129133388 3889
-0.08982759565539994 0.4321777282650164 3890
-0.02509515394461091 0.1201483062082381 3891
1.057286813347859 0.5434488448895838 3892
0.8599751495893988 5.974563149980385 3893
0.1077122639411426 -1.646067499746408 3894
6.350435893114944 5.036424371459978 3895
-0.1434862771315929 -0.637133479760947 3896
0.02438850847963333 -0.1353215623325046 3897
-0.1112842921683233 0.1677465165016479 3898
-0.6958078249897344 1.697776456146954 3899
0.004322752171267812 0.05789474548214602 3900
0.6656921005650623 -3.867988666893895 3901
0.4019224547270727 1.776150151007175 3902
-5.736102629239892 3.581180581002386 3903
1.638362329575103 0.04946626492707031 3904
-0.9940218680023459 -2.566036797577472 3905
-2.409997159635827 -5.101759335047397 3906
4.591539806000119 -1.377710632601688 3907
2.157677395440412 -2.150903240689781 3908
0.2655445818348495 -0.2279312091160164 3909
0.4115449343703232 0.1966373748354816 3910
3.254746400741845 2.016411269986096 3911
0.4084583587080065 0.00845030020986938 3912
0.0362286650685571 -3.174153102632939 3913
-0.7981337487821552 0.8730782212682285 3914
5.149203033321466 2.457929397665112 3915
-0.1189586075950455 -0.1760636818549264 3916
2.169065404650866 -4.134537761935794 3917
1.773414160053441 -2.170027398417158 3918
0.2191730057591748 0.06683996749940825 3919
-0.01806326349365485 0.6450402515373179 3920
1.209332584693688 -2.529095005666348 3921
-0.4474136890339024 0.1684666441883243 3922
0.2454710738905628 2.65066001945348 3923
4.000665887117754 -0.08005143681897693 3924
-6.242767376325953 -2.630689885186834 3925
2.319147350444163 -1.012600400142803 3926
-0.4727600991452385 -0.7145756044580747 3927
1.707313179107801 -0.4999751283880014 3928
-0.7909501750659507 2.171973045280675 3929
-0.08322826309438859 -0.07632659814218533 3930
-0.174569526181271 -0.2378658066039357 3931
1.511373259684751 5.578530335318584 3932
0.08986665617714029 -0.06857636742291134 3933
0.6815994199213727 -0.2157834251298817 3934
0.5527115381061573 0.3362257950278393 3935
-2.462135941920932 4.340596514290535 3936
-0.05660311307966474 0.05872707795917862 3937
-1.078363221749462 0.187026080394649 3938
-0.4596247525237265 2.22114802186031 3939
0.6667414082442693 -0.1098371230434445 3940
1.429559389099373 1.965321042003672 3941
0.3863935811995007 0.4373234416623081 3942
-1.215791115834704 -3.85075419104782 3943
4.72184988236885 5.587288160377365 3944
-0.05175394263757346 -0.1032146722211147 3945
3.955822419402415 0.3980273821922329 3946
1.473421179208826 -6.930913661183331 3947
-4.905451404602172 -3.930426198877585 3948
-0.8248247478005423 1.094715976394061 3949
-0.0634378809660254 0.5855731878342408 3950
0.3979370941375315 0.08590543056561678 3951
7.587069245906745 -4.936402949404066 3952
-0.7260088334364316 0.06063483285746371 3953
-1.470590422477877 0.061145062051968 3954
1.466284937511288 0.5319949376617082 3955
7.516187107747869 -5.578357721400298 3956
-3.468113700079787 -1.798406331236972 3957
-1.983541426106516 0.6852833995058645 3958
0.471984962545095 1.06089136564395 3959
-2.174999974064974 -4.934766282650912 3960
-1.732524228905362 0.007168258866081557 3961
0.5206313999596081 -0.08367105545940577 3962
-5.9761008735189 -7.529654760662945 3963
0.5494555615444737 0.6545725210589278 3964
-0.630905009214132 0.32487488755898 3965
3.704456494248101 6.321365308294922 3966
-1.286421710156181 -3.073496684822135 3967
1.013682804344623 -0.3826326868363188 3968
4.242674772834459 -2.170908411694658 3969
-0.6955671279560079 0.2354823789438352 3970
0.4103647471356475 -0.4818628124641426 3971
-0.3041620290902354 -0.2568054930241394 3972
0.373678069506209 0.3030792809538863 3973
-6.867044289354216 6.336960095279682 3974
-0.5639344601474023 -0.3226249565785927 3975
0.3951274775416119 -0.1901065574523151 3976
4.638426100120397 -0.9492793067053753 3977
1.277583034941832 -1.707849594395508 3978
-0.02296090641875862 -1.148999460745592 3979
-0.07566220537299419 -0.2456297868287709 3980
-7.566743501975343 2.804715238002951 3981
-0.4471071112580298 0.0882357414098376 3982
0.7342377544602663 0.7072432726956679 3983
-0.3497699886545945 -0.1331983699737291 3984
0.2362777203103952 0.2122537802673775 3985
-7.589950412576128 6.987363477567235 3986
3.855409990687008 -2.415857482784258 3987
2.00467973478551 2.672020775493289 3988
2.30898096757437 -0.4597631167483668 3989
0.2834233981421397 0.1089891983197699 3990
0.4585906676267264 0.08884938922067068 3991
-0.7103032855639991 0.5417072789595968 3992
4.783222299862332 7.015224016377424 3993
0.6138256112311905 -1.266926792517279 3994
-4.557976798170749 5.140338173961105 3995
4.940084013326357 -3.938192230111115 3996
0.1326416176991953 -0.6824599509612232 3997
-0.5003935653706959 -0.9712983179651135 3998
-4.252407243517983 1.975811429369809 3999
1.268693486486355 -2.177193550509039 4000
-0.338805635733324 0.5899244283274294 4001
7.618409215831354 7.106822264393154 4002
0.2653590816998366 -0.2646794039402506 4003
1.807209313871095 4.875704636696688 4004
-2.463753834781227 -6.996413655562969 4005
0.7264051518686975 -1.771524946242286 4006
-4.332143917791323 5.812168743138078 4007
-7.600283093001606 -3.139689302797638 4008
-0.4837501112881765 -0.1112169022184914 4009
-0.3771896044557028 0.09381188214942751 4010
-1.107664450099335 0.7012047689203315 4011
-0.1127446996232713 -0.2340937951192374 4012
0.949987276789232 1.833530853889081 4013
-1.467041996199696 0.225145721972333 4014
-6.281271810278443 5.983881920568625 4015
3.129192004413187 -0.03433546812950491 4016
3.309652424173232 1.241066726975097 4017
7.021756535763254 -6.488812679429397 4018
3.455920778505083 -4.348825323885251 4019
0.06834411514286319 -0.6429091412624465 4020
-1.939429496396072 0.06184352651033176 4021
-0.09297113265164991 -0.8599016700698885 4022
-0.3132218795408079 -1.203032603765098 4023
-0.06221604571448378 0.1159935296131362 4024
6.409944798222945 3.873874230343225 4025
-1.222773895294488 -3.494871815454041 4026
0.4537809117758491 0.3375060527562667 4027
0.08415839036185917 -0.3835062190133839 4028
-6.273172975432605 -1.019515284068497 4029
-1.128191951375674 -0.08798117385933622 4030
0.3006990112689821 -0.1920282488702036 4031
-2.259303668667569 -0.8973295704562373 4032
0.3762503136113859 0.2138474583325721 4033
-0.4570631269213814 -4.944359329537922 4034
-0.3591073738380282 1.864972095608267 4035
0.5425780265715059 0.2251334603820938 4036
-0.619156096384191 3.797721021786106 4037
5.503800839751614 -5.988486249472653 4038
0.8873186723770341 0.7119332961639242 4039
-0.6599111014464951 0.09047629908242706 4040
-0.8449948844947324 -1.666669150471127 4041
0.7257096546839769 3.623020120026319 4042
0.3814316791867112 0.01481715423153123 4043
-0.3123708544853305 0.3773852888780145 4044
0.2153633801147702 -0.07723512901080502 4045
-6.191055606414641 -0.5453552467800378 4046
-0.3670111838630742 0.1818331001836025 4047
0.8645059434406136 -2.01379992182817 4048
1.108573890493484 1.584355227152602 4049
0.03364693624109053 -0.3538452715255256 4050
-1.07293170800613 -1.080189365723256 4051
-1.494805302881154 -1.351567696820029 4052
-1.055170165142683 -1.844740999879009 4053
-1.6028164586865 0.4598727618384275 4054
-1.638402183146808 1.577930381299561 4055
0.205579340835789 0.6872200261462125 4056
0.4215503096158437 0.23071712662317 4057
0.02882102652550831 -0.1774018091640178 4058
-2.236621398469524 0.5495208241553838 4059
0.3926830387532275 0.03101948852305632 4060
0.2399765521298187 0.3871808269121065 4061
-0.104579371642901 1.882707673105566 4062
-1.545389481977029 -1.081919519937979 4063
1.27826638101619 0.05135266407111955 4064
-0.1127848551027491 0.9952495301576645 4065
0.3508568144157702 -2.104418399535962 4066
-2.852750898617787 -0.3311099990126573 4067
-0.8513202843158316 0.2397182188883402 4068
0.7610941740961334 0.6469970561749298 4069
-0.4699285540404989 -0.08724569375474669 4070
0.2431647891658416 0.24231332846899 4071
-1.649371176860307 -1.840548344897776 4072
0.8876407256130462 1.203981492529811 4073
0.9064995851171348 -2.304315834982013 4074
0.7554243490524142 5.676356837608345 4075
0.5743495918534478 2.286723065130016 4076
2.3862051579743 4.508908203109303 4077
-0.03725019751047345 0.2122330655352456 4078
0.6351051544313371 1.046126885779129 4079
-4.972173856105593 3.703265248443042 4080
-2.225620267680085 1.093746578891357 4081
-0.7039247751991038 -0.8789630323363395 4082
-0.5657238477477702 -0.1041469919902044 4083
-1.281464246852587 -1.881526915516882 4084
-0.3612418882367056 0.1290514157887034 4085
0.07613380994636777 -0.07209348376282482 4086
-6.853116135508443 4.629614310679221 4087
3.007870405901429 0.2511511424326694 4088
-2.395280992292945 -1.973779893865338 4089
-3.902840796827733 -0.2185348321677502 4090
-0.1384363883727711 -0.1992424232913003 4091
-0.02356586826942099 0.0875670308718597 4092
0.1720983655569522 0.4110826789517069 4093
4.380787964780523 -7.02421020267897 4094
-2.972684250980277 0.2842240730159425 4095
-3.319530693811013 -2.259707926759718 4096
-0.3669027830247586 0.7138026448629067 4097
0.3023613198939366 0.1839890256325051 4098
-0.2080941848296347 -0.4140145919192386 4099
-0.2599156912691462 -0.2621042045420357 4100
0.8314465574977634 0.9044932893135785 4101
0.002295223310518597 0.1049665660994374 4102
-2.241723291287655 1.492283612784277 4103
-0.6670144973291492 -3.08744455993708 4104
0.581808889645659 0.3792331194348894 4105
-2.219492763490655 5.893362677753411 4106
-0.419175105284888 0.266868580058663 4107
0.3408853918972624 0.2302534547187161 4108
0.3671595041235269 0.03571048041663444 4109
-1.695490728382046 -2.957612856462069 4110
-5.694739974970989 -1.047918347752654 4111
-0.03000212121062347 0.05934780722688213 4112
1.794383357080257 -1.37341354284275 4113
1.091707595547087 -0.01209281286770898 4114
0.4683229704782806 -0.9368100933120447 4115
-0.2791363716913685 -2.406933746090036 4116
-0.2009720936264701 0.92299682037042 4117
6.808487286293082 -5.913799802395691 4118
1.284886728732725 -0.1641213192445597 4119
-0.5329104653228589 0.1413260076355569 4120
3.457561908634377 7.523024887220227 4121
1.613968411190883 1.419597159041832 4122
-2.033968414321426 1.856160073974244 4123
6.034183888913303 5.738430357826928 4124
0.2983844473040907 0.0535782379920641 4125
0.0722348814085934 0.2784435245215283 4126
0.3228246424703736 0.1547747542581303 4127
0.8726232229686002 2.370181326099032 4128
-5.134238955006825 -1.214005915532286 4129
0.5583801323797224 0.4857392943413579 4130
-3.121626790614465 -7.459605284193278 4131
2.42630882889158 5.188700905349125 4132
0.5507295590437599 -0.05393471666204717 4133
0.2072482034134108 -0.1036988285762729 4134
-0.1363453938817468 -0.1593950827582484 4135
5.382732080434882 1.174381933260654 4136
0.1550587196434486 0.542955871128552 4137
-0.2787401042319243 0.2544634620962502 4138
-0.130939530653205 -0.1391618620072894 4139
0.3206221279697344 -0.2443798105553922 4140
0.3934726171793058 0.06361480559629942 4141
0.4125453278312203 -0.1463270006113598 4142
6.630994023471867 -3.34492997274317 4143
0.04970551600608788 0.07395623018588431 4144
3.87719296780684 -5.838712767365846 4145
-0.2548883425482759 -0.1288540548169731 4146
-2.7843014398862 -5.015856406588345 4147
-4.313696218423413 -4.754380226524363 4148
-0.8698205585946182 0.5869843460568772 4149
2.409526192709703 -3.143523918350651 4150
-1.880437113340454 -0.6537884558770823 4151
-0.2420266251003341 -0.1409947532756284 4152
-0.1947775728298434 0.1035004250381462 4153
1.452712741909551 3.270229130395558 4154
1.641181369583582 -4.518395816288335 4155
1.899593224582301 1.826932796695652 4156
0.07055560930583679 0.1351295311034944 4157
-5.515297596217261 6.392775209097131 4158
-0.1974041534404122 -1.058497537033531 4159
2.750824051162675 4.515025503230789 4160
1.762930542783689 -1.1307982914751 4161
0.4575934390548264 0.481030031198787 4162
-0.3285864756785697 1.33610970593901 4163
-0.411522325162351 0.05493764011732989 4164
0.1194988886250961 -0.06666257621055442 4165
2.971782049169666 -5.500519426115708 4166
-3.646091980358464 -2.846857495962397 4167
0.8074709791450249 4.985506979114007 4168
-0.443723010909798 -0.1881697106614297 4169
1.301335697006775 0.47249668996738 4170
-1.367104024209618 -4.951839684281001 4171
-0.3856810629298132 -0.4030341808852427 4172
0.2539559778851398 -0.2092141101043278 4173
0.4588349593631888 0.5809718841681051 4174
0.9150553108956099 0.3104559364893018 4175
-0.2175760704556596 0.194846114994239 4176
-0.6940632288883722 -0.7149288382361099 4177
-0.8128249471196507 0.04716592185310574 4178
5.184908486889369 7.563983329347952 4179
-0.5244115581098869 1.082888122190263 4180
3.460043834549659 0.323985664786949 4181
2.839044831360134 5.461006870975058 4182
-5.270592329391276 2.553192402993295 4183
0.1090094335307209 3.251476251447015 4184
7.663197906717767 -1.758515944091424 4185
7.550869468059725 2.484929190027636 4186
2.957222090735227 2.538078068832423 4187
4.219331504331789 3.064769199122845 4188
0.3046568596637693 -0.2685755702590634 4189
-3.806409320668723 -1.557776037824742 4190
-0.210015114553214 -0.09032095192507038 4191
-1.255755613064189 0.1468569123398236 4192
-0.3774106305996262 -0.1336810387703096 4193
0.06209420374644501 -0.1430431285432903 4194
1.225610920328441 3.089753741627331 4195
-0.4752350976176229 0.1476599812926168 4196
0.134708974399871 -0.08634170795750613 4197
3.264098943911834 3.574195024182486 4198
-0.6400800398437582 -0.2618617211572146 4199
-0.3721576825692272 -0.2300610733958304 4200
-0.4184527601685016 -0.3119628366471566 4201
2.766370202610812 7.513817942817454 4202
-0.2299627287801045 -0.09263664317571089 4203
-0.4775819357596205 0.1007327738006466 4204
0.4233934596013332 0.1226787687564189 4205
0.7465614128466009 -0.264087148168238 4206
4.515421399148738 -5.214504748938045e-05 4207
2.33740274762759 -2.065036181438806 4208
0.4149710935071803 1.339892889497485 4209
-1.338915820762982 -4.255806679025316 4210
-6.530440638323471 4.756498138529311 4211
-0.2179330304392242 -1.552834407437974 4212
-0.7315099740967747 -0.3121328628784703 4213
2.060715235040795 1.544438249728549 4214
-1.18814045928669 0.02633574766415264 4215
-0.6962784568340534 -0.4267697542966029 4216
-3.851202638477131 3.777834870013623 4217
-4.278659813999266 -2.922988510474688 4218
-0.1301582002807711 -0.1042282232378065 4219
-0.1784932120724769 2.892024916952299 4220
1.397268365017716 -1.712876221910228 4221
-2.122102742039639 -1.964145194175407 4222
0.5355752477126134 0.5466335083128844 4223
-1.657127025104196 0.3506511174614982 4224
-0.6266153399072816 0.669905597211389 4225
-7.028625077476044 3.256538042813209 4226
-4.486540784884332 -5.581344856396564 4227
0.3495989966740654 5.504530904627027 4228
6.372941941073556 -2.732675375919688 4229
1.331914276556682 2.295885350504918 4230
-0.8781611570473671 -1.401207460195179 4231
-3.166420187180046 -3.657485245170426 4232
0.2876312337064776 0.06419874907134718 4233
-7.50637402870154 -7.53254077952792 4234
0.09745371346102544 -0.1871820690498547 4235
1.547698891328387 -1.677714000695103 4236
-1.307893570879187 -1.072505789195169 4237
-0.3343190849147925 -0.7839859125109006 4238
-0.7899300014618735 -2.279188072307072 4239
0.6334182427653937 0.6796805812579919 4240
-0.1758197241252844 -0.7584270564035276 4241
6.028825101852545 -7.640550056475639 4242
-0.4126634373352961 -0.1177944706736761 4243
-0.1799950521792616 -0.3130203449267717 4244
-3.25090585818346 -6.996613849989214 4245
-3.99349580510239 6.647564911309165 4246
-0.9337891844388829 0.8811967876279151 4247
0.0339756753065768 0.1906521182819287 4248
5.631834859914584 0.5398144741656952 4249
-0.5778088427173464 -0.2133189716787923 4250
1.974850815883467 1.234261286307537 4251
-0.3910257973351382 -2.269099629125279 4252
0.305536563774222 0.2596033594468386 4253
4.241245960429293 -5.682564503811701 4254
-0.2946076178384527 -0.9152688185538506 4255
7.126589044691028 -2.383684081036268 4256
0.1989276354701087 1.141037060010692 4257
0.4850102754738008 0.02326515956266603 4258
-0.1213107475378786 0.2812688528031366 4259
0.2726564746692454 -0.4042143361838304 4260
-1.281044114233458 -0.5521643973120548 4261
-2.868663184510273 -0.08997391511605858 4262
0.3416730459434398 -0.4013665266360223 4263
0.3070899653917139 -0.08002335369654114 4264
-0.5802938338986514 0.05197401002292185 4265
-0.3826745933289195 -0.1078816464267306 4266
-2.160999158008722 -0.6459363211457542 4267
-5.753303694915952 3.070558626615328 4268
-7.058652833835453 -4.386145840798473 4269
0.3548847931971246 0.4006905576124729 4270
0.4040484824222392 -0.1076629918255596 4271
-0.2776669517451176 0.3813910269615058 4272
0.5056830211492338 -0.03013650879418749 4273
-7.489236120803513 1.34957759893591 4274
0.7152231749273901 -0.7400248845344606 4275
6.934776901433005 1.130042102301985 4276
-6.148643931356448 4.31308293076204 4277
0.4020739852031288 0.04972856881733396 4278
-0.5545383715863637 0.3689650301183915 4279
2.220604140111241 -0.09257547663656006 4280
-0.4513905753497845 -0.1337348256326104 4281
-7.010261874048503 -5.821227849748485 4282
7.528182868533642 0.5432845136163131 4283
-0.9941509020850258 1.606610500030964 4284
-0.4435393721118649 -0.7928056088459445 4285
-2.052812264082068 -0.04618709819393303 4286
-0.07257723214512905 -0.565224623836897 4287
0.8253153369391155 0.5919446428897861 4288
-2.555454104616021 0.488639243862631 4289
0.3571800832654795 -0.04858906845376881 4290
0.1749463439319216 -0.09085981531248645 4291
-6.889745513873267 -6.380810251430558 4292
-0.0157429582800792 -0.2981932178778599 4293
-0.3376101632144348 -0.2379931920429519 4294
7.024366994653843 -5.042907867764248 4295
1.826571484589556 0.3445773466513626 4296
-0.3089838974026047 0.06705932699566296 4297
0.5013811766403476 0.3673769874112837 4298
6.997499205587371 2.246784523800356 4299
5.020550312610126 -0.982094347713204 4300
3.404374405654757 2.539894936738408 4301
-0.2903226607395422 1.556134613506034 4302
4.878344413471488 4.809466219150179 4303
2.928665906613511 3.067309407567969 4304
-3.079565367321109 -4.105159548615777 4305
-6.85271260290073 -2.663401315358412 4306
-0.5845890444756089 -0.77130394700995 4307
-0.1958710905588736 0.3716914314853069 4308
-0.5376954277353131 -4.341991019239051 4309
6.965153998842722 1.720298208189894 4310
0.3630768743871662 -0.2338004281627742 4311
-2.048653353612647 -3.605213084972692 4312
7.531741169939484 1.101605779143215 4313
-0.5634696672709681 0.1295325775102568 4314
-0.5179667658105792 -0.1363058483865883 4315
0.4981291627676517 -4.030954562986101 4316
0.8519139131908791 -0.08448075946411084 4317
-0.03383730834198129 0.3186609327121335 4318
-2.04575152574849 -1.076371338960232 4319
0.09571615023345655 1.276431964162564 4320
0.5163097503376128 0.008284299701771082 4321
-0.8072388156321347 0.1246263285986522 4322
-0.645631607633309 -0.3219546836453208 4323
1.053905544324573 0.3717656497868702 4324
1.475091068934399 0.14409194100798 4325
-0.5482859266810293 -0.5097919630202213 4326
0.2282154147454467 1.310022449423639 4327
-0.3036018632941508 0.2228450900745662 4328
-0.3753682300485107 -1.103927955996868 4329
-0.9390402859460407 -3.86092557726633 4330
-0.5126237900924819 -0.01614398599878904 4331
4.588815819235512 2.449314181568435 4332
-1.89100376781409 -2.738395804961944 4333
1.341723423517388 -2.799874356619595 4334
-1.863460122854206 4.058905228673564 4335
0.02632041372393113 -0.4940610704782861 4336
1.082961838761155 -0.8698602479365571 4337
-0.1090720966303482 0.5323116414184215 4338
2.904240087202612 1.188906131980862 4339
0.1727813398324664 -0.2756740799984674 4340
-0.5476696586237351 0.08914573457276619 4341
2.293107504465911 2.34292320056744 4342
-0.05506360350634324 -1.004936967984676 4343
3.658784484604883 4.100830165957029 4344
0.1304973879020074 -0.3494797603252642 4345
-2.052311350217222 -3.913367936848295 4346
2.0338534610976 -1.333893997408917 4347
4.414623991623332 6.079728045950627 4348
-0.796657684956807 -2.51317847498671 4349
-0.553438113449118 0.0004183716795036058 4350
-0.2525824157830207 0.3193034407005854 4351
2.420692015210475 -6.02644736047418 4352
-0.5075254214753689 0.1736920491695623 4353
0.494045849376621 -0.06013475783912231 4354
2.644469893580404 1.525188234143037 4355
0.4267293811943667 -0.09527589640595666 4356
0.4883377135863898 0.06626854101265195 4357
-0.6008943699356334 -0.1888605176888478 4358
-0.2664903250731082 -0.5195169776506223 4359
0.2047231745614285 -0.1919162081648775 4360
2.044047171973111 1.020333285801664 4361
-1.465992893175956 2.504372078820108 4362
-4.25818305975658 -0.07545120215035116 4363
0.4631862083206615 -0.2049746071808645 4364
-0.07462969587998387 0.1805116736108248 4365
0.009368963718831119 0.3044051400391016 4366
1.913856678684931 -0.6686926281271288 4367
-2.154841537904951 0.05701998148409507 4368
-2.725749983000906 -3.427847901516987 4369
3.185916702997993 2.791150611479705 4370
-6.717288321067433 -7.163213290022472 4371
-0.2802428342291404 -0.1520902457191849 4372
-2.337552660573449 5.490034004807746 4373
0.3166551020885499 -7.060265773722297 4374
-7.158710692574884 -3.076541446849415 4375
-3.879942529192411 -2.078147923388996 4376
0.5519587780613001 -1.129959961380579 4377
0.2635023752708275 -0.466218092921466 4378
-0.4751933894496802 -0.5311098301265361 4379
-0.2489890519283019 0.2204100828378355 4380
-1.275949310465784 -1.68599745970861 4381
-0.3146433089440857 -0.3589219647257527 4382
1.783829483696069 3.636850213537294 4383
3.485863707666761 -1.637966136955539 4384
-1.656606252840618 -0.09434327967720359 4385
0.2112286891496102 3.868217864792507 4386
0.881418802794383 0.5151009574707358 4387
-1.46289827772307 1.911304706771906 4388
-7.669461355280066 5.688528603804362 4389
-0.1209102723278118 0.6291675866434675 4390
0.4074681953800914 1.147682257415608 4391
0.233186436174113 -0.1064622301799597 4392
0.2375292745548778 0.07000420264524988 4393
-2.48788500619589 -1.179936329602446 4394
1.096083187251856 0.6540186057767112 4395
0.8289502540160254 -0.227106809825311 4396
-0.3729757565592501 -0.8585110119954883 4397
5.477466371338076 -3.438910763180668 4398
-1.507773440488707 -1.913865134078264 4399
0.3289574292653196 0.4872516515627268 4400
6.376490390665569 6.961293014310694 4401
-6.028226528610349 -5.064313599690472 4402
3.596227925338337 3.711969458319283 4403
0.4252318509493219 0.1454196430851434 4404
2.608443934422141 -1.243351733813827 4405
0.3887196314564056 0.244535176611463 4406
1.40495947338218 -1.842316963093832 4407
-1.493783093535734 0.9745803577959629 4408
0.1715900762361288 -0.1240023294833064 4409
-2.846090839480559 5.332930289377417 4410
-0.4041276708286526 -0.08579097448805545 4411
-0.1974388032586868 0.2174488490843116 4412
0.7406174268069547 0.2548020297507319 4413
-0.4366008854439193 -0.3619419046611086 4414
-0.309627205686258 -0.1453459065895439 4415
-1.895952344837753 0.207160989466371 4416
1.99217201974384 -2.254899738339383 4417
0.5768675400361376 0.2681382546961126 4418
1.324191000737739 -4.15952580855242 4419
-0.6056952696777089 1.565948862975071 4420
-0.0639681546836002 -0.09850863075940458 4421
-0.2030172031304401 0.09065218383207722 4422
1.19892255559053 -0.06122543527087276 4423
3.018040837224356 -1.514927431031966 4424
-0.2206854192515449 0.7772269150656423 4425
0.6754324757970074 4.100209529515782 4426
0.4922482707330093 0.1113885749137572 4427
-3.32656110574881 -1.039231380124554 4428
-1.956262995847008 -0.5267329164612968 4429
0.3709880713604163 0.06743823086004222 4430
0.3824732384094934 -0.1215378916994311 4431
-5.925664935285104 -3.238316678897363 4432
-1.387500353998252 1.660158458177155 4433
-0.1685952287308673 0.08283539884068457 4434
-0.3802256427503221 -3.089686717899038 4435
-0.5786068882747657 -0.1462830785306253 4436
0.461623040596163 -0.1037502273861174 4437
-0.6935665742765053 -0.1251666875206648 4438
-6.060936340807063 -3.855618804785772 4439
-1.130353577401061 -1.184618881179054 4440
0.09894774307023195 0.2987465871314222 4441
-0.1453170861110932 0.09471331719802731 4442
-0.1707305562366943 0.1581406155222852 4443
0.3383565807623903 -1.711204753970075 4444
0.2533454711473414 0.134281049326293 4445
0.9295413121546384 -1.308567541370693 4446
-1.287034909462861 -0.3318713687908825 4447
1.088190142399117 -1.943252990545869 4448
1.620181800087896 -0.1216243039773973 4449
1.140344643040602 1.390046126121491 4450
-3.434963523881494 -0.08371208851603475 4451
-2.447287565167165 0.6843846903618186 4452
-1.342080989907145 -0.2309362498960837 4453
1.081400385350121 2.350632976974659 4454
1.225024945129075 0.7228174493841697 4455
0.3039526452511468 -1.137408515533358 4456
-0.1152734724746029 0.1092539859132966 4457
0.1189183336801195 0.1484999366891608 4458
0.04591862249066718 0.05351596508082459 4459
0.09573863885869276 0.5215562578258862 4460
-1.255565335025509 0.6568057426731116 4461
0.3068277085435023 0.02283087064708608 4462
-3.520802284819298 -3.732100922875603 4463
-3.960097205625644 1.849053963127435 4464
0.4616767476319825 0.2087944957847617 4465
2.408764417225578 -2.250619723490034 4466
0.1041396895685321 -2.489547549080385 4467
1.215475038859479 1.799949406824287 4468
0.8907330922324431 2.599575675418764 4469
4.118192581057363 4.036126224688915 4470
0.5639754032182011 -0.1035696329055925 4471
2.288334274924956 -1.248260331317539 4472
0.1860642495554972 0.2516163801627381 4473
0.2142466037950861 0.03622113542641202 4474
-0.4927799366066205 1.242019247652435 4475
-0.5346751133719143 0.00780215359921119 4476
0.5074993417910794 -0.002013261073086537 4477
0.3531494564801234 0.722986031294066 4478
0.2281997003011988 -0.193812138409036 4479
-1.341747877834838 2.223025041966447 4480
0.04021129931777157 -0.2896566010090111 4481
1.917991572235412 -0.06796483455905447 4482
6.156926735500644 -1.620457741697464 4483
2.132206943607506 1.772709829045302 4484
0.3171004940754801 -0.07270415504934895 4485
7.545901079468864 -5.987617165799057 4486
-1.499607876712655 -0.2890823432844575 4487
6.518673845468787 2.34442954912921 4488
0.2693221330658506 -0.1376424566541954 4489
0.5724284687503536 -0.03220325777022362 4490
-0.6289988419925955 -2.824346014208161 4491
-2.1308855958959 -2.551374424851189 4492
-0.210208841648299 -0.2289467353236326 4493
-1.9264154640486 -0.222460799359069 4494
3.938408584258595 2.789898937936688 4495
-0.1293632456930859 0.1200500218174399 4496
-4.892400142907796 3.118923276453504 4497
6.86087253088037 6.791810898115607 4498
0.4140628617775171 -1.051991859611288 4499
1.245803234951772 1.203262685905662 4500
0.3322541583447997 0.2029236863319012 4501
-0.2456411380068679 -3.464219707690064 4502
-2.407012180383855 1.451749320090384 4503
-6.043662494568592 7.638433633845794 4504
-3.645072474811866 -6.305494721450467 4505
-0.01500186163079143 0.07984624274469125 4506
-6.336023317651128 -1.516577756119634 4507
-2.345483839580835 -0.5983597329063998 4508
-2.258511710508379 2.710509843732651 4509
0.7261680460004271 -0.3749075195052499 4510
-0.05159263356564928 -0.07350074601985265 4511
2.381150667477289 3.693190167471779 4512
0.287593942532514 -7.548733065023089 4513
0.3975088324215942 -0.6136979966305876 4514
-0.4720623155838096 -0.3853770215600466 4515
-0.4131105390500118 -0.09197694420618806 4516
-1.757816719755067 -2.573830996415751 4517
1.6146660576469 1.647919233874231 4518
-2.394226832679711 -3.109879409250194 4519
0.4470144692502474 0.1207043337714824 4520
-0.8011048695955209 0.5008060704175846 4521
-2.617490508783102 -0.03983980102623714 4522
5.453461194093649 5.341117175230883 4523
0.1116432923711008 1.036224965465184 4524
0.2113108707909996 0.5683037622315672 4525
0.1646949286033139 -0.8001758450269932 4526
-3.08479376445249 -1.179103702579352 4527
0.3289988613483686 -0.9672854121425957 4528
-0.4724216194135761 0.2013061356432037 4529
-3.295748781122614 0.479963062642801 4530
-0.001988004887492754 -0.2129178404741895 4531
-2.293267608326105 -0.4305437685642657 4532
-0.6043844944396561 1.945217052378141 4533
1.110487106363297 0.9680795266967636 4534
3.486983070146505 6.913554367400181 4535
-2.21226138053703 -1.165873922655011 4536
0.1023456740145414 -0.1106805344194274 4537
2.139999546768201 -0.5377444502750467 4538
-4.953873520506887 -4.624018946208788 4539
-1.829913703352928 -1.807929823323361 4540
0.4113922771760785 -0.3161844867961911 4541
0.3318178233180921 1.084635312207928 4542
0.380245187824631 0.05589571472011336 4543
0.9608523441942645 -5.386540689626812 4544
-0.6733250464354904 -0.00927351536180201 4545
0.2705565832784233 -0.3664480411154982 4546
0.2355425325829069 1.057861616066125 4547
0.1225889878313257 0.0750027129357197 4548
7.513430361051895 -6.99791636106328 4549
-0.3560080345835007 0.06392872182074988 4550
-0.6212697098745438 -2.020303646824235 4551
1.279781880270408 3.499065757101114 4552
0.2063306899359105 -0.7151413474939043 4553
0.5446213816712255 -0.3715160553289383 4554
1.553319532364972 -1.396301796477525 4555
-0.2983759485960894 -0.1800229660991044 4556
-0.4756459757992993 -3.976859909654074 4557
5.20944810463521 -3.173121960426086 4558
1.245612840131529 -2.005973785660256 4559
1.362111232372842 -0.2605059443664947 4560
0.5027655402319782 -0.3153790493806427 4561
0.5434634399447742 3.294222597703224 4562
-0.7037005731648113 0.6393565351775359 4563
-0.1309592649715139 0.09451343830265295 4564
-1.022736168515751 -2.298899271963687 4565
0.854651274086332 0.9937016242248374 4566
0.7709754434315155 2.713142792931649 4567
1.928681832358645 -2.580857012142673 4568
-0.2255025318937703 -0.3100444698940957 4569
1.116435690207324 2.584811265194815 4570
-0.1553981131013916 5.198487857108768 4571
0.3631372735449145 -0.1444264383462648 4572
-0.2264198947787849 -0.8228748268495609 4573
-0.1183947316519697 2.028190648419498 4574
4.435606928518495 -2.54171765918939 4575
-0.5808533103148807 0.2802851961923369 4576
3.504893991570375 -3.132174793420913 4577
-0.8084100648065294 1.433721314938039 4578
-1.193301622341832 3.920088084795861 4579
0.1371405409604152 -0.1152072159196783 4580
3.07445774551713 -0.5591995650782519 4581
0.301476880065053 -0.4292753484716813 4582
-0.56712291341549 -0.05526004874803327 4583
-0.07811790388330669 0.6895173584339255 4584
-0.01702152170621615 -0.5496119334948076 4585
5.600967843180078 -6.606981080789176 4586
-0.7572617555543909 -1.03069140991549 4587
-4.113145164900927 1.16970826088582 4588
0.7831035190672401 -0.8647107228075709 4589
-0.7858719754070791 1.00912341331293 4590
0.4876854198833838 0.1867009102329502 4591
-0.4213025611221382 -0.2020576756375597 4592
0.02618320830244422 0.2527200248092057 4593
-0.07586759725048871 -0.1248228498338708 4594
-5.707719612977876 4.851001023719537 4595
0.7439241361317948 0.4135890788708235 4596
-3.405068340389469 -0.6523191066094756 4597
-4.519652172409263 3.451961245863058 4598
-5.366848588881965 -1.639603150429882 4599
-0.07335003055456206 0.240734710358157 4600
-0.4500472727959573 -1.124919554982725 4601
0.6647331872568555 -3.150540036957187 4602
-0.1299335420301202 -0.2440564626761387 4603
-2.576698855063248 -0.5682219761953053 4604
0.5317185362875734 0.0547209722619284 4605
0.4707072114191929 -0.1726978548026345 4606
-7.66405001417924 4.291064102304798 4607
-0.1356273840408866 -0.3105266521959326 4608
0.01056511927456949 0.2265922403636392 4609
0.4158084072816512 -0.729122985431354 4610
-0.242117519150825 -1.373588977235579 4611
5.012882265964327 1.391151043922912 4612
4.950667472082715 -2.427734392481037 4613
-0.5592080082630182 -2.216223782926565 4614
7.064269705375873 -0.1275787028429851 4615
-1.057389407187904 -2.877038186216804 4616
2.851908257895639 -0.5478467496310065 4617
4.184562678986625 1.266834933253642 4618
-0.01821131042975823 -5.908882102785896 4619
-0.2257432573242033 0.6126430698484995 4620
0.3063924969695145 0.2070272734009944 4621
-0.7907161378216366 5.050672909486878 4622
0.4041317092958691 -0.05946565935621221 4623
-1.323659187226293 1.449248372888544 4624
-1.964523120245062 2.36370819802892 4625
3.254319760143213 -3.423971229940614 4626
0.1948538785970598 -1.327709814502571 4627
0.1663934259205639 -6.32412311226256 4628
0.3319814292609335 -0.1526329928252206 4629
0.7572761040795949 0.5353707382415405 4630
-0.6243975546083176 0.09305021792264925 4631
-0.01760738947296192 -4.107870259591151 4632
3.933486985962676 -4.153454774403613 4633
-0.2838122405360307 -0.3546090427124294 4634
-0.8269349355927206 4.085823714259792 4635
-0.162110208395709 0.5722329749148282 4636
0.6303642177518495 -0.3284700397854083 4637
0.7925764517494372 -4.758726994092664 4638
1.3526081470642 -5.133922995270654 4639
0.1643725967715588 0.2186437296525787 4640
0.9736252334131922 0.4900926585879803 4641
-0.2503106630240041 -0.1112135908869643 4642
1.733965619218052 -2.807681587450175 4643
0.2125198395862497 -0.4937842274317263 4644
0.7416543054605048 0.366325973176955 4645
0.4604940827129393 -1.149425848057364 4646
-0.1325267076607705 0.06146970893197307 4647
4.832274051501603 -4.699915267974685 4648
0.1530482377954726 1.707307298717223 4649
1.606198424309766 -3.460666691376864 4650
-4.829260780322823 4.045769728517222 4651
0.2155025709133494 -1.165421195769131 4652
-0.1654448668571143 -0.0959903939707422 4653
-1.753278409915812 2.479126964054002 4654
0.3824896137698067 -0.4427330758832238 4655
-0.8163030828642499 1.195553416073746 4656
-0.3991461161402579 0.1470263965583109 4657
0.204493608637224 -0.1189146190273754 4658
0.9199532320243137 7.197968221446597 4659
-6.701590298662655 2.806536931804138 4660
0.4531870464535003 0.01828242711915974 4661
-5.485626709993481 1.026427042257336 4662
-1.832505941635004 -0.07620850514772716 4663
0.2369613019311757 -3.357966864835213 4664
-2.416487208393022 0.199550081832721 4665
0.5828476035843408 -1.046387961552637 4666
0.1392955669336932 -0.2691776299116067 4667
-3.424859889947693 2.926705396374622 4668
-0.6610913253169093 0.2852865567215552 4669
-3.212543077848446 -4.711837890069686 4670
0.1015788096087 2.173429578608242 4671
-3.272621088005453 0.9625202163199795 4672
-2.423612260711618 -3.947708810634483 4673
-3.996232005601554 -3.683958980035219 4674
1.080133442956899 1.716001010221791 4675
4.283119415049071 1.608974730386695 4676
-0.01786112504501862 -0.4916811882337124 4677
0.488906310792065 -0.3605179212615752 4678
-0.33859091127647 -0.5537144144921304 4679
1.471207423926873 7.024446740618104 4680
-1.465450211883669 4.38030897792126 4681
-0.05970398753306469 -0.216146733235119 4682
-0.2696698754308569 -0.2010454210543159 4683
1.851866206800198 5.915897243922824 4684
0.8128924235959982 1.787217151109384 4685
-1.206612746846496 -0.1614898285002656 4686
-1.053473715593977 7.610168279704424 4687
-0.313214976679222 -0.07515482687272494 4688
0.3431463778176997 -0.1871918316807255 4689
5.794941683757648 0.9688221283771715 4690
-0.5711152294218016 0.4298075988153699 4691
-0.9256339427477155 -0.6807576304966845 4692
-0.9746695527243796 4.343678305635074 4693
0.3393755551416098 0.3302728793602379 4694
0.6937367577905985 0.02689259094003806 4695
7.160634072919179 2.909105009269376 4696
-0.4685926418645048 0.3063766144103419 4697
-0.1823915924318718 0.6716061883261066 4698
2.05289782142327 -1.546873009081434 4699
3.426895585315611 3.074169458723166 4700
0.3278964139072856 -0.04828171851102817 4701
2.02483439169157 0.4336767846822082 4702
-1.744798025226394 -7.10759185551048 4703
-5.572166177342915 4.056888842332697 4704
-1.003330365314141 -0.078998511320375 4705
0.245321556988316 0.5398942326946979 4706
4.03501851721173 2.114371538928633 4707
0.6724923826957164 0.8619887741649273 4708
0.9897193733571059 0.09632085883577308 4709
1.024916321561494 -0.5089580664369922 4710
0.2518426283461235 -0.1439229050105263 4711
1.840612642316704 0.6101362048610386 4712
0.7076697229833058 -0.06333486116112712 4713
0.1526880245446174 0.456656061231709 4714
0.2979718331248595 -0.5229999819043195 4715
-0.4682822614943226 0.1267329456373306 4716
7.568616184686101 -2.927094663087475 4717
-3.199906031176693 3.440178061539243 4718
-0.7910558967782907 0.676779842485937 4719
0.7212178128676422 1.113326366696021 4720
0.5095457128489539 -4.62755677321666 4721
0.3250029302146541 0.03199353123747435 4722
-1.149556884442376 0.1985163200668785 4723
1.18447304729978 0.6394715378044931 4724
-0.2935329048546657 0.6591372210363906 4725
-3.406361629682678 0.21499518329496 4726
0.262310594193186 -3.766113478062482 4727
0.03446361816054238 -0.2146898855375902 4728
-0.2699357671026511 -0.3038839181347985 4729
0.08919771553172257 -2.016857391432664 4730
5.447322044370951 -2.759479869749711 4731
0.9112461530209159 0.3804821431757865 4732
-0.1611044643929083 1.071261902933426 4733
-0.03653550656612098 -0.2122945980166265 4734
-0.5726273681480588 -0.6881508413850471 4735
-3.95509675566616 -1.789708096357224 4736
-1.722107512812868 6.040970607487095 4737
2.154571736947063 -0.2551756464198846 4738
1.194333553527448 0.8992703220681415 4739
0.2442324250843099 -0.3528617238886755 4740
0.4308218747549198 0.4312424985403733 4741
-0.03324440200842961 0.7530736118098811 4742
4.185332277705874 -1.327890719503221 4743
0.07631274549953623 -0.1667802537698022 4744
-1.448728985407995 -5.423293850921432 4745
-7.55453411356176 7.42610593248368 4746
0.5829281592642265 -1.802306329579071 4747
4.668629227851531 -0.5772493247494352 4748
-0.1679431549038933 0.2678374471222449 4749
0.5249093661930001 -0.1264646580214241 4750
-4.478709419762966 0.3189967588452633 4751
4.913628681253183 0.1610360485749541 4752
-1.272002304463628 0.3427264796926518 4753
0.8418230632974707 -0.4185174396573638 4754
-4.657884564565194 -0.4858367518138076 4755
-2.587488380038658 7.467813399462337 4756
-7.575328200368912 -6.253778400965436 4757
0.9738952352740582 -2.002355485342373 4758
-5.691792221092943 2.641766260427212 4759
0.7196553999726136 0.07715909979039055 4760
-4.702137218883188 -4.918137046971371 4761
-0.008008123512412455 -0.1327472872456091 4762
-0.3671454953073907 0.06106119109159117 4763
-0.02164996053513597 0.366335738471703 4764
-0.1441258979683579 1.744046056839455 4765
-1.370188905555777 -1.445398747487044 4766
0.08191421657883625 -2.230478247712113 4767
-0.2215021628211261 -0.6222520693096009 4768
-5.138098427543793 0.9549323578360253 4769
4.831800834978304 2.033215731268 4770
-0.5389171098300599 0.05954826879547097 4771
2.314430711183427 6.26058158344494 4772
-0.5157394549093461 0.03032089980989264 4773
0.6219503599907126 2.015745637119431 4774
0.3092650198165969 0.5463021372076995 4775
-4.136184450989174 -2.176810105314732 4776
0.9613251072151647 0.2442289669598979 4777
-4.265765510593938 7.705817632156803 4778
-0.7053098560087301 -1.682957875953856 4779
1.09095134703981 2.02414219452293 4780
1.269703631369457 0.3034515321549238 4781
-0.031002740177333 -0.2412258243755623 4782
0.5162616555835414 -0.4842278002171097 4783
-0.8289715130563471 -0.3224399334301644 4784
-3.260726202415078 6.272015053426388 4785
0.2859419129014726 0.4098011334648251 4786
3.536176165574872 -3.701374972137602 4787
-0.1950633406420043 -0.07774746787901338 4788
-0.18641985206312 -0.1138809698256528 4789
-0.7001359047693102 3.246913551180264 4790
0.1251995136519221 0.280993127424666 4791
-5.31558535400816 2.101990495329543 4792
-5.489477024780856 -4.237383382494669 4793
0.7336651732370846 -0.4740873643674227 4794
0.5791226412447544 0.7071504862209617 4795
0.4942362785283261 -0.2178342722114467 4796
2.684822413208909 5.092179249535944 4797
0.5145170700805662 -0.06263096329694924 4798
-4.582951107668602 -0.9667686392607842 4799
4.085229376499145 -7.526752467567484 4800
0.3291271674995737 -0.08273339577852881 4801
-1.59417091474929 0.7041264889850691 4802
-4.709975815419121 -1.456172539992702 4803
-1.832080850150878 2.656526852709804 4804
-1.183182138878599 2.630863711118079 4805
0.6179346725831844 -0.1369665176166437 4806
0.1140812056986871 0.08926288519995534 4807
-4.52185436337377 -2.060301746232538 4808
-5.714719009264964 0.745530567424843 4809
6.441952662935496 -5.65649819132831 4810
-0.4486888670596123 0.767485709375974 4811
0.4916009190230577 -0.8497838110872056 4812
0.7796564961854541 -0.3241477486714797 4813
-1.859392890559036 0.742284725785193 4814
-0.04972179162626764 -0.1742247798489803 4815
2.280397439863064 1.516463231302168 4816
-0.3410130976554121 -0.07039926430535777 4817
-0.2208430878649038 0.1227656317331612 4818
0.1794874421647748 0.9178073230159255 4819
-0.5998810552289017 -0.2883477553783148 4820
-0.881926702773224 -0.7639018924749594 4821
-0.06373370741823321 -0.3410419060016739 4822
0.3998183770275106 0.6123434178749763 4823
0.1375835252975759 -1.233123508601787 4824
-0.3585489611383704 -0.08640151923292859 4825
-0.09316847776830112 3.135134420380824 4826
1.132587241815258 -0.2557755184815944 4827
-1.143832269764588 0.3214692154081546 4828
0.3096868337872314 -0.1729506277262747 4829
0.1629736823056165 -0.147857611622632 4830
-0.7534311024245157 -0.4953309182415276 4831
-0.5477148804512235 5.624170807094591 4832
-0.318969655667426 0.1860147463922275 4833
0.6224538280374866 -0.07631309380556837 4834
-0.3418673920517169 -0.1868613652310137 4835
0.2345340496970764 1.82776485970497 4836
0.1450278925094377 0.09487961079749171 4837
-0.5232066465992822 -0.4486082412443571 4838
3.945466498418298 1.693761896361133 4839
0.2340906991496289 0.1459468320634399 4840
-7.46887820636304 -7.117683294688373 4841
0.1758003339281164 -0.1683294793330618 4842
-2.165583551834125 1.342555397025375 4843
0.3559312175946249 0.05919223151145599 4844
1.268994088912006 -0.5856374822003425 4845
0.03200929120311373 0.06747175261127278 4846
0.6422546597634066 0.04378768804634991 4847
-0.003032180913745635 0.127053856159686 4848
3.058290436454838 3.98148156226337 4849
-1.088625697441682 0.7888741547316981 4850
3.646159485037276 -5.26757130534795 4851
2.187298385476557 -5.251689445042965 4852
6.180449700733594 -6.364902426652645 4853
4.970324708566491 -0.1247309065951301 4854
0.06925903852616012 -1.386719756713175 4855
0.4808867004859279 -0.590378174493418 4856
0.4453343549851572 -0.03804843388359179 4857
0.8454604568367798 0.3061744618866271 4858
-2.876049832694053 -6.816035355414399 4859
-3.494960477137278 -4.4563480464775 4860
2.090911728479439 -2.415361259362689 4861
0.6506598215203494 0.2395703062432866 4862
2.000195157817081 -1.097311745430782 4863
-0.4230568637010738 -0.9504262602790906 4864
-0.4266745848703258 -0.1011840321375824 4865
-6.252246100665411 -6.944848356333087 4866
0.2974031887060278 -0.6308384857259356 4867
-0.6166417523019109 -1.147830155437765 4868
-0.8256142192863231 -0.01182082696864665 4869
6.134711283753305 -1.93949600465979 4870
4.332294157800095 6.534212782606825 4871
-0.48587016016833 0.04920614795829008 4872
-2.006860773244799 7.037324842527481 4873
-0.03914710265486994 -1.677180790649838 4874
0.1151308478943418 -0.08346880111447043 4875
-0.9752713989300758 -5.51326609978565 4876
4.637653659008217 -7.604665717011287 4877
-5.774993587184246 5.756725032195288 4878
-3.272352623261438 1.295087042740256 4879
7.670723705664633 6.536204273339152 4880
-0.0988350245782032 -0.4552834382513674 4881
0.9140754113285505 -1.617276300856912 4882
-0.4631190269894334 0.06728366259299928 4883
-1.423524519106452 -0.4857275320116036 4884
5.867229022397244 -3.062087636993102 4885
-2.971867411398049 -0.9331114230232683 4886
0.4403723195276647 -0.1883518486800143 4887
-0.4930259798229871 0.3605294377561268 4888
0.1193307137429915 -0.1572205648218483 4889
-0.5202770611713659 0.09136546058697095 4890
7.557714778847565 7.476199545234434 4891
-2.570437630123273 6.036627526371258 4892
-1.633337953083434 0.08227801046656086 4893
-1.05891306887156 -0.3842148457549135 4894
-7.070659514314886 0.8568004978639017 4895
-0.4678086977110574 -1.220613429607733 4896
2.968925268658063 -2.585875126897339 4897
-0.4492588185532691 -1.977068053779845 4898
2.211454187717794 0.224098590607838 4899
0.4419584646358037 -0.2356682251842865 4900
-1.638993118786171 -4.19091559419503 4901
-0.5360127510096971 1.798206670083565 4902
0.5870457916132303 -1.428135704354195 4903
0.7058361760325697 -0.140887434618419 4904
2.436340333008148 -4.980551222468943 4905
-0.2793217968671771 -1.976231362255256 4906
0.6106242127643097 -0.2053609226396103 4907
0.6478445423473317 -0.1798154034755395 4908
-0.1313106813197579 -0.5689652003099477 4909
-1.553262071189121 -0.7781109506317889 4910
-0.3895944404831089 2.945493357957589 4911
0.9171278713654081 -7.571700534201435 4912
4.886778968581068 -3.715084549082662 4913
7.595069747057966 0.0526048936642231 4914
-3.517211958791131 -5.113237785730867 4915
-1.440618692964689 -7.672205150924517 4916
3.155467089776771 -5.696664234853042 4917
7.58041275724053 1.676843264200822 4918
-0.9110939179301932 -0.1188340521261887 4919
0.1011429311372812 -1.833099051236652 4920
0.7638378174168508 0.77283172420525 4921
-2.811320982614652 3.84090880976477 4922
0.2050848212212785 0.1795620402377482 4923
1.170734826415964 -2.862346700880233 4924
0.9575735570296875 0.6561537088671749 4925
0.7539522326718989 -2.035922812043343 4926
-2.269396359731253 -0.7082094467938052 4927
0.2143775117664433 0.4254829058292707 4928
0.0789250782918786 0.3332330676675054 4929
0.06609220407118145 -0.09647090095424657 4930
0.3269674123396477 0.6556869040012442 4931
1.842968088273806 0.0306897483776898 4932
0.4016843812904883 0.8686150673461001 4933
-0.410450831778818 2.015273568534055 4934
0.3527596827490491 -0.7870599198554167 4935
-2.756547206117215 -2.726989143868761 4936
-2.016024092331806 -1.385449298046524 4937
-1.252601179271614 -1.303499403554778 4938
-0.8595992544090538 -0.5700908679067775 4939
-0.1476403123793677 -0.2316531090397962 4940
-1.130698953722427 -0.5390708467700183 4941
-3.156114550536395 6.994745362276217 4942
0.473654401860379 -0.5145343515431479 4943
-6.492563147958913 -6.432391849780417 4944
0.194093018676839 -0.325887363811667 4945
-5.814831744699025 -1.55652065459411 4946
0.09787170951953042 0.07495542538486262 4947
0.6023287575239362 -0.7400222089369078 4948
-0.5395032577395729 -1.357932873372482 4949
0.02139902809599636 0.1328896839130353 4950
1.401468706812079 2.883170627047634 4951
-0.3120996731223583 3.968243768461993 4952
2.614720703737117 1.257993769266273 4953
0.7618312081183797 -1.288952005111262 4954
0.2166741646976488 1.411190540219047 4955
1.3128972205295 -0.4809025993203798 4956
-0.2494626179847051 -0.1707649405914119 4957
0.007281169349880661 0.9427169145845464 4958
3.796680591901047 -6.684968346712687 4959
-7.593441247311977 -1.857732539326164 4960
-1.547621868081076 -2.567246276239274 4961
-3.017031345038809 -1.678574826650806 4962
2.154683819652333 2.002240544524821 4963
1.831132238293022 1.261551936246214 4964
0.1211469585606911 -0.4190842929882588 4965
-0.543748082199641 -0.1602206558106423 4966
-2.646353081382504 3.20740349310023 4967
-0.2256613107586196 0.1482585587377031 4968
-0.01290952579320005 -2.369749798948218 4969
-0.3147764585022916 0.1485677914742594 4970
-0.667831316107379 0.8461357595155876 4971
-2.083390467127532 -1.745210711177835 4972
-0.6555494170112288 -0.08821553763459455 4973
0.71765894465633 3.367945134153896 4974
-0.7570109429413133 -0.6050347724601953 4975
-0.1574801296694941 -1.445769062184348 4976
-3.756657329110262 0.5932586547010373 4977
1.787831985672371 1.134551597681456 4978
0.1814765832494578 0.2887391760710219 4979
0.134933793275014 -0.1795137226287634 4980
-0.08910103921896077 0.3517313668682416 4981
1.827479894911081 5.32686378768156 4982
4.733102626385049 -3.091631344817956 4983
1.030756881105423 0.611357324473051 4984
0.3438936249990885 2.252204343645419 4985
0.3033299321364746 1.443425043255989 4986
0.3779650095624446 -0.08282978217367276 4987
-2.359085873178916 1.846169041793304 4988
-2.565415313246009 -0.2935670949636736 4989
0.9032408565924627 0.8542653461055116 4990
0.8141836810320342 -0.8180177914932943 4991
-4.183768403856537 -5.087121541830886 4992
-0.3764871976574972 0.5210221748236151 4993
-1.920199884186558 1.670463042339369 4994
1.905392252584251 0.4677629907644045 4995
0.2016983379520199 0.1211838454301164 4996
0.5418319848335478 0.4029436967864761 4997
-0.2633952389892826 0.08815730411914621 4998
0.4839184299974107 -0.1397318991366968 4999
0.2854277520121216 -1.834627831292868 5000
-3.481120279816514 4.933086062996564 5001
1.863237442876148 -0.4612824425542752 5002
-5.07946194819738 7.566127010783212 5003
-2.332126612326895 -6.223734395422509 5004
0.6834394001032726 -0.3286944436814371 5005
6.122736369576898 -0.5781764861168553 5006
3.74636286783405 1.552721302806598 5007
3.560129544547393 1.737847942022785 5008
6.491209056301071 1.054166198632686 5009
-1.610964478758945 1.263767731579387 5010
3.095179431565282 -2.287356384407869 5011
0.4979874995620274 -0.1151424462770181 5012
0.8053568638664116 0.3499598733054864 5013
2.388953509994596 -4.025976503257814 5014
0.1315964329765653 -0.3124662256841265 5015
0.97581765386439 0.392163239641118 5016
-0.0353951631943581 -5.237683942736109 5017
5.643388939178153 4.875270822720712 5018
-0.3930536217938698 -0.07831401720690728 5019
-0.9702070421681075 -0.3703040327035331 5020
0.3828673258471479 -0.5311794298634595 5021
-5.760054779122826 0.4175973235277387 5022
0.3708390187547614 -0.1682696734492737 5023
-0.2609053783440273 2.250526005620836 5024
-0.08151835165415218 -0.5049198905050528 5025
-0.06745304520909468 -0.3839038184394843 5026
-1.054205027259469 -0.2378725669162366 5027
-7.56469326204388 -4.112576088588929 5028
-1.057291405218737 2.997574186664712 5029
0.5662326294704056 1.705764534619036 5030
-0.6370915135305557 -0.9088421094744111 5031
-1.10393384559212 5.145101668084394 5032
-0.5912213791043406 -0.02225359798740412 5033
-3.102548624844281 4.379720856317232 5034
1.401590263387734 -0.688035532859351 5035
-0.2597804636684176 0.06627124430045406 5036
-5.03363406963545 -7.492385342358994 5037
-3.628897674267288 -6.786650489837325 5038
-0.6089690553083328 -0.3583728949833497 5039
-0.2909312578959865 1.699695026415719 5040
-0.307296665094087 -7.398862272606857 5041
-4.600149920878044 -0.2285080927311072 5042
-1.678247575636373 -0.2767689177273277 5043
-4.194489649763334 -1.340695517365195 5044
0.1401030230695018 -0.4639505763124911 5045
-1.684521246467473 1.110331721407861 5046
0.7017646661108189 0.5803891828087123 5047
0.6611466657653076 0.1018185687081456 5048
0.04252784116753628 -3.580079624266248 5049
-0.1915450579714878 0.06588165172465234 5050
-0.02689328088544965 2.214794860772649 5051
0.106302271946728 -0.7603562574992394 5052
0.07943004673103007 -0.24760542791803 5053
-0.3023356129197257 0.1213320755870607 5054
-0.1101975254530528 -0.6794305852737029 5055
-3.865481490081054 -1.276437066568115 5056
0.2346953533791539 -0.08932210668016771 5057
-3.132246993268573 -2.798419348373558 5058
0.1124740347046841 0.1727334845652844 5059
-0.1845996780012325 -0.2172544311789226 5060
1.492527166232941 3.472607922472082 5061
-0.5259472551646616 0.04784570156999567 5062
-4.771354453623898 0.6810853006778483 5063
-1.906456766194041 -3.210085638415753 5064
1.416701409886833 1.444883965456581 5065
2.147408807089396 2.234626062225079 5066
-0.2727106531753874 -1.619903066500668 5067
-0.3894123827795955 0.120285167323318 5068
-0.4391264645366956 0.2172513822810359 5069
0.0420037970313115 3.516125106443249 5070
0.05305322009267338 3.77918202936683 5071
0.1422996785701783 -0.95821025756867 5072
-2.075068323206039 -0.9087860379909733 5073
-0.6859529240241985 -0.2162576251473905 5074
-2.238647452951116 3.657328520824232 5075
0.1868018303109597 0.6308797294214306 5076
-1.777441786307529 0.924871019395115 5077
0.4803429302688754 0.245964472499378 5078
0.02703756966264503 0.08746521143567293 5079
4.955525805092232 -6.978927546622764 5080
-0.3775232250358309 3.195091310967078 5081
-2.415587726969402 -2.201745969963187 5082
-0.767716131826808 -1.316093832573731 5083
-6.04151551543875 -4.775985689889378 5084
-0.1776170468314666 -0.3643622735325461 5085
-0.8154485613432801 0.3149639081946057 5086
-0.01737600351226138 -0.3445371841644369 5087
0.01603034781892247 0.4227347900733049 5088
0.6369846970567307 -1.16029628718301 5089
-0.38228515362809 0.2012178354544742 5090
-0.04700068296942375 -0.2567587236092016 5091
-0.04249249081178094 1.695673933514852 5092
6.42819531886063 1.828187300508706 5093
-0.06515795359284232 0.05748962080340913 5094
1.088053869570687 0.2026199582419062 5095
-7.068174811767154 4.944144967345305 5096
-2.328126684766603 -1.02353158752297 5097
-0.2854703366141379 -0.5849447019991753 5098
-2.960794463171299 1.039372878307037 5099
-0.09611901969697839 0.05904264079867425 5100
-0.9297260740632649 0.2920858806797301 5101
-6.714498007340868 1.278385759401993 5102
0.3847157019702211 -0.8922826876904126 5103
-0.5187335865365555 0.4403926062003886 5104
0.08971472833695146 0.1656199945432023 5105
3.326677518175328 -2.588138734124003 5106
1.604906573625933 3.053050329965942 5107
0.6134706360259193 -0.4214900140921696 5108
-0.4148936053023387 0.1106806561661322 5109
0.4117870608981766 2.354376620392838 5110
-1.116795932753514 -0.9090913131815488 5111
-1.673636572792579 3.483654574234412 5112
1.418607171929446 -2.165330205335846 5113
0.4836715902758833 0.5386784247620146 5114
0.3521727186651361 4.723304478240455 5115
-1.656237670312154 -0.4876257677399017 5116
0.1768477611885482 0.1734294653791545 5117
-7.102217004350098 -0.2432941992169158 5118
-1.078910175345141 0.1099782742537709 5119
-0.06247758676390033 0.3868992293836497 5120
0.5138418632662864 6.102756540801196 5121
-0.3743164203623274 -0.3199084377747683 5122
1.474903452847208 1.790656343474089 5123
0.1832380513978454 -0.2098846326733915 5124
-3.178703128494069 -0.7876081681582593 5125
0.03366159755660953 0.5059658846358688 5126
-0.4294435319869514 -0.05333165687876716 5127
-5.240444625259282 -5.233205019502454 5128
-4.430959952655297 1.207604155998638 5129
0.1810196415932345 0.03930712812235409 5130
0.3403237372654171 -0.2593770663220472 5131
-0.2901518504501345 -0.220742507679978 5132
-2.763800709360224 -1.006136396484698 5133
-1.999539556874062 -7.618556641731707 5134
0.1103564313243957 -0.1276171181368166 5135
-5.171870748555441 -6.827103193925915 5136
0.7686395470045179 -5.157281504412211 5137
4.504013693222903 -6.440817345993143 5138
0.03634042054502112 -0.7424262441965755 5139
-0.04822947305258868 0.1627379028777136 5140
-0.2750050511340785 -0.1229287342687542 5141
-1.952184488903196 -0.8595524677455567 5142
-7.149800747332726 -3.590680022998399 5143
0.9520960471684647 0.7238120185943261 5144
-0.509004029588919 -0.04539573923623558 5145
0.08373476222269942 -0.1141961264387644 5146
-0.4711956022636846 -0.1532416524490238 5147
-1.599074227518194 -0.3565534565332574 5148
2.331768514302348 -3.510005737659996 5149
0.6464386938005963 0.9793412520160245 5150
-1.098666362926972 -1.701770813367303 5151
0.1636775434229453 -2.901422443407144 5152
-6.997613801580862 -6.744187963740987 5153
-0.226586067346592 0.2815477996623824 5154
-0.421068284252935 -0.148991461446494 5155
0.02643239547594954 0.7082229746325033 5156
-1.481520891088175 0.6197829933415236 5157
0.4206601218482827 0.005795319558539081 5158
0.0436011462580912 1.445114291482983 5159
0.5436471158395183 0.2579554285375453 5160
3.970384423644534 -0.7775157420716599 5161
0.9103799542477591 -0.9374718447871624 5162
-0.4260830553813316 0.1387615065164456 5163
0.7859905115633944 -0.4270190129773007 5164
7.555540283975128 5.654862929465655 5165
5.919415980393876 1.813821811158954 5166
2.303687487300216 4.919642144514137 5167
-0.1106330884330743 -0.09149399564611524 5168
0.3541107569007176 1.983556885965597 5169
0.220175973217982 -0.3001540628618655 5170
0.1493002931394661 0.04325523709067203 5171
1.916565747069345 -0.2534382957165068 5172
6.659679451036356 -6.209266611164666 5173
-3.877047275931512 4.943243771266673 5174
1.292552061992441 -0.3307554853605225 5175
1.101517291807741 0.09971721908515498 5176
-3.115632915076234 0.5012981479313486 5177
1.615604600009614 -3.97172263365048 5178
-0.2741940448856091 -0.3960528921780499 5179
0.8253413805069912 -0.3147504924894528 5180
-4.09306243678443 0.7963231131067181 5181
-0.1136463235764658 0.06344231649154944 5182
0.6192883636471519 -0.5073318575362433 5183
-0.4847448622107458 0.07361873637155761 5184
-0.8496945027859655 -1.223114689220007 5185
0.8462196906263382 -1.880649792832587 5186
0.2522218635817297 -0.8201996991050596 5187
0.672729974041317 0.273709563285759 5188
-0.0680533651712192 0.08125199776784939 5189
0.146763750000213 -0.06154149280126415 5190
0.2283738434289412 0.1098488232429656 5191
4.03409695665371 7.065207231193789 5192
-3.486420019581654 -1.497741393572845 5193
-0.6696954466955392 0.7366495023770512 5194
-3.018126279202748 3.034650775492809 5195
-5.425107014221708 -2.038159460828995 5196
0.9980633173050939 -0.965990178857863 5197
-1.496912946289862 5.068179666025993 5198
0.8038393861087682 0.2328411070675135 5199
-1.415610125310108 -1.604837902153745 5200
-0.2423068893944606 0.7157780147805862 5201
-0.9132228092004387 -6.628869559905161 5202
-0.0940269860197635 0.08181219774675584 5203
-0.6719415553068379 -0.7622680596224011 5204
0.5497637628304015 0.08719441939776332 5205
0.2828868149844228 0.2086654617913108 5206
2.646199540830999 0.7940143804550567 5207
0.4718738768808591 0.04651779143752472 5208
-2.257076007068759 -4.710775037441398 5209
-2.641359446138035 -2.253946489125329 5210
0.3221207821979259 -0.1303066682735161 5211
3.120647026529012 5.865837134752748 5212
-4.579771865163846 2.085765919429253 5213
0.008497955379886433 -0.1140803057346248 5214
-0.2380610817315808 0.09971783004983825 5215
-0.3152160215341838 -0.2902968993623631 5216
0.04382345293984277 -0.2348582711533148 5217
0.5814973014073538 -0.2963802264398446 5218
-1.986531333560388 -4.408216870656077 5219
1.718868212240421 2.418570796110292 5220
0.9521200364807949 0.9784712698796888 5221
0.09884243177403804 0.2469517833349966 5222
3.322858315861932 -1.451183881249646 5223
1.959849326033065 2.005258911357237 5224
0.5327148826428059 -0.0981777730175054 5225
-0.562265001561681 -0.5657209417311317 5226
4.314353231927302 5.234652688388167 5227
-3.975038765549419 -5.873664828267164 5228
-6.583924152222962 -3.630677346800538 5229
0.7249978836436975 2.196360580626899 5230
-3.724070728929941 -0.08138398142041386 5231
-0.2318163738871247 -0.3559447423530384 5232
-1.816793779368702 3.060420675294124 5233
0.4285712880384795 0.06454136998694536 5234
-1.453433055154582 -3.107537351061998 5235
3.086494993506423 -7.610330192659259 5236
0.4841867898323246 0.0935196918565435 5237
0.05333942661508156 0.3726291871069105 5238
2.980163709622369 -1.931679064122781 5239
1.25540252997884 -3.830245574870517 5240
-5.791961839491531 -0.4860196917130168 5241
0.3650216874872323 0.1824075190228319 5242
-2.227255510715176 -0.19110437756539 5243
-0.1375900127214917 -0.08993013747806919 5244
0.8916327510908215 0.5858307516536518 5245
-5.071923501768695 1.383452207711044 5246
5.05138835069472 -7.497885555758022 5247
1.331242176994986 0.1357632255305547 5248
-3.111255170891271 -0.3327842989329904 5249
0.6158544107723439 0.5610788850581895 5250
2.493402347421977 0.7682406475723025 5251
0.9102497386649789 -0.08402530214783531 5252
4.286628793997678 0.02270874229350607 5253
-5.133798395076163 -0.2725745885388982 5254
0.1779603109960753 0.3407544970323321 5255
-0.1178301224297751 1.153497596726188 5256
2.465197463719267 4.067591615426633 5257
0.4209295397702394 -0.2916276484081651 5258
-3.882503150169508 -2.778305208126407 5259
-2.219939696280091 1.720868573082885 5260
0.5357975215676485 -0.7279030500121818 5261
-0.4322860475954013 3.599608730110322 5262
-1.661726575033521 2.85517301766868 5263
-0.2123967508997616 3.275299836447372 5264
4.909502112389199 -1.449994839854342 5265
-5.234908830802206 5.911846878501638 5266
4.810430154470779 0.9785262360510403 5267
-2.468219654538248 -0.6945847043920564 5268
0.1618432819190224 -0.5168070022423558 5269
-0.1498684485520689 7.623602672443977 5270
-0.3999344948511387 -1.283273735044663 5271
-2.059443184044623 0.8084045530997214 5272
1.228963595729973 2.913433521427152 5273
-0.5041585809644075 -0.0199571960685925 5274
6.665025983759164 6.292468887764653 5275
0.1487681950937012 0.1295049355724811 5276
-0.3621865237701315 0.2210706651204171 5277
2.234148970240556 4.29238583225552 5278
0.6767007619030609 0.1617819273604687 5279
-0.4912267713468883 0.2509361740127669 5280
7.051012242019911 -7.562486615825227 5281
1.730281861323062 -4.914528566285528 5282
5.443436734886411 0.1072149391694974 5283
-1.588819989073255 -3.831938324334144 5284
3.593684352684472 0.06594219304495284 5285
3.017783450097662 -0.9317540838213163 5286
6.122571122066224 -1.016930073266256 5287
1.656392451239445 2.192456486138664 5288
4.216890881636091 -3.123329779284115 5289
-0.7872415893634938 1.865274487341685 5290
-0.5450519135258874 -0.7374529128073071 5291
2.778611939636571 -0.3554643969364223 5292
0.6109658510532856 0.8896805624120731 5293
0.1189243001027259 -0.1920945479257035 5294
-0.1388592015964335 0.1427688970150614 5295
-7.019125671870036 7.67742825084532 5296
1.052469097116571 -1.356738391035431 5297
0.09893290339956545 -0.2968979405607043 5298
-0.3636969070870968 -0.1965524742246851 5299
0.06911823205208381 0.7682343535968854 5300
-2.823711499440959 6.536539936579008 5301
4.633653640421714 3.946616581653041 5302
1.04911340115602 0.8919167314253927 5303
0.327653804967646 -0.1017568025952914 5304
3.059555140208035 -6.026113709487873 5305
-2.117815876110551 -5.44077321400271 5306
6.467042591533236 -0.5771395331434443 5307
2.175072316479324 0.8680766537888768 5308
0.8909744504990856 3.839602944891122 5309
0.4777498527503689 -0.00338619922386412 5310
-0.8508226521290418 -0.1145697865882059 5311
-0.5262193806428921 -0.2763599032081331 5312
-5.885829470601588 -1.997162017964873 5313
0.2211340346473743 -2.256285720194881 5314
-0.3772908393255203 -0.0842721362601235 5315
2.031222959176467 2.954984188570701 5316
-1.050137576388706 1.089433823011199 5317
-3.850724341625482 2.411696576964211 5318
-4.092962718063777 2.915188552608801 5319
-0.911136839650212 -6.176520475575885 5320
0.9592780115915872 -3.86556636050211 5321
-0.1346925452680739 -0.5152481880182166 5322
4.201850915381831 -4.483680674510839 5323
1.107499043060957 -1.179462365601943 5324
0.3453537779501051 -0.08398442902278543 5325
-0.8840578069984945 0.434119036127904 5326
-4.83420562531642 7.09586854625097 5327
-6.140570733457116 1.948722631201989 5328
-0.08170467109661915 0.2055880949123403 5329
7.136669395183474 -1.622669995437904 5330
0.3446941180527221 0.02703549677491012 5331
4.552196514989483 -1.665205650344485 5332
0.2620718934847052 0.9011029150970019 5333
0.2522123730308251 0.1690414803795621 5334
1.346306469560852 -0.8000443653512019 5335
-6.714758546796567 1.953851983338419 5336
1.358204159610102 1.00917035145733 5337
1.74874235263853 -0.6864587604677469 5338
0.4966913278115642 0.8170427983612415 5339
1.085003701781234 3.519530323352493 5340
0.7762322515024436 0.06121739677949764 5341
-5.551335465111389 -5.356920806868012 5342
1.559581124764041 -3.023815942996669 5343
-6.216700332722514 5.132972796625243 5344
-2.58098584417177 -0.7924399191832683 5345
3.754703171992197 2.936753593019219 5346
1.141986336686168 0.7793950941168798 5347
-0.9952049441952062 1.434002445942858 5348
-1.238763196068102 -2.09425774784838 5349
0.006371310945147183 -0.2690725335828085 5350
-4.349452990541475 4.022208897760827 5351
0.01334025941091931 0.06561329140869654 5352
1.535635018783157 2.695412858636753 5353
0.4324712345732001 0.7910719527991695 5354
-3.734980987729447 -3.584591794167004 5355
0.3086149743770839 3.452630364957389 5356
0.03502755758173897 -0.1559137162704288 5357
0.141611665238079 0.8260201969556442 5358
-0.5189749260623233 2.411118601329806 5359
1.052513453798032 0.1475493374417627 5360
-0.02413581391014889 6.179464671987299 5361
4.399615639462522 1.388283172291991 5362
-0.2451710339861599 0.08075340833951027 5363
0.5478492286348084 0.1279810025685762 5364
-0.2806952697944998 0.1573582639625169 5365
-1.195431953360584 1.73411215013017 5366
-0.5317976753033531 -0.06318056706320041 5367
-1.710554366858418 -0.9903530619475854 5368
-0.2761130774873134 -0.7691834146987502 5369
-0.5062138780040207 0.01030900343722918 5370
0.4151647961034716 0.2976324027741772 5371
0.7030442298570713 -0.1773330178585343 5372
-0.1975247268685855 0.1524029259410771 5373
4.284502738871761 0.2519550231296043 5374
0.008044852301503097 2.642343885570657 5375
5.074664553787387 -5.95042039527212 5376
-0.1045547311909372 -2.010045545852043 5377
-0.3368426762437971 -0.465094535552422 5378
-0.3878746013584061 -0.2574336719034283 5379
0.2760114595871171 -0.3117772131175369 5380
-1.378145925093208 -0.1259918487134075 5381
0.2094420639991365 0.2475184584603016 5382
-5.439421004080649 3.750117825457125 5383
-0.3358829018549542 -0.1453584485581814 5384
0.2702755554895457 2.073157315142454 5385
2.779826277227124 -1.186069883334621 5386
-0.494716867587129 -0.1381622247354498 5387
3.010991418270103 -1.112888393059071 5388
-0.1098160505868446 -1.219369258778145 5389
-0.2527765020958171 2.03959940602515 5390
-0.5007468485082122 5.192155902651443 5391
-0.4519557313162725 -0.09350128915518073 5392
0.1394631684860159 -2.684927758041528 5393
-2.84157768139622 -1.239217497377099 5394
-7.117035028243091 1.631513477199437 5395
-0.1220102405171773 0.1502055263717912 5396
0.3062708752623123 0.1035694877963647 5397
-0.03987510367971119 2.447784499737507 5398
-0.1720585872271774 0.3083411002049237 5399
0.2975756346272886 -0.07090997381870368 5400
0.240329389532865 0.8110126987202847 5401
-1.509329041037202 -0.6730971155435949 5402
1.864064998578705 1.589918088633568 5403
3.483538817510655 -0.7173987522069223 5404
-2.218853918181292 2.991149596764094 5405
7.640172538628799 -3.991312788626384 5406
-0.2046464725173556 -0.137421276748124 5407
-1.571043605013841 -0.886308259049827 5408
0.4667231585648112 0.01519668866723461 5409
-0.7497342079448537 -0.7115303972798056 5410
-0.1006552594175858 0.1087486590173267 5411
-0.3797682410656905 0.1610485481952065 5412
0.9086617545156463 -1.462252582931577 5413
0.5831347950836338 -0.563185676681814 5414
0.5104207539380984 -0.148310131885405 5415
0.2959460303836371 -0.1223929045578316 5416
-0.4037778914367144 -0.1606702664253292 5417
-0.15293944089287 0.3554926789447811 5418
-0.4020920038807139 -0.1026545477583718 5419
-2.8125969722121 1.438308046294418 5420
2.380588756344733 0.9783075990881445 5421
0.3034217639287105 0.9331407352322871 5422
-0.9234277957775235 -7.149752317359363 5423
-0.999813283979882 -5.787429904429289 5424
-0.02374872846056715 -0.3858816845906702 5425
-0.8183579422796078 -0.2309943190339607 5426
2.706580888527808 3.758562735437327 5427
3.149094837205816 1.061398670965479 5428
1.695616543904094 0.5252196715718149 5429
1.667428583302299 0.4063828818606741 5430
-0.3273492621021765 -0.5147329009869051 5431
1.632150256674354 -0.6205613149529436 5432
-0.349468087818732 0.1704691921093242 5433
0.09011196161829196 0.1210566807138777 5434
5.818485130540793 2.265713893441248 5435
-1.437582229967802 -1.043443494935428 5436
-0.3564473553635243 1.481175721038028 5437
0.5471645080971773 0.1758206960574184 5438
-7.038384723331138 -7.557251618018737 5439
2.046918587447922 -6.843228367889128 5440
2.45231663755403 -7.588140887888605 5441
3.678142431263645 4.610117967993428 5442
-7.633441751847059 -2.605654477418824 5443
-0.2764406781359471 0.06737476594479663 5444
0.4747106871583732 0.135935978136521 5445
0.07373799936905348 0.1005306221468441 5446
6.332065868345095 2.686167295423412 5447
-1.291563918814439 -0.05892251127128354 5448
0.5732011921640096 0.06215598083023113 5449
-0.09011805958408475 -0.08583485038352484 5450
-0.4988225084957819 0.6210003242092189 5451
0.1881141045938516 -1.007802128424332 5452
-0.1970255801267839 1.207835762708114 5453
-0.1548908557180819 -0.130243064231935 5454
-0.1496166655929718 0.08332096172431772 5455
0.347036069897422 0.1782458451361681 5456
-0.7754696743170801 -0.9123099282169426 5457
2.374557031639317 2.025465068548538 5458
0.7226845406299832 0.9624108748200824 5459
-7.197248405450416 6.94174667304804 5460
-5.471472961626827 -7.128595308296001 5461
-0.2804525766623559 -0.1084178820814743 5462
-4.533855762340858 -3.426785709614365 5463
3.744315165189811 1.109191081582143 5464
1.68728077153594 3.426505210062221 5465
-0.3205673288305715 -0.3878813251662034 5466
0.1691420892270664 0.08175886947721125 5467
-0.09965917731818788 -0.1109511727547075 5468
-0.06357086808923415 -0.1980957544726268 5469
0.4684961857101627 0.3995612772891295 5470
7.16076030907676 -0.6680454089383401 5471
6.632635679647906 -1.640819309179662 5472
0.3641284728670506 1.628859525992283 5473
-4.589497824979892 -4.347975192167943 5474
0.3788104126057175 0.04054353772446617 5475
1.422517157518414 -1.149346995446551 5476
-4.929970329224722 -2.351266401054476 5477
-0.03678857822083637 1.047649572033998 5478
7.278947605252076 -3.217966682431785 5479
-0.3079715729180348 -5.590965022122312 5480
2.621882440810111 -0.8277411171625225 5481
0.4601474486660406 -1.549022646852283 5482
-4.012178312587455 -4.379073207181833 5483
-1.053996786132803 -1.545442536572335 5484
0.1477708540909989 -1.094814942583328 5485
0.6123408187159652 -0.9305760369407614 5486
0.5081689037825352 0.02671690672371438 5487
7.386804160998649 3.992968842691257 5488
-1.430509493253959 -6.97760692223037 5489
-0.3700424456099169 0.3274189907126379 5490
-0.1457969640512038 0.8512855267565509 5491
-1.447562218390187 3.177691439879168 5492
-0.3016919277845811 1.140369180658768 5493
0.05439902188168137 0.231991656350703 5494
-1.746212849064789 -3.97432044968377 5495
-0.2232071319229597 0.08339569130934943 5496
-1.181079531683243 0.6090300982797476 5497
1.267383212797888 1.95365922767005 5498
-0.8481227138803538 -0.4104956975344304 5499
0.465078119811865 0.3040674245108692 5500
0.6158010607447815 -2.034423122516479 5501
-1.069305219288233 3.60616378572759 5502
-1.083796602241903 2.057175570689984 5503
-1.015106199349708 -0.5850667606555587 5504
1.992905773040568 4.443528483168777 5505
-3.467160300458179 7.721678203663215 5506
0.3291759471365793 0.4443529063305889 5507
0.07938567163022252 0.5730233561239878 5508
0.3198857717468714 -0.8509986616588531 5509
-4.288846847070209 -2.527550865344437 5510
1.69499113688978 -1.786580981426598 5511
-6.340045473243936 -5.879411845668359 5512
0.02508534457038933 -0.0886230643135411 5513
1.282572753612862 0.5278605216937811 5514
0.6511089479437444 -0.1445125972540239 5515
-0.1828692589754484 -0.1289133352786641 5516
0.1505937149546174 1.927182591373903 5517
0.2172924960719069 -0.1272293746845989 5518
-0.507261630021584 4.20227022287855 5519
1.04364983238476 -0.2999205371651869 5520
-6.616035244955355 -4.15868773918643 5521
-0.05872632236333981 1.186311852500607 5522
1.781830365289752 -2.009022697646163 5523
7.558588698037757 4.787817772846983 5524
0.6235571324313984 0.1665875279656806 5525
0.1727615850178997 -0.06298039991422913 5526
-0.8297115064658591 1.592836227894803 5527
-0.06326738773029709 0.4921074832365112 5528
-6.429948089542244 4.034778083605721 5529
-0.9306930770225312 -0.4412351076326296 5530
1.644923239700185 1.894962694608641 5531
-5.58424147573336 6.038422386944025 5532
0.1740677189960136 1.50417334703904 5533
0.6490369372187518 -0.2606795466547913 5534
-1.206651011667187 -3.292157101936537 5535
-0.149020056569468 0.1636799166322446 5536
0.2480824208754759 0.02668289692405896 5537
0.230841644915134 0.03192591195010669 5538
7.530336638674971 -0.8771121802349721 5539
0.02864534670881478 0.3391120571097923 5540
-0.003799297181304283 0.2690307798106915 5541
0.271363044822798 0.02583325911328143 5542
0.2863946274114017 0.02516204928306954 5543
0.3116717022043348 -0.04700284118568637 5544
-7.598101642129629 5.138261509826155 5545
-3.308194713076552 -5.923967092348675 5546
-4.191685971810088 0.4828894968377074 5547
0.04718668052202332 -0.07107931738777086 5548
4.016239039141378 -6.199873700649271 5549
-5.106602659181262 -3.608509433897247 5550
0.7789828442762082 0.009427011005967132 5551
-0.04126702932665102 -0.9110113307841348 5552
0.5080120157756032 -0.2407275394480752 5553
-7.564893057453124 1.840755049228401 5554
4.193424026121468 -1.745547703755196 5555
0.1085429098105404 0.06110976001899475 5556
-5.153673507158141 -2.589783596939772 5557
4.45697572920871 0.7645356874795176 5558
0.4488088615650112 -0.6531122499991023 5559
-2.279736917495037 0.6554884025187084 5560
-0.0199097909616855 0.2476952737633768 5561
-0.4915811520936664 -0.4235401702223498 5562
-0.4015277370146771 -0.3778108538840882 5563
-4.065545853894121 4.626531349392511 5564
0.02163087291828482 0.1642422217695185 5565
0.06572595403439391 0.04863703804582392 5566
-0.1537288889258169 -0.08729935934036215 5567
7.08937600330676 -5.619949540902742 5568
2.403712104397569 -1.845388083945764 5569
0.3398755561997714 0.07589009329251473 5570
-5.48144903246717 -3.373178121798484 5571
5.32749695953884 -7.168707687013362 5572
0.194740412372881 0.04800477410351661 5573
0.4868545215925953 0.6357384664171205 5574
-1.576446736449832 -2.308930718100448 5575
-0.3577604697314746 -0.06755837508908731 5576
-0.1563529995674332 -0.8768781295834746 5577
-0.1460506558783476 -0.9520206609912011 5578
0.3033181650084338 1.568576408907937 5579
0.03129401177057817 -1.488259049948276 5580
0.7500859258061828 -0.09162760593522599 5581
-0.09785883525905792 -0.1268312842774096 5582
0.3232506005273675 0.08785601147877198 5583
0.8677201693764054 -6.478274823334102 5584
0.29252216584883 0.1381335882382017 5585
0.1072856575968688 -0.5363034123948685 5586
-1.503870366243518 0.3701833602492067 5587
1.750420378845069 -3.264919603144711 5588
0.07893233066746599 0.04544515143168691 5589
-0.3700893542537391 0.07902771074403152 5590
0.2660257477218549 -0.08449520130271668 5591
0.4340408840797032 -3.345600981248685 5592
-0.840141482585228 -1.852051743636737 5593
-0.4289413151947986 0.05147414540706756 5594
-2.492197866625056 -5.48561798874271 5595
-2.090967039127004 4.695399661954528 5596
0.440992482598081 -0.3432127599942005 5597
0.9102623944354526 -0.6754520695919237 5598
4.739837618507058 4.377237350046018 5599
0.01402256589388048 -0.601832600885746 5600
0.4768086821911671 -1.433631264676011 5601
2.216288149370775 -1.101879397337005 5602
0.0232290008824173 0.1087855510127098 5603
-1.189143349956399 -0.4717610780673633 5604
3.164975825107464 4.479342435725941 5605
0.2176624815156948 0.1309896803706741 5606
4.013718724035527 1.995111506224732 5607
0.7166906482531352 -0.01699818294276949 5608
-0.2894218239382327 0.1828079764238174 5609
4.064223221718201 0.759423546989072 5610
3.184189671489408 -0.7543572382907852 5611
-0.06726422670339008 -3.807860899895289 5612
5.847763510209581 -7.123408980565983 5613
-0.07405248640331215 -0.4289460874715147 5614
5.563353482671132 6.662250323051619 5615
0.3337940050488225 2.746102149179958 5616
1.544229481565222 0.2562986844956565 5617
1.010916723649068 -2.122923505949184 5618
0.7916630972269588 1.027665659291086 5619
0.05011790043507981 -3.89975522778058 5620
-0.4361406402289136 -0.741331486876704 5621
-0.8579514878181788 3.594941189185553 5622
-0.4620841039926625 0.03933233227631659 5623
-4.909377967237173 -0.4473504649119702 5624
0.1295451495992039 0.1104237623616582 5625
-1.287919413605868 -2.269843728470444 5626
0.2203031105148718 0.05320824872407909 5627
1.195587121340495 5.216901097189682 5628
2.833288640505812 -0.1214637596239289 5629
-5.064727954870995 -5.513162170891942 5630
6.520671489993303 -0.1625497528133556 5631
-0.005654103883713187 0.8599746942627919 5632
0.4426372087690875 0.671840248820842 5633
0.1208270005936214 7.205536234554196 5634
3.9027434941118 7.618794219418608 5635
1.905624329593387 3.164380420980476 5636
2.23082113669978 7.093136748660267 5637
-0.05638291459638464 -0.3003032993216508 5638
-0.02134622045146073 0.1011464980689408 5639
-3.437458866229185 -0.2937206042330155 5640
-0.1014581984828781 -0.3772236492240258 5641
-1.079634181311147 -4.585919693394043 5642
-2.334787113469457 -1.305246661472288 5643
7.170261837359351 -1.092647396122266 5644
-0.486739628986319 -0.1827133002479691 5645
-6.907104608797619 5.45110788673675 5646
0.6630150468196168 2.442369760226404 5647
-0.6510628836733445 1.018206639363018 5648
1.159446362026038 -2.173631955695114 5649
-0.3559983206739676 0.1088235269094654 5650
-1.330794747141141 0.2646419010721636 5651
0.2409622550819471 -1.993606367142616 5652
-0.3859396696850225 -0.05904113790013948 5653
-6.2584707186063 3.045896347817122 5654
-1.663110068231081 3.020773802869443 5655
0.2824174604569444 -0.04950019045958321 5656
5.229281590253172 6.702899500432945 5657
6.213340025350387 7.613042691601286 5658
0.7681436152565249 -2.160715343244912 5659
0.4114258919667628 7.589036064848159 5660
0.03210859914303528 0.5578291006615157 5661
-1.380493204778501 7.252767444326562 5662
-5.225793486006546 3.482446828146728 5663
0.8661854739858965 0.7702800517113506 5664
-0.2922971923631859 0.3149986205242211 5665
-4.924100253424548 -0.9705485545792389 5666
-5.78936492409333 -6.688903461470978 5667
-5.299108021940458 -2.959798093671082 5668
0.0736703581656375 -0.0828371899295493 5669
0.2931155453524173 -0.164205725491669 5670
1.2044914482391 0.3424081364474705 5671
-2.842013034927419 4.117426347405459 5672
1.239167521893543 -1.527073158558184 5673
-0.2311799785640477 -1.181799350347958 5674
0.4775509965589149 2.919901595216984 5675
-4.207372336655382 -3.316561553423582 5676
-4.119374409238691 2.547353887382033 5677
0.553570660950134 -0.1324431713391155 5678
-1.296074479636041 2.910350746452919 5679
0.5111853183890658 0.05165147682685416 5680
5.163041681245763 4.26822197121904 5681
0.3113676973221607 0.06685246076813137 5682
-6.325042176815409 -4.682184921599863 5683
-5.316833476678099 -4.924008358711362 5684
-1.531204102976004 -2.784300718662122 5685
-2.610018745216331 0.1629858382500469 5686
-4.725255312596439 2.808404101966758 5687
1.21064851796279 -0.1279091225251461 5688
3.540704238610015 -4.860361801231504 5689
2.594249400164468 -1.499696093116642 5690
3.914388052607384 3.249452106440486 5691
-0.09565326641571588 -0.1480337537973517 5692
1.042334627216013 0.7284564072330022 5693
-0.1166072090542203 0.2206873739994936 5694
0.33763629947301 0.2826394148955751 5695
1.271298117989033 1.616604144290629 5696
0.6524652038752947 1.228480102154071 5697
-0.5383297425847492 -0.0964952544918365 5698
-5.503285182308876 -2.445567631306356 5699
-0.5605463862616951 -0.2560218399925597 5700
0.3556246370990448 0.1262176506326119 5701
0.8974832796230111 5.267104187715271 5702
0.4042534825372618 0.1109346536708528 5703
0.5549972885508548 -5.238073744204355 5704
-1.367107607121959 0.6848489667358687 5705
-5.959137846303013 -2.434839259513435 5706
-1.752027213612585 1.369025136247613 5707
0.5717722516093247 0.0181308743636607 5708
2.635697064352242 0.5113150428505141 5709
5.254748559478371 4.777151764382753 5710
3.710580917672525 -1.61888079772853 5711
3.614319549671928 -4.009578845497028 5712
7.30974549031094 -3.801843239718973 5713
0.2252385722488896 -0.1767020862315129 5714
-0.3330774190699655 -0.2600857735533006 5715
-2.077756156668 -0.510642867951778 5716
1.212105551171573 0.1241929546031522 5717
-3.278950014146495 5.187070125297832 5718
0.06224324099222 0.4228100968539022 5719
0.3740454337648822 0.1639211655665931 5720
-4.601132603922755 -3.709790099492563 5721
0.5832999160880763 0.4680512617772147 5722
0.3212699810787399 -0.2176462659306921 5723
-0.4003704257943997 0.05600948512131382 5724
0.1024267982504498 0.4221598494709933 5725
-2.188510962296918 -1.434058105903639 5726
1.334793303809117 -3.645319511937329 5727
-0.3854763107648813 0.05778564014137957 5728
-0.3585279137075296 0.0799311207347901 5729
0.1648860682707353 0.1973966417855864 5730
-0.9303677167387104 0.7503157245001771 5731
6.408098280931502 -2.06949189879583 5732
3.41430497072665 -5.622616473555363 5733
5.064781651873991 6.332200408401153 5734
1.330319326829372 -1.415654318088286 5735
0.2002410360592935 -0.1701640017820785 5736
2.323636085166999 -0.302514044981835 5737
-0.4228657186586433 -0.07701499249119513 5738
0.5114692401869589 -0.01170783379695485 5739
0.4710661583862992 0.8816290953990339 5740
2.314095142022813 0.412329227946902 5741
0.1389013080124484 0.1826075375972706 5742
0.4874860489987653 -0.07317598612505219 5743
1.510910510755758 1.885285685480318 5744
2.958022043319454 -7.00056150086899 5745
1.072168630860306 -4.462666843308148 5746
2.38035515058091 1.690088541644147 5747
0.2489869457778267 -0.2915666999377279 5748
1.472700327898334 2.498370292839442 5749
3.273838960983199 4.173037604401569 5750
-0.06586316936269089 0.2218209950592896 5751
5.690520559230128 -2.398050972626073 5752
0.06023142898639662 -0.5666312081650837 5753
-6.348065369338768 -1.977474149293243 5754
1.561159886585456 -2.635403910596209 5755
-1.009470058950757 1.810905031327783 5756
0.7112056287784995 -1.120099687645698 5757
-0.2158483018913264 -0.9777626827253695 5758
3.96370176528634 4.953933916907471 5759
-2.392106018481408 -3.578628993470521 5760
7.121376974476414 5.964519383097817 5761
3.382504453043983 3.267357819230409 5762
0.2007612370008272 0.03509490814371202 5763
0.2092304607443821 0.1062612800678391 5764
4.469732209994121 3.445027198735434 5765
5.886693540852391 1.376718909224611 5766
0.5273868336496704 -0.4257056372159043 5767
-5.393923620381036 -6.449427997185503 5768
-0.6591252799889608 0.1969336327114274 5769
4.731816900940713 0.2416741176275861 5770
-0.5678122525740652 0.0360545532156715 5771
1.549714095948868 -0.7574810033325664 5772
-3.676654962831684 -7.518259658085652 5773
4.802593329275059 -0.2448271719320932 5774
1.009214883772792 1.284302928689322 5775
-0.9619277865553958 2.461946095234752 5776
-0.4422270204719239 -0.05016325846536274 5777
-1.723988756638564 4.888095256673625 5778
2.649136462482116 3.218502792394999 5779
0.2636661467749261 0.7044381404187645 5780
0.355180491713894 0.3694479919969682 5781
-0.02308899688893393 -0.0781812075331651 5782
-1.895863363475514 3.295094838041937 5783
1.797699461529176 0.5016222259752345 5784
2.660365371610157 -2.442321672390761 5785
0.4331285998200909 0.3188409521999045 5786
-1.623781179004878 -0.5853037829692481 5787
-3.095182023086323 -3.093689481477423 5788
1.104374022645881 0.2846040740127261 5789
0.8916587628767424 -0.2106926160546208 5790
0.403536243487309 3.897137617307148 5791
-3.964699563095027 4.300946877475701 5792
0.2501572185322277 0.2816142941331733 5793
-0.7451247802038466 -0.1711519917124131 5794
-0.2199475102608392 -0.07835411235172099 5795
-1.993828794120236 2.966253641545039 5796
-0.03894058233879668 -0.1035816332085569 5797
-3.760317362220245 -4.576227049938361 5798
-0.1667427286353459 0.4522554693907911 5799
1.917582701982475 0.8832301577320422 5800
0.941270256737107 -0.5127123489609386 5801
0.08694705289742105 0.3602997385539041 5802
-0.1816543151919124 -3.17508052385277 5803
4.857829824369619 2.320862108583656 5804
0.3166740387061738 0.126349697609355 5805
-1.287724678486397 -2.560526522860523 5806
0.09806999768152744 -0.08201543430241079 5807
0.1854940074101114 -0.5609346198912777 5808
0.04625307776552269 -0.1207811311027667 5809
0.2376420434460622 -1.533544448434189 5810
0.4534397771975307 -0.2984109144879976 5811
-0.4448891907012276 -1.355943638757168 5812
0.006445436734127037 0.3893720493426485 5813
-0.8273082660881714 -0.4856719127853311 5814
0.07301267548975408 -1.152191778103453 5815
-1.289395132328219 -6.625804155696576 5816
-0.6143352589896308 -0.01842289352279015 5817
-0.7637987631670528 -4.546473829083279 5818
2.470207435086963 5.756843800728708 5819
-1.914395257975647 -1.054745686649485 5820
0.8872657810471388 3.668787288832865 5821
0.3968196459317733 -0.208625403647398 5822
-3.823220940965422 0.816886806099157 5823
0.7598753004682424 -1.175773183141373 5824
1.384010379081763 0.3171151523858161 5825
3.229480323788713 -1.129348024774314 5826
0.8220744206368505 0.6526350578429121 5827
-4.624436083501637 5.533229818430814 5828
-0.2074948913380353 0.06296172905626275 5829
-4.170395030619843 -0.6448671884001042 5830
-0.7449329917101921 -1.616909255233196 5831
6.123482595891103 0.4146328649119453 5832
0.2295238798182543 -0.3755483283336075 5833
2.563958407282355 1.750911181943121 5834
-0.1410806788489998 0.7326499465003939 5835
-0.05560821845928619 -0.1160954132283167 5836
-0.4582689667635329 -0.1171589742733083 5837
2.070993229833164 0.3103786913906678 5838
-6.786412517670768 7.226683661085187 5839
5.011622823711061 -6.493354407131696 5840
0.0722447281576304 0.255732824693344 5841
0.8182090795063598 -3.993382399833055 5842
4.525610524187228 7.672800956268112 5843
0.07681086350126667 -3.03132807189881 5844
5.206060737815016 -0.2806684127889925 5845
5.055530951313433 0.3085145678281362 5846
1.207564919617159 0.5627040990871915 5847
-2.056955187141444 5.161006903702722 5848
0.1302116179285163 0.6011442367700286 5849
0.7626615403600844 1.312079419925549 5850
-6.646735336176418 5.885473885727252 5851
-0.05497590855791037 0.06812840919748481 5852
0.4070487869879615 0.01742717148486468 5853
2.658075041225255 0.9355173865516005 5854
-0.2152372246703091 0.4296886915473249 5855
0.4206891473684842 0.07786334724663438 5856
0.8270470707789449 0.4871252416169125 5857
-1.265213666980369 -1.005355801667428 5858
0.459293188318367 0.04919116888801298 5859
0.5194636883161541 2.514091439438377 5860
-0.4110844589171379 -2.494981237917071 5861
-1.133686746887563 -7.634417634588253 5862
-0.01120004504398587 -0.2758402408260599 5863
-6.18326567715682 0.5523988781138431 5864
0.009753123744715826 -0.1471573445897392 5865
-0.09560731940055868 0.7923143320557784 5866
0.1892027015466619 -0.05842998654650233 5867
-4.13787045422452 -1.583967368528798 5868
-0.3923784694742429 -0.5549651303874386 5869
0.2025691180130083 -0.06004902580208447 5870
2.417745885429953 3.039420856153632 5871
-0.5214953936339441 -0.3575889567569275 5872
4.079076764686033 3.589003997533343 5873
-1.968675776179077 -2.007654368314804 5874
-0.3368722185494489 -0.3049742037999725 5875
-0.4346603866913614 0.09971766712715242 5876
1.684166888480205 -2.327213309767651 5877
0.9224114026619843 -2.432470348467434 5878
0.3230866213507065 0.314981032186421 5879
-0.2386903917349202 -0.3922709821428265 5880
-1.037036947353691 -1.278477063956456 5881
1.95675604927509 -3.389950221718559 5882
3.957561725427815 -2.173337635017669 5883
NMARK= 4
MARKER_TAG= wall
MARKER_ELEMS= 137
3 0 204 
3 204 205 
3 205 206 
3 206 207 
3 207 208 
3 208 209 
3 209 210 
3 210 211 
3 211 212 
3 212 213 
3 213 214 
3 214 215 
3 215 216 
3 216 217 
3 217 218 
3 218 219 
3 219 220 
3 220 221 
3 221 222 
3 222 223 
3 223 224 
3 224 225 
3 225 226 
3 226 227 
3 227 228 
3 228 229 
3 229 230 
3 230 231 
3 231 232 
3 232 233 
3 233 234 
3 234 235 
3 235 236 
3 236 237 
3 237 238 
3 238 239 
3 239 240 
3 240 241 
3 241 242 
3 242 243 
3 243 244 
3 244 245 
3 245 246 
3 246 247 
3 247 248 
3 248 249 
3 249 250 
3 250 251 
3 251 252 
3 252 253 
3 253 254 
3 254 255 
3 255 256 
3 256 257 
3 257 258 
3 258 259 
3 259 260 
3 260 261 
3 261 262 
3 262 263 
3 263 264 
3 264 265 
3 265 266 
3 266 267 
3 267 268 
3 268 269 
3 269 270 
3 270 271 
3 271 272 
3 272 273 
3 273 274 
3 274 275 
3 275 276 
3 276 277 
3 277 278 
3 278 279 
3 279 280 
3 280 281 
3 281 282 
3 282 283 
3 283 284 
3 284 285 
3 285 286 
3 286 287 
3 287 288 
3 288 289 
3 289 290 
3 290 291 
3 291 292 
3 292 293 
3 293 294 
3 294 295 
3 295 296 
3 296 297 
3 297 298 
3 298 299 
3 299 300 
3 300 301 
3 301 302 
3 302 303 
3 303 304 
3 304 149 
3 149 305 
3 305 306 
3 306 307 
3 307 308 
3 308 309 
3 309 310 
3 310 311 
3 311 312 
3 312 313 
3 313 314 
3 314 315 
3 315 316 
3 316 317 
3 317 318 
3 318 319 
3 319 320 
3 320 321 
3 321 322 
3 322 323 
3 323 324 
3 324 325 
3 325 326 
3 326 327 
3 327 328 
3 328 329 
3 329 330 
3 330 331 
3 331 332 
3 332 333 
3 333 334 
3 334 335 
3 335 336 
3 336 337 
3 337 338 
3 338 0 
MARKER_TAG= inlet
MARKER_ELEMS= 30
3 201 368 
3 368 369 
3 369 370 
3 370 371 
3 371 372 
3 372 373 
3 373 374 
3 374 375 
3 375 376 
3 376 377 
3 377 378 
3 378 379 
3 379 380 
3 380 381 
3 381 382 
3 382 383 
3 383 384 
3 384 385 
3 385 386 
3 386 387 
3 387 388 
3 388 389 
3 389 390 
3 390 391 
3 391 392 
3 392 393 
3 393 394 
3 394 395 
3 395 396 
3 396 202 
MARKER_TAG= wallFar
MARKER_ELEMS= 60
3 200 339 
3 339 340 
3 340 341 
3 341 342 
3 342 343 
3 343 344 
3 344 345 
3 345 346 
3 346 347 
3 347 348 
3 348 349 
3 349 350 
3 350 351 
3 351 352 
3 352 353 
3 353 354 
3 354 355 
3 355 356 
3 356 357 
3 357 358 
3 358 359 
3 359 360 
3 360 361 
3 361 362 
3 362 363 
3 363 364 
3 364 365 
3 365 366 
3 366 367 
3 367 201 
3 202 397 
3 397 398 
3 398 399 
3 399 400 
3 400 401 
3 401 402 
3 402 403 
3 403 404 
3 404 405 
3 405 406 
3 406 407 
3 407 408 
3 408 409 
3 409 410 
3 410 411 
3 411 412 
3 412 413 
3 413 414 
3 414 415 
3 415 416 
3 416 417 
3 417 418 
3 418 419 
3 419 420 
3 420 421 
3 421 422 
3 422 423 
3 423 424 
3 424 425 
3 425 203 
MARKER_TAG= outlet
MARKER_ELEMS= 30
3 203 426 
3 426 427 
3 427 428 
3 428 429 
3 429 430 
3 430 431 
3 431 432 
3 432 433 
3 433 434 
3 434 435 
3 435 436 
3 436 437 
3 437 438 
3 438 439 
3 439 440 
3 440 441 
3 441 442 
3 442 443 
3 443 444 
3 444 445 
3 445 446 
3 446 447 
3 447 448 
3 448 449 
3 449 450 
3 450 451 
3 451 452 
3 452 453 
3 453 454 
3 454 200 
