NDIME= 2
NELEM= 16211
5 0 1175 1139 0
5 0 1211 1175 1
5 0 1247 1211 2
5 0 1283 1247 3
5 0 1319 1283 4
5 0 1355 1319 5
5 7665 5915 8998 6
5 7687 6107 9766 7
5 6578 9476 10542 8
5 7348 6198 8256 9
5 7581 6050 7987 10
5 6239 9250 10091 11
5 7155 6489 9214 12
5 7142 5936 9379 13
5 7201 6079 7352 14
5 6045 8079 9281 15
5 7522 5794 7879 16
5 6305 7991 8374 17
5 7589 6380 8330 18
5 8412 6512 8849 19
5 5675 7459 7463 20
5 5978 7084 8973 21
5 6436 7314 7562 22
5 7328 6244 7573 23
5 6194 7234 8262 24
5 6120 7118 7608 25
5 5906 7139 7875 26
5 6847 8779 9284 27
5 7187 6168 7638 28
5 6205 7008 7558 29
5 6028 7079 7921 30
5 6212 7352 7803 31
5 7134 6457 8160 32
5 7792 5943 9873 33
5 6202 7212 8605 34
5 8336 6579 8538 35
5 8079 6792 9281 36
5 6178 8004 9616 37
5 7011 5734 8515 38
5 6179 7420 7817 39
5 7138 5672 8131 40
5 7207 6200 7517 41
5 7168 5616 7892 42
5 6420 7344 8016 43
5 6312 8210 9153 44
5 8544 6708 9886 45
5 6100 7755 9664 46
5 7065 6405 7357 47
5 7717 6374 7894 48
5 7570 5871 8599 49
5 6212 7125 10057 50
5 7072 6287 8827 51
5 8652 7434 8823 52
5 5684 7081 8641 53
5 5689 6953 8431 54
5 7008 5724 8430 55
5 7595 6897 8871 56
5 7125 5660 9998 57
5 6901 8973 9993 58
5 7545 5799 7944 59
5 8194 6646 9021 60
5 6860 6392 8000 61
5 5743 7037 8005 62
5 8084 7754 9883 63
5 425 9034 9103 64
5 5891 6987 8050 65
5 7747 6331 7763 66
5 8620 7946 9828 67
5 5892 8194 9021 68
5 7279 5682 7414 69
5 5787 6945 8296 70
5 6951 6478 8308 71
5 9348 7683 9468 72
5 6107 7381 9766 73
5 9199 7812 9875 74
5 5729 6823 8713 75
5 9287 6911 9493 76
5 5739 7751 8288 77
5 7461 6030 8537 78
5 7459 6181 7670 79
5 7242 6729 9633 80
5 7279 7414 9811 81
5 7690 8657 9189 82
5 7666 2146 7994 83
5 6318 7050 7600 84
5 6265 6806 8351 85
5 1966 8342 8949 86
5 7065 5720 10145 87
5 7943 6075 8740 88
5 5855 7045 8278 89
5 6523 7348 8256 90
5 6565 7845 8869 91
5 7473 6322 8009 92
5 7456 8679 8755 93
5 7391 6156 8449 94
5 7228 5636 8471 95
5 6259 7133 7845 96
5 400 401 7157 97
5 6826 7539 8525 98
5 6156 8062 8449 99
5 8026 6756 8365 100
5 5927 6791 8635 101
5 7453 7224 10284 102
5 7848 6575 7856 103
5 6179 7899 8093 104
5 6299 7448 7932 105
5 5758 7837 7873 106
5 6951 8308 9601 107
5 6669 7243 10300 108
5 6270 7459 7670 109
5 7180 6225 7406 110
5 5660 7262 9998 111
5 7088 6069 7659 112
5 5630 7006 7486 113
5 8973 7084 9993 114
5 6244 7343 7573 115
5 6927 9651 9977 116
5 7420 6179 8093 117
5 5939 7154 8615 118
5 8448 7121 9703 119
5 5766 7652 9215 120
5 6067 7093 7536 121
5 7385 6486 9368 122
5 8375 5915 8627 123
5 6764 7814 8450 124
5 7766 6693 9359 125
5 7663 6363 8734 126
5 6044 7552 9906 127
5 5952 7783 8674 128
5 5789 7717 7894 129
5 7837 6483 7873 130
5 6468 7534 8201 131
5 7273 5951 9322 132
5 8133 6376 8536 133
5 8590 4378 9676 134
5 7006 5630 9706 135
5 7996 6176 10725 136
5 6997 5915 9582 137
5 5794 6984 7757 138
5 6662 7263 7952 139
5 9102 6034 9387 140
5 8320 7099 9846 141
5 7069 7196 10385 142
5 7404 6671 9780 143
5 6327 8123 8493 144
5 7511 6786 9916 145
5 5910 6692 8751 146
5 6580 7504 10211 147
5 6628 7792 9873 148
5 6202 8267 10622 149
5 6090 7227 8130 150
5 6081 6938 9901 151
5 7251 6324 7532 152
5 7040 6288 8269 153
5 2146 2722 7994 154
5 8235 6135 8517 155
5 7176 6198 7348 156
5 9518 6518 10159 157
5 6377 7441 9116 158
5 6795 7333 9846 159
5 7217 7514 10222 160
5 7349 6562 7831 161
5 7008 6205 8221 162
5 6170 7217 10222 163
5 7088 7659 9014 164
5 8330 6380 9213 165
5 7030 7580 9768 166
5 6489 7018 9029 167
5 358 6983 9072 168
5 8268 6888 8433 169
5 8264 5800 8555 170
5 5742 7913 8733 171
5 8698 6813 9530 172
5 8229 6600 8583 173
5 7943 6535 8142 174
5 6139 7134 8160 175
5 362 7113 8178 176
5 6011 7192 7673 177
5 5614 7289 7495 178
5 6391 7276 7518 179
5 7659 6069 8111 180
5 6884 5970 8517 181
5 7861 6870 8860 182
5 7380 5944 8968 183
5 8130 5780 9077 184
5 7215 8526 9784 185
5 5668 7264 8445 186
5 6443 7017 8587 187
5 5682 6930 10345 188
5 5893 7825 8991 189
5 6049 8016 10748 190
5 7299 6212 10057 191
5 7004 6268 7749 192
5 7700 5649 8300 193
5 8067 5957 8680 194
5 8309 5828 9654 195
5 7050 6318 8529 196
5 7139 6171 7875 197
5 8421 6956 8928 198
5 5720 7065 7357 199
5 7090 6476 7710 200
5 5909 7812 9199 201
5 6127 7013 7864 202
5 6889 6213 9271 203
5 7696 5685 8930 204
5 6211 7340 8280 205
5 6878 6476 10325 206
5 8912 5642 9343 207
5 7130 5873 8316 208
5 6692 5910 8400 209
5 6907 7956 10120 210
5 6468 8201 8817 211
5 6914 6209 8052 212
5 6200 7207 8178 213
5 6193 8700 8988 214
5 7215 6624 9747 215
5 7491 6166 9754 216
5 8368 5872 9119 217
5 6238 7089 9663 218
5 7212 6202 10622 219
5 7154 5939 7593 220
5 7936 5839 9690 221
5 6153 7683 9348 222
5 7180 7406 10576 223
5 5725 7198 7815 224
5 7263 6662 9857 225
5 5816 7538 7594 226
5 6196 7502 7636 227
5 6007 7471 8728 228
5 6136 8390 9686 229
5 9862 7511 9916 230
5 7068 7936 9690 231
5 5821 7588 7639 232
5 8690 5729 8713 233
5 424 425 9103 234
5 8324 7240 10691 235
5 6976 6531 8799 236
5 6978 6233 9251 237
5 6930 6118 7832 238
5 7170 5824 9260 239
5 7217 6170 10419 240
5 6191 7338 10083 241
5 6378 7393 8244 242
5 7191 6300 8533 243
5 8717 6928 10723 244
5 7503 5822 9651 245
5 6718 8837 8904 246
5 5833 7091 7644 247
5 7352 5819 7803 248
5 6771 7696 8930 249
5 5822 7247 9651 250
5 9654 8082 10456 251
5 7533 6998 10311 252
5 5811 7946 8620 253
5 6288 7040 7907 254
5 7276 6391 7615 255
5 7255 6165 8108 256
5 1138 3190 7720 257
5 7937 9064 10832 258
5 6997 5640 8470 259
5 7342 6708 8544 260
5 5915 8375 8998 261
5 6401 7456 8755 262
5 8779 6255 9284 263
5 9827 7617 10925 264
5 6117 7397 7692 265
5 7552 7124 9906 266
5 7254 6087 9935 267
5 7977 6876 9164 268
5 6794 8272 8575 269
5 7297 6416 8911 270
5 6982 6339 8485 271
5 6057 7617 9827 272
5 7176 7348 10647 273
5 6090 8860 10270 274
5 7054 6400 7861 275
5 5950 7199 9607 276
5 6287 6985 7773 277
5 7248 5958 8348 278
5 7988 6197 8572 279
5 6185 7848 7856 280
5 7755 7034 9664 281
5 7201 7352 10924 282
5 6417 8033 8315 283
5 7366 5807 8440 284
5 6533 7570 8599 285
5 7121 6604 9703 286
5 7361 7692 10128 287
5 7181 6097 10387 288
5 7196 5783 10385 289
5 7453 5953 8021 290
5 7192 6011 8807 291
5 5645 7442 7677 292
5 6174 7290 7797 293
5 6568 9102 9387 294
5 7307 6355 7826 295
5 8770 6617 10000 296
5 6358 7086 8679 297
5 7408 6055 10350 298
5 5621 7292 7767 299
5 6543 9287 9493 300
5 5780 7451 9077 301
5 8074 6572 8556 302
5 8322 6988 10304 303
5 6075 7943 10176 304
5 5985 7595 8871 305
5 5732 6898 8580 306
5 8179 6315 10226 307
5 6273 8459 10444 308
5 7390 6122 8011 309
5 6249 8421 8928 310
5 7486 6306 10753 311
5 7751 5739 8395 312
5 7162 6257 7435 313
5 5724 7008 8221 314
5 8123 6701 8493 315
5 6170 7462 7488 316
5 8678 7075 9648 317
5 8860 6090 9724 318
5 6719 7758 8103 319
5 7276 6184 7518 320
5 5762 6894 7715 321
5 7392 5715 9308 322
5 5888 7766 9359 323
5 6278 8293 9913 324
5 6280 7645 9908 325
5 7252 6551 9106 326
5 6454 7877 8134 327
5 7761 6928 8717 328
5 6371 8094 8614 329
5 8016 7344 10748 330
5 5673 7799 8602 331
5 5700 7943 8142 332
5 5810 7805 8094 333
5 6929 6655 9047 334
5 6188 7756 8162 335
5 5839 7294 7953 336
5 7913 6918 8733 337
5 7049 373 8833 338
5 6254 7224 7453 339
5 6826 8525 9885 340
5 6224 7672 7898 341
5 7196 9828 10060 342
5 7383 6815 9851 343
5 7652 6830 9215 344
5 6212 7299 10093 345
5 5741 8320 9846 346
5 5710 7707 9854 347
5 6583 7142 9379 348
5 5816 7063 7543 349
5 6339 6982 8243 350
5 9024 5917 9896 351
5 5974 7861 8860 352
5 6902 7654 7822 353
5 6930 5682 8940 354
5 3910 7167 10677 355
5 7234 6194 7622 356
5 6791 5927 8195 357
5 6556 7706 9377 358
5 6760 7716 8825 359
5 6502 8444 10073 360
5 7353 9412 10383 361
5 5652 7058 7744 362
5 6359 7204 8867 363
5 6920 6208 7994 364
5 7483 6137 8501 365
5 6622 6241 7857 366
5 7700 6693 8667 367
5 8418 7046 9798 368
5 7814 6228 8450 369
5 6681 8333 8921 370
5 6876 7977 9179 371
5 8459 7112 10444 372
5 6147 7161 7708 373
5 7988 8572 10514 374
5 7332 5999 7592 375
5 7517 6200 9315 376
5 2578 3406 7774 377
5 6227 7747 7763 378
5 8189 7908 9730 379
5 6936 6014 9168 380
5 6209 6914 7920 381
5 8094 6922 8614 382
5 4234 5278 7355 383
5 7820 9536 10951 384
5 7587 6191 10083 385
5 7745 7594 10242 386
5 6984 5794 8150 387
5 5750 6903 7869 388
5 7580 6025 9768 389
5 7434 5931 9353 390
5 5791 7496 8890 391
5 7353 6178 9412 392
5 6118 6930 9209 393
5 9828 6091 10060 394
5 6248 7000 8237 395
5 6933 6301 8385 396
5 7825 6814 8991 397
5 7648 6512 8412 398
5 341 7103 8540 399
5 7173 5815 9893 400
5 7292 5621 9887 401
5 7434 6520 8823 402
5 6254 8008 8207 403
5 383 7769 7772 404
5 7338 6191 7776 405
5 8591 350 8815 406
5 6562 7017 9495 407
5 7278 6021 7445 408
5 7354 5620 8935 409
5 7640 6932 9935 410
5 8229 7479 9478 411
5 7937 5660 9064 412
5 7616 6013 10237 413
5 7675 7425 9185 414
5 7331 6600 8229 415
5 6386 7701 8273 416
5 5918 7252 9106 417
5 7758 9155 9175 418
5 6090 8130 9724 419
5 7219 5769 10280 420
5 6282 7048 10246 421
5 8121 6019 8945 422
5 7393 5689 8244 423
5 6200 8577 9315 424
5 6761 7273 9322 425
5 8026 8879 9877 426
5 6475 7177 10249 427
5 6603 8483 8611 428
5 8308 6884 9601 429
5 7352 6212 10924 430
5 7480 6617 8770 431
5 7945 5641 9955 432
5 6741 7292 9887 433
5 6938 7423 9901 434
5 6686 7255 9674 435
5 8480 6310 9425 436
5 6974 9907 10178 437
5 6696 8359 8470 438
5 408 8012 8941 439
5 6652 7158 9263 440
5 5926 7541 9086 441
5 7026 6420 8364 442
5 6356 7380 8106 443
5 6312 7538 8179 444
5 7725 6491 9489 445
5 7098 7616 10237 446
5 7667 6334 8318 447
5 5640 6997 7768 448
5 6507 7540 9166 449
5 6393 7603 7742 450
5 5746 7611 8051 451
5 7716 5921 8825 452
5 5809 7086 8367 453
5 7270 6633 8095 454
5 7107 6242 7592 455
5 6133 6899 8113 456
5 6202 6972 8010 457
5 5815 7350 9893 458
5 9066 6188 10972 459
5 7877 6274 8134 460
5 6538 7270 8095 461
5 452 8418 9798 462
5 7551 6189 7560 463
5 7127 6108 7916 464
5 6312 8179 8210 465
5 6280 7498 10106 466
5 6463 7116 7990 467
5 6170 7394 10419 468
5 7707 7079 9854 469
5 6774 8597 9650 470
5 7198 5725 8250 471
5 7956 6050 10120 472
5 7541 5926 10021 473
5 6137 7617 8501 474
5 5616 8029 8216 475
5 5915 6997 10621 476
5 8483 5706 8611 477
5 7502 5609 7605 478
5 6094 7495 10320 479
5 7812 5909 9200 480
5 418 419 7326 481
5 8801 1066 9409 482
5 7105 6253 8103 483
5 6987 5891 10068 484
5 6126 6988 9631 485
5 6156 7391 7457 486
5 7315 6345 7730 487
5 7276 7902 9695 488
5 6489 8562 9214 489
5 7407 5813 7680 490
5 7781 5883 8541 491
5 8728 7471 10343 492
5 8004 7227 9616 493
5 5614 7495 10247 494
5 6618 7812 9200 495
5 7495 7102 10247 496
5 6380 7589 10904 497
5 7440 5990 10498 498
5 5936 7142 10160 499
5 6233 7977 9164 500
5 6916 9654 10456 501
5 5962 7242 9633 502
5 6080 7533 10311 503
5 7782 1642 10960 504
5 7415 5744 9521 505
5 8390 6136 10314 506
5 6927 7503 9651 507
5 7318 6206 10127 508
5 6992 5772 8304 509
5 6833 7415 9521 510
5 6283 7103 9299 511
5 7012 5850 7760 512
5 6098 7741 8472 513
5 7361 7066 10490 514
5 9213 7725 9489 515
5 7613 7404 9780 516
5 6049 7147 8016 517
5 7220 6558 8135 518
5 8386 6622 8981 519
5 6234 7441 7574 520
5 6422 8455 8752 521
5 7504 7581 10211 522
5 5734 7011 8107 523
5 6178 7153 8424 524
5 6400 7054 8782 525
5 8020 5952 8674 526
5 6804 8678 9648 527
5 7581 7987 8937 528
5 8045 6239 10091 529
5 7086 6358 8489 530
5 7351 7788 9542 531
5 6633 7270 9819 532
5 5778 7320 8720 533
5 6335 8026 8365 534
5 6117 7361 10490 535
5 6973 8480 9425 536
5 8436 6319 9038 537
5 7296 5984 7679 538
5 7086 5956 8417 539
5 7446 5605 9388 540
5 6094 7444 8299 541
5 6617 7480 8257 542
5 7391 6311 7457 543
5 6184 7276 9695 544
5 7279 6529 7697 545
5 7706 6556 10634 546
5 6178 7353 8004 547
5 377 7175 10825 548
5 7594 6180 10242 549
5 6287 7072 8451 550
5 8216 6414 8563 551
5 6131 7646 8913 552
5 5970 6884 8308 553
5 6566 7038 10968 554
5 6069 7088 8757 555
5 6225 7180 10502 556
5 7546 6900 10860 557
5 8598 6395 8871 558
5 8393 6157 9003 559
5 6193 7249 9030 560
5 6392 6860 9800 561
5 5458 5566 7411 562
5 6897 8598 8871 563
5 6222 7565 7890 564
5 6894 5762 9055 565
5 7036 7561 10424 566
5 8359 6290 8470 567
5 7895 6285 9179 568
5 6198 7176 8080 569
5 7078 5889 10474 570
5 6902 7822 9754 571
5 6206 7347 10127 572
5 7086 6366 8367 573
5 7749 5753 9434 574
5 7314 6114 7562 575
5 9809 6177 10713 576
5 5703 6973 8219 577
5 6346 8268 8433 578
5 6206 7318 7750 579
5 7953 7294 8917 580
5 5777 7184 7730 581
5 7817 7420 9442 582
5 7502 6196 7972 583
5 6161 8810 9278 584
5 7452 6428 9355 585
5 7370 6407 9765 586
5 7654 5606 9226 587
5 8037 6260 8446 588
5 5784 7276 7615 589
5 6895 8235 8517 590
5 6403 7508 8022 591
5 7128 6072 7842 592
5 8603 2506 9170 593
5 7333 5741 9846 594
5 7773 6677 9381 595
5 7200 7526 9637 596
5 6671 7461 8537 597
5 5793 7361 10128 598
5 7091 5833 10626 599
5 9014 7659 10447 600
5 6321 9423 10573 601
5 5885 7849 9294 602
5 7406 6225 7672 603
5 7381 6107 7964 604
5 7645 7976 9908 605
5 7868 5806 9259 606
5 6248 7218 10565 607
5 5784 7050 8529 608
5 6806 6265 8495 609
5 6411 7754 8084 610
5 5620 7997 8935 611
5 5917 7930 9896 612
5 6004 8382 8487 613
5 6838 7654 9226 614
5 7689 5850 8002 615
5 7148 7408 10350 616
5 8971 6566 10968 617
5 8382 6957 8487 618
5 7858 6386 8273 619
5 9754 6166 10221 620
5 9476 7429 10542 621
5 7222 6245 10662 622
5 8526 9563 9784 623
5 6620 7506 8430 624
5 6185 7856 9168 625
5 6791 7101 10754 626
5 7351 6229 7788 627
5 7977 5836 9179 628
5 6602 8086 9090 629
5 7565 6320 7890 630
5 7190 6205 9588 631
5 6233 6978 7977 632
5 6342 7865 10472 633
5 8445 7264 10063 634
5 7694 6078 9881 635
5 9061 6745 9074 636
5 6476 6878 8716 637
5 6376 7106 9895 638
5 922 598 7839 639
5 7649 6892 9701 640
5 7887 5890 8086 641
5 6369 7024 10003 642
5 7898 6140 8522 643
5 7539 9070 10168 644
5 5983 7236 7883 645
5 7001 5604 9443 646
5 6022 7788 9941 647
5 6815 8623 8885 648
5 7940 6316 7946 649
5 7255 5769 9674 650
5 6489 7684 9124 651
5 6271 8387 8857 652
5 6903 5750 9358 653
5 6363 8538 8734 654
5 7102 7495 10618 655
5 8516 6511 8862 656
5 5873 7130 9329 657
5 7467 6246 8853 658
5 7423 6938 10147 659
5 7397 6291 7692 660
5 6602 9090 9258 661
5 5769 7253 10280 662
5 7343 5977 9620 663
5 5825 7509 7544 664
5 5666 7858 10438 665
5 9851 6815 10387 666
5 6930 7832 10345 667
5 5803 7174 10542 668
5 6759 8454 9098 669
5 6166 7337 7698 670
5 7541 6535 9086 671
5 5660 7125 8319 672
5 7079 7707 7921 673
5 7313 5971 8577 674
5 6754 8188 8688 675
5 5636 7228 8110 676
5 7503 6189 7551 677
5 6779 7646 7827 678
5 7588 6417 7639 679
5 7301 5986 8257 680
5 7664 6511 8516 681
5 5857 7725 7878 682
5 7187 6215 8354 683
5 6987 5686 10450 684
5 10252 8062 10285 685
5 7526 6039 9637 686
5 6194 8262 8970 687
5 6938 6081 9344 688
5 6983 358 8355 689
5 7271 9518 10159 690
5 7259 7996 10725 691
5 7086 5809 8679 692
5 7481 6174 7797 693
5 7491 6538 8416 694
5 8715 6449 9126 695
5 6201 7262 9062 696
5 6254 7453 8008 697
5 7784 6235 7872 698
5 6012 7220 7928 699
5 5727 7364 7619 700
5 1966 2218 8342 701
5 9811 7414 9818 702
5 6709 7508 9114 703
5 8188 6223 8688 704
5 7544 6180 7594 705
5 8527 6272 9145 706
5 6296 9566 10217 707
5 6059 6976 9057 708
5 8210 6848 9153 709
5 7459 6270 7463 710
5 6772 7392 9308 711
5 6615 7575 8774 712
5 7441 6377 7574 713
5 7041 8067 8680 714
5 7472 5940 8260 715
5 6988 6126 10304 716
5 7465 5989 8753 717
5 7091 6589 9436 718
5 7300 8179 10226 719
5 6391 7082 10866 720
5 402 7674 8956 721
5 6729 7242 7904 722
5 7237 6555 8044 723
5 7780 6321 10573 724
5 7540 5965 8747 725
5 6004 7157 9154 726
5 7035 5731 8691 727
5 7134 6139 9429 728
5 5929 7385 9368 729
5 8433 6840 8789 730
5 4846 7474 8010 731
5 6602 7887 8086 732
5 6269 7150 10506 733
5 3910 1930 7167 734
5 7161 9251 9954 735
5 1138 7720 9689 736
5 5862 6943 8298 737
5 6184 7423 10147 738
5 7202 6121 8314 739
5 6872 7657 10429 740
5 6760 8825 9318 741
5 7242 6350 7904 742
5 8108 7254 10423 743
5 6676 8436 9038 744
5 6039 9449 10518 745
5 7498 7151 10106 746
5 6261 7247 7723 747
5 6305 7100 10038 748
5 8061 6382 8644 749
5 1750 5386 7823 750
5 6466 7545 7944 751
5 6218 7190 8357 752
5 6346 8433 8789 753
5 6447 7464 7609 754
5 5865 7188 9605 755
5 8333 6343 8921 756
5 7640 6461 8397 757
5 6058 7428 8725 758
5 7827 7646 10481 759
5 8016 7147 9296 760
5 7063 5816 7745 761
5 7811 6357 9051 762
5 7118 6120 9123 763
5 7763 5974 9863 764
5 4090 5530 9529 765
5 7665 8998 9477 766
5 7718 6177 9809 767
5 8012 6559 8941 768
5 7343 9620 10593 769
5 7126 6510 9011 770
5 5669 7221 10762 771
5 6376 7786 8536 772
5 6926 6034 7530 773
5 7210 423 9103 774
5 7489 6058 8725 775
5 8050 6198 8080 776
5 448 449 7399 777
5 8240 6826 9881 778
5 7337 6166 8416 779
5 5708 7094 8274 780
5 7017 6443 8376 781
5 7277 6180 7509 782
5 6163 7328 7573 783
5 6139 7272 7779 784
5 6963 7951 9370 785
5 7033 6315 9810 786
5 5828 8009 9654 787
5 6301 6933 8146 788
5 7469 5969 9100 789
5 6211 8280 8980 790
5 5850 7689 7786 791
5 6471 6936 10591 792
5 7157 6554 9154 793
5 7432 6000 7719 794
5 5728 7601 7876 795
5 6366 7086 8417 796
5 6702 7909 9487 797
5 5702 7686 8966 798
5 7131 6221 8504 799
5 6861 7469 9100 800
5 6592 7548 8710 801
5 6219 7177 9842 802
5 6126 7371 7789 803
5 6026 7103 8610 804
5 7199 5950 8420 805
5 7087 6443 8587 806
5 8184 6188 9066 807
5 6014 7059 9168 808
5 6236 7162 8258 809
5 7140 5671 8335 810
5 7103 6283 8610 811
5 6168 7187 8924 812
5 7311 6455 8711 813
5 6158 7539 10168 814
5 6091 7339 7884 815
5 6402 7109 10425 816
5 4234 7355 8025 817
5 8606 5726 8702 818
5 7122 5610 10637 819
5 6457 7134 8970 820
5 6306 7486 7722 821
5 8861 5745 9464 822
5 6088 7188 7793 823
5 6646 7751 8395 824
5 9663 7234 10816 825
5 5694 7779 8607 826
5 5672 7138 8779 827
5 6016 7489 8676 828
5 6579 7507 8538 829
5 7322 5767 7563 830
5 1066 5422 9409 831
5 9260 7546 10860 832
5 7189 6030 8034 833
5 9702 8240 9881 834
5 7844 7537 9655 835
5 7504 6845 10120 836
5 6969 7512 10265 837
5 6546 7537 7844 838
5 7575 6145 8774 839
5 7912 5778 8720 840
5 7410 6803 10079 841
5 2578 7774 9994 842
5 1210 7727 8888 843
5 6381 7652 7798 844
5 6476 7090 9105 845
5 8026 6335 8879 846
5 7175 6349 8326 847
5 7187 5792 8924 848
5 7361 6117 7692 849
5 526 1534 10957 850
5 5745 7104 7507 851
5 7758 6719 9155 852
5 7538 6312 7594 853
5 7254 9935 10423 854
5 7252 5918 7761 855
5 6995 7676 10653 856
5 7337 5740 7698 857
5 5870 7974 9207 858
5 7120 6250 8576 859
5 8293 7268 9913 860
5 5676 7268 8293 861
5 5833 7813 10626 862
5 7880 6763 8813 863
5 6385 7301 8257 864
5 5098 1642 8371 865
5 10302 7039 10371 866
5 8597 6435 9650 867
5 5956 7086 8489 868
5 6355 7307 8415 869
5 7030 9550 10227 870
5 6345 7315 8224 871
5 7773 5635 10268 872
5 7744 6243 8656 873
5 6624 7215 8075 874
5 6137 8655 10925 875
5 7240 5932 10691 876
5 7414 5682 7645 877
5 6631 7085 10948 878
5 8580 6905 9399 879
5 1642 7782 8371 880
5 1426 1174 10520 881
5 5802 7307 7826 882
5 6238 9663 10816 883
5 7138 6172 7989 884
5 7236 5983 8856 885
5 6964 6657 10868 886
5 6452 7254 8108 887
5 6251 7318 10699 888
5 6396 8405 9760 889
5 6975 6534 9494 890
5 7045 5855 8687 891
5 7578 6787 9136 892
5 7833 5669 10762 893
5 7506 6620 9219 894
5 5709 6967 7705 895
5 7690 6076 8657 896
5 7517 5782 7965 897
5 6108 7127 10095 898
5 6899 6133 10726 899
5 7157 6004 9290 900
5 6224 7406 7672 901
5 7314 6711 9785 902
5 7109 6402 9167 903
5 6319 8445 10063 904
5 7037 5743 8803 905
5 6245 7514 10662 906
5 7652 5766 7798 907
5 6285 8306 9179 908
5 6139 7779 9643 909
5 9747 7022 9816 910
5 6213 6889 8030 911
5 6021 9811 9818 912
5 6508 7026 10769 913
5 7751 6736 8288 914
5 8260 5940 9196 915
5 9907 7384 10178 916
5 6190 6949 9744 917
5 7390 5870 8233 918
5 6199 7880 8813 919
5 7250 6682 9697 920
5 6212 10093 10924 921
5 7487 6824 10698 922
5 7210 5982 9090 923
5 7249 5747 7710 924
5 2002 7369 9409 925
5 6104 7874 9378 926
5 7229 6329 8290 927
5 6790 8375 8627 928
5 6530 7210 9090 929
5 6959 7868 9259 930
5 7077 8533 10070 931
5 7300 5642 8179 932
5 6367 6925 9535 933
5 7509 6180 7544 934
5 8450 6228 10975 935
5 7534 6468 7598 936
5 7009 7694 9881 937
5 6260 7582 8446 938
5 7211 6289 10231 939
5 6820 5944 8191 940
5 7522 7879 8774 941
5 5604 7917 8282 942
5 6137 8348 8655 943
5 7646 6887 8913 944
5 6295 7469 8051 945
5 8266 5793 8493 946
5 8174 5924 10119 947
5 5530 7556 9529 948
5 6703 8498 8969 949
5 7145 9916 10072 950
5 6157 7908 9003 951
5 9263 7158 10707 952
5 6911 7795 8434 953
5 7198 6144 7815 954
5 7513 6481 7875 955
5 7186 5775 9550 956
5 5824 7546 9260 957
5 6363 8336 8538 958
5 6072 7128 8313 959
5 8700 6825 8988 960
5 7146 6226 9144 961
5 7845 5906 8869 962
5 8569 5813 8830 963
5 8498 6703 9716 964
5 7124 6394 8228 965
5 7409 5644 8799 966
5 6020 8076 8580 967
5 9536 5628 10951 968
5 6159 7163 7997 969
5 6242 7107 8253 970
5 7572 6333 8223 971
5 5717 7215 9747 972
5 7741 6723 8472 973
5 6172 7138 8131 974
5 7640 8397 9536 975
5 7502 6294 7636 976
5 7209 6410 8409 977
5 7085 6631 8170 978
5 7099 6129 8380 979
5 8673 6494 9165 980
5 7048 6282 8183 981
5 5807 7908 8189 982
5 6298 7192 8807 983
5 5628 7263 9857 984
5 7992 6161 9278 985
5 6226 7146 8388 986
5 6750 7781 8541 987
5 6407 7370 9141 988
5 7392 6172 7669 989
5 7330 6688 9755 990
5 7000 6248 8564 991
5 6681 8728 10343 992
5 7326 419 9390 993
5 6929 9047 9971 994
5 7081 5684 8496 995
5 5810 7746 9225 996
5 7245 6340 9540 997
5 7156 7804 10437 998
5 7106 7760 9895 999
5 6976 8249 9057 1000
5 6714 7380 8968 1001
5 7542 6310 9520 1002
5 6925 8690 8713 1003
5 7213 6068 9874 1004
5 6148 7578 9136 1005
5 7592 5999 9569 1006
5 7190 6218 7805 1007
5 6322 8082 9654 1008
5 6144 7198 7847 1009
5 5824 7170 8600 1010
5 7163 6159 8194 1011
5 6616 7449 7608 1012
5 6427 7473 8009 1013
5 6095 7250 9697 1014
5 6949 6190 8946 1015
5 8347 6391 10866 1016
5 6140 7356 8522 1017
5 7934 6305 8374 1018
5 7681 6396 8686 1019
5 7713 6513 7749 1020
5 6152 7072 7846 1021
5 8008 5796 10623 1022
5 7665 6903 9358 1023
5 7355 5278 8069 1024
5 9251 6233 9954 1025
5 6267 7120 8659 1026
5 7103 6026 9860 1027
5 7443 6432 8473 1028
5 7250 6237 7794 1029
5 5850 7012 9149 1030
5 8314 6121 9675 1031
5 6216 7353 8601 1032
5 7441 7868 9116 1033
5 6792 8079 9384 1034
5 6221 7222 8392 1035
5 7024 6369 8554 1036
5 5707 8547 9599 1037
5 8657 6522 9189 1038
5 5695 8291 8895 1039
5 6340 7245 9156 1040
5 7084 5978 8196 1041
5 4666 4126 7430 1042
5 4486 4378 8590 1043
5 6924 8477 9083 1044
5 7243 7922 10300 1045
5 7657 10219 10429 1046
5 6159 7751 8194 1047
5 7462 5801 7488 1048
5 5944 6820 8206 1049
5 7800 6303 7830 1050
5 6107 7288 10412 1051
5 5620 7354 9441 1052
5 634 2182 7433 1053
5 7372 8450 10975 1054
5 7062 8912 9343 1055
5 6825 8700 9338 1056
5 7508 6010 9114 1057
5 7247 6261 10077 1058
5 6143 7494 8373 1059
5 6087 7254 7967 1060
5 1390 2650 10711 1061
5 6432 7443 8542 1062
5 7161 6147 10458 1063
5 7179 6335 8365 1064
5 6187 7304 8081 1065
5 6591 8953 10205 1066
5 5641 7945 8952 1067
5 7484 6248 10565 1068
5 6276 9298 10635 1069
5 5754 8544 9886 1070
5 7844 6745 9061 1071
5 5939 7389 7593 1072
5 5735 7452 9355 1073
5 7354 6770 9441 1074
5 7293 6059 9057 1075
5 7856 6936 9168 1076
5 6829 8271 8893 1077
5 10535 6243 10931 1078
5 7603 5680 7742 1079
5 5026 2830 7439 1080
5 6227 7287 7747 1081
5 5798 7282 9735 1082
5 1210 1246 7727 1083
5 6462 6915 9531 1084
5 7495 7289 10320 1085
5 7788 7282 9941 1086
5 6976 6059 8514 1087
5 5814 7534 7598 1088
5 1750 7823 10812 1089
5 8065 8994 9944 1090
5 6130 7742 9002 1091
5 7478 6102 8870 1092
5 9349 8171 10100 1093
5 7953 6103 9812 1094
5 7468 5774 8726 1095
5 7034 7755 10791 1096
5 6620 8430 9235 1097
5 6189 7075 8678 1098
5 5903 8336 9571 1099
5 7044 7440 10498 1100
5 8097 6020 8580 1101
5 8562 6489 9029 1102
5 8607 7779 10342 1103
5 5783 7196 9096 1104
5 7471 6007 9342 1105
5 6219 9842 10774 1106
5 7196 7069 9828 1107
5 6134 7637 9046 1108
5 6213 7166 9271 1109
5 6300 7191 8278 1110
5 7276 5784 7902 1111
5 5785 8321 8989 1112
5 6677 7773 9335 1113
5 742 4846 8010 1114
5 7057 6344 10307 1115
5 8621 5206 8963 1116
5 7239 6492 9160 1117
5 7177 8232 10249 1118
5 7765 6167 8112 1119
5 6587 7724 8513 1120
5 6680 7402 9859 1121
5 8272 5946 8575 1122
5 6173 7665 9358 1123
5 6115 7267 10378 1124
5 6110 7404 7613 1125
5 8171 6738 10100 1126
5 6719 8103 10282 1127
5 8224 7315 10903 1128
5 922 7839 10408 1129
5 5744 7415 8928 1130
5 6467 8666 9071 1131
5 5953 7453 10284 1132
5 7304 6187 9081 1133
5 6622 7857 8981 1134
5 7560 5821 7639 1135
5 5943 7792 9638 1136
5 5994 7422 7620 1137
5 7113 362 9460 1138
5 7259 6487 7996 1139
5 5915 7665 9582 1140
5 5863 7179 8365 1141
5 6019 7097 7627 1142
5 6816 8068 9069 1143
5 6116 7403 8359 1144
5 7249 6193 8988 1145
5 5616 7168 9514 1146
5 5890 7887 8132 1147
5 7422 5995 7620 1148
5 7243 6669 10078 1149
5 7330 9755 10074 1150
5 7191 6559 9000 1151
5 6991 8061 8644 1152
5 6421 7195 8058 1153
5 7188 5865 8685 1154
5 6410 7209 9328 1155
5 2542 3334 7853 1156
5 7973 6813 8698 1157
5 5800 7801 8555 1158
5 6952 7992 9278 1159
5 7138 6255 8779 1160
5 8837 6441 8904 1161
5 8901 7417 10197 1162
5 6243 7824 8656 1163
5 8051 7469 10202 1164
5 7282 7788 9735 1165
5 7279 7697 10870 1166
5 5889 7078 8253 1167
5 7483 6243 10535 1168
5 8299 7444 9814 1169
5 7367 5666 8207 1170
5 7116 6463 9568 1171
5 6963 9370 10721 1172
5 7598 6148 9917 1173
5 7476 6574 8455 1174
5 7574 5869 10001 1175
5 8810 7058 9278 1176
5 6900 7432 9978 1177
5 6025 7429 9476 1178
5 6318 8225 8986 1179
5 7268 6071 9913 1180
5 8068 5707 9599 1181
5 5632 7623 9339 1182
5 8585 6083 9461 1183
5 373 7049 9048 1184
5 6693 7700 8300 1185
5 6571 7356 8567 1186
5 7925 7181 10387 1187
5 6079 7201 9825 1188
5 6973 5703 8480 1189
5 6400 7096 8589 1190
5 5843 8074 8556 1191
5 7271 5938 9518 1192
5 349 350 8591 1193
5 6023 7145 10640 1194
5 8667 6693 10503 1195
5 7185 6047 7602 1196
5 6552 7389 9181 1197
5 6862 7727 9208 1198
5 6014 6936 9240 1199
5 7849 7121 9294 1200
5 1606 1462 7475 1201
5 8198 7302 9974 1202
5 7448 6464 7932 1203
5 4846 3370 7474 1204
5 5965 7629 8747 1205
5 6386 7409 7701 1206
5 7601 5728 7648 1207
5 4270 5314 7866 1208
5 6087 7640 9935 1209
5 5849 7309 7947 1210
5 7007 6003 8525 1211
5 5717 9747 9816 1212
5 6083 8585 9977 1213
5 7020 6490 8660 1214
5 6132 7675 9185 1215
5 6482 6622 8386 1216
5 7713 6268 10153 1217
5 7067 7598 9917 1218
5 8363 6253 8780 1219
5 6268 9751 10153 1220
5 3838 2614 7948 1221
5 8454 6759 9402 1222
5 7779 6989 9643 1223
5 6315 7033 9733 1224
5 8296 6945 9806 1225
5 389 8546 8614 1226
5 6166 7491 8416 1227
5 8233 5870 9997 1228
5 6868 7434 9353 1229
5 10327 6342 10472 1230
5 8433 6888 8494 1231
5 7282 5798 10290 1232
5 6113 7401 7963 1233
5 7100 6305 7934 1234
5 6858 8342 8650 1235
5 6129 7099 8320 1236
5 8065 5921 8994 1237
5 7227 6090 9616 1238
5 5671 7140 10155 1239
5 6426 7163 10876 1240
5 8401 6125 8559 1241
5 7788 6022 9542 1242
5 6812 7602 9533 1243
5 5994 6823 8404 1244
5 7017 8376 9495 1245
5 8099 6295 8117 1246
5 6554 7157 8956 1247
5 5624 8229 9478 1248
5 6521 7417 8901 1249
5 6387 7479 8229 1250
5 8107 7074 10058 1251
5 7892 5616 8563 1252
5 7540 5911 9166 1253
5 7508 6709 9781 1254
5 7110 5711 8503 1255
5 5805 7636 8305 1256
5 7769 6215 7772 1257
5 7482 5690 7899 1258
5 8094 7805 9454 1259
5 7172 7763 9863 1260
5 5684 7233 8496 1261
5 6843 8569 8830 1262
5 7195 6421 8420 1263
5 7548 5722 8710 1264
5 9911 7080 10259 1265
5 7277 7509 10690 1266
5 6208 6920 8553 1267
5 402 403 7674 1268
5 6350 7242 8161 1269
5 7676 6995 9642 1270
5 6071 9808 9913 1271
5 6003 7007 9639 1272
5 6325 7551 7560 1273
5 7262 6201 9446 1274
5 8346 8066 10927 1275
5 7527 5698 7752 1276
5 6898 5732 8643 1277
5 9129 7084 9711 1278
5 7635 6442 8926 1279
5 6944 7945 9955 1280
5 5838 7667 8318 1281
5 6074 7426 7785 1282
5 7449 6120 7608 1283
5 7368 6107 10412 1284
5 6387 8229 8583 1285
5 7619 7364 10837 1286
5 6261 7358 10077 1287
5 7233 5684 8903 1288
5 6146 7407 9391 1289
5 6849 7213 9874 1290
5 6409 7703 8238 1291
5 8037 6519 9297 1292
5 7805 5810 9225 1293
5 6784 7471 9342 1294
5 6535 7541 8142 1295
5 7936 7068 9171 1296
5 8161 9726 10164 1297
5 7103 341 9299 1298
5 5955 7229 8290 1299
5 7101 6791 8195 1300
5 7130 6124 9109 1301
5 6562 7349 9870 1302
5 7270 6538 9499 1303
5 6739 9001 9139 1304
5 8291 6899 8895 1305
5 8029 6753 8216 1306
5 6280 7414 7645 1307
5 8365 6756 9157 1308
5 6137 7483 10535 1309
5 6381 8166 9282 1310
5 7529 6191 9515 1311
5 7684 5862 9124 1312
5 6602 7468 8726 1313
5 8030 7208 9033 1314
5 6567 7658 9021 1315
5 7512 6101 10265 1316
5 5843 8410 9483 1317
5 5978 7382 8196 1318
5 6250 7258 7840 1319
5 5852 7015 10543 1320
5 7328 5914 8360 1321
5 7064 8390 10314 1322
5 7650 5721 9084 1323
5 5639 7151 8761 1324
5 6492 7239 8281 1325
5 1570 4054 7903 1326
5 6263 7735 8143 1327
5 6436 7562 8629 1328
5 8375 7032 8998 1329
5 7232 5730 8157 1330
5 7514 7217 10978 1331
5 5851 10096 10141 1332
5 7974 6223 9439 1333
5 8623 5984 8885 1334
5 7204 6359 8503 1335
5 7054 6331 9925 1336
5 6704 8274 9772 1337
5 7139 5906 8588 1338
5 6770 7354 9866 1339
5 7561 6093 10424 1340
5 5786 7436 7616 1341
5 7017 6562 8754 1342
5 1822 3442 7888 1343
5 7447 6251 10699 1344
5 6384 7800 7830 1345
5 7679 7164 10424 1346
5 7681 8686 9969 1347
5 8070 7542 9520 1348
5 6767 7974 9439 1349
5 1858 2506 8603 1350
5 7169 5686 7834 1351
5 8062 7214 10285 1352
5 6683 8107 10058 1353
5 5755 7444 7721 1354
5 6431 7689 8002 1355
5 7220 6012 9374 1356
5 5631 8462 9093 1357
5 5769 8108 10423 1358
5 4594 3118 7870 1359
5 8602 7799 9099 1360
5 7380 6356 8191 1361
5 7887 6388 8132 1362
5 7506 9219 9534 1363
5 6687 8016 9296 1364
5 8046 7145 10072 1365
5 6263 7759 9626 1366
5 6253 7105 8780 1367
5 5719 7244 8717 1368
5 7178 5783 9096 1369
5 3730 5134 7547 1370
5 6291 7308 10128 1371
5 9054 6831 10297 1372
5 6082 7384 9907 1373
5 5821 7560 8678 1374
5 7510 6520 7815 1375
5 8416 6538 9349 1376
5 6644 7759 8143 1377
5 10096 7916 10141 1378
5 6205 7190 9225 1379
5 6449 7889 9126 1380
5 6655 6929 9084 1381
5 7727 6862 9910 1382
5 9550 5775 10227 1383
5 7770 6068 8334 1384
5 6871 8478 9604 1385
5 6289 7450 10231 1386
5 5732 8580 9399 1387
5 6712 8368 9119 1388
5 8686 6396 9760 1389
5 8394 6232 9188 1390
5 8527 9145 10763 1391
5 8321 7059 8989 1392
5 8210 5642 8912 1393
5 6313 7412 8024 1394
5 9449 6865 10518 1395
5 8646 5929 9968 1396
5 6531 6976 9007 1397
5 5777 7134 9429 1398
5 6405 7065 8809 1399
5 7838 6521 8640 1400
5 6335 7179 9936 1401
5 9544 7487 10698 1402
5 7295 6257 7960 1403
5 7306 5647 8408 1404
5 6037 7844 9655 1405
5 8718 9958 10529 1406
5 5914 7328 8560 1407
5 5816 7543 9810 1408
5 7184 5777 9429 1409
5 7686 6788 8966 1410
5 7504 10120 10986 1411
5 7106 6376 9823 1412
5 6968 5634 8225 1413
5 6027 7681 9030 1414
5 6346 7333 8268 1415
5 6298 7252 7761 1416
5 7320 5778 9789 1417
5 7380 5827 8106 1418
5 383 384 7769 1419
5 7756 6188 8571 1420
5 7607 6282 10246 1421
5 6347 10302 10371 1422
5 5772 6992 9624 1423
5 5910 7178 10997 1424
5 7727 1246 9208 1425
5 5769 7255 8108 1426
5 8903 6408 9469 1427
5 7639 6417 8315 1428
5 6102 7661 8870 1429
5 8704 7293 9057 1430
5 6540 7090 8047 1431
5 8390 5834 8423 1432
5 7222 6221 8122 1433
5 7010 6308 8502 1434
5 8342 6406 8650 1435
5 6344 7057 9609 1436
5 7432 5763 9978 1437
5 6768 7497 9652 1438
5 6329 7229 8932 1439
5 7323 6231 7850 1440
5 8549 6296 10217 1441
5 7255 6686 9191 1442
5 7407 6146 8109 1443
5 7251 5802 8543 1444
5 7361 5793 7638 1445
5 3514 2146 9890 1446
5 8655 7152 10925 1447
5 8777 9198 10693 1448
5 5823 8077 10245 1449
5 5763 9583 10768 1450
5 6921 8146 9155 1451
5 6985 6287 8451 1452
5 7659 8111 9688 1453
5 6251 7447 8434 1454
5 7215 6673 8075 1455
5 6383 7419 9741 1456
5 7773 10268 10295 1457
5 7208 8030 10315 1458
5 6587 8513 9049 1459
5 6705 7939 9313 1460
5 6171 7139 9121 1461
5 6443 7087 10482 1462
5 6456 7634 10090 1463
5 4774 4702 8622 1464
5 7577 5694 8607 1465
5 7228 6271 8110 1466
5 6377 7519 8175 1467
5 5837 7376 9061 1468
5 7192 6298 8299 1469
5 7642 6186 8126 1470
5 6416 7297 8520 1471
5 5664 7582 7971 1472
5 8125 9833 10369 1473
5 7026 6508 8442 1474
5 7107 7592 9569 1475
5 7110 8174 10119 1476
5 7088 5826 10692 1477
5 7298 5617 8251 1478
5 7016 6405 8809 1479
5 8444 6928 10073 1480
5 6304 7858 8273 1481
5 8410 5843 8997 1482
5 7318 6251 10427 1483
5 7424 6604 7916 1484
5 7175 377 8724 1485
5 7120 6267 8169 1486
5 7497 6768 8694 1487
5 6840 8433 8895 1488
5 6915 6462 8699 1489
5 8083 5893 8991 1490
5 7396 6115 10378 1491
5 6125 8401 8595 1492
5 6052 7239 9160 1493
5 8576 6250 10557 1494
5 6892 7535 10761 1495
5 6169 7674 8744 1496
5 7834 6186 9222 1497
5 7496 6740 8890 1498
5 7820 6932 9536 1499
5 7289 6314 10320 1500
5 5787 7637 7697 1501
5 6945 5787 8144 1502
5 7511 6760 9318 1503
5 7909 5756 7932 1504
5 6489 7155 9484 1505
5 7879 7529 9515 1506
5 7543 7033 9810 1507
5 5825 7189 9983 1508
5 7339 6316 8230 1509
5 6316 7334 8230 1510
5 448 7399 9052 1511
5 7845 7133 10794 1512
5 7407 7680 9391 1513
5 8146 5896 9155 1514
5 5932 7257 9321 1515
5 5995 7129 7620 1516
5 388 389 8614 1517
5 6162 6482 7500 1518
5 8274 7094 9772 1519
5 6551 7252 9325 1520
5 7611 6517 8051 1521
5 5718 7762 9065 1522
5 6869 8695 9483 1523
5 7185 8861 9464 1524
5 6124 7130 8316 1525
5 1282 1318 7857 1526
5 9701 6892 10761 1527
5 6034 9102 10921 1528
5 6499 7131 9337 1529
5 8028 6467 9071 1530
5 6097 7181 8894 1531
5 5795 7510 9445 1532
5 379 8379 10485 1533
5 6156 7214 8062 1534
5 6269 7688 7806 1535
5 7174 8121 8945 1536
5 6589 7091 9245 1537
5 7343 5768 7573 1538
5 7442 6373 7677 1539
5 6312 7544 7594 1540
5 6420 7026 8532 1541
5 5816 7594 7745 1542
5 8155 5707 9763 1543
5 8940 5682 9953 1544
5 7206 6153 9025 1545
5 6618 7656 7812 1546
5 7987 6423 8403 1547
5 6793 7458 8255 1548
5 6199 8608 10467 1549
5 7147 6049 9629 1550
5 7867 6307 8156 1551
5 5785 7324 8597 1552
5 5798 7377 10290 1553
5 5873 7443 8473 1554
5 7356 6571 9354 1555
5 6229 8035 8286 1556
5 7857 6862 9208 1557
5 7822 5919 9754 1558
5 6394 7124 9834 1559
5 7364 6206 10837 1560
5 7269 5983 9884 1561
5 7606 446 10336 1562
5 6816 9069 9719 1563
5 6908 5957 9078 1564
5 7701 7409 8799 1565
5 7990 6610 8488 1566
5 8478 415 9604 1567
5 7972 6196 10007 1568
5 5780 7227 9592 1569
5 6979 7811 9051 1570
5 6504 7481 7797 1571
5 7079 6028 9475 1572
5 7535 6892 9276 1573
5 7591 5678 7755 1574
5 7509 6154 10690 1575
5 6953 5689 8855 1576
5 7602 6047 9533 1577
5 5802 7251 8436 1578
5 5695 8433 8494 1579
5 6051 7315 9424 1580
5 8059 5903 9571 1581
5 7291 8285 10536 1582
5 7162 6236 9293 1583
5 6276 7476 10899 1584
5 6911 8434 10338 1585
5 6951 8135 9410 1586
5 5944 7515 8968 1587
5 6913 5965 8332 1588
5 6036 7421 9331 1589
5 7157 401 8956 1590
5 379 380 8379 1591
5 6024 7400 9696 1592
5 6306 7569 10753 1593
5 7451 5780 10292 1594
5 9617 6958 10124 1595
5 6349 8190 8696 1596
5 7343 6244 8667 1597
5 8558 6413 9212 1598
5 6345 7346 10920 1599
5 7435 6257 10983 1600
5 7674 6554 8956 1601
5 5768 9271 9351 1602
5 8783 6875 9564 1603
5 6193 9030 9926 1604
5 6182 7160 8101 1605
5 7145 6023 8269 1606
5 7410 6106 8312 1607
5 8433 5695 8895 1608
5 7775 6716 10011 1609
5 8745 6954 9440 1610
5 9352 8163 9415 1611
5 7150 6269 8457 1612
5 5648 7951 9263 1613
5 3154 8847 9080 1614
5 5874 7410 8154 1615
5 5958 7248 8884 1616
5 6041 8098 8552 1617
5 8528 7119 10653 1618
5 6454 7123 10199 1619
5 7518 6184 10147 1620
5 2146 7666 9890 1621
5 6510 7126 8851 1622
5 8130 7047 9724 1623
5 5999 7332 9801 1624
5 6478 6951 9410 1625
5 7527 7010 9653 1626
5 400 7157 8886 1627
5 5796 7453 8021 1628
5 6122 7320 8011 1629
5 1426 7115 7862 1630
5 6414 7802 8563 1631
5 7433 2182 8203 1632
5 7050 5784 9905 1633
5 7423 6184 10660 1634
5 7133 6259 8766 1635
5 7762 6747 9065 1636
5 7129 5995 8402 1637
5 7069 6440 8620 1638
5 7042 7488 9715 1639
5 8251 6237 9437 1640
5 6096 7310 9866 1641
5 376 377 10825 1642
5 6405 8384 9528 1643
5 7042 9715 10276 1644
5 7444 6094 10320 1645
5 5731 7035 8438 1646
5 7004 7749 9434 1647
5 6308 7010 8958 1648
5 7429 5803 10542 1649
5 9187 7752 10890 1650
5 7672 5846 7898 1651
5 6093 7679 10424 1652
5 5635 7773 9381 1653
5 6432 7487 8619 1654
5 8168 6431 8933 1655
5 7602 6812 9996 1656
5 5772 7310 8304 1657
5 6021 7278 10464 1658
5 7203 6247 10271 1659
5 6711 7314 9861 1660
5 6779 8693 9377 1661
5 6220 8288 8329 1662
5 6459 7198 8250 1663
5 7371 6126 9631 1664
5 6246 7799 8853 1665
5 6472 7399 8821 1666
5 7350 5815 10661 1667
5 7448 6299 10076 1668
5 7090 6540 9773 1669
5 6463 7733 8464 1670
5 7711 8512 10773 1671
5 5775 7186 7915 1672
5 7869 6067 9335 1673
5 6332 7376 9054 1674
5 6000 7432 8101 1675
5 5686 6987 8598 1676
5 7359 6938 9344 1677
5 7817 5744 8928 1678
5 6114 7314 9785 1679
5 5625 7676 9642 1680
5 8050 6637 9317 1681
5 7548 6592 9285 1682
5 5822 7551 8017 1683
5 7213 6849 9986 1684
5 7539 6158 8525 1685
5 7096 6400 8782 1686
5 7858 7281 10438 1687
5 6927 7446 9388 1688
5 7576 6600 7813 1689
5 8187 6825 9338 1690
5 6534 6975 9750 1691
5 6559 7191 8941 1692
5 7428 6445 9496 1693
5 5869 7574 8027 1694
5 7160 6182 10000 1695
5 7089 6238 8208 1696
5 6580 7304 9081 1697
5 7013 6127 8443 1698
5 7532 6324 10864 1699
5 7676 6084 10653 1700
5 351 8625 8815 1701
5 6781 8558 9212 1702
5 6257 7162 7960 1703
5 5792 7187 8354 1704
5 5934 8220 10509 1705
5 6170 7488 10358 1706
5 6490 7405 8660 1707
5 8040 6422 8752 1708
5 6296 7179 8790 1709
5 7590 5758 7873 1710
5 7179 5863 8790 1711
5 7804 6167 10437 1712
5 7374 5954 8524 1713
5 6617 8257 9416 1714
5 5938 7990 8488 1715
5 7972 6381 9282 1716
5 8267 6473 8393 1717
5 5608 7512 8814 1718
5 7001 9285 9919 1719
5 8777 6947 10299 1720
5 7773 6985 9335 1721
5 7340 6211 9486 1722
5 8285 6227 10536 1723
5 6543 7591 7755 1724
5 6607 7362 9143 1725
5 6674 7644 8251 1726
5 7131 6499 8271 1727
5 6996 8394 9188 1728
5 6702 7465 8753 1729
5 1534 7425 10957 1730
5 8803 7014 9128 1731
5 7651 6503 9931 1732
5 5863 8365 9157 1733
5 7564 6524 10256 1734
5 7058 5652 10865 1735
5 7503 6927 10479 1736
5 5803 7429 9004 1737
5 9143 7362 10981 1738
5 7314 6436 10451 1739
5 6720 7540 8747 1740
5 5807 7366 9532 1741
5 6122 7390 8233 1742
5 6799 7563 9223 1743
5 9378 7874 9940 1744
5 7403 8041 8359 1745
5 7765 7127 10437 1746
5 5688 9449 9672 1747
5 5973 8037 9297 1748
5 7347 6206 9252 1749
5 6954 6465 9894 1750
5 7442 5645 10278 1751
5 7623 6878 9339 1752
5 7188 6451 9234 1753
5 6585 7492 8671 1754
5 5747 7397 8047 1755
5 5627 7159 7929 1756
5 5634 6968 9306 1757
5 7241 7953 9812 1758
5 7869 6985 8451 1759
5 6739 8197 9001 1760
5 7402 6085 9859 1761
5 5847 7622 8177 1762
5 5741 7333 10135 1763
5 8137 8948 9633 1764
5 6378 7367 8207 1765
5 5822 7503 7551 1766
5 6153 7206 10822 1767
5 8083 8991 10586 1768
5 5902 7838 8640 1769
5 7369 2002 9134 1770
5 5605 7446 7896 1771
5 6609 7228 8471 1772
5 6349 7175 8724 1773
5 7846 7072 8827 1774
5 9276 6892 10524 1775
5 7999 6831 9054 1776
5 7405 5721 8660 1777
5 7688 6269 10506 1778
5 6433 8099 8117 1779
5 8427 5932 9321 1780
5 7751 6159 10207 1781
5 7892 7435 10983 1782
5 6009 7637 8631 1783
5 8568 7068 9690 1784
5 7580 6293 8310 1785
5 6320 7493 8479 1786
5 7893 6806 8495 1787
5 6440 7069 10385 1788
5 6186 7642 9222 1789
5 8108 6165 9159 1790
5 6657 6964 10163 1791
5 6305 7569 7809 1792
5 7109 6042 10399 1793
5 7508 5615 8022 1794
5 7973 6426 10876 1795
5 5861 7418 9176 1796
5 371 372 7575 1797
5 6165 7332 7894 1798
5 5731 8698 9530 1799
5 7509 5825 9983 1800
5 6314 7444 10320 1801
5 5944 7380 8191 1802
5 5670 8224 10903 1803
5 8339 7707 10002 1804
5 5687 7747 10404 1805
5 7689 6450 7786 1806
5 7275 5751 8407 1807
5 5957 6908 8415 1808
5 6323 7143 7959 1809
5 8116 6374 9283 1810
5 8482 6827 8980 1811
5 7262 5660 7937 1812
5 7389 5939 9181 1813
5 4990 5062 8048 1814
5 6524 8222 10256 1815
5 10042 8528 10653 1816
5 8245 6330 10674 1817
5 7948 2614 10710 1818
5 6186 7798 8126 1819
5 5609 7502 7972 1820
5 8484 6530 9591 1821
5 5771 7795 9287 1822
5 5794 7529 7879 1823
5 6691 7327 9939 1824
5 7843 5748 9433 1825
5 5689 8431 9192 1826
5 8278 7045 10263 1827
5 5711 7110 8188 1828
5 6976 8799 10548 1829
5 8271 5727 8893 1830
5 7536 5920 8927 1831
5 6896 7516 10521 1832
5 8345 7321 10873 1833
5 8076 6905 8580 1834
5 6882 8600 8721 1835
5 6598 8264 8555 1836
5 445 446 7606 1837
5 6206 7364 9252 1838
5 8845 6829 8893 1839
5 7909 6702 9677 1840
5 8477 6511 9083 1841
5 5647 7306 9298 1842
5 8953 7156 10205 1843
5 7903 4054 10812 1844
5 8505 5967 8730 1845
5 7426 6074 8013 1846
5 6480 7731 8220 1847
5 7706 6277 9377 1848
5 5762 7285 9055 1849
5 6399 8482 8980 1850
5 7223 5789 8739 1851
5 6330 9272 10674 1852
5 7387 6408 8361 1853
5 7362 6607 10321 1854
5 6490 7020 8569 1855
5 5715 7392 9506 1856
5 5649 9088 10598 1857
5 7552 5876 8826 1858
5 9558 5934 10509 1859
5 7857 1318 8981 1860
5 6085 7402 7912 1861
5 7552 8826 9834 1862
5 7886 7108 10908 1863
5 8328 6263 9626 1864
5 5730 7232 9453 1865
5 7853 3334 10192 1866
5 6195 7707 8339 1867
5 1282 7857 9208 1868
5 7400 5797 8358 1869
5 6268 7004 8617 1870
5 7373 6547 9142 1871
5 7153 9616 10270 1872
5 7360 6259 8575 1873
5 7488 7042 10358 1874
5 7651 6271 8857 1875
5 5811 7940 7946 1876
5 5929 8605 9968 1877
5 394 395 7549 1878
5 7310 6096 8304 1879
5 7571 6348 7801 1880
5 7626 6239 8395 1881
5 7152 9827 10925 1882
5 6417 7865 8033 1883
5 6245 7808 8247 1884
5 7080 7950 10259 1885
5 6608 7132 8709 1886
5 8681 7885 10475 1887
5 6448 8783 9564 1888
5 5644 9129 9711 1889
5 5681 7671 8153 1890
5 6455 7311 9456 1891
5 6435 7753 8852 1892
5 7308 6291 9364 1893
5 7986 6515 8344 1894
5 6331 7747 7806 1895
5 6451 7188 8685 1896
5 6108 7424 7916 1897
5 5726 7224 8702 1898
5 7986 5910 8396 1899
5 8847 3262 9529 1900
5 7747 5687 7806 1901
5 5633 7359 8581 1902
5 7489 6679 8676 1903
5 7024 8484 9591 1904
5 6846 8198 9974 1905
5 5891 8050 9317 1906
5 6972 6202 8605 1907
5 6106 7410 10079 1908
5 6856 5994 7620 1909
5 8605 7212 9968 1910
5 8001 6095 9697 1911
5 7399 6472 9052 1912
5 7243 5818 7922 1913
5 7846 5879 9644 1914
5 8454 5951 9098 1915
5 5898 7750 7993 1916
5 6929 7650 9084 1917
5 7711 5858 8512 1918
5 7723 6494 9504 1919
5 8797 5719 8850 1920
5 5948 7297 7992 1921
5 6421 7199 8420 1922
5 6284 7610 7927 1923
5 6494 8673 9504 1924
5 6595 7208 10315 1925
5 6936 6471 9240 1926
5 6266 8148 10303 1927
5 6405 7016 8384 1928
5 7288 5866 8457 1929
5 8079 6045 10259 1930
5 5604 7001 9095 1931
5 3622 958 8618 1932
5 7681 6796 9030 1933
5 7192 5755 7673 1934
5 7315 6051 8781 1935
5 6318 8986 9053 1936
5 7348 6523 7915 1937
5 7882 5855 9000 1938
5 5621 7767 8193 1939
5 8156 6307 10789 1940
5 5965 6913 8557 1941
5 9460 6199 10467 1942
5 6823 5994 8634 1943
5 8079 5738 9384 1944
5 7072 6152 10234 1945
5 5696 8033 10328 1946
5 7487 5607 8619 1947
5 8732 6281 8880 1948
5 7464 6183 7609 1949
5 7572 5660 8319 1950
5 6311 7391 8248 1951
5 6152 7846 9710 1952
5 7066 7361 10169 1953
5 6865 8168 8933 1954
5 5984 7296 8885 1955
5 390 391 8209 1956
5 6577 8568 9690 1957
5 6294 7502 7605 1958
5 6502 8803 9128 1959
5 7363 6357 8412 1960
5 7142 6583 8438 1961
5 6107 7368 7964 1962
5 7569 6305 10038 1963
5 7419 8055 9741 1964
5 6179 7482 7899 1965
5 4270 7866 10192 1966
5 6830 8548 10958 1967
5 7402 5778 7912 1968
5 8340 6134 9046 1969
5 6205 7558 9588 1970
5 6453 8845 8893 1971
5 7273 6761 10102 1972
5 6199 7757 8608 1973
5 8777 6484 9198 1974
5 5817 7533 9472 1975
5 7377 6317 10613 1976
5 7358 6261 8523 1977
5 7466 6906 10458 1978
5 5649 7700 9088 1979
5 7405 6116 10650 1980
5 8638 7160 10000 1981
5 8505 6958 9617 1982
5 7364 5727 9952 1983
5 7693 5625 9115 1984
5 8515 5734 9242 1985
5 6484 8777 10299 1986
5 6967 5709 8361 1987
5 6481 7053 9714 1988
5 7992 7297 8911 1989
5 9958 5853 10529 1990
5 6898 8097 8580 1991
5 7443 6078 8542 1992
5 8662 3226 10197 1993
5 6180 7277 9050 1994
5 6402 8102 8124 1995
5 7694 7009 10193 1996
5 6322 7473 8435 1997
5 5422 2002 9409 1998
5 7206 7905 10822 1999
5 7170 6437 8600 2000
5 7349 7831 10646 2001
5 6688 7330 8378 2002
5 6375 7721 7985 2003
5 8576 5752 8659 2004
5 6363 9482 9571 2005
5 6037 8084 9883 2006
5 7431 6113 7999 2007
5 8273 7701 10257 2008
5 8135 6098 9410 2009
5 994 8801 9097 2010
5 3874 8796 9118 2011
5 8233 7611 10372 2012
5 5782 9315 9547 2013
5 7716 6760 8733 2014
5 6572 7911 8556 2015
5 6607 9001 10321 2016
5 9916 6786 10072 2017
5 7067 7522 10805 2018
5 5982 7210 10897 2019
5 7751 6646 8194 2020
5 7151 7498 8761 2021
5 7493 6323 8479 2022
5 7730 6345 10920 2023
5 5613 7458 8117 2024
5 7134 5777 10531 2025
5 7359 5633 9989 2026
5 6455 8145 8711 2027
5 6429 7435 7892 2028
5 7321 6138 10873 2029
5 7450 5776 7939 2030
5 7052 8401 8559 2031
5 7018 6489 9124 2032
5 5750 7869 8451 2033
5 3262 4090 9529 2034
5 7767 7292 8121 2035
5 6637 8050 8080 2036
5 5751 7275 8419 2037
5 7512 6969 8814 2038
5 5610 7863 10637 2039
5 7943 6817 10176 2040
5 9271 7166 9351 2041
5 5989 7209 8409 2042
5 7420 5935 9943 2043
5 6555 7237 9382 2044
5 5607 8035 10384 2045
5 7688 6331 7806 2046
5 8867 7204 9737 2047
5 1498 2974 7612 2048
5 7510 6789 9445 2049
5 8498 6390 8969 2050
5 6502 7037 8803 2051
5 7677 6234 8999 2052
5 6429 7892 8563 2053
5 7280 6135 8235 2054
5 5854 8346 10927 2055
5 8137 6483 8948 2056
5 7939 6949 9313 2057
5 6950 8125 10369 2058
5 7289 5614 10189 2059
5 7227 5780 8130 2060
5 5684 8641 9275 2061
5 8352 7261 10668 2062
5 7393 8008 10623 2063
5 7244 5719 8797 2064
5 7725 6380 7878 2065
5 6856 5242 10269 2066
5 8548 6830 10539 2067
5 7214 6156 8277 2068
5 8695 6501 9483 2069
5 7188 6088 8452 2070
5 6317 7494 10613 2071
5 9268 7914 9952 2072
5 7864 5861 9176 2073
5 7731 5617 9621 2074
5 7886 6149 9500 2075
5 7402 6680 8199 2076
5 5821 8678 10388 2077
5 6325 7560 7639 2078
5 7051 9751 10941 2079
5 7200 9443 10556 2080
5 8188 6754 9457 2081
5 5960 7660 10356 2082
5 7285 5762 9417 2083
5 6113 7963 10655 2084
5 7462 6170 10222 2085
5 7324 5785 8989 2086
5 3946 4234 8025 2087
5 7376 5837 9054 2088
5 7880 6199 9460 2089
5 7210 6530 8839 2090
5 8033 5696 8315 2091
5 6943 5862 10123 2092
5 7158 6652 9918 2093
5 7274 6074 10206 2094
5 6331 7054 9336 2095
5 5242 4018 10269 2096
5 7307 5802 10066 2097
5 6374 8887 9283 2098
5 6447 7770 8334 2099
5 7436 9734 11002 2100
5 6244 7328 8360 2101
5 5686 7169 9759 2102
5 7876 7601 10186 2103
5 9002 7742 10087 2104
5 9443 5604 10556 2105
5 6218 7630 8366 2106
5 6660 7737 9056 2107
5 6716 9015 10011 2108
5 8260 6060 10271 2109
5 6302 7649 9701 2110
5 7324 6435 8597 2111
5 6318 7600 8708 2112
5 6218 8366 9454 2113
5 6324 7883 8389 2114
5 7123 6454 9319 2115
5 6111 7349 10646 2116
5 7182 430 9809 2117
5 8300 5649 8808 2118
5 6999 7597 10802 2119
5 9486 6211 10378 2120
5 9616 6090 10270 2121
5 7703 6599 8238 2122
5 6042 7685 7935 2123
5 6305 7809 7991 2124
5 7333 6880 10135 2125
5 7516 5637 10521 2126
5 4198 5206 8621 2127
5 7646 6131 10481 2128
5 9119 6266 10303 2129
5 6111 7873 8137 2130
5 7481 5671 8006 2131
5 7167 7073 10677 2132
5 7247 5822 9779 2133
5 7997 5620 9280 2134
5 5605 8993 9388 2135
5 6830 7652 10539 2136
5 7257 6662 9321 2137
5 7270 5919 8688 2138
5 6037 7438 8084 2139
5 7974 6767 9207 2140
5 6167 7765 10437 2141
5 365 366 7776 2142
5 5951 7273 9098 2143
5 7444 6314 7721 2144
5 7320 6122 8720 2145
5 3550 9091 9214 2146
5 6247 7472 10271 2147
5 6259 7360 8766 2148
5 6708 7342 9348 2149
5 5935 7420 8093 2150
5 7403 5683 8041 2151
5 7477 6276 10899 2152
5 7453 5796 8008 2153
5 6589 7794 9436 2154
5 7221 5669 8976 2155
5 6612 7987 8403 2156
5 423 7210 8839 2157
5 6465 6954 10448 2158
5 7055 6456 10045 2159
5 6162 8298 9332 2160
5 6532 7426 8013 2161
5 7162 7435 10809 2162
5 8533 6300 10070 2163
5 7831 5882 9492 2164
5 7102 6457 10247 2165
5 6189 7503 10479 2166
5 7213 8363 8780 2167
5 8405 6879 8844 2168
5 7375 5715 8707 2169
5 9250 6703 10091 2170
5 6297 7811 8513 2171
5 7899 5690 8531 2172
5 6106 8015 8312 2173
5 6565 7743 7845 2174
5 7733 5674 9009 2175
5 6701 8266 8493 2176
5 7737 5754 9056 2177
5 7721 6314 7985 2178
5 7469 6295 8099 2179
5 6448 7899 8531 2180
5 1102 5350 7632 2181
5 8608 7313 10467 2182
5 6433 7458 10208 2183
5 7831 6562 9495 2184
5 4774 8622 10279 2185
5 9995 5696 10328 2186
5 7042 7451 10292 2187
5 8400 5910 10997 2188
5 365 7776 9709 2189
5 7082 6391 9067 2190
5 6822 7680 9880 2191
5 5815 7173 9373 2192
5 6823 5729 8404 2193
5 6796 8164 9926 2194
5 7391 5841 8248 2195
5 7310 6770 9866 2196
5 5923 7600 8883 2197
5 6925 6367 8690 2198
5 7257 5932 9366 2199
5 7438 6649 8139 2200
5 7607 6326 7739 2201
5 7038 6566 8909 2202
5 7446 6285 7896 2203
5 6357 7601 7648 2204
5 7193 8590 9676 2205
5 7600 7050 10780 2206
5 6030 7189 9820 2207
5 6919 9859 10604 2208
5 7248 10535 10931 2209
5 7685 6042 9567 2210
5 7288 6107 8328 2211
5 5611 7885 8681 2212
5 7389 6552 9183 2213
5 6457 7102 8776 2214
5 8274 6704 8362 2215
5 7455 5815 10071 2216
5 5986 7301 8444 2217
5 5760 7959 9728 2218
5 7489 6016 8785 2219
5 6282 7607 7739 2220
5 6470 8274 8362 2221
5 7381 7964 10201 2222
5 8993 7075 9388 2223
5 6810 7793 9509 2224
5 9629 6049 9903 2225
5 9079 5643 9286 2226
5 7595 5985 8166 2227
5 5866 7288 9626 2228
5 8161 7242 9726 2229
5 369 370 7587 2230
5 6438 7410 8312 2231
5 6128 7525 8149 2232
5 5805 7266 8548 2233
5 7311 5728 7876 2234
5 7778 6864 9730 2235
5 7597 10560 10802 2236
5 7028 9069 10289 2237
5 10045 5823 10245 2238
5 6217 7427 8958 2239
5 7897 6783 8325 2240
5 8420 5950 8697 2241
5 7441 5806 7868 2242
5 6143 8373 10376 2243
5 5975 7905 10055 2244
5 5971 7313 8608 2245
5 6229 7351 8035 2246
5 6494 8270 9165 2247
5 7135 7846 9644 2248
5 6274 7460 8134 2249
5 7233 8903 9469 2250
5 7345 6603 9838 2251
5 6178 8424 9412 2252
5 6247 7203 10804 2253
5 1822 7888 9987 2254
5 6711 7860 9785 2255
5 9726 6845 10164 2256
5 6260 7983 8236 2257
5 390 8209 10616 2258
5 7385 5929 8646 2259
5 8229 5624 9967 2260
5 7153 6178 9616 2261
5 6373 7442 9357 2262
5 6234 8705 8999 2263
5 7287 6227 8285 2264
5 6773 9199 9875 2265
5 6042 7109 9167 2266
5 5839 7953 9630 2267
5 5634 8175 10797 2268
5 6426 7354 8935 2269
5 7656 6155 7812 2270
5 6547 7373 8164 2271
5 7239 6052 8609 2272
5 8521 6471 10591 2273
5 7400 6024 9924 2274
5 7563 9365 10309 2275
5 6169 8744 10747 2276
5 6535 7943 8740 2277
5 5657 9036 10223 2278
5 7142 8676 10160 2279
5 6469 8066 8346 2280
5 7294 5839 7936 2281
5 6662 7952 9373 2282
5 7998 5667 8965 2283
5 7165 6626 9458 2284
5 7900 8703 8954 2285
5 5722 7548 8822 2286
5 7697 7637 10870 2287
5 6964 8314 9675 2288
5 5705 10252 10285 2289
5 6321 7780 8078 2290
5 8231 7004 10701 2291
5 6215 7187 10339 2292
5 7475 1462 10942 2293
5 6710 8832 9334 2294
5 7353 6216 8004 2295
5 357 358 9072 2296
5 7604 6344 8070 2297
5 6519 8037 8446 2298
5 6307 7618 8153 2299
5 3046 1426 7862 2300
5 6604 7121 10587 2301
5 7037 6502 8738 2302
5 7127 7765 10095 2303
5 8457 5866 9797 2304
5 7460 5603 8134 2305
5 6734 7998 8965 2306
5 8627 5915 10621 2307
5 6324 7251 8543 2308
5 7333 6795 9027 2309
5 8149 6975 9544 2310
5 7112 8459 10374 2311
5 6328 8861 9946 2312
5 8704 5832 9716 2313
5 6219 8745 9440 2314
5 7577 8607 10105 2315
5 7740 6765 9450 2316
5 4954 2866 7729 2317
5 7419 6204 8055 2318
5 7421 6036 8383 2319
5 5781 7428 8258 2320
5 7173 8427 9321 2321
5 8553 7141 10491 2322
5 7056 6551 10029 2323
5 6221 7131 9361 2324
5 7327 6691 9990 2325
5 7914 6697 9952 2326
5 7395 9629 9903 2327
5 7143 6323 8681 2328
5 6067 7536 9335 2329
5 5610 7122 9553 2330
5 8455 5922 10899 2331
5 5822 8017 8215 2332
5 6368 7634 8264 2333
5 7634 7787 10090 2334
5 7053 6481 8864 2335
5 7960 5859 10020 2336
5 8861 7185 9946 2337
5 7246 6650 8545 2338
5 7493 6320 10847 2339
5 6128 8149 9544 2340
5 9620 6889 10593 2341
5 8343 6710 9334 2342
5 7125 6212 9671 2343
5 7515 5944 8206 2344
5 5812 7604 8070 2345
5 8401 7025 8595 2346
5 8533 7077 10533 2347
5 7732 6402 8124 2348
5 7685 6549 7935 2349
5 361 362 8178 2350
5 7965 6648 8252 2351
5 7610 6354 7927 2352
5 7795 6911 9287 2353
5 3622 8618 9898 2354
5 7634 6368 7787 2355
5 7629 6733 8747 2356
5 6294 7605 8133 2357
5 7899 6448 8093 2358
5 7376 6332 8838 2359
5 6442 7635 8014 2360
5 7414 6280 9818 2361
5 7494 6143 10613 2362
5 7304 6580 8453 2363
5 7780 6392 8078 2364
5 7600 6548 8883 2365
5 5638 7584 9482 2366
5 6661 9024 9896 2367
5 6958 8505 8730 2368
5 6517 7611 8233 2369
5 7621 6036 9331 2370
5 7780 5693 8000 2371
5 7602 5647 8794 2372
5 6084 10042 10653 2373
5 7555 5987 8772 2374
5 6252 7433 8203 2375
5 6359 7275 8407 2376
5 7218 6248 8237 2377
5 9285 6592 9919 2378
5 6091 7884 10060 2379
5 8389 7883 10894 2380
5 7597 5765 7881 2381
5 9406 7099 10338 2382
5 6334 8165 8318 2383
5 430 7182 9068 2384
5 5924 10428 10558 2385
5 5794 7522 8150 2386
5 7991 6418 8374 2387
5 7944 6321 8043 2388
5 7562 5884 8629 2389
5 7917 6675 8282 2390
5 7522 6145 10805 2391
5 7951 6963 9263 2392
5 7638 5793 8266 2393
5 7644 6237 8251 2394
5 6588 7579 9338 2395
5 6079 7635 10913 2396
5 6390 8498 9257 2397
5 6614 7871 9152 2398
5 7227 8004 9592 2399
5 5681 7618 10432 2400
5 5990 7440 9879 2401
5 7122 8339 10683 2402
5 9728 7959 10522 2403
5 5719 8717 10723 2404
5 6445 7570 9516 2405
5 6654 7115 10520 2406
5 5702 7373 9142 2407
5 371 7575 9305 2408
5 7654 6204 7822 2409
5 8462 7137 9093 2410
5 5872 7413 8333 2411
5 6363 7663 9482 2412
5 5278 4306 8069 2413
5 7251 6319 8436 2414
5 5969 7469 8099 2415
5 5814 7245 9540 2416
5 7796 5776 9519 2417
5 7492 5659 8671 2418
5 7179 6296 8291 2419
5 6227 7763 10536 2420
5 7711 6387 8583 2421
5 6208 8553 10491 2422
5 7100 9472 10235 2423
5 8234 5781 10809 2424
5 7298 8251 9437 2425
5 7898 5846 8992 2426
5 7413 5872 8368 2427
5 6245 7462 10222 2428
5 7526 6281 8732 2429
5 8285 7291 9178 2430
5 8705 7574 10001 2431
5 6068 7213 8780 2432
5 7548 6509 8822 2433
5 7214 6498 10285 2434
5 7870 3118 9689 2435
5 8348 5958 10752 2436
5 6551 7056 9106 2437
5 9091 3658 9890 2438
5 6840 8432 8789 2439
5 8342 6858 8949 2440
5 6274 7583 8551 2441
5 5833 7576 7813 2442
5 8464 6276 10635 2443
5 7132 6608 10999 2444
5 7516 6896 8560 2445
5 8387 6427 8857 2446
5 7094 5708 8792 2447
5 8144 6529 9764 2448
5 8030 5629 10315 2449
5 6255 7138 9233 2450
5 7546 6182 9614 2451
5 7145 8046 10640 2452
5 8194 5892 10876 2453
5 6087 7967 9892 2454
5 5757 8552 8699 2455
5 6246 9595 9797 2456
5 7292 6741 8490 2457
5 8450 7372 8965 2458
5 8577 5971 10712 2459
5 7680 6192 9880 2460
5 7415 6833 10281 2461
5 6038 7137 9073 2462
5 5884 7562 9105 2463
5 6237 7250 9437 2464
5 7329 8155 9763 2465
5 5841 7391 8449 2466
5 7458 6433 8117 2467
5 7625 6445 9516 2468
5 6251 7795 9570 2469
5 7581 7504 10986 2470
5 9355 8467 9806 2471
5 7836 6632 9261 2472
5 6294 8133 8297 2473
5 5620 8384 9280 2474
5 423 424 9103 2475
5 6930 8606 9209 2476
5 7686 6340 9156 2477
5 6197 7375 8065 2478
5 5686 8256 10450 2479
5 7311 5972 9456 2480
5 6171 7513 7875 2481
5 7763 7172 10536 2482
5 6074 7418 10206 2483
5 7993 6251 9570 2484
5 7054 7861 9336 2485
5 7308 6327 8493 2486
5 7178 5910 9556 2487
5 7741 5766 9215 2488
5 5976 8369 9619 2489
5 7527 6217 8958 2490
5 6320 7565 10847 2491
5 7617 6137 10925 2492
5 7486 6220 7722 2493
5 7303 6389 10807 2494
5 5754 7737 9101 2495
5 6339 9068 10705 2496
5 8625 7305 8815 2497
5 7635 7238 10913 2498
5 7382 5978 8923 2499
5 8176 6435 8852 2500
5 5983 7269 8795 2501
5 6034 6926 9387 2502
5 7670 5834 8167 2503
5 5858 8028 8512 2504
5 7379 5827 10005 2505
5 7290 6382 10333 2506
5 6317 7377 8064 2507
5 6149 7886 10908 2508
5 6437 7170 8607 2509
5 6004 9154 10064 2510
5 7264 5668 9835 2511
5 9069 7028 10577 2512
5 7478 5878 9189 2513
5 7376 6546 9061 2514
5 7406 6224 8330 2515
5 8870 5749 9020 2516
5 10331 6277 10762 2517
5 8600 6437 8721 2518
5 7649 6302 8643 2519
5 6302 9701 10830 2520
5 7792 6207 8411 2521
5 6606 8260 9196 2522
5 7335 5729 8690 2523
5 6132 7571 10245 2524
5 7882 9000 10023 2525
5 6412 8249 9711 2526
5 6113 7431 9912 2527
5 6695 7693 9115 2528
5 7332 5789 7894 2529
5 6334 7667 8873 2530
5 5697 7608 10019 2531
5 7412 6313 8612 2532
5 6631 7285 9417 2533
5 6246 7467 9595 2534
5 7715 7048 8183 2535
5 6497 7550 9210 2536
5 6771 8373 10026 2537
5 6144 7510 7815 2538
5 7540 6507 8332 2539
5 6361 7139 8588 2540
5 5812 7395 9646 2541
5 7850 6231 9320 2542
5 6272 7668 8666 2543
5 9808 7232 9913 2544
5 6076 8718 9942 2545
5 7843 9433 10282 2546
5 6862 7857 10687 2547
5 6257 7295 8661 2548
5 7489 8725 10767 2549
5 5947 8003 9049 2550
5 5790 7694 10193 2551
5 7624 6210 7975 2552
5 7860 7043 9785 2553
5 7126 9852 10550 2554
5 7569 6306 7809 2555
5 363 364 7880 2556
5 6715 8289 10563 2557
5 7164 7679 9350 2558
5 5829 7797 10333 2559
5 6027 9030 9938 2560
5 7692 6291 10128 2561
5 6765 7740 9294 2562
5 4522 3082 7703 2563
5 7389 6299 7593 2564
5 5949 7942 8172 2565
5 7468 6339 10364 2566
5 5675 7463 10146 2567
5 6395 8114 9055 2568
5 5770 7784 7872 2569
5 5687 7368 10846 2570
5 8470 5640 9371 2571
5 7557 6279 8105 2572
5 7105 6068 8780 2573
5 5835 8208 9920 2574
5 7405 6490 9326 2575
5 8675 6405 9528 2576
5 7658 5892 9021 2577
5 7263 5628 8397 2578
5 562 3802 7771 2579
5 7408 7148 10559 2580
5 9651 6083 9977 2581
5 5959 8405 8844 2582
5 8882 7455 10071 2583
5 6383 7204 9662 2584
5 8897 7614 10734 2585
5 7097 6019 8490 2586
5 5789 7332 10465 2587
5 8682 5763 10768 2588
5 7694 6824 8542 2589
5 7139 6361 8474 2590
5 7691 5750 9172 2591
5 6297 7601 7811 2592
5 7747 7287 10404 2593
5 6315 7538 9810 2594
5 7075 6189 10479 2595
5 6341 7146 9807 2596
5 7654 6902 10362 2597
5 6020 6977 8788 2598
5 7213 9986 10044 2599
5 6458 7237 10516 2600
5 6706 7752 9187 2601
5 7529 5794 10592 2602
5 6744 8606 8702 2603
5 5759 7854 8292 2604
5 7840 5717 9816 2605
5 4990 8048 10710 2606
5 7515 5826 9673 2607
5 7151 5639 8745 2608
5 5834 7670 8423 2609
5 7957 7056 10836 2610
5 6977 6020 8798 2611
5 6931 8413 10701 2612
5 6289 7211 10016 2613
5 8321 6185 9168 2614
5 7543 7063 10867 2615
5 8353 6320 8479 2616
5 5810 9897 10298 2617
5 7934 5817 9472 2618
5 6291 7397 8996 2619
5 7553 7002 10658 2620
5 6147 7466 10458 2621
5 5872 8158 9119 2622
5 7212 6308 9968 2623
5 7614 6440 10735 2624
5 7418 6707 9176 2625
5 9563 6151 9784 2626
5 7272 6139 8160 2627
5 7096 7921 8589 2628
5 5644 7409 9129 2629
5 7534 6340 8201 2630
5 5965 7540 8332 2631
5 6201 7451 9446 2632
5 8035 7351 10384 2633
5 8071 6722 9471 2634
5 8053 6728 8159 2635
5 7224 5726 10334 2636
5 8206 6286 10600 2637
5 9114 6010 10918 2638
5 10152 7122 10683 2639
5 8223 6333 8633 2640
5 6789 8071 8566 2641
5 6460 7375 8707 2642
5 5746 8051 10202 2643
5 5977 7343 8667 2644
5 5866 8213 9797 2645
5 7073 6188 8162 2646
5 8825 6460 9318 2647
5 7793 5877 9509 2648
5 9449 6039 10823 2649
5 6392 7780 8000 2650
5 5954 7374 8831 2651
5 5979 8412 8849 2652
5 7982 7021 9851 2653
5 7254 6452 9094 2654
5 7010 7527 8958 2655
5 6509 8390 8423 2656
5 6313 7771 8612 2657
5 9030 7249 9938 2658
5 7864 7013 8742 2659
5 7650 7020 8660 2660
5 10224 7957 10836 2661
5 8035 6534 8286 2662
5 6268 7713 7749 2663
5 8196 6412 9711 2664
5 5824 7480 8770 2665
5 6336 8311 8729 2666
5 7473 5624 8435 2667
5 7315 7730 9424 2668
5 7393 6378 8008 2669
5 5939 8615 10739 2670
5 6603 7345 8483 2671
5 7458 6793 10208 2672
5 7514 6245 10222 2673
5 7551 6325 8017 2674
5 7373 5702 8056 2675
5 5729 7335 10478 2676
5 7159 5627 9636 2677
5 7028 8683 9184 2678
5 5931 7434 8652 2679
5 6985 7869 9335 2680
5 8175 7519 10797 2681
5 6327 7308 8259 2682
5 8020 9491 10131 2683
5 7637 6134 10870 2684
5 6679 7489 10767 2685
5 5862 7684 9466 2686
5 7582 5664 8446 2687
5 6425 8581 10366 2688
5 7671 5681 8878 2689
5 5698 7527 9653 2690
5 6338 9292 10519 2691
5 6058 7489 9815 2692
5 6097 7982 9851 2693
5 8294 5839 9630 2694
5 5889 8460 10474 2695
5 7830 6303 9848 2696
5 8413 6141 10701 2697
5 5837 7431 7999 2698
5 6216 8601 9799 2699
5 8164 7373 9926 2700
5 7605 6376 8133 2701
5 9028 6375 9625 2702
5 7059 6014 9169 2703
5 3154 3262 8847 2704
5 7541 6365 8142 2705
5 7750 5898 8239 2706
5 6558 7220 9374 2707
5 6550 7479 9448 2708
5 382 383 7772 2709
5 8373 7370 10026 2710
5 7438 6037 9655 2711
5 7624 6692 8400 2712
5 7921 7096 10624 2713
5 6486 7385 8868 2714
5 7229 5955 9257 2715
5 5907 6802 8571 2716
5 7855 6413 7941 2717
5 7483 5782 9547 2718
5 7374 6336 8831 2719
5 7111 8032 10917 2720
5 7660 5960 8765 2721
5 6303 7964 9848 2722
5 8178 7207 9915 2723
5 6267 8659 10949 2724
5 7332 6165 9801 2725
5 7563 6799 9365 2726
5 10568 7738 10805 2727
5 8608 6984 9612 2728
5 7515 6713 8968 2729
5 7358 5761 10051 2730
5 5923 7893 8495 2731
5 7114 8797 8850 2732
5 5800 7571 7801 2733
5 2182 2110 8203 2734
5 7846 7135 9710 2735
5 5626 7753 10029 2736
5 7494 5844 8373 2737
5 8031 9526 10913 2738
5 7909 6464 9310 2739
5 6785 8163 9352 2740
5 7093 6067 9914 2741
5 6068 7105 10162 2742
5 7881 6775 9267 2743
5 7909 6854 9487 2744
5 5826 8100 10692 2745
5 5826 7515 10600 2746
5 8143 7735 9232 2747
5 7354 6426 9356 2748
5 6250 7120 8889 2749
5 6307 8153 8377 2750
5 6344 7542 8070 2751
5 5941 7564 10256 2752
5 5625 7693 10648 2753
5 6456 7055 9085 2754
5 6326 7607 9561 2755
5 9004 7429 10461 2756
5 8489 6358 8712 2757
5 8032 7111 10101 2758
5 6390 7336 8626 2759
5 8320 5741 9792 2760
5 5721 7650 8660 2761
5 7740 5885 9294 2762
5 7796 6190 9744 2763
5 6803 7410 9668 2764
5 5932 7240 9366 2765
5 5789 7223 8756 2766
5 8650 5867 9502 2767
5 9869 7045 10379 2768
5 7598 7067 10750 2769
5 7301 6385 8850 2770
5 3658 3514 9890 2771
5 6464 7909 7932 2772
5 5697 8311 10405 2773
5 6832 7864 9176 2774
5 6357 7363 9051 2775
5 6428 7452 8440 2776
5 7893 7061 10771 2777
5 6515 7986 8396 2778
5 7574 6377 8027 2779
5 8398 6277 10331 2780
5 9351 7166 9921 2781
5 7708 5671 9470 2782
5 7422 5994 8904 2783
5 5747 7249 8988 2784
5 7696 6771 10026 2785
5 6376 7605 9823 2786
5 8207 5666 8943 2787
5 7472 8260 10271 2788
5 8098 6915 8552 2789
5 6116 7828 10650 2790
5 6088 7737 8452 2791
5 6736 7751 10207 2792
5 5946 7360 8575 2793
5 7654 6838 10165 2794
5 7865 6342 8033 2795
5 7664 6330 8865 2796
5 7015 8001 9697 2797
5 6297 7724 9581 2798
5 6041 7076 8990 2799
5 8719 6564 9196 2800
5 7531 8646 9968 2801
5 7061 8883 9036 2802
5 7025 8401 9362 2803
5 8718 7235 9942 2804
5 6462 7859 8486 2805
5 9036 7464 10223 2806
5 7479 5997 9448 2807
5 5847 8177 8714 2808
5 6379 7790 8441 2809
5 7448 5755 9589 2810
5 7245 5814 8874 2811
5 7471 6784 8158 2812
5 8432 5966 8789 2813
5 5891 8114 10068 2814
5 6230 7577 10105 2815
5 8123 6327 10585 2816
5 7189 5825 9219 2817
5 6339 8243 9068 2818
5 5810 8094 9897 2819
5 7579 5848 9338 2820
5 7941 5909 10069 2821
5 7476 8455 10899 2822
5 5983 7883 9884 2823
5 7197 6069 8757 2824
5 10321 9094 10702 2825
5 7316 9387 10154 2826
5 6365 7541 9855 2827
5 7462 6245 8247 2828
5 8165 6513 8318 2829
5 6042 8645 9567 2830
5 6249 7415 9295 2831
5 8525 6003 9885 2832
5 6118 7281 10411 2833
5 8079 7087 8587 2834
5 7076 6041 8323 2835
5 6410 7306 8408 2836
5 7513 5663 8864 2837
5 385 386 7630 2838
5 6430 7777 9203 2839
5 7505 5948 8201 2840
5 412 413 7641 2841
5 8247 7808 10792 2842
5 8462 6190 9073 2843
5 8504 6221 10239 2844
5 6352 7766 8211 2845
5 6323 7493 8681 2846
5 7601 6357 7811 2847
5 8978 6123 9129 2848
5 6268 8617 9751 2849
5 6495 7461 9363 2850
5 6231 8061 9320 2851
5 7709 9175 10422 2852
5 7604 5812 10555 2853
5 7517 7965 10519 2854
5 7344 6420 9289 2855
5 6063 7385 10685 2856
5 7435 6429 8234 2857
5 7450 6289 9137 2858
5 7366 8440 10082 2859
5 6329 7382 8923 2860
5 7459 5675 9992 2861
5 6336 7374 8311 2862
5 7005 6033 8836 2863
5 6327 8379 10585 2864
5 8082 6322 8435 2865
5 8288 6736 8329 2866
5 340 341 8540 2867
5 7833 6462 8486 2868
5 8008 6378 8207 2869
5 7526 7200 10556 2870
5 7776 6763 9709 2871
5 7388 6120 9031 2872
5 6441 7971 8040 2873
5 7287 6384 10404 2874
5 7712 6127 7961 2875
5 6149 8665 9500 2876
5 7618 5681 8153 2877
5 6309 7501 8736 2878
5 8003 6738 9049 2879
5 8683 5701 9184 2880
5 5973 7507 10643 2881
5 7229 5832 8932 2882
5 6885 8860 9724 2883
5 2326 3226 8662 2884
5 6340 7505 8201 2885
5 6809 8199 8936 2886
5 7412 5791 8024 2887
5 7382 6412 8196 2888
5 6493 8591 8815 2889
5 8498 7229 9257 2890
5 7290 6174 8518 2891
5 7191 8533 10879 2892
5 7494 6317 9610 2893
5 452 453 8418 2894
5 7575 6615 9305 2895
5 8768 6015 9552 2896
5 6910 7719 10046 2897
5 7731 6256 8220 2898
5 6961 7831 9492 2899
5 8032 7078 10627 2900
5 5616 8216 8563 2901
5 814 5494 7756 2902
5 6373 9357 10400 2903
5 7614 6278 10734 2904
5 6060 8260 10530 2905
5 6330 8516 9272 2906
5 7119 8528 10140 2907
5 5876 7454 8826 2908
5 7245 8899 9156 2909
5 7377 5798 9858 2910
5 7204 6383 9737 2911
5 7367 6378 9113 2912
5 7177 6475 8979 2913
5 8693 6556 9377 2914
5 7546 5824 8770 2915
5 7295 7960 10020 2916
5 6727 8147 8707 2917
5 5761 7358 8523 2918
5 10145 6715 10563 2919
5 6665 7369 8279 2920
5 7709 6605 9175 2921
5 7154 10689 10821 2922
5 6906 7466 8609 2923
5 7367 6123 8978 2924
5 8686 5831 9969 2925
5 5792 8357 9588 2926
5 5857 9328 9991 2927
5 7003 7687 9766 2928
5 7410 5874 9668 2929
5 7081 8645 9167 2930
5 7562 8561 9105 2931
5 7855 5890 8132 2932
5 5808 7133 8766 2933
5 6673 7215 9784 2934
5 5987 7555 10347 2935
5 9734 6040 11002 2936
5 7900 5852 10543 2937
5 8113 6899 8549 2938
5 7808 5895 10199 2939
5 6347 7902 10302 2940
5 7561 7036 9005 2941
5 8043 6321 8078 2942
5 8198 6846 9177 2943
5 5715 7375 9308 2944
5 7875 6481 8869 2945
5 5856 7523 9598 2946
5 7790 5829 8441 2947
5 6261 7723 9504 2948
5 6714 7379 10005 2949
5 7616 7098 9708 2950
5 7250 6095 9437 2951
5 6242 8032 10101 2952
5 6231 7714 8061 2953
5 10364 6339 10705 2954
5 7480 6385 8257 2955
5 7728 6169 10410 2956
5 6325 7889 8017 2957
5 6033 7005 7955 2958
5 6408 7523 8701 2959
5 8311 7374 10405 2960
5 8092 6368 8264 2961
5 6657 9184 10868 2962
5 7593 6299 10689 2963
5 6310 7542 9425 2964
5 5844 7370 8373 2965
5 5767 7322 10395 2966
5 8623 6815 10179 2967
5 7441 6234 8706 2968
5 6224 7898 8522 2969
5 7577 6230 8426 2970
5 7556 5530 9042 2971
5 6241 6622 9694 2972
5 8038 6283 9299 2973
5 7428 6058 9127 2974
5 6880 7333 10241 2975
5 6055 7408 9295 2976
5 7174 5803 9248 2977
5 7027 7728 10410 2978
5 6911 8380 9493 2979
5 7841 8367 10781 2980
5 8225 6318 8708 2981
5 7338 7776 10454 2982
5 6644 8143 10142 2983
5 7115 6654 10112 2984
5 7261 6214 10668 2985
5 373 374 8833 2986
5 5852 7900 8954 2987
5 8102 6440 8124 2988
5 7920 6914 9291 2989
5 5774 7468 10364 2990
5 8865 6330 10874 2991
5 8020 6350 9491 2992
5 7618 6912 10432 2993
5 7049 7738 10568 2994
5 7397 6117 9791 2995
5 9449 7246 9672 2996
5 9130 7938 10397 2997
5 5871 7499 10497 2998
5 7507 5973 8538 2999
5 5770 8736 9535 3000
5 7137 6038 9288 3001
5 6556 7532 10864 3002
5 8091 6931 9574 3003
5 7682 6471 8136 3004
5 7035 8787 10584 3005
5 7606 6731 9903 3006
5 7208 6595 9037 3007
5 6649 7438 9655 3008
5 6676 9038 10828 3009
5 8961 7430 10628 3010
5 7660 7027 10356 3011
5 7579 6349 8696 3012
5 5458 7411 9042 3013
5 9291 6914 10546 3014
5 6692 7624 9237 3015
5 7964 6303 10201 3016
5 7199 6421 10413 3017
5 8131 5672 10348 3018
5 7655 6692 9237 3019
5 7333 6346 10241 3020
5 8670 7708 9470 3021
5 5629 7302 8198 3022
5 7873 6483 8137 3023
5 408 409 8012 3024
5 7905 7206 10055 3025
5 7269 5802 10581 3026
5 6498 7214 9040 3027
5 8298 6943 9332 3028
5 9218 5661 10484 3029
5 8465 9691 10176 3030
5 9415 7901 10139 3031
5 8032 6242 8253 3032
5 203 426 9034 3033
5 425 203 9034 3034
5 7262 7937 9062 3035
5 7998 6734 8290 3036
5 5924 8174 10428 3037
5 7645 6372 7976 3038
5 7215 5717 8526 3039
5 5995 8152 8402 3040
5 8899 6035 9156 3041
5 6550 8082 8435 3042
5 3874 2470 8796 3043
5 7745 6678 8974 3044
5 7558 7008 9202 3045
5 433 434 8497 3046
5 435 7426 9314 3047
5 7704 6110 8307 3048
5 9298 7306 10635 3049
5 7497 5623 9652 3050
5 8208 7341 9920 3051
5 5655 7559 8942 3052
5 7127 7916 10096 3053
5 7325 5636 8156 3054
5 5650 7396 8972 3055
5 7395 6731 9646 3056
5 7436 6764 9734 3057
5 6515 7523 8344 3058
5 7386 6426 8698 3059
5 6050 7581 10986 3060
5 7369 6665 9409 3061
5 5654 7535 9276 3062
5 6177 7553 10658 3063
5 6802 5907 8612 3064
5 7360 5946 9204 3065
5 5801 8014 10093 3066
5 6297 9581 10186 3067
5 6469 7482 8066 3068
5 7275 6399 8419 3069
5 8190 6807 8696 3070
5 7791 6805 8843 3071
5 6677 7536 8927 3072
5 7895 6555 7896 3073
5 7015 9316 9322 3074
5 8639 6508 10769 3075
5 6604 7424 9703 3076
5 7583 6274 10666 3077
5 6650 7246 10823 3078
5 6799 9223 10644 3079
5 7572 6360 9064 3080
5 8685 6991 9228 3081
5 8031 6875 9526 3082
5 7823 7197 10812 3083
5 7672 6225 10092 3084
5 7294 9114 10918 3085
5 7501 6309 8303 3086
5 7759 6644 8492 3087
5 6632 7836 10009 3088
5 6732 7841 10781 3089
5 7003 9766 10080 3090
5 6262 7878 8007 3091
5 6357 7648 8412 3092
5 6181 7740 9450 3093
5 7141 8553 9973 3094
5 5826 7088 9014 3095
5 6610 7990 10594 3096
5 8357 7190 9588 3097
5 6122 8233 10372 3098
5 5981 7511 9318 3099
5 6220 7398 8288 3100
5 7413 6343 8333 3101
5 6529 8491 9764 3102
5 5783 7732 8124 3103
5 6540 7300 10226 3104
5 7861 5974 9336 3105
5 5827 7379 8835 3106
5 5815 7455 10661 3107
5 6933 8622 8983 3108
5 9328 7209 9991 3109
5 5740 7337 9585 3110
5 6157 7778 9730 3111
5 8497 434 9314 3112
5 9986 5658 10044 3113
5 7662 6362 10115 3114
5 7622 6194 8177 3115
5 6271 7228 9405 3116
5 6352 8211 8212 3117
5 8062 6557 8449 3118
5 6210 7624 8400 3119
5 8358 5797 10246 3120
5 7424 5722 9703 3121
5 8260 7554 10530 3122
5 8174 7110 8503 3123
5 7634 5800 8264 3124
5 6395 9055 10843 3125
5 6815 7383 10179 3126
5 6141 8231 10701 3127
5 9751 7051 10153 3128
5 6722 8071 10041 3129
5 7661 5749 8870 3130
5 6099 7970 8624 3131
5 7268 5676 9964 3132
5 7584 5638 8474 3133
5 7242 5962 9726 3134
5 6059 7293 10393 3135
5 7792 6628 10532 3136
5 7586 416 9959 3137
5 8581 7359 10366 3138
5 7524 6226 8388 3139
5 7582 6260 8236 3140
5 6539 7559 9699 3141
5 7989 6172 9950 3142
5 6298 7761 8717 3143
5 9094 6452 10702 3144
5 1354 8386 8981 3145
5 7794 5704 10414 3146
5 7472 6247 9444 3147
5 8354 6215 10099 3148
5 7120 8576 8659 3149
5 7015 5852 9316 3150
5 8010 7474 10440 3151
5 7638 6168 10169 3152
5 431 432 7718 3153
5 7511 5981 10166 3154
5 5961 7945 9107 3155
5 7275 6359 8867 3156
5 7538 6315 8179 3157
5 7557 5661 9218 3158
5 7410 6438 8154 3159
5 8987 7439 10695 3160
5 7837 5758 10175 3161
5 6605 7431 8192 3162
5 7635 8926 10287 3163
5 7757 6984 8608 3164
5 5606 7654 10362 3165
5 7418 5861 9685 3166
5 5693 7550 8000 3167
5 9696 7400 10777 3168
5 7286 6099 9044 3169
5 8182 5775 9150 3170
5 5818 7243 9491 3171
5 9833 6100 10369 3172
5 6574 7476 9009 3173
5 7523 6515 9598 3174
5 5614 8262 9663 3175
5 6382 7290 9975 3176
5 5748 7843 8637 3177
5 7595 8166 10827 3178
5 6121 7202 9803 3179
5 7237 6458 8993 3180
5 5795 7423 10660 3181
5 8316 5873 9413 3182
5 7133 5808 9138 3183
5 7361 7638 10169 3184
5 7566 5654 9276 3185
5 6850 8091 9574 3186
5 8387 6271 9743 3187
5 5878 7478 9966 3188
5 6017 7193 10196 3189
5 7461 6495 9383 3190
5 7185 7602 9946 3191
5 6668 7828 9586 3192
5 7470 5795 10660 3193
5 9238 6514 9667 3194
5 5846 8735 8992 3195
5 7370 5844 9141 3196
5 7679 5984 9350 3197
5 6231 7323 10729 3198
5 8015 6616 8312 3199
5 6645 9351 9921 3200
5 9610 6317 9852 3201
5 8542 6824 9937 3202
5 7966 5859 9293 3203
5 7045 8687 10379 3204
5 7536 6677 9335 3205
5 7224 6254 8702 3206
5 7705 6541 8370 3207
5 9464 8018 9538 3208
5 6396 7681 9465 3209
5 7435 8234 10809 3210
5 8519 5838 10153 3211
5 6962 5726 8340 3212
5 7293 8704 9716 3213
5 7601 6297 10186 3214
5 7643 6960 8748 3215
5 5867 8109 9502 3216
5 7039 9053 9152 3217
5 7515 8206 10600 3218
5 7334 6316 10310 3219
5 6358 7456 10396 3220
5 5663 7513 8900 3221
5 8598 6897 10656 3222
5 5805 8305 9337 3223
5 994 1066 8801 3224
5 6228 8155 10975 3225
5 6375 7985 9625 3226
5 6463 8464 9568 3227
5 6938 7359 9989 3228
5 7582 6422 7971 3229
5 7258 6250 9044 3230
5 8110 7651 9931 3231
5 9076 6131 9722 3232
5 7797 7290 10333 3233
5 6316 7339 10332 3234
5 7305 6516 10103 3235
5 7707 6195 7921 3236
5 6213 8030 9033 3237
5 7475 7778 10351 3238
5 8810 6161 10898 3239
5 6308 7531 9968 3240
5 7765 8112 9788 3241
5 6284 7927 8265 3242
5 6870 7861 8331 3243
5 6424 7241 8964 3244
5 7737 6088 10174 3245
5 6389 7734 10807 3246
5 6314 7289 10361 3247
5 7411 5566 8341 3248
5 7278 7445 10774 3249
5 7396 5650 8378 3250
5 5711 8188 9457 3251
5 8552 6915 8699 3252
5 10150 7005 10960 3253
5 6852 7910 8975 3254
5 6286 8961 10628 3255
5 8742 7013 10328 3256
5 346 8104 9985 3257
5 6674 8251 9146 3258
5 6857 7641 10549 3259
5 7884 6819 10060 3260
5 7397 5747 8996 3261
5 6399 7275 8482 3262
5 9935 7253 10423 3263
5 8023 5980 8908 3264
5 5683 7403 10085 3265
5 9315 6993 9547 3266
5 4702 4558 9018 3267
5 7501 6367 9535 3268
5 5841 8449 8906 3269
5 6873 7304 8453 3270
5 7469 6861 10202 3271
5 5649 8159 8808 3272
5 5829 7714 9131 3273
5 8251 5617 9146 3274
5 6466 7944 8043 3275
5 7444 5755 9814 3276
5 8013 6469 8346 3277
5 7956 6423 7987 3278
5 6194 7819 8177 3279
5 10093 7201 10924 3280
5 7617 6648 8501 3281
5 8157 6278 9913 3282
5 6306 7722 8289 3283
5 7075 8993 9648 3284
5 6245 7222 9452 3285
5 7234 7622 10816 3286
5 7322 6077 10014 3287
5 6516 7305 8625 3288
5 6574 7216 10994 3289
5 5728 7311 8711 3290
5 6360 7572 8223 3291
5 8468 6673 9784 3292
5 6689 9126 9995 3293
5 6403 7180 8950 3294
5 5688 8168 9449 3295
5 7304 6873 10286 3296
5 8310 6293 8481 3297
5 7379 6415 8835 3298
5 7390 8011 9111 3299
5 6991 8685 9320 3300
5 6493 7305 10353 3301
5 8557 6264 10651 3302
5 8080 5772 8461 3303
5 6475 7144 8979 3304
5 5894 8133 8536 3305
5 6439 7221 8976 3306
5 7877 6454 8085 3307
5 8528 5704 10140 3308
5 6972 8603 9170 3309
5 6755 8870 9020 3310
5 5909 9199 10069 3311
5 5798 7520 8362 3312
5 5615 7561 9005 3313
5 7720 6820 9689 3314
5 7608 7118 10019 3315
5 6050 7956 7987 3316
5 8028 6533 8512 3317
5 6506 7901 9415 3318
5 7272 8721 10342 3319
5 6422 7582 8236 3320
5 7433 6252 10081 3321
5 6385 7480 8891 3322
5 6173 7691 8272 3323
5 8622 6488 8983 3324
5 7236 8552 10894 3325
5 9921 7820 10796 3326
5 8455 6574 8752 3327
5 7336 6390 9257 3328
5 6789 7510 10499 3329
5 8809 5886 9032 3330
5 8001 7015 9322 3331
5 8258 7428 9496 3332
5 7525 6128 9748 3333
5 7533 5817 8015 3334
5 7579 6588 10368 3335
5 6900 7546 9614 3336
5 8944 6730 10627 3337
5 7032 8984 8998 3338
5 7544 6312 9153 3339
5 6353 7962 9291 3340
5 9083 5613 9420 3341
5 5872 7471 8158 3342
5 7809 5830 7991 3343
5 6422 8236 8455 3344
5 6544 7443 9329 3345
5 5994 8404 8904 3346
5 447 8036 10336 3347
5 6671 7404 9844 3348
5 7816 6506 8163 3349
5 6086 7820 9921 3350
5 8924 5792 10098 3351
5 9154 7023 10064 3352
5 7774 6913 9994 3353
5 7292 6019 8121 3354
5 6338 8355 9292 3355
5 7335 6560 8181 3356
5 8535 6466 8628 3357
5 6226 7524 8812 3358
5 5995 7422 10597 3359
5 9203 7777 10255 3360
5 5972 7311 8936 3361
5 6186 7595 10827 3362
5 7395 5812 9520 3363
5 5699 7764 8092 3364
5 6662 7257 9857 3365
5 6131 7923 9722 3366
5 10243 7035 10584 3367
5 8171 5679 9058 3368
5 7927 5880 8265 3369
5 8241 398 10766 3370
5 5617 7298 9621 3371
5 7385 6063 8868 3372
5 8221 6205 9850 3373
5 6435 7324 9404 3374
5 8293 7614 10735 3375
5 7646 6779 10910 3376
5 6980 8019 9608 3377
5 5624 7473 9967 3378
5 6466 8043 8628 3379
5 5820 8267 8393 3380
5 5842 8043 8078 3381
5 7901 5709 8370 3382
5 6411 7995 8334 3383
5 7322 7563 10309 3384
5 8361 5709 10605 3385
5 7737 6780 9101 3386
5 6538 7491 9499 3387
5 8465 6699 9691 3388
5 9673 7202 10173 3389
5 6529 7279 9811 3390
5 8224 5670 8240 3391
5 6407 7567 8579 3392
5 7404 6110 9022 3393
5 7910 6852 10118 3394
5 7536 7093 10987 3395
5 8081 7304 10286 3396
5 6025 7580 8310 3397
5 7063 7745 8974 3398
5 418 7326 9575 3399
5 8366 6922 9454 3400
5 5814 7598 10750 3401
5 6749 7696 9736 3402
5 5722 7424 8710 3403
5 5925 8113 8549 3404
5 6095 7298 9437 3405
5 7758 5716 8103 3406
5 7636 5805 8548 3407
5 9982 5683 10830 3408
5 5713 8567 9807 3409
5 6321 7944 9423 3410
5 7252 6298 8807 3411
5 6166 9345 10221 3412
5 6501 8197 8824 3413
5 6166 7698 9345 3414
5 7723 7247 9779 3415
5 6361 7584 8474 3416
5 7256 9419 9517 3417
5 7177 6219 9440 3418
5 7205 5828 10400 3419
5 9034 6651 9103 3420
5 8976 7128 9488 3421
5 8179 5642 8210 3422
5 5866 7759 8492 3423
5 7419 6383 9662 3424
5 7490 6358 10396 3425
5 5859 7960 9293 3426
5 6392 7911 8078 3427
5 10560 6130 10802 3428
5 6881 8489 8712 3429
5 6558 7642 8126 3430
5 7149 9218 10484 3431
5 6479 7599 8899 3432
5 7914 6499 8297 3433
5 8947 427 10596 3434
5 7703 6409 8907 3435
5 7510 5795 9273 3436
5 9237 7624 10900 3437
5 8410 6869 9483 3438
5 7655 9237 10912 3439
5 6156 7457 10857 3440
5 7040 8269 10203 3441
5 6018 7492 9398 3442
5 7492 6018 9401 3443
5 10212 6416 10641 3444
5 7452 5735 10934 3445
5 6234 7677 8283 3446
5 6854 7909 9310 3447
5 6723 7741 9215 3448
5 9244 7205 9777 3449
5 6296 8790 9566 3450
5 7782 7005 8836 3451
5 6301 7823 10631 3452
5 6234 7574 8705 3453
5 6287 7773 10295 3454
5 6070 7947 10415 3455
5 9751 6855 10941 3456
5 6358 7490 8712 3457
5 7766 5888 8211 3458
5 7626 8395 10326 3459
5 8511 6866 10463 3460
5 5832 7229 8498 3461
5 7449 6616 10059 3462
5 6240 7727 9910 3463
5 7235 8718 10529 3464
5 7629 5965 8557 3465
5 5871 7570 9824 3466
5 6397 7660 8765 3467
5 7553 5854 8421 3468
5 6136 7548 9285 3469
5 6698 8634 10269 3470
5 7637 6009 9046 3471
5 7678 5706 8483 3472
5 5728 8711 8778 3473
5 8271 6829 9361 3474
5 6270 7670 8167 3475
5 7818 6118 10411 3476
5 7559 6539 8481 3477
5 7440 5799 8136 3478
5 7163 6426 8935 3479
5 6974 7796 9519 3480
5 6323 8263 8479 3481
5 398 399 10766 3482
5 8420 8697 10240 3483
5 6682 7250 10414 3484
5 6172 7392 9950 3485
5 6369 7855 7941 3486
5 9545 5941 10256 3487
5 5871 7847 8872 3488
5 5666 7367 8466 3489
5 9506 7392 10849 3490
5 6798 7691 9172 3491
5 7285 6631 9253 3492
5 6393 7597 7881 3493
5 7297 5948 9422 3494
5 6424 8276 8294 3495
5 9253 5985 10843 3496
5 6319 7251 8445 3497
5 7123 7808 10199 3498
5 8059 6842 9378 3499
5 7154 7593 10689 3500
5 7878 6262 8510 3501
5 8553 5911 9973 3502
5 6787 7824 9612 3503
5 6058 7226 8854 3504
5 6107 7687 8328 3505
5 7882 6612 8403 3506
5 8014 7201 10093 3507
5 5919 7270 9499 3508
5 5863 8081 10286 3509
5 7954 6537 7955 3510
5 7871 5931 9152 3511
5 7839 7076 10408 3512
5 7473 6805 9967 3513
5 6445 7428 9127 3514
5 7798 6186 10827 3515
5 10115 6362 10862 3516
5 5700 8142 8767 3517
5 7059 8321 9168 3518
5 6926 7530 8929 3519
5 7244 6094 10731 3520
5 5603 7460 9117 3521
5 7309 6743 10415 3522
5 6513 7713 8318 3523
5 8740 6947 9086 3524
5 5887 7609 8347 3525
5 7454 5876 8975 3526
5 7443 6544 9702 3527
5 6331 7688 9925 3528
5 8383 6780 10174 3529
5 5989 7465 9562 3530
5 6501 8824 9019 3531
5 7482 6179 9934 3532
5 7432 6900 9614 3533
5 6118 7818 8057 3534
5 6271 9405 9743 3535
5 7623 6396 9465 3536
5 5971 8608 9612 3537
5 6564 8218 9196 3538
5 6289 8566 10578 3539
5 7637 5787 8631 3540
5 6703 7293 9716 3541
5 9859 6085 10604 3542
5 5755 7721 9589 3543
5 5693 7780 10573 3544
5 8711 6629 8778 3545
5 7714 6382 8061 3546
5 7499 5871 9824 3547
5 7496 5791 8902 3548
5 6727 8707 10382 3549
5 6458 8073 9360 3550
5 5742 9862 9916 3551
5 5877 8227 8582 3552
5 7967 7254 9094 3553
5 6476 8561 10325 3554
5 7126 9011 9610 3555
5 6264 8987 10695 3556
5 5674 7733 10389 3557
5 8019 5658 9608 3558
5 8219 6261 9504 3559
5 5935 8031 10157 3560
5 6383 7683 10822 3561
5 8071 5623 8566 3562
5 5985 8871 10843 3563
5 428 429 8243 3564
5 7000 10327 10472 3565
5 8399 6516 8625 3566
5 7755 5678 10791 3567
5 7309 5849 10993 3568
5 7889 6325 8315 3569
5 9311 6086 9921 3570
5 6284 7825 8832 3571
5 7198 6459 8872 3572
5 7903 7197 8757 3573
5 6214 8127 8944 3574
5 7580 7030 10227 3575
5 7806 5687 10846 3576
5 7837 10175 10582 3577
5 8252 6648 9902 3578
5 7137 8462 9073 3579
5 5870 7390 10040 3580
5 443 8532 10755 3581
5 7463 9149 10291 3582
5 5842 7911 8530 3583
5 5925 7938 9130 3584
5 7854 6496 8292 3585
5 7877 10184 10666 3586
5 6650 8732 8880 3587
5 8385 6301 10631 3588
5 6503 9244 9777 3589
5 6451 8685 9228 3590
5 6286 7720 8961 3591
5 8859 6389 9929 3592
5 6770 7310 9092 3593
5 6344 7951 10307 3594
5 7641 413 10549 3595
5 9799 7217 10419 3596
5 10245 7571 10760 3597
5 7443 5873 9329 3598
5 8401 5752 9362 3599
5 7868 6959 10233 3600
5 6453 7619 8239 3601
5 8135 6558 9947 3602
5 9472 6080 10235 3603
5 7648 5728 8778 3604
5 7253 5769 10423 3605
5 5851 7890 8204 3606
5 6292 7839 10258 3607
5 7588 5821 8920 3608
5 7764 6368 8092 3609
5 6165 7255 9801 3610
5 6737 9696 10777 3611
5 6308 7212 8502 3612
5 8860 6870 10270 3613
5 7231 6571 10956 3614
5 7524 5760 8812 3615
5 8810 5958 8884 3616
5 6576 7958 9256 3617
5 6226 7273 9144 3618
5 6218 8357 9871 3619
5 427 428 10596 3620
5 345 346 9985 3621
5 7897 8325 10264 3622
5 9482 6842 9571 3623
5 6897 7595 10963 3624
5 7099 8380 10338 3625
5 7538 5816 9810 3626
5 7677 6373 8283 3627
5 1606 7475 8338 3628
5 8199 5972 8936 3629
5 7474 3370 8338 3630
5 3550 3658 9091 3631
5 6731 7606 10336 3632
5 7375 6460 9900 3633
5 7743 6259 7845 3634
5 6595 9177 10939 3635
5 7611 5746 9756 3636
5 7719 6444 10046 3637
5 7614 5811 8620 3638
5 10413 5859 10538 3639
5 8721 6437 10342 3640
5 7542 6344 9609 3641
5 7716 8733 9868 3642
5 7445 6021 9818 3643
5 7508 6403 8896 3644
5 352 8399 8625 3645
5 9513 5941 9609 3646
5 7464 6447 10223 3647
5 7486 7006 10785 3648
5 7232 8157 9913 3649
5 7399 449 10033 3650
5 6196 7636 8548 3651
5 5619 9143 10981 3652
5 8262 6457 8970 3653
5 7995 6411 8084 3654
5 8085 6453 8239 3655
5 6127 7864 10513 3656
5 5784 7615 9905 3657
5 7305 6493 8815 3658
5 5828 7651 8857 3659
5 6998 7533 10122 3660
5 7463 6270 9149 3661
5 8053 8159 10598 3662
5 7560 6189 8678 3663
5 7481 6504 9470 3664
5 7519 6160 9580 3665
5 7379 6714 8683 3666
5 7736 5894 8536 3667
5 5802 7269 8543 3668
5 6450 7736 8536 3669
5 6726 7671 8878 3670
5 6347 7470 9695 3671
5 8343 6109 8515 3672
5 7771 6802 8612 3673
5 7992 6952 10944 3674
5 9592 6216 10419 3675
5 7793 7188 9234 3676
5 6943 8855 10623 3677
5 5883 7781 9233 3678
5 6095 8001 9909 3679
5 3730 7547 8750 3680
5 7331 8229 9967 3681
5 7520 5798 9735 3682
5 5858 7711 8583 3683
5 6520 7510 9273 3684
5 7590 7873 9347 3685
5 7887 6602 8726 3686
5 5726 6962 10334 3687
5 8821 7399 10203 3688
5 8311 6635 8729 3689
5 7328 6163 10853 3690
5 5782 7517 9315 3691
5 7550 5693 9210 3692
5 8497 6532 8985 3693
5 7005 7782 10960 3694
5 6606 7554 8260 3695
5 9423 7944 10740 3696
5 6208 7666 7994 3697
5 7599 375 10825 3698
5 6738 8171 9058 3699
5 8034 6154 9983 3700
5 8679 5809 8755 3701
5 6960 7643 10776 3702
5 9367 7989 9950 3703
5 8095 5679 8171 3704
5 7193 8371 10196 3705
5 8002 5850 9149 3706
5 7267 6115 9705 3707
5 6124 7346 9109 3708
5 8324 6163 9340 3709
5 5814 7738 8874 3710
5 6042 7935 10399 3711
5 9606 7980 9861 3712
5 7537 6546 9793 3713
5 9053 6614 9152 3714
5 5765 7597 10537 3715
5 8922 8058 10138 3716
5 8685 5865 9320 3717
5 6548 7600 10780 3718
5 7687 6263 8328 3719
5 7532 6556 8693 3720
5 7803 6333 9671 3721
5 6524 7564 10067 3722
5 7624 7975 10390 3723
5 6753 9317 9577 3724
5 9892 7967 10878 3725
5 7456 6401 10511 3726
5 6326 9561 10603 3727
5 7547 5134 8949 3728
5 7789 7371 9181 3729
5 6441 7422 8904 3730
5 5819 7352 10441 3731
5 7908 6157 9730 3732
5 6413 7855 8132 3733
5 6695 7528 8510 3734
5 7267 9486 10378 3735
5 7388 5621 10459 3736
5 6030 7461 9383 3737
5 6494 8215 8270 3738
5 8822 6509 9450 3739
5 8552 5757 10894 3740
5 6600 7576 9043 3741
5 7991 5830 9303 3742
5 9818 6280 10106 3743
5 7621 6683 9623 3744
5 7918 6247 10804 3745
5 8102 6402 10425 3746
5 5642 7300 9837 3747
5 7734 6470 8669 3748
5 7636 6294 8305 3749
5 6099 7286 9418 3750
5 7564 5941 9513 3751
5 7886 5879 8827 3752
5 8215 6449 8270 3753
5 10170 7181 10690 3754
5 7762 5718 8937 3755
5 7166 6213 9311 3756
5 8184 5907 8571 3757
5 6008 7821 10112 3758
5 6278 7614 8293 3759
5 8496 7233 10704 3760
5 8055 6204 10165 3761
5 5680 7836 9261 3762
5 9677 6965 10821 3763
5 5769 7219 9674 3764
5 8155 7329 10975 3765
5 7584 6361 9984 3766
5 6863 9615 9623 3767
5 8722 8301 10597 3768
5 8984 7093 9914 3769
5 7300 6540 9158 3770
5 6250 8889 9044 3771
5 9619 8369 10354 3772
5 7061 7893 8883 3773
5 6361 7702 9984 3774
5 7684 6776 9466 3775
5 5750 8451 9172 3776
5 5643 7818 9286 3777
5 5859 7966 10538 3778
5 6439 8976 9488 3779
5 7436 5786 9628 3780
5 6101 7512 10881 3781
5 7124 8228 10851 3782
5 7146 6341 9490 3783
5 7911 5842 8078 3784
5 4342 4162 7954 3785
5 5630 7486 10753 3786
5 5617 7731 8613 3787
5 7541 6890 9855 3788
5 8308 6478 8762 3789
5 8645 6042 9167 3790
5 7166 9311 9921 3791
5 7346 6345 9109 3792
5 7671 6542 8153 3793
5 7368 5687 9848 3794
5 6063 7194 8868 3795
5 8459 5618 10374 3796
5 7412 5907 8349 3797
5 6691 8034 9990 3798
5 6982 8485 9302 3799
5 6281 7526 8282 3800
5 5848 8259 9364 3801
5 6438 8089 8524 3802
5 8838 5996 9596 3803
5 9569 6595 10939 3804
5 8169 6267 10875 3805
5 7194 6063 8938 3806
5 8208 6238 10275 3807
5 7180 6403 10502 3808
5 6370 7930 8141 3809
5 8187 5848 9364 3810
5 7456 6358 8679 3811
5 6348 7571 9185 3812
5 7821 6008 8467 3813
5 7021 9238 9667 3814
5 6461 7640 8410 3815
5 5799 7545 9227 3816
5 6844 8060 10121 3817
5 7439 2830 8816 3818
5 10463 6866 10492 3819
5 6230 7596 8426 3820
5 6069 7197 9269 3821
5 7505 6547 9422 3822
5 6329 7998 8290 3823
5 8883 6548 9036 3824
5 7986 8344 9275 3825
5 6429 7802 8391 3826
5 8074 6501 9019 3827
5 7906 5963 9247 3828
5 7144 6475 10110 3829
5 7670 6181 8423 3830
5 6463 7271 10389 3831
5 446 447 10336 3832
5 7984 6453 8085 3833
5 7824 5971 9612 3834
5 6418 9031 10678 3835
5 6299 7932 10689 3836
5 8680 6676 10828 3837
5 7228 6609 8635 3838
5 6343 7657 8921 3839
5 6404 7496 8902 3840
5 6066 7233 9469 3841
5 6285 7446 8585 3842
5 9272 8516 10558 3843
5 6877 8209 8417 3844
5 6512 7648 8778 3845
5 6274 7877 10666 3846
5 6204 7419 10571 3847
5 6293 7580 8182 3848
5 634 7433 8866 3849
5 6354 7610 9270 3850
5 9755 5945 10074 3851
5 7106 8170 10757 3852
5 8635 6791 9405 3853
5 8244 5689 9192 3854
5 5895 7808 9452 3855
5 7480 5824 8891 3856
5 8180 6203 8578 3857
5 6461 8410 8997 3858
5 6174 7807 8906 3859
5 5242 6856 9182 3860
5 6425 7413 8368 3861
5 5760 7524 8841 3862
5 7430 4126 8914 3863
5 6046 7372 9717 3864
5 6256 8454 9402 3865
5 7737 6660 8452 3866
5 6434 7704 8307 3867
5 8295 6292 10258 3868
5 8736 7501 9535 3869
5 8209 6366 8417 3870
5 5920 7536 9236 3871
5 6209 7655 8052 3872
5 6071 7268 10107 3873
5 9423 7044 10573 3874
5 8374 6418 10678 3875
5 7568 6341 9807 3876
5 8197 6739 8824 3877
5 5824 8600 8891 3878
5 6337 7807 9957 3879
5 6036 7621 9623 3880
5 7297 9422 9645 3881
5 7783 6592 10430 3882
5 7251 7532 8445 3883
5 7832 6118 8057 3884
5 8216 6753 9577 3885
5 7425 1534 9008 3886
5 8622 4702 9018 3887
5 7346 6124 10985 3888
5 4666 7430 8961 3889
5 7829 6599 9659 3890
5 5879 7886 9500 3891
5 6370 8141 9197 3892
5 7034 7979 9704 3893
5 5613 8117 9420 3894
5 6482 8386 10711 3895
5 5801 7462 10671 3896
5 6421 8058 8922 3897
5 6319 7695 9038 3898
5 6182 7546 8770 3899
5 7197 7903 10812 3900
5 7461 5853 9363 3901
5 342 343 8038 3902
5 7271 6463 10855 3903
5 7375 6197 10470 3904
5 8170 7106 9266 3905
5 8485 5982 9302 3906
5 5700 8767 10355 3907
5 7911 6572 8530 3908
5 9735 6229 10434 3909
5 5671 7481 9470 3910
5 6874 8621 8963 3911
5 5725 7815 9507 3912
5 6267 8916 10875 3913
5 7484 6448 8531 3914
5 8878 5681 9681 3915
5 7417 8662 10197 3916
5 8406 7022 9747 3917
5 7523 5856 8701 3918
5 6272 8666 10834 3919
5 6285 7895 7896 3920
5 5783 7178 9174 3921
5 7104 5745 8861 3922
5 6031 8912 10036 3923
5 6339 7468 8485 3924
5 7450 10167 10231 3925
5 5900 8054 9517 3926
5 8443 6689 9995 3927
5 6302 7926 8643 3928
5 9387 6926 10154 3929
5 8127 6730 8944 3930
5 5623 8071 9471 3931
5 6895 8339 10002 3932
5 5744 7817 9442 3933
5 7602 8794 9946 3934
5 8060 411 10121 3935
5 6333 7572 8319 3936
5 6116 7405 9326 3937
5 6247 9678 10867 3938
5 6179 7817 9934 3939
5 6438 8524 9082 3940
5 7492 6585 9398 3941
5 7802 5936 8391 3942
5 5709 7705 8370 3943
5 202 397 9249 3944
5 396 202 9249 3945
5 6317 8064 8844 3946
5 7523 6408 8903 3947
5 7550 6497 8743 3948
5 6805 7473 10673 3949
5 5622 8032 10627 3950
5 6408 7387 9469 3951
5 7545 6273 10639 3952
5 6653 9079 9286 3953
5 7491 5919 9499 3954
5 8643 5732 10569 3955
5 5913 7791 8843 3956
5 6138 7321 8545 3957
5 7630 386 8366 3958
5 7319 9982 10830 3959
5 7371 6552 9181 3960
5 1354 1390 8386 3961
5 6570 7295 10020 3962
5 5645 7816 8163 3963
5 6532 8013 8346 3964
5 8691 6082 8787 3965
5 7384 6082 8691 3966
5 8434 7447 9510 3967
5 7450 7939 10167 3968
5 6454 7984 8085 3969
5 7925 5714 10457 3970
5 6599 7829 8238 3971
5 8361 6408 8701 3972
5 8504 5805 9337 3973
5 6495 7327 9383 3974
5 6074 7274 9725 3975
5 7722 5886 8289 3976
5 8044 6555 8892 3977
5 5758 7590 9753 3978
5 442 443 10755 3979
5 9378 6842 10501 3980
5 5898 7877 8085 3981
5 7720 3190 8961 3982
5 7759 6263 8143 3983
5 9875 6155 10512 3984
5 7479 6550 9478 3985
5 7460 6274 8551 3986
5 5782 7483 8501 3987
5 7479 6387 8846 3988
5 5908 7734 8669 3989
5 5750 7691 9358 3990
5 7855 6369 10003 3991
5 6535 8740 9086 3992
5 7890 6320 8204 3993
5 7894 6374 9006 3994
5 7394 6170 10358 3995
5 7719 6000 8381 3996
5 7848 6185 10976 3997
5 7521 6424 8964 3998
5 5026 7439 8987 3999
5 7221 6439 8772 4000
5 6273 7545 8459 4001
5 5898 7993 10184 4002
5 7567 6407 9141 4003
5 7387 8361 10605 4004
5 5811 7614 8897 4005
5 7573 5768 9340 4006
5 7942 6565 8172 4007
5 2038 3766 7969 4008
5 9503 5699 9669 4009
5 5648 9263 10707 4010
5 7339 8230 10215 4011
5 6192 7680 9584 4012
5 7945 6341 8952 4013
5 7241 6424 9630 4014
5 8230 7334 10209 4015
5 420 8554 9390 4016
5 6224 7589 8330 4017
5 419 420 9390 4018
5 7500 6482 10711 4019
5 7713 5838 8318 4020
5 6615 7587 9305 4021
5 9566 6747 10217 4022
5 7983 5922 8236 4023
5 8303 6309 9965 4024
5 7970 6594 8624 4025
5 7266 5805 10143 4026
5 9303 5830 9548 4027
5 6235 7784 10196 4028
5 6524 7643 8748 4029
5 6015 8306 9552 4030
5 7209 6491 9991 4031
5 7557 6397 8654 4032
5 5938 7271 10855 4033
5 8222 5761 8523 4034
5 6382 7714 10333 4035
5 7889 6449 8017 4036
5 7591 6543 9493 4037
5 9751 8617 10113 4038
5 8468 9784 10524 4039
5 7935 6549 8648 4040
5 5721 7405 9304 4041
5 6426 7386 9356 4042
5 7980 6711 9861 4043
5 5800 7634 9085 4044
5 6683 7621 10111 4045
5 6740 7901 8370 4046
5 6841 8735 9180 4047
5 8457 6269 10412 4048
5 6575 7360 9204 4049
5 7795 6251 8434 4050
5 7250 7794 10414 4051
5 2938 2434 7978 4052
5 5621 7388 9887 4053
5 6730 8773 10627 4054
5 8629 5884 9733 4055
5 9001 6607 9139 4056
5 6727 8023 8908 4057
5 6141 8413 10443 4058
5 6160 7868 10233 4059
5 7058 8810 8884 4060
5 5602 2362 8072 4061
5 7905 6383 10822 4062
5 5884 8119 9733 4063
5 8127 5954 8831 4064
5 10075 7321 10288 4065
5 8006 5671 10155 4066
5 7982 6097 8894 4067
5 5827 7380 10005 4068
5 9246 5935 10157 4069
5 5994 6856 8634 4070
5 7719 6910 9583 4071
5 7470 6347 8823 4072
5 7478 6755 9966 4073
5 7662 5641 9180 4074
5 5777 7819 10531 4075
5 7595 6186 10963 4076
5 7854 5759 8982 4077
5 7753 7056 10029 4078
5 7562 6114 8561 4079
5 7982 5608 9238 4080
5 7056 7957 9106 4081
5 7378 8383 10174 4082
5 6786 7511 10166 4083
5 6481 7513 8864 4084
5 6177 7718 9758 4085
5 6541 7792 8411 4086
5 5660 7572 9064 4087
5 8671 7217 9799 4088
5 6720 8547 8931 4089
5 5830 7809 8723 4090
5 9852 6879 10550 4091
5 6264 7774 8987 4092
5 8296 6240 8631 4093
5 6522 8672 10749 4094
5 8195 5927 9698 4095
5 7750 8239 10837 4096
5 6121 8019 9675 4097
5 6557 8120 8518 4098
5 7886 8827 9787 4099
5 4450 1786 8115 4100
5 5638 7663 9419 4101
5 8204 6320 8353 4102
5 7392 6772 9950 4103
5 6743 7309 9729 4104
5 6451 8214 8227 4105
5 5787 7697 8144 4106
5 5997 7479 8846 4107
5 7775 6258 9248 4108
5 7890 5851 8653 4109
5 7409 8978 9129 4110
5 8513 7811 10187 4111
5 7094 10212 10850 4112
5 8297 6499 8305 4113
5 5921 8065 9900 4114
5 6482 6162 9771 4115
5 7566 6151 9563 4116
5 7364 9952 10084 4117
5 6763 7529 8813 4118
5 6423 7956 8651 4119
5 6626 7165 10151 4120
5 7382 6329 8932 4121
5 6547 7505 9142 4122
5 6039 7526 8732 4123
5 8186 6979 9432 4124
5 7559 8481 8942 4125
5 410 411 8060 4126
5 6500 8025 9627 4127
5 7344 444 10929 4128
5 7642 6012 9222 4129
5 6708 9348 9468 4130
5 6407 7521 10688 4131
5 363 7880 9460 4132
5 8049 6334 8873 4133
5 8480 5703 9296 4134
5 6214 7261 8127 4135
5 6271 7651 8110 4136
5 8363 7213 10044 4137
5 416 7586 9604 4138
5 7426 435 10406 4139
5 9712 7933 10921 4140
5 7629 8557 10651 4141
5 7841 6732 9665 4142
5 7738 5814 10750 4143
5 6344 7604 9370 4144
5 7296 7679 9770 4145
5 350 351 8815 4146
5 6384 7287 9201 4147
5 6258 7775 10011 4148
5 8123 381 9231 4149
5 7327 6495 9927 4150
5 7357 6405 10759 4151
5 7038 7631 10824 4152
5 8430 5724 9235 4153
5 8855 7393 10623 4154
5 7841 9665 10620 4155
5 7668 5691 8666 4156
5 7699 5667 10665 4157
5 7925 6815 8885 4158
5 7627 7097 9394 4159
5 7739 5675 8573 4160
5 7584 6842 9482 4161
5 7977 6978 8737 4162
5 6507 7978 8332 4163
5 7690 5878 9013 4164
5 7528 6695 10670 4165
5 6325 7639 8315 4166
5 8993 6458 9648 4167
5 7421 6847 10401 4168
5 7965 6338 10519 4169
5 6913 7774 8557 4170
5 5869 7685 9567 4171
5 6096 7354 9356 4172
5 7426 6532 9314 4173
5 7860 6510 10194 4174
5 6443 8261 8327 4175
5 7356 9354 10806 4176
5 7376 8838 9596 4177
5 6110 7704 10545 4178
5 7363 5612 9051 4179
5 8155 6641 8931 4180
5 7861 6400 8331 4181
5 6713 7515 9673 4182
5 6067 7869 8771 4183
5 7668 6272 8527 4184
5 8503 5711 9662 4185
5 9517 8054 10632 4186
5 8268 7333 9027 4187
5 5720 7357 10984 4188
5 5613 7664 8865 4189
5 8091 6364 8689 4190
5 6820 7720 8206 4191
5 9561 5797 9855 4192
5 8849 7051 10941 4193
5 5855 7882 8403 4194
5 7429 6025 10461 4195
5 5854 7553 10365 4196
5 6448 7484 8783 4197
5 7571 6132 9185 4198
5 9458 6626 10544 4199
5 7498 6280 9908 4200
5 7718 6721 9758 4201
5 7549 395 9932 4202
5 9426 6434 10298 4203
5 6689 8715 9126 4204
5 6120 7388 9385 4205
5 6014 7633 9169 4206
5 6310 8480 9629 4207
5 6239 7626 9250 4208
5 8317 7140 10172 4209
5 6309 8642 9965 4210
5 9551 6350 10888 4211
5 8069 6528 9740 4212
5 7881 9267 10547 4213
5 8861 6328 9634 4214
5 6391 7518 9067 4215
5 7339 6091 10332 4216
5 368 10083 10337 4217
5 6147 8670 10229 4218
5 8279 7369 11000 4219
5 9419 6561 9517 4220
5 6977 7853 10192 4221
5 7504 5818 10164 4222
5 5924 8516 8862 4223
5 428 8243 10596 4224
5 5661 7557 8654 4225
5 8525 6158 10732 4226
5 9340 5768 9351 4227
5 6254 8207 8943 4228
5 5914 8560 9125 4229
5 7803 5819 10190 4230
5 8858 6458 9360 4231
5 7774 3406 8987 4232
5 7175 8326 10402 4233
5 8888 7727 10896 4234
5 6416 8520 10641 4235
5 7528 5857 8510 4236
5 5828 7205 9244 4237
5 394 7549 8630 4238
5 6641 8414 8931 4239
5 6582 8254 9039 4240
5 8060 6844 10583 4241
5 7409 6386 8978 4242
5 5730 7537 9793 4243
5 6012 9830 10614 4244
5 7273 6226 10964 4245
5 5813 7407 8830 4246
5 8344 7523 8903 4247
5 7622 5847 8138 4248
5 7341 6603 8611 4249
5 6180 9050 10242 4250
5 7226 6058 9815 4251
5 6389 7303 9929 4252
5 8560 6896 9125 4253
5 5948 7505 9422 4254
5 7904 6350 9551 4255
5 6920 8618 9166 4256
5 6667 9014 10447 4257
5 7787 6368 8313 4258
5 7807 5841 8906 4259
5 9045 6749 9736 4260
5 7131 8271 9361 4261
5 7087 8079 10259 4262
5 8825 5921 9900 4263
5 7592 6242 8739 4264
5 8654 6397 8765 4265
5 362 363 9460 4266
5 6279 7557 9218 4267
5 7322 10014 10610 4268
5 7691 6173 9358 4269
5 6544 8224 8240 4270
5 6028 7921 10624 4271
5 6360 7588 8920 4272
5 6640 8096 8323 4273
5 7495 6094 9132 4274
5 7291 6656 9178 4275
5 7623 5632 8594 4276
5 7597 6999 10537 4277
5 6202 8010 10440 4278
5 7194 7948 10710 4279
5 8641 6569 9275 4280
5 6183 7464 10496 4281
5 9717 7372 10975 4282
5 7067 7738 10750 4283
5 6076 8129 8718 4284
5 5763 7432 9583 4285
5 6758 7611 9756 4286
5 7554 5615 9781 4287
5 5916 9660 10789 4288
5 7325 8156 10789 4289
5 6010 7508 8896 4290
5 6713 9673 10173 4291
5 6181 7459 8877 4292
5 5786 7616 9708 4293
5 8853 6028 10624 4294
5 8151 5692 8534 4295
5 7231 8242 9354 4296
5 7570 6533 10953 4297
5 6078 7694 8542 4298
5 5932 8427 10691 4299
5 8006 6337 9957 4300
5 7798 5766 8126 4301
5 6396 7623 8594 4302
5 378 8190 8724 4303
5 7989 5883 9233 4304
5 7778 7475 10942 4305
5 6102 7478 10471 4306
5 7647 5977 9016 4307
5 8012 6623 8592 4308
5 5690 7482 9206 4309
5 9025 6153 10386 4310
5 9952 6697 10084 4311
5 7522 7067 9917 4312
5 7752 5698 10890 4313
5 7600 5923 8708 4314
5 7866 6977 10192 4315
5 7605 5609 9823 4316
5 6379 7698 9243 4317
5 6765 8822 9450 4318
5 8200 6365 8658 4319
5 7665 6173 9582 4320
5 5849 7947 8967 4321
5 5906 7875 8869 4322
5 6333 8319 9671 4323
5 7589 5845 10904 4324
5 6619 7662 9180 4325
5 7176 9092 10316 4326
5 6908 7888 8415 4327
5 5645 7677 8999 4328
5 9011 5844 9610 4329
5 7207 7517 10519 4330
5 6115 7396 10296 4331
5 7885 6947 8740 4332
5 8600 6882 8891 4333
5 6138 7810 8437 4334
5 8769 6639 9100 4335
5 6001 9406 10338 4336
5 7828 5949 9586 4337
5 7512 5608 9927 4338
5 6549 8027 8175 4339
5 7587 370 9305 4340
5 5755 7448 10076 4341
5 6078 7443 9702 4342
5 6361 8588 9138 4343
5 6875 8031 9564 4344
5 8388 7146 9490 4345
5 7684 6489 9484 4346
5 8519 10153 10977 4347
5 6656 7291 9786 4348
5 8975 7910 10097 4349
5 8588 7133 9138 4350
5 7748 6098 8472 4351
5 7284 9066 10972 4352
5 7076 7839 8990 4353
5 7559 6135 9699 4354
5 2074 7778 10942 4355
5 6003 8280 10341 4356
5 7628 5708 10335 4357
5 6873 8453 9065 4358
5 5706 7678 10688 4359
5 5903 8322 8336 4360
5 7296 9770 10469 4361
5 6592 8710 10430 4362
5 7281 7858 10411 4363
5 5762 7715 8183 4364
5 6612 7762 8937 4365
5 7675 670 10957 4366
5 5694 7577 10851 4367
5 8276 6577 8294 4368
5 6388 7949 8132 4369
5 7671 6726 10724 4370
5 6401 7661 10511 4371
5 8042 6046 10946 4372
5 6956 7817 8928 4373
5 6019 7292 8490 4374
5 6931 8091 10905 4375
5 5637 7777 8905 4376
5 5751 7910 10118 4377
5 6603 7341 10275 4378
5 8895 6899 10726 4379
5 6491 7209 9562 4380
5 2650 7500 10711 4381
5 6239 8045 8636 4382
5 8859 9929 10752 4383
5 5803 9004 9523 4384
5 8431 6953 9762 4385
5 6262 8007 8242 4386
5 7979 7034 9882 4387
5 7621 6354 9270 4388
5 6596 7740 8877 4389
5 8211 6475 8212 4390
5 6638 9400 10403 4391
5 8350 6077 9365 4392
5 9715 6119 10276 4393
5 6447 7609 10116 4394
5 7979 6388 10350 4395
5 6352 7647 9016 4396
5 9161 6522 10749 4397
5 7136 9539 9656 4398
5 7265 8920 10388 4399
5 5931 7871 9353 4400
5 7612 2974 8820 4401
5 6706 8300 8808 4402
5 9422 6547 9645 4403
5 8002 6270 8167 4404
5 7724 6297 8513 4405
5 10167 6081 10231 4406
5 5691 7668 8918 4407
5 6847 7421 10453 4408
5 5894 7914 8297 4409
5 7970 6099 9418 4410
5 8512 6459 10773 4411
5 7979 6055 9704 4412
5 7610 5734 9270 4413
5 5904 9974 10980 4414
5 7568 6140 8647 4415
5 7193 6017 10715 4416
5 7417 6521 9962 4417
5 7209 5989 9562 4418
5 7060 8182 9150 4419
5 6496 8828 9147 4420
5 5803 7775 9248 4421
5 8555 6063 10685 4422
5 7736 6450 9600 4423
5 6503 7651 9244 4424
5 6932 7640 9536 4425
5 6206 7750 10837 4426
5 7552 6044 9597 4427
5 7507 7104 10643 4428
5 8437 6370 9197 4429
5 9047 6033 9971 4430
5 6012 7928 9830 4431
5 7869 6903 8771 4432
5 7630 6573 8875 4433
5 8618 6507 9166 4434
5 5623 7497 8566 4435
5 381 382 9231 4436
5 5717 7840 10839 4437
5 7188 8452 9605 4438
5 6755 7478 8870 4439
5 6223 7974 9819 4440
5 7401 6113 10148 4441
5 6441 8040 8722 4442
5 6560 7335 10813 4443
5 6440 7614 8620 4444
5 8984 6527 8998 4445
5 7841 5809 8367 4446
5 8262 7234 9663 4447
5 7631 7038 8909 4448
5 7678 6407 10688 4449
5 7930 6621 8141 4450
5 7924 5861 8742 4451
5 7487 6432 9937 4452
5 7181 7925 10457 4453
5 6151 7566 9276 4454
5 6294 8297 8305 4455
5 7317 10039 10803 4456
5 6343 7413 8967 4457
5 7310 5772 10316 4458
5 6094 7244 9132 4459
5 5745 8018 9464 4460
5 6710 8343 8515 4461
5 7306 6410 8616 4462
5 5756 7909 9677 4463
5 8371 6235 10196 4464
5 7778 6157 10351 4465
5 7945 6944 9107 4466
5 7451 6201 9077 4467
5 6135 7280 9699 4468
5 5646 7657 10027 4469
5 7530 6518 8741 4470
5 5848 7579 8696 4471
5 10350 6388 10380 4472
5 9583 6910 10768 4473
5 7729 2866 8684 4474
5 7660 6397 10305 4475
5 8004 6216 9592 4476
5 8034 6030 9990 4477
5 8894 7181 10170 4478
5 8133 5894 8297 4479
5 8003 5947 8186 4480
5 7674 6169 9059 4481
5 355 356 8337 4482
5 9064 6742 10832 4483
5 6828 7695 8960 4484
5 1498 7612 8939 4485
5 7777 6430 8905 4486
5 8122 5895 9452 4487
5 6471 8727 9879 4488
5 8566 7497 10578 4489
5 5911 7540 10669 4490
5 6582 9039 9307 4491
5 7520 6470 8362 4492
5 7778 2074 9195 4493
5 6471 7682 9240 4494
5 5818 7504 9369 4495
5 5806 7441 8706 4496
5 7664 5613 9083 4497
5 7002 7553 9593 4498
5 6434 8775 10298 4499
5 9492 5882 9826 4500
5 6435 8176 9650 4501
5 7949 6388 9882 4502
5 6442 8247 10792 4503
5 7947 7309 10415 4504
5 6595 8198 9177 4505
5 7981 5880 9284 4506
5 8493 5793 10128 4507
5 9253 6631 10948 4508
5 7819 6398 8177 4509
5 7451 7042 10276 4510
5 6552 7371 10895 4511
5 5610 8424 9829 4512
5 7467 8853 10624 4513
5 6637 8080 8461 4514
5 7026 8364 10769 4515
5 444 7344 9289 4516
5 7521 6407 8579 4517
5 7810 6138 10765 4518
5 8509 6832 9176 4519
5 6372 7832 8057 4520
5 7627 5720 8910 4521
5 7641 6857 10436 4522
5 8103 5716 9752 4523
5 6518 7530 10504 4524
5 6721 8497 8985 4525
5 8511 5651 9028 4526
5 8441 5829 9131 4527
5 8140 6948 10579 4528
5 5857 7878 8510 4529
5 8269 6023 10203 4530
5 347 348 8128 4531
5 7233 6066 10704 4532
5 8044 5930 10516 4533
5 8026 5779 8284 4534
5 8377 6542 8929 4535
5 5898 8085 8239 4536
5 8009 5828 8857 4537
5 5689 7393 8855 4538
5 7645 5682 10345 4539
5 9130 8060 10583 4540
5 7710 6476 9938 4541
5 6647 8019 8925 4542
5 1102 7632 8901 4543
5 6731 7395 9903 4544
5 7143 8681 10475 4545
5 7847 5871 10497 4546
5 7851 6670 9705 4547
5 5899 8776 9265 4548
5 7530 5916 8929 4549
5 10460 7506 10700 4550
5 7043 7860 10194 4551
5 706 886 8096 4552
5 7324 8989 10312 4553
5 6129 7591 9493 4554
5 8721 7272 10764 4555
5 9909 8001 10158 4556
5 7425 7675 10957 4557
5 8415 7307 10923 4558
5 7739 6326 8356 4559
5 8165 5967 8505 4560
5 6566 8157 8909 4561
5 6165 9006 9159 4562
5 7661 6102 10511 4563
5 8738 6502 10073 4564
5 7793 6810 10015 4565
5 6388 7979 9882 4566
5 8480 7147 9629 4567
5 6924 9083 9420 4568
5 7731 9621 10566 4569
5 6690 8585 9461 4570
5 8920 5821 10388 4571
5 7100 7934 9472 4572
5 8508 5879 9500 4573
5 6145 7522 8774 4574
5 8168 5688 8758 4575
5 8118 5683 9680 4576
5 8166 6381 10827 4577
5 8019 6121 8925 4578
5 5698 7996 10890 4579
5 7428 5781 8725 4580
5 377 378 8724 4581
5 8292 6496 9147 4582
5 6751 7549 9932 4583
5 8694 6923 10578 4584
5 5844 7494 9610 4585
5 6583 7386 10784 4586
5 8023 6536 8550 4587
5 5708 7628 8792 4588
5 6123 7367 9113 4589
5 8688 6223 9819 4590
5 7644 7091 9436 4591
5 6819 7975 9821 4592
5 8017 6449 8215 4593
5 382 7772 9231 4594
5 7014 8039 10444 4595
5 8851 7126 10550 4596
5 7948 7194 8938 4597
5 4594 7870 8816 4598
5 7949 6413 8132 4599
5 6124 7653 8834 4600
5 344 345 8668 4601
5 6085 7912 9075 4602
5 7661 6401 8663 4603
5 358 359 8355 4604
5 7468 6602 9258 4605
5 6444 7719 8381 4606
5 7341 8208 10275 4607
5 7628 6416 8792 4608
5 6160 7871 9580 4609
5 9145 6752 10763 4610
5 6188 8184 8571 4611
5 7657 5646 8921 4612
5 7733 9009 10144 4613
5 8801 6917 9097 4614
5 10121 7641 10251 4615
5 7667 6054 8873 4616
5 6043 7550 8743 4617
5 7599 6479 9670 4618
5 6247 7918 9678 4619
5 7293 6703 9250 4620
5 5796 8021 9771 4621
5 7189 8034 9983 4622
5 8028 5858 10274 4623
5 6503 7867 8156 4624
5 7980 6577 8276 4625
5 8847 6971 9080 4626
5 7288 8457 10412 4627
5 6328 7983 9634 4628
5 9092 7176 10647 4629
5 6526 7969 9078 4630
5 10212 6966 10850 4631
5 7843 6647 8637 4632
5 8151 6639 8769 4633
5 8604 7001 9919 4634
5 7398 6220 10785 4635
5 6446 8213 8492 4636
5 7308 8493 10128 4637
5 7586 9875 10512 4638
5 7482 6469 9206 4639
5 6707 8509 9176 4640
5 7817 6956 9934 4641
5 8817 6952 8876 4642
5 6038 7658 9288 4643
5 5749 7661 8663 4644
5 6366 8209 10359 4645
5 5690 8217 8531 4646
5 5907 7412 8612 4647
5 7139 8474 9121 4648
5 8098 6292 9255 4649
5 8567 7568 9807 4650
5 7431 6605 9912 4651
5 6745 7844 9883 4652
5 6386 7858 8466 4653
5 414 415 8478 4654
5 6687 8673 9165 4655
5 5797 7400 8658 4656
5 7726 6057 9431 4657
5 6598 8092 8264 4658
5 5696 7889 8315 4659
5 7870 6820 8191 4660
5 8056 6588 8700 4661
5 8404 5729 8677 4662
5 7087 7950 10482 4663
5 369 7587 10083 4664
5 6417 7588 8596 4665
5 8261 6514 8327 4666
5 6076 7690 10906 4667
5 7534 5814 9540 4668
5 7810 6370 8437 4669
5 5766 7741 10716 4670
5 7851 9904 10261 4671
5 4954 7729 8963 4672
5 8022 5615 9005 4673
5 10229 8670 10525 4674
5 6142 7829 9659 4675
5 6265 7935 8648 4676
5 7852 5900 8447 4677
5 6384 7830 10404 4678
5 7415 6249 8928 4679
5 8487 6957 10620 4680
5 8762 6478 10480 4681
5 6015 8317 10172 4682
5 7863 6400 8589 4683
5 5734 7610 9242 4684
5 9198 7136 10693 4685
5 5867 7926 8746 4686
5 8368 6712 8581 4687
5 7720 6286 8206 4688
5 7761 5918 10073 4689
5 7987 6612 8937 4690
5 5737 8301 8722 4691
5 7651 5828 9244 4692
5 7788 6229 9735 4693
5 7810 5779 8463 4694
5 7633 6563 9169 4695
5 9657 8055 10165 4696
5 5170 4630 8230 4697
5 8136 6471 9879 4698
5 5802 7826 10581 4699
5 9595 7150 9797 4700
5 8786 6576 9256 4701
5 7373 8056 9926 4702
5 6308 8958 9669 4703
5 6089 7696 10026 4704
5 6406 7853 8798 4705
5 7324 6073 9404 4706
5 7609 6183 9555 4707
5 5850 7786 9895 4708
5 6008 8296 9806 4709
5 8027 6377 8175 4710
5 6248 7484 10663 4711
5 8204 6591 10205 4712
5 8424 6597 9412 4713
5 6538 8095 8171 4714
5 8572 6581 10514 4715
5 7888 6908 9987 4716
5 7771 6313 8341 4717
5 7911 6392 8556 4718
5 8064 7377 9858 4719
5 7016 8809 9032 4720
5 8326 6035 10402 4721
5 9557 5742 9916 4722
5 6805 7791 10633 4723
5 7820 6086 10149 4724
5 6621 7447 10606 4725
5 7714 6231 9131 4726
5 7858 5666 8466 4727
5 6341 7568 8647 4728
5 7888 3442 8866 4729
5 6291 8996 10887 4730
5 6624 8406 9747 4731
5 6793 8255 9776 4732
5 7258 9839 10839 4733
5 6167 7804 8754 4734
5 7658 6038 9847 4735
5 6140 7568 10267 4736
5 6397 7557 10872 4737
5 7284 5764 9066 4738
5 8056 6193 9926 4739
5 8752 6574 10994 4740
5 5637 7516 9162 4741
5 8539 5960 10356 4742
5 7365 10364 10705 4743
5 8275 6366 10359 4744
5 6330 7664 8516 4745
5 7270 8688 9819 4746
5 8280 6003 9639 4747
5 7295 6570 9408 4748
5 6040 8431 9762 4749
5 6942 9035 10802 4750
5 8453 5718 9065 4751
5 5797 8658 9855 4752
5 5833 7644 9327 4753
5 5755 7192 9814 4754
5 9005 7036 10092 4755
5 6047 7185 9923 4756
5 8461 5772 9624 4757
5 7518 5633 9067 4758
5 5615 7554 9186 4759
5 7866 6409 8788 4760
5 7722 6220 8329 4761
5 7674 403 8744 4762
5 7603 6393 9323 4763
5 7686 5702 9796 4764
5 7791 9241 9245 4765
5 9102 7216 10921 4766
5 7842 5914 9488 4767
5 6445 7625 9496 4768
5 5691 7625 9516 4769
5 6255 7781 9505 4770
5 7031 7699 10665 4771
5 9291 7962 10553 4772
5 6446 8492 8586 4773
5 7649 8643 10569 4774
5 6634 8180 8578 4775
5 7878 6380 8007 4776
5 7732 5783 9174 4777
5 7712 440 9749 4778
5 8889 7286 9044 4779
5 7194 8048 8868 4780
5 8651 5661 8654 4781
5 6193 8056 8700 4782
5 8753 6965 9677 4783
5 7733 6276 8464 4784
5 8168 8758 10248 4785
5 6827 8482 10055 4786
5 6777 7711 10773 4787
5 7978 6507 9602 4788
5 6147 7708 8670 4789
5 6191 7587 9515 4790
5 7821 7115 10112 4791
5 6554 7674 9059 4792
5 7118 9481 10019 4793
5 6419 8496 10704 4794
5 8063 6192 9584 4795
5 7587 6615 9515 4796
5 7802 6414 9224 4797
5 7815 6520 9507 4798
5 6465 8805 9894 4799
5 7404 9022 10529 4800
5 6845 7504 10164 4801
5 6934 7848 10976 4802
5 8214 6498 8227 4803
5 5776 7450 9137 4804
5 7702 6361 9138 4805
5 7093 8984 10814 4806
5 6470 7734 10262 4807
5 6062 9349 10100 4808
5 6665 8801 9409 4809
5 7117 8407 10118 4810
5 9839 6593 10839 4811
5 7634 6456 9085 4812
5 5733 7695 9836 4813
5 8965 7372 9720 4814
5 9091 7155 9214 4815
5 6811 10075 10288 4816
5 7752 6706 9979 4817
5 6393 7742 10560 4818
5 6347 8652 8823 4819
5 7725 5857 9991 4820
5 7204 8503 9662 4821
5 6742 10210 10486 4822
5 7549 6751 10829 4823
5 7362 10321 10702 4824
5 7349 6111 9611 4825
5 8781 6636 9070 4826
5 6571 7231 9354 4827
5 6142 7838 8406 4828
5 7440 7044 9423 4829
5 7874 6934 10976 4830
5 7795 5771 9570 4831
5 5671 7708 8335 4832
5 6191 7529 10130 4833
5 7427 9503 9669 4834
5 7352 6079 9526 4835
5 7615 6391 9555 4836
5 7921 6195 8589 4837
5 7927 6354 8429 4838
5 8089 6438 8312 4839
5 445 7606 10929 4840
5 7244 8797 9132 4841
5 7457 6311 8951 4842
5 7281 6118 9209 4843
5 7609 5887 10116 4844
5 6176 7366 10082 4845
5 7682 6014 9240 4846
5 6747 7762 10216 4847
5 7763 6331 9336 4848
5 6249 9295 10375 4849
5 7866 5314 8907 4850
5 6145 7575 10568 4851
5 7465 6491 9562 4852
5 6073 7324 10312 4853
5 8449 6557 8906 4854
5 8796 6941 9118 4855
5 7995 6447 8334 4856
5 5845 7589 10806 4857
5 7717 5789 8756 4858
5 7529 6763 10130 4859
5 7696 6749 10590 4860
5 7924 7000 8564 4861
5 7926 5867 10161 4862
5 9030 6796 9926 4863
5 5940 7472 9444 4864
5 7431 5837 9074 4865
5 6633 7390 9111 4866
5 5817 7934 8374 4867
5 7625 5691 8918 4868
5 6561 7663 8734 4869
5 6241 8090 9473 4870
5 9017 8302 10001 4871
5 5930 8285 9178 4872
5 8031 5935 9564 4873
5 8835 6415 9599 4874
5 5727 7619 8893 4875
5 7466 6147 10229 4876
5 7794 6589 10004 4877
5 7732 6569 8641 4878
5 7586 6773 9875 4879
5 6127 7712 8957 4880
5 7519 6377 9116 4881
5 8242 5845 9354 4882
5 1570 7903 8914 4883
5 6351 7430 8914 4884
5 7742 6130 10560 4885
5 10210 7265 10486 4886
5 8336 6363 9571 4887
5 7497 8694 10578 4888
5 6544 9329 9945 4889
5 8776 7102 9265 4890
5 6013 7684 9484 4891
5 8677 5729 10478 4892
5 6856 7620 9182 4893
5 7533 6080 9472 4894
5 7578 6468 8876 4895
5 6174 7481 9957 4896
5 6086 9311 10280 4897
5 6340 7534 9540 4898
5 6195 7863 8589 4899
5 7658 6567 9288 4900
5 7950 5881 10482 4901
5 7302 5629 9713 4902
5 7005 7954 7955 4903
5 10219 6070 10429 4904
5 9546 7416 10540 4905
5 7969 6526 8820 4906
5 7695 5733 9038 4907
5 7867 5993 10180 4908
5 9398 6585 10617 4909
5 9149 7012 10291 4910
5 8466 7367 8978 4911
5 6056 10108 10777 4912
5 6243 7483 9547 4913
5 7390 6633 10040 4914
5 8167 5834 8933 4915
5 7887 8726 10380 4916
5 6011 7673 10409 4917
5 6820 7870 9689 4918
5 5895 8122 9822 4919
5 9018 7401 10148 4920
5 8348 6909 8655 4921
5 6338 7965 8252 4922
5 6813 7658 9847 4923
5 6207 8024 8411 4924
5 7298 6095 9909 4925
5 7131 8504 9337 4926
5 6684 8222 8523 4927
5 5930 8044 9201 4928
5 7403 6116 9326 4929
5 8494 6335 9936 4930
5 6372 8057 8919 4931
5 6370 7810 8463 4932
5 6400 7863 8331 4933
5 6258 7767 8121 4934
5 7147 8480 9296 4935
5 8283 6916 8706 4936
5 8790 6873 9566 4937
5 7228 8635 9405 4938
5 7418 6074 9841 4939
5 8105 6279 9013 4940
5 8434 6001 10338 4941
5 5675 7739 8356 4942
5 6729 7904 9459 4943
5 7802 6429 8563 4944
5 6800 7906 9247 4945
5 6133 8432 10726 4946
5 7619 6453 8893 4947
5 7740 6596 9539 4948
5 6428 8467 9355 4949
5 7460 6611 9117 4950
5 8255 6044 9776 4951
5 5753 7749 9617 4952
5 7630 6218 9871 4953
5 9064 6360 10210 4954
5 8147 5981 9318 4955
5 7760 5850 9895 4956
5 5919 7491 9754 4957
5 5964 7980 8276 4958
5 10190 5819 10565 4959
5 8785 6768 9652 4960
5 7434 6868 10034 4961
5 6409 8076 8788 4962
5 6947 7885 10299 4963
5 7048 8358 10246 4964
5 8103 6253 10282 4965
5 8036 6731 10336 4966
5 7790 6853 10525 4967
5 6293 7928 8942 4968
5 7984 6454 10199 4969
5 6281 8282 8995 4970
5 8487 10620 10998 4971
5 7121 7849 10587 4972
5 7565 6222 10236 4973
5 5792 8354 8357 4974
5 7588 6360 10431 4975
5 5772 8080 10316 4976
5 6462 7706 8699 4977
5 8097 6406 8798 4978
5 7564 6311 10067 4979
5 7753 6435 9404 4980
5 7610 6284 10416 4981
5 7717 6455 9456 4982
5 7663 6561 9419 4983
5 7171 8472 10104 4984
5 8507 9812 10492 4985
5 7633 6014 9537 4986
5 6588 8056 8966 4987
5 8451 7072 9172 4988
5 6756 8026 8284 4989
5 7433 6355 8866 4990
5 8548 7266 10958 4991
5 9590 6942 10802 4992
5 6356 7439 8816 4993
5 7596 6230 10860 4994
5 8186 9432 10751 4995
5 6949 7939 9744 4996
5 6470 7520 8669 4997
5 6691 7982 8894 4998
5 6616 8089 8312 4999
5 6012 7642 9374 5000
5 7171 9398 10617 5001
5 7824 6787 8656 5002
5 6592 7783 9919 5003
5 8284 6281 8995 5004
5 6622 6482 9395 5005
5 9882 7034 10791 5006
5 8678 6804 10388 5007
5 9680 5683 10085 5008
5 7307 10066 10923 5009
5 670 7675 9230 5010
5 7021 7982 9238 5011
5 8664 6863 9623 5012
5 6692 7655 8751 5013
5 8087 5721 9304 5014
5 6303 7800 8737 5015
5 7488 5801 10742 5016
5 9752 6411 10162 5017
5 7447 6621 9510 5018
5 6341 8647 8952 5019
5 7520 9735 10434 5020
5 8121 7174 9248 5021
5 6810 8131 10348 5022
5 8039 6273 10444 5023
5 7597 6393 10560 5024
5 7182 9809 10713 5025
5 200 339 9501 5026
5 454 200 9501 5027
5 7849 6222 10587 5028
5 6356 7870 8191 5029
5 6623 9130 10397 5030
5 5685 8786 8930 5031
5 8831 6336 10185 5032
5 5724 7613 9780 5033
5 7197 7823 9269 5034
5 5720 7627 9394 5035
5 5860 7865 8596 5036
5 6560 8900 10032 5037
5 6621 7930 9133 5038
5 6348 7425 9008 5039
5 8603 6972 9368 5040
5 562 7771 8341 5041
5 5606 9148 9226 5042
5 6605 7758 9175 5043
5 8757 7088 10692 5044
5 6221 8392 10239 5045
5 8845 5895 9822 5046
5 3838 7948 9008 5047
5 7941 6413 8558 5048
5 7115 1426 10520 5049
5 8381 6525 8760 5050
5 5669 7833 8486 5051
5 7663 5638 9482 5052
5 6115 7851 9705 5053
5 7804 7017 8754 5054
5 7124 7552 9834 5055
5 5640 7743 9397 5056
5 7753 5626 8852 5057
5 6407 7678 9765 5058
5 7863 5610 8331 5059
5 7680 6822 9391 5060
5 6509 7548 9686 5061
5 8397 6461 8749 5062
5 9660 7325 10789 5063
5 7783 6108 8674 5064
5 8372 6835 9376 5065
5 7360 6575 9576 5066
5 8395 6239 8636 5067
5 7590 8959 9753 5068
5 7819 5777 9190 5069
5 8054 6560 10032 5070
5 5926 8205 10021 5071
5 7632 5350 8898 5072
5 7679 6093 9770 5073
5 7711 6777 10645 5074
5 386 387 8366 5075
5 8048 7194 10710 5076
5 434 435 9314 5077
5 7754 6411 9752 5078
5 8101 7160 9307 5079
5 9354 5845 10806 5080
5 7458 5613 9865 5081
5 7392 7669 10849 5082
5 6734 8965 9720 5083
5 8694 6768 8787 5084
5 7865 6417 8596 5085
5 9227 7545 10639 5086
5 9353 7871 10741 5087
5 6506 7387 10605 5088
5 7836 5680 9151 5089
5 6120 7449 9031 5090
5 6780 7737 10174 5091
5 6492 8003 8186 5092
5 6444 8381 8760 5093
5 7884 3478 9622 5094
5 440 441 9749 5095
5 7744 7058 8884 5096
5 8152 5995 8301 5097
5 8189 6275 8425 5098
5 7990 5938 10855 5099
5 6901 8244 9192 5100
5 6456 7859 10045 5101
5 9345 7317 10221 5102
5 6077 7322 10309 5103
5 6780 8383 9615 5104
5 7760 7106 10757 5105
5 6436 7918 10451 5106
5 375 376 10825 5107
5 9202 7008 10460 5108
5 8172 6565 8869 5109
5 6627 8104 8572 5110
5 6075 7885 8740 5111
5 6186 7834 10963 5112
5 5652 7744 8656 5113
5 412 7641 10121 5114
5 7240 8324 9340 5115
5 7734 6389 8458 5116
5 7532 5668 8445 5117
5 7606 9903 10748 5118
5 6306 8289 8723 5119
5 7818 5643 8057 5120
5 9467 7052 9572 5121
5 8401 7052 9731 5122
5 5641 7662 10115 5123
5 7240 9351 9366 5124
5 5768 7343 10593 5125
5 7354 6096 9866 5126
5 7957 7037 8738 5127
5 8010 6972 9170 5128
5 5791 7412 8902 5129
5 7917 5604 9095 5130
5 7917 10300 10455 5131
5 8735 6619 9180 5132
5 8587 7017 10835 5133
5 6113 7709 10148 5134
5 5795 7470 9273 5135
5 8019 6980 9675 5136
5 7598 6468 10056 5137
5 7990 7116 10594 5138
5 8397 8749 10293 5139
5 7683 6383 9741 5140
5 9155 5896 9175 5141
5 399 400 8886 5142
5 6632 7726 9431 5143
5 7462 8247 10671 5144
5 7913 5742 9557 5145
5 8096 7076 8323 5146
5 7853 6406 9956 5147
5 6755 7660 10305 5148
5 9401 6018 10958 5149
5 6573 7630 9871 5150
5 6546 7376 9596 5151
5 8666 5691 9071 5152
5 7749 6513 9617 5153
5 7888 6355 8415 5154
5 8280 6399 8980 5155
5 7823 5386 10631 5156
5 6937 8350 9365 5157
5 7975 6210 9821 5158
5 7249 7710 9938 5159
5 5612 7363 10142 5160
5 6092 8279 11000 5161
5 6192 8063 9618 5162
5 8157 5730 8909 5163
5 6495 7512 9927 5164
5 7537 5730 9453 5165
5 7784 6017 10196 5166
5 7078 8032 8253 5167
5 9006 7260 9159 5168
5 7089 8208 9104 5169
5 7027 7660 9020 5170
5 6568 7316 10672 5171
5 7971 6441 8837 5172
5 7240 9340 9351 5173
5 5897 9194 9264 5174
5 7237 8044 10516 5175
5 6629 8519 8778 5176
5 7728 7027 10992 5177
5 5878 8105 9013 5178
5 5880 8429 9284 5179
5 10083 7338 10337 5180
5 8007 5845 8242 5181
5 7801 6063 8555 5182
5 5885 7740 9539 5183
5 7814 5786 9389 5184
5 9250 7626 10393 5185
5 7955 6537 8226 5186
5 9886 6708 10842 5187
5 8507 6724 9812 5188
5 7904 5665 9459 5189
5 9433 6719 10282 5190
5 7712 6508 8957 5191
5 8513 5947 9049 5192
5 8473 6432 8619 5193
5 8768 6690 10051 5194
5 6909 8348 10752 5195
5 6578 7627 8910 5196
5 8407 5751 10118 5197
5 6721 7718 9511 5198
5 6468 8817 8876 5199
5 10039 6818 10803 5200
5 6263 7687 10743 5201
5 7850 5865 8287 5202
5 5909 7941 8558 5203
5 8199 6809 10047 5204
5 7561 5615 9186 5205
5 5957 8067 9078 5206
5 6654 9089 10112 5207
5 5683 8118 10830 5208
5 6730 8127 8831 5209
5 6536 9506 10849 5210
5 7653 6124 9721 5211
5 6752 8613 8697 5212
5 7033 7543 10831 5213
5 6173 7768 9582 5214
5 8280 7340 10341 5215
5 8488 6609 9205 5216
5 8595 6500 9627 5217
5 8462 5631 10718 5218
5 10689 5756 10821 5219
5 7485 8539 10356 5220
5 8989 6563 10312 5221
5 5834 8390 9805 5222
5 7644 6674 9327 5223
5 6169 7728 9059 5224
5 7929 6152 9710 5225
5 8665 6782 8743 5226
5 8200 8658 9924 5227
5 5608 7982 9939 5228
5 6528 8559 9740 5229
5 7885 5611 10299 5230
5 6808 8654 8765 5231
5 6484 7849 9198 5232
5 8140 6717 9854 5233
5 5963 7906 10947 5234
5 7829 5868 8238 5235
5 5858 9043 10274 5236
5 5916 7530 8741 5237
5 6993 8577 10712 5238
5 6948 8140 9475 5239
5 7704 6434 8840 5240
5 6088 7793 10015 5241
5 6939 9558 10509 5242
5 6222 7890 8653 5243
5 7693 6485 10648 5244
5 9678 7543 10867 5245
5 9069 6032 9719 5246
5 7779 7272 10342 5247
5 6282 7739 8573 5248
5 6954 8745 10448 5249
5 6488 10148 10422 5250
5 6413 7949 9212 5251
5 5977 7647 9620 5252
5 8154 6438 9082 5253
5 6220 7486 10785 5254
5 6431 8002 8167 5255
5 8948 6483 9063 5256
5 7545 6466 10344 5257
5 8261 6443 10482 5258
5 421 422 8484 5259
5 5700 8922 10138 5260
5 385 7630 8875 5261
5 5682 7279 9953 5262
5 7499 6058 8854 5263
5 7731 6480 8613 5264
5 7843 6253 8363 5265
5 5808 7702 9138 5266
5 7928 6293 9830 5267
5 7913 6288 8475 5268
5 6898 7926 10161 5269
5 6582 9307 10125 5270
5 7035 8691 8787 5271
5 7874 6104 10574 5272
5 8518 8120 9975 5273
5 5714 9050 10457 5274
5 9171 7068 10301 5275
5 6986 9756 10031 5276
5 8472 6723 10104 5277
5 6244 8360 9088 5278
5 6622 9395 9694 5279
5 8000 7550 9682 5280
5 8409 6812 9769 5281
5 6421 7891 10413 5282
5 7422 6441 8722 5283
5 6957 8382 8755 5284
5 6031 10460 10700 5285
5 7126 9610 9852 5286
5 7218 8237 8633 5287
5 8611 5706 9891 5288
5 7226 8785 9652 5289
5 7617 6057 9961 5290
5 7320 9789 9960 5291
5 5957 8415 10923 5292
5 9357 7205 10400 5293
5 7575 372 9048 5294
5 6486 8603 9368 5295
5 7743 6565 9397 5296
5 7764 5699 9503 5297
5 7774 6264 8557 5298
5 8212 5904 10980 5299
5 6706 8808 9979 5300
5 7733 6463 10389 5301
5 8255 7458 9865 5302
5 5975 8867 9737 5303
5 9481 6635 10019 5304
5 6591 8204 8353 5305
5 7900 6084 8703 5306
5 9004 7280 9523 5307
5 8382 6004 10064 5308
5 7777 5637 9162 5309
5 7872 6235 8836 5310
5 8737 6978 10201 5311
5 6384 8044 8892 5312
5 5677 7704 8840 5313
5 7437 8042 10946 5314
5 6109 7603 9323 5315
5 6932 7820 10149 5316
5 6362 7662 8623 5317
5 7504 6580 9369 5318
5 5764 7284 9498 5319
5 7748 6478 9410 5320
5 7012 7760 10323 5321
5 8284 5779 8880 5322
5 7660 6755 9020 5323
5 7656 6618 9792 5324
5 8579 7567 10790 5325
5 5877 8582 9948 5326
5 7069 8620 9828 5327
5 6647 7843 8363 5328
5 6126 7789 9538 5329
5 7840 7258 10839 5330
5 5619 8116 8819 5331
5 6415 8068 9599 5332
5 8518 6174 8906 5333
5 6893 7628 10335 5334
5 6453 7984 8845 5335
5 6764 7436 9628 5336
5 9416 7112 10374 5337
5 6707 7418 9841 5338
5 9329 7130 9945 5339
5 7559 5655 10779 5340
5 5607 7487 10126 5341
5 7585 6597 10480 5342
5 6383 7905 9737 5343
5 9098 7273 10964 5344
5 6625 9647 10995 5345
5 8912 6031 10700 5346
5 8358 6056 10777 5347
5 7187 7638 10339 5348
5 7971 6422 8040 5349
5 5679 8011 9960 5350
5 8372 6534 9750 5351
5 8749 6461 8997 5352
5 7786 6450 8536 5353
5 7183 9173 10644 5354
5 6068 7770 9874 5355
5 5842 8254 8628 5356
5 7952 5815 9373 5357
5 6387 7711 10645 5358
5 8712 5677 8840 5359
5 8761 7498 9888 5360
5 8418 6851 10094 5361
5 8424 7153 9829 5362
5 5692 8151 8760 5363
5 4522 7703 8907 5364
5 6639 8151 8534 5365
5 5836 7800 10018 5366
5 6520 7434 9507 5367
5 7323 10871 10915 5368
5 6488 9018 10148 5369
5 7800 5836 8737 5370
5 8045 6567 8636 5371
5 7859 6456 8486 5372
5 8879 6661 9877 5373
5 451 7907 10775 5374
5 8302 6700 10001 5375
5 7505 6340 9796 5376
5 8683 7028 10289 5377
5 341 342 9299 5378
5 8651 7956 9970 5379
5 8040 5737 8722 5380
5 7053 8864 9965 5381
5 6546 7844 9061 5382
5 5781 8258 10809 5383
5 6667 9803 10619 5384
5 7879 6615 8774 5385
5 9324 7097 9548 5386
5 6617 9416 10374 5387
5 5964 8579 10790 5388
5 8223 5860 10431 5389
5 7190 7805 9225 5390
5 3946 8025 8898 5391
5 8547 5707 8931 5392
5 6207 7792 10532 5393
5 8994 6627 9944 5394
5 7975 6819 10313 5395
5 7799 5673 10889 5396
5 7652 6381 10007 5397
5 6616 7608 10132 5398
5 7772 6215 10473 5399
5 8510 6262 10675 5400
5 6288 7913 9557 5401
5 5837 9061 9074 5402
5 7859 6462 9531 5403
5 9647 7283 10995 5404
5 6511 7664 9083 5405
5 5897 8353 8479 5406
5 6811 7736 9600 5407
5 8781 9070 10903 5408
5 7576 5833 10608 5409
5 7657 6872 10027 5410
5 7489 8785 9815 5411
5 6573 7769 8875 5412
5 7613 5724 10322 5413
5 7356 6140 10267 5414
5 6979 8186 10187 5415
5 8397 5628 9536 5416
5 7173 9321 9373 5417
5 6912 7618 9372 5418
5 8270 6449 8715 5419
5 6594 7970 9236 5420
5 7018 8298 10914 5421
5 6934 7874 10574 5422
5 6103 7953 8917 5423
5 6424 7521 9774 5424
5 7380 6714 10005 5425
5 8152 6112 8402 5426
5 6467 7576 10608 5427
5 7856 6575 9636 5428
5 7057 9513 9609 5429
5 5992 9546 10540 5430
5 7809 6306 8723 5431
5 7432 7719 9583 5432
5 9370 6053 10721 5433
5 8209 6877 10616 5434
5 7366 6176 10452 5435
5 6190 7796 9073 5436
5 7168 8661 9696 5437
5 6450 7689 8758 5438
5 5651 8428 9028 5439
5 6000 8101 9307 5440
5 6994 8950 10238 5441
5 8236 5922 8455 5442
5 8359 6696 9613 5443
5 7781 6255 9233 5444
5 9068 7182 10705 5445
5 8492 6644 8586 5446
5 8950 7180 10238 5447
5 7714 5829 10333 5448
5 5785 7874 8321 5449
5 8159 5649 10598 5450
5 7655 6209 8751 5451
5 7839 598 10258 5452
5 6374 7717 8887 5453
5 6033 7872 8836 5454
5 7740 6181 8877 5455
5 9202 6859 10098 5456
5 6311 7564 9513 5457
5 10313 2902 10390 5458
5 9627 7355 9740 5459
5 6462 7833 10156 5460
5 7983 6328 9262 5461
5 7930 5917 9133 5462
5 8131 6810 10845 5463
5 6584 7746 10680 5464
5 5753 9617 10124 5465
5 5853 7461 9844 5466
5 7138 7989 9233 5467
5 6642 8473 8619 5468
5 7531 5699 9949 5469
5 6824 7487 9937 5470
5 6860 8749 8997 5471
5 8405 6396 8594 5472
5 7981 6255 9505 5473
5 7873 6111 9347 5474
5 5718 7581 8937 5475
5 6600 7331 9727 5476
5 6234 8283 8706 5477
5 6078 9702 9881 5478
5 6244 7700 8667 5479
5 6899 8291 10786 5480
5 6570 7891 10355 5481
5 7804 7156 8953 5482
5 6276 7477 9298 5483
5 8758 5688 9600 5484
5 7771 3802 9341 5485
5 7556 6207 10532 5486
5 6686 9674 10817 5487
5 6710 8515 9242 5488
5 7567 6510 10790 5489
5 7958 6642 9542 5490
5 8538 5973 8734 5491
5 6023 8821 10203 5492
5 5861 7864 8742 5493
5 8186 5947 10187 5494
5 7825 5893 8832 5495
5 7589 6224 8522 5496
5 6940 8469 8821 5497
5 6641 7814 9389 5498
5 8398 6779 9377 5499
5 6851 9860 10094 5500
5 7238 7635 10287 5501
5 6679 8234 8391 5502
5 5980 8023 8550 5503
5 9830 7060 10614 5504
5 7716 6283 10466 5505
5 7512 6495 10881 5506
5 6304 7818 10411 5507
5 7736 6811 8574 5508
5 7756 5494 8162 5509
5 7612 6528 8939 5510
5 6248 8217 8564 5511
5 8112 6167 8754 5512
5 814 7756 9341 5513
5 7666 6208 9527 5514
5 7814 6764 9628 5515
5 8080 7176 10316 5516
5 7844 6037 9883 5517
5 9014 6667 10619 5518
5 7851 6115 9904 5519
5 6808 8651 8654 5520
5 6693 8300 9359 5521
5 7647 6352 9713 5522
5 5882 7831 9495 5523
5 7329 9717 10975 5524
5 7642 6558 9374 5525
5 8087 6655 9084 5526
5 8465 6817 9301 5527
5 7068 8568 10301 5528
5 7394 9592 10419 5529
5 7620 7129 9182 5530
5 6569 7732 9174 5531
5 7666 6748 9890 5532
5 7524 6505 8841 5533
5 7681 6027 9465 5534
5 8396 5910 8751 5535
5 8797 6477 9132 5536
5 6098 7748 9410 5537
5 5738 7804 8953 5538
5 7819 6194 10531 5539
5 7105 8103 9752 5540
5 5905 7683 9741 5541
5 5659 7492 10988 5542
5 7828 6668 10650 5543
5 8517 5970 10683 5544
5 7323 9148 10729 5545
5 7632 6500 8640 5546
5 7578 6148 10056 5547
5 7413 6425 10049 5548
5 9789 6587 9960 5549
5 5990 8727 10494 5550
5 6367 7501 10841 5551
5 7730 7184 9424 5552
5 8056 5702 8966 5553
5 6468 7578 10056 5554
5 7735 6263 10743 5555
5 6073 8005 10224 5556
5 7202 8314 10173 5557
5 9484 7155 10744 5558
5 6455 7717 8756 5559
5 6313 7411 8341 5560
5 6101 7968 8959 5561
5 5674 7933 9712 5562
5 10014 6625 10610 5563
5 7769 384 8875 5564
5 8412 5979 10483 5565
5 8147 6727 8881 5566
5 416 417 9959 5567
5 8057 5643 8919 5568
5 7119 8195 9698 5569
5 7475 6473 8338 5570
5 6787 7578 10652 5571
5 8438 6583 10784 5572
5 7657 6343 10219 5573
5 6473 7474 8338 5574
5 9904 6775 10261 5575
5 9177 6846 9396 5576
5 8727 6883 10494 5577
5 10034 6868 10053 5578
5 5999 9191 10938 5579
5 8073 6458 10516 5580
5 6839 8020 8674 5581
5 7465 6702 10800 5582
5 5636 7325 9831 5583
5 6504 7790 10525 5584
5 7424 6108 10430 5585
5 6497 8665 8743 5586
5 6808 9869 10379 5587
5 7216 6574 9712 5588
5 7893 5923 8883 5589
5 7923 6131 8913 5590
5 8067 6526 9078 5591
5 7207 9292 9915 5592
5 5685 7696 10590 5593
5 7539 6826 10052 5594
5 7576 6467 10274 5595
5 7912 6758 9075 5596
5 7791 6150 10633 5597
5 7558 9202 10098 5598
5 8373 6771 10376 5599
5 8153 6542 8377 5600
5 8523 6261 9783 5601
5 6236 7625 9635 5602
5 7799 6948 8853 5603
5 5632 9339 10194 5604
5 6559 8012 8592 5605
5 5640 7768 9980 5606
5 6553 7924 8564 5607
5 8544 5754 9101 5608
5 7786 6376 9895 5609
5 6064 9203 10255 5610
5 8228 6394 9300 5611
5 7684 6013 9761 5612
5 8199 6680 9283 5613
5 8177 6398 8714 5614
5 8347 7609 9555 5615
5 6412 7382 9922 5616
5 8621 6874 9380 5617
5 6948 7799 10889 5618
5 6416 7628 8911 5619
5 7163 8194 10876 5620
5 5566 562 8341 5621
5 8514 6059 10798 5622
5 6494 7723 9779 5623
5 6212 7803 9671 5624
5 6487 9187 10890 5625
5 7893 6071 10107 5626
5 8370 6541 8890 5627
5 6537 7954 9455 5628
5 5664 7971 8837 5629
5 8268 5917 9024 5630
5 6082 8694 8787 5631
5 7824 6243 10859 5632
5 9121 8474 10869 5633
5 3370 1606 8338 5634
5 8626 7336 10429 5635
5 8782 7054 9925 5636
5 7591 6129 10318 5637
5 7800 6384 8892 5638
5 8691 5731 9530 5639
5 6760 7511 9862 5640
5 5656 7931 9026 5641
5 7816 6066 9525 5642
5 5777 7730 10920 5643
5 5712 8330 9213 5644
5 8228 5694 10851 5645
5 6506 7816 9525 5646
5 8330 5712 10576 5647
5 7721 6375 9589 5648
5 9058 5679 9960 5649
5 8838 6917 10022 5650
5 6437 8607 10342 5651
5 5494 2254 8162 5652
5 7235 9022 9942 5653
5 7926 6898 8643 5654
5 8567 7356 10267 5655
5 8202 9748 10698 5656
5 5679 8095 9111 5657
5 8146 6921 10489 5658
5 8278 7191 9000 5659
5 7113 9460 10467 5660
5 9292 360 9915 5661
5 7924 8742 10327 5662
5 10066 6676 10923 5663
5 6878 7623 10883 5664
5 8213 5866 8492 5665
5 8546 6371 8614 5666
5 5767 7923 8506 5667
5 7553 6177 9758 5668
5 6269 7806 10846 5669
5 7662 6619 10188 5670
5 8234 6429 8391 5671
5 8484 422 8839 5672
5 9292 7207 10519 5673
5 6510 7567 9011 5674
5 5699 7531 9669 5675
5 6343 7947 10219 5676
5 6148 7598 10056 5677
5 7707 5710 10002 5678
5 7635 6079 9825 5679
5 7294 7936 9114 5680
5 5943 9638 10575 5681
5 6928 7761 10073 5682
5 7801 6348 8938 5683
5 9332 5796 9771 5684
5 8432 6133 10436 5685
5 7631 6546 9596 5686
5 7993 6935 10184 5687
5 5874 7498 9908 5688
5 5841 7807 10420 5689
5 8768 10051 10696 5690
5 7746 5810 8775 5691
5 7959 5760 8841 5692
5 368 369 10083 5693
5 7757 6199 8813 5694
5 7738 7067 10805 5695
5 7386 6583 9554 5696
5 6108 7783 10430 5697
5 5882 8327 9826 5698
5 5799 7440 10740 5699
5 8880 5779 9010 5700
5 8611 6724 9920 5701
5 9362 6694 10426 5702
5 7199 10413 10538 5703
5 6359 8174 8503 5704
5 6215 7769 10099 5705
5 8854 6722 10497 5706
5 6372 7645 10345 5707
5 5602 8072 8649 5708
5 6443 8327 8376 5709
5 7746 6584 9850 5710
5 5670 9070 10052 5711
5 9666 6871 10863 5712
5 7423 5795 10686 5713
5 8303 5663 10841 5714
5 5941 9425 9609 5715
5 6340 7686 9796 5716
5 9706 5630 10306 5717
5 5721 8087 9084 5718
5 7388 9031 10936 5719
5 375 7599 9670 5720
5 7734 5908 10807 5721
5 7668 6545 8918 5722
5 5743 7633 10820 5723
5 7758 6605 10277 5724
5 7055 10045 10245 5725
5 7658 6813 10283 5726
5 6761 8456 9333 5727
5 7220 8135 9853 5728
5 6013 9484 10744 5729
5 7915 6523 9150 5730
5 6284 8832 10416 5731
5 8009 6322 9654 5732
5 8379 6807 10485 5733
5 7826 6355 10081 5734
5 6581 8128 8541 5735
5 5899 8721 10764 5736
5 5779 7810 9010 5737
5 6906 8609 9447 5738
5 8634 6856 10269 5739
5 7430 6351 10628 5740
5 7258 9044 9839 5741
5 8015 6106 10122 5742
5 8083 6590 9334 5743
5 7700 6244 9088 5744
5 8124 6440 10385 5745
5 8322 6579 8336 5746
5 8989 7059 9169 5747
5 7823 6301 9269 5748
5 7581 5718 10211 5749
5 7768 6794 9980 5750
5 7836 6203 10009 5751
5 6409 7866 8907 5752
5 5667 7699 10476 5753
5 9444 6247 10867 5754
5 5712 9213 9489 5755
5 6500 7632 8898 5756
5 7183 10644 10961 5757
5 8128 6750 8541 5758
5 6425 8368 8581 5759
5 8354 6573 8357 5760
5 6013 7616 9761 5761
5 8286 5908 8669 5762
5 5778 7402 10047 5763
5 7481 8006 9957 5764
5 6685 8741 9518 5765
5 7548 6136 9686 5766
5 8099 6433 9889 5767
5 5730 7631 8909 5768
5 6597 7585 9412 5769
5 6349 7579 10370 5770
5 6403 8022 10502 5771
5 8478 6871 9666 5772
5 8066 7482 9934 5773
5 8352 5639 10403 5774
5 6611 7460 9640 5775
5 5757 8389 10894 5776
5 9539 6596 9656 5777
5 670 526 10957 5778
5 7089 9104 10361 5779
5 7782 6235 8371 5780
5 5680 7603 9151 5781
5 6590 7836 9151 5782
5 422 423 8839 5783
5 437 438 8509 5784
5 7849 6484 10236 5785
5 6844 10121 10251 5786
5 7718 432 9511 5787
5 6936 7856 10591 5788
5 8499 7116 9568 5789
5 8190 378 10485 5790
5 5936 7802 9224 5791
5 8390 7064 9805 5792
5 8104 6581 8572 5793
5 7149 8948 9063 5794
5 7708 7161 9954 5795
5 5647 7477 8794 5796
5 6022 7958 9542 5797
5 7687 7003 10743 5798
5 8550 6536 8582 5799
5 9027 6795 9133 5800
5 6879 8405 8594 5801
5 5830 9324 9548 5802
5 6519 7852 8447 5803
5 6160 7519 9116 5804
5 8568 7203 10301 5805
5 6563 7633 10065 5806
5 7554 6606 9186 5807
5 430 431 9809 5808
5 5969 9889 10046 5809
5 8090 5953 10284 5810
5 6070 8626 10429 5811
5 8257 5986 9416 5812
5 7643 6524 10819 5813
5 5914 9125 9488 5814
5 8585 7446 9977 5815
5 5757 8699 10634 5816
5 6876 8306 10172 5817
5 5752 8401 9731 5818
5 8254 5842 8530 5819
5 8413 5875 9015 5820
5 7653 10590 10811 5821
5 8539 7045 9869 5822
5 6504 7797 10684 5823
5 7246 9449 10823 5824
5 6406 8342 9956 5825
5 8912 7062 10036 5826
5 6342 8742 10328 5827
5 6056 8088 10891 5828
5 5668 7532 8693 5829
5 6382 8120 8644 5830
5 6415 7379 10289 5831
5 6112 7167 8402 5832
5 7698 5740 9243 5833
5 7807 6174 9957 5834
5 5663 8246 10841 5835
5 8766 7360 9576 5836
5 9184 6657 10577 5837
5 6430 7923 8913 5838
5 6463 7990 10855 5839
5 5836 7977 8737 5840
5 7323 7850 10871 5841
5 7640 6087 9892 5842
5 7932 5756 10689 5843
5 5825 7544 9153 5844
5 10347 7646 10910 5845
5 5880 7927 8429 5846
5 5960 8539 9869 5847
5 8275 392 10030 5848
5 9453 7232 9808 5849
5 7461 6671 9844 5850
5 8348 6137 10535 5851
5 8041 5683 9982 5852
5 5989 8409 9769 5853
5 5860 8596 10431 5854
5 9226 7323 10915 5855
5 7867 6503 9777 5856
5 6084 7676 8703 5857
5 7835 6467 10608 5858
5 8129 6613 8718 5859
5 6537 8621 9380 5860
5 5829 7790 10684 5861
5 5737 8040 8752 5862
5 8237 5860 8633 5863
5 8095 6633 9111 5864
5 6528 7612 8584 5865
5 7612 6526 8584 5866
5 8491 5735 9764 5867
5 7563 5767 10220 5868
5 393 394 8630 5869
5 5630 8818 10306 5870
5 7978 6913 8332 5871
5 5745 7507 10445 5872
5 6154 7509 9983 5873
5 7669 6172 10845 5874
5 6903 7665 9477 5875
5 2830 4594 8816 5876
5 8101 7432 9614 5877
5 5704 7794 10004 5878
5 9241 6589 9245 5879
5 6883 7929 9710 5880
5 6733 8835 9599 5881
5 7683 6153 10822 5882
5 8105 5878 8500 5883
5 5918 7957 8738 5884
5 5987 10347 10910 5885
5 441 442 8442 5886
5 7531 6308 9669 5887
5 6101 8959 10922 5888
5 7837 6279 9063 5889
5 6311 8248 10067 5890
5 6255 7981 9284 5891
5 7248 8348 10535 5892
5 5776 7796 9744 5893
5 8475 7046 10094 5894
5 7853 6977 8798 5895
5 7533 8015 10122 5896
5 5943 7962 9692 5897
5 6526 7612 8820 5898
5 6164 7882 10023 5899
5 7439 6356 10695 5900
5 6977 7866 8788 5901
5 1678 2290 8562 5902
5 5934 8465 9301 5903
5 3442 634 8866 5904
5 6243 7744 10931 5905
5 8972 6211 8980 5906
5 6014 7682 9537 5907
5 6701 7772 10473 5908
5 439 7961 9840 5909
5 2038 7969 8820 5910
5 7321 8345 10288 5911
5 6867 8193 8369 5912
5 5981 8147 8881 5913
5 6491 7465 10615 5914
5 3478 7884 10599 5915
5 7704 5677 10054 5916
5 7703 3082 9522 5917
5 8425 6428 8440 5918
5 6881 8712 8840 5919
5 5619 8819 9143 5920
5 8170 6048 10757 5921
5 8647 6841 8952 5922
5 5617 8613 9146 5923
5 8864 5663 9965 5924
5 7863 6195 10637 5925
5 7872 6033 9047 5926
5 6945 9355 9806 5927
5 6110 7613 10225 5928
5 9376 6835 10017 5929
5 7858 6304 10411 5930
5 8577 6993 9315 5931
5 8853 6948 9475 5932
5 5633 7518 9989 5933
5 392 393 10030 5934
5 8352 6465 10448 5935
5 6788 7686 10552 5936
5 6693 7766 10503 5937
5 6827 8972 8980 5938
5 4126 1570 8914 5939
5 6864 7778 9195 5940
5 6163 7573 9340 5941
5 7473 6427 10673 5942
5 6568 8301 9102 5943
5 8786 7019 8930 5944
5 9148 7323 9226 5945
5 7121 8448 9294 5946
5 7984 5895 8845 5947
5 7341 8611 9920 5948
5 2542 7853 9956 5949
5 7743 5640 9980 5950
5 7808 6245 9452 5951
5 7585 10253 10383 5952
5 8958 7427 9669 5953
5 5974 7763 9336 5954
5 6200 8178 10505 5955
5 6205 7746 9850 5956
5 8093 6448 9564 5957
5 7964 7368 9848 5958
5 7746 6205 9225 5959
5 5743 8005 10065 5960
5 7870 6356 8816 5961
5 6054 7667 9403 5962
5 6541 8411 8890 5963
5 8039 7014 10991 5964
5 5647 7602 9996 5965
5 3190 4666 8961 5966
5 7220 9853 10417 5967
5 6196 7652 10007 5968
5 7834 6897 10963 5969
5 6491 7725 9991 5970
5 9037 5999 10938 5971
5 5738 8079 8587 5972
5 7550 6043 9682 5973
5 6058 7499 9127 5974
5 9770 6564 10469 5975
5 6688 8378 9239 5976
5 7970 9418 10062 5977
5 9280 7016 10207 5978
5 8282 6675 8995 5979
5 6798 9438 10609 5980
5 6525 8530 8692 5981
5 7776 6191 10130 5982
5 7741 6098 9947 5983
5 7625 6236 9496 5984
5 5894 7736 9386 5985
5 8319 7125 9671 5986
5 6057 7726 9961 5987
5 9816 6694 10557 5988
5 7962 6353 9692 5989
5 8301 5737 9102 5990
5 8930 7019 10376 5991
5 5714 8632 9050 5992
5 7768 6997 9582 5993
5 10590 6749 10811 5994
5 6765 8448 8822 5995
5 6487 7259 10561 5996
5 7917 6669 10300 5997
5 6763 7776 10130 5998
5 6266 8185 10567 5999
5 9137 6289 10578 6000
5 7922 5818 9369 6001
5 8551 7583 9746 6002
5 7379 8683 10289 6003
5 6071 7893 10771 6004
5 3406 5026 8987 6005
5 8043 5842 8628 6006
5 7224 8090 10284 6007
5 6521 7632 8640 6008
5 7632 6521 8901 6009
5 351 352 8625 6010
5 5778 9581 9789 6011
5 9022 6769 9942 6012
5 8138 6238 10816 6013
5 5972 8199 9283 6014
5 7464 9036 10496 6015
5 6442 8014 10671 6016
5 7849 5885 9198 6017
5 6237 7644 9436 6018
5 6638 8761 9888 6019
5 7022 8406 10043 6020
5 7939 5776 9744 6021
5 8530 6572 8692 6022
5 7783 5952 9919 6023
5 8383 6036 9615 6024
5 450 451 10775 6025
5 6525 8254 8530 6026
5 378 379 10485 6027
5 6728 8053 10035 6028
5 8668 345 9985 6029
5 5886 7722 8329 6030
5 8250 6777 10773 6031
5 8052 1714 9693 6032
5 7944 5799 10740 6033
5 6390 8626 9732 6034
5 6298 8717 10731 6035
5 8198 6595 10315 6036
5 5996 8838 10022 6037
5 1534 3838 9008 6038
5 3478 3298 9622 6039
5 1462 2074 10942 6040
5 6176 7996 10452 6041
5 7963 3694 9723 6042
5 6093 8218 9770 6043
5 6025 8310 10461 6044
5 6962 8340 9046 6045
5 7779 5694 10676 6046
5 6888 8268 9024 6047
5 7857 6241 10687 6048
5 7769 6573 10099 6049
5 7650 6929 10367 6050
5 6355 7888 8866 6051
5 7960 7162 9293 6052
5 4450 8115 8829 6053
5 6341 7945 9490 6054
5 9115 5625 10594 6055
5 6093 7561 9843 6056
5 5887 8148 8806 6057
5 5788 8601 10383 6058
5 5903 8059 9650 6059
5 6394 8476 9300 6060
5 6527 8984 9914 6061
5 6868 8962 10053 6062
5 6482 8021 9395 6063
5 8887 7717 9456 6064
5 7947 6343 8967 6065
5 9390 6369 10069 6066
5 10021 8205 10603 6067
5 6501 8074 9483 6068
5 8254 6582 8628 6069
5 6669 7917 9095 6070
5 7477 5647 9298 6071
5 8304 6096 9554 6072
5 6648 7617 9961 6073
5 6774 9378 9940 6074
5 8249 5644 9711 6075
5 10013 7525 10537 6076
5 6708 9468 10842 6077
5 6454 8134 9319 6078
5 7080 10115 10862 6079
5 8609 6052 9447 6080
5 8448 6765 9294 6081
5 7903 6351 8914 6082
5 8060 6623 9683 6083
5 6135 7559 9933 6084
5 7028 9184 10577 6085
5 1714 8052 10982 6086
5 6355 7433 10081 6087
5 7031 8923 9795 6088
5 9531 5823 10045 6089
5 7492 9401 10988 6090
5 7118 9123 10381 6091
5 9272 6852 10674 6092
5 5786 7814 9628 6093
5 8527 9607 10970 6094
5 9459 5665 9870 6095
5 7384 9530 9847 6096
5 6670 7851 9140 6097
5 6543 7755 9833 6098
5 8164 5831 9645 6099
5 7885 6075 10475 6100
5 352 353 8399 6101
5 5900 7852 10933 6102
5 7611 6758 10372 6103
5 5961 8388 9490 6104
5 7145 9557 9916 6105
5 6216 9799 10419 6106
5 8041 6290 8359 6107
5 6140 7898 8992 6108
5 7785 436 9649 6109
5 5678 7591 10730 6110
5 8226 6537 9380 6111
5 8277 5980 9040 6112
5 8850 6385 9578 6113
5 7446 6927 9977 6114
5 8227 6498 8582 6115
5 7311 7876 8936 6116
5 431 7718 9809 6117
5 8072 2362 9097 6118
5 6747 7938 10217 6119
5 6664 9464 9538 6120
5 8599 5871 8872 6121
5 5350 3946 8898 6122
5 9199 6773 9575 6123
5 7923 6430 8506 6124
5 9191 5999 9801 6125
5 10253 5788 10383 6126
5 9022 7235 10529 6127
5 7695 6828 9836 6128
5 6299 7389 10409 6129
5 7335 8690 10813 6130
5 7622 8138 10816 6131
5 6032 9069 10577 6132
5 7755 6100 9833 6133
5 8810 6893 8859 6134
5 9013 6904 10906 6135
5 7825 6284 10528 6136
5 8172 6481 9714 6137
5 8349 6404 8902 6138
5 6890 7541 10021 6139
5 8876 5652 10652 6140
5 10776 8317 10818 6141
5 8190 6349 8724 6142
5 7216 9712 10921 6143
5 6601 8350 10062 6144
5 6293 8182 9830 6145
5 8139 6649 9808 6146
5 7891 6421 8922 6147
5 7772 6701 9231 6148
5 6483 7837 9063 6149
5 6204 7654 10165 6150
5 7313 8577 10505 6151
5 8705 6700 8999 6152
5 6155 7656 9817 6153
5 6551 8173 10029 6154
5 7974 6633 9819 6155
5 6659 8337 8578 6156
5 8665 6149 8882 6157
5 7116 9115 10594 6158
5 7500 2650 9060 6159
5 8151 6444 8760 6160
5 9781 6709 10530 6161
5 8155 6228 10477 6162
5 8269 6288 9557 6163
5 7554 9781 10530 6164
5 8482 7275 8867 6165
5 5314 4522 8907 6166
5 8947 6982 9302 6167
5 6928 8444 10723 6168
5 6301 8111 9269 6169
5 6859 8924 10098 6170
5 5627 7856 9636 6171
5 5667 7998 10665 6172
5 9600 5688 10075 6173
5 8613 6752 9146 6174
5 8366 387 10346 6175
5 7832 6372 10345 6176
5 6814 8439 8991 6177
5 7603 6109 9738 6178
5 9044 6099 9839 6179
5 742 8010 9170 6180
5 6521 7838 9962 6181
5 438 439 9840 6182
5 7348 7915 10198 6183
5 7702 5808 10493 6184
5 7555 8772 9832 6185
5 6532 8497 9314 6186
5 7724 6587 9789 6187
5 5733 7897 10264 6188
5 8700 6588 9338 6189
5 8702 6254 8943 6190
5 6485 7676 10648 6191
5 7608 5697 10132 6192
5 6756 8284 8995 6193
5 7372 6046 9720 6194
5 7507 6579 10445 6195
5 8145 6455 9087 6196
5 6540 8047 9791 6197
5 8570 5611 10847 6198
5 9424 7184 10838 6199
5 6508 7712 9749 6200
5 8735 5846 10442 6201
5 8201 5948 8817 6202
5 5993 7867 9777 6203
5 9766 5773 10080 6204
5 6381 7798 10827 6205
5 7527 7752 9979 6206
5 6671 8537 9235 6207
5 6019 7627 8945 6208
5 6084 7900 10042 6209
5 7919 6880 10877 6210
5 8073 5930 9178 6211
5 7108 7886 9787 6212
5 8577 6200 10505 6213
5 6863 8544 9101 6214
5 6902 9754 10221 6215
5 7891 8922 10355 6216
5 5808 8766 9576 6217
5 8879 6888 9024 6218
5 6464 7448 10377 6219
5 7994 2722 9898 6220
5 5921 7716 9543 6221
5 6872 7437 10027 6222
5 8411 5791 8890 6223
5 8059 6774 9650 6224
5 8200 6570 8767 6225
5 8905 6430 8913 6226
5 6786 8422 10072 6227
5 7079 8140 9854 6228
5 6758 7912 8720 6229
5 9070 7539 10052 6230
5 9351 6645 9366 6231
5 5650 8972 9930 6232
5 6740 7496 9546 6233
5 6368 7764 10654 6234
5 7471 5872 10343 6235
5 5804 8782 9925 6236
5 8161 5818 9491 6237
5 8337 6634 8578 6238
5 7948 6348 9008 6239
5 8477 5870 9207 6240
5 7896 6555 9382 6241
5 6459 8512 8599 6242
5 8173 6552 10895 6243
5 5919 7822 10394 6244
5 9222 6012 10614 6245
5 7715 6894 10554 6246
5 7951 6344 9370 6247
5 10148 7709 10422 6248
5 9782 7263 10293 6249
5 7728 10858 10954 6250
5 8613 6480 8697 6251
5 6810 9509 10845 6252
5 7871 6614 9580 6253
5 6678 7745 10242 6254
5 7675 6891 9230 6255
5 6773 7586 9959 6256
5 3694 7963 10636 6257
5 8115 1786 9080 6258
5 6092 7940 8971 6259
5 9069 6415 10289 6260
5 4342 7954 10150 6261
5 7847 7198 8872 6262
5 8321 7874 10976 6263
5 354 355 10228 6264
5 8692 5692 8760 6265
5 9017 5869 9567 6266
5 7683 5905 9468 6267
5 7709 6113 9912 6268
5 405 406 8533 6269
5 6651 8947 9302 6270
5 5705 8214 9228 6271
5 6026 8475 10094 6272
5 8306 6876 9179 6273
5 6806 7893 10107 6274
5 6192 9618 10391 6275
5 5940 8719 9196 6276
5 6690 8768 9552 6277
5 6860 8000 9682 6278
5 6513 8165 8505 6279
5 5833 9327 10608 6280
5 7628 6893 10898 6281
5 8178 7113 10505 6282
5 7937 6496 9062 6283
5 8160 6457 8776 6284
5 7854 6201 9062 6285
5 342 8038 9299 6286
5 7726 6632 10254 6287
5 7266 9401 10958 6288
5 7902 6347 9695 6289
5 7222 8122 9452 6290
5 7510 6144 10499 6291
5 7048 7715 10952 6292
5 6990 8565 9864 6293
5 5807 8425 8440 6294
5 5875 8091 8689 6295
5 6351 7903 8757 6296
5 6853 7790 10852 6297
5 8540 7103 9860 6298
5 7958 6576 9413 6299
5 5651 8511 9216 6300
5 8688 5919 10394 6301
5 9242 7610 10416 6302
5 5878 7690 9189 6303
5 7020 7650 10708 6304
5 7438 10214 10833 6305
5 8844 8064 10580 6306
5 5809 7841 10902 6307
5 6722 7847 10497 6308
5 5897 8263 9194 6309
5 6457 8262 10247 6310
5 8673 5703 9504 6311
5 6964 9110 10163 6312
5 8431 6643 9192 6313
5 6661 8879 9024 6314
5 6074 7785 9841 6315
5 8531 8217 10663 6316
5 7985 6314 9104 6317
5 6763 7880 9709 6318
5 5855 8403 8687 6319
5 8690 6367 10813 6320
5 8439 354 10228 6321
5 9659 7417 9962 6322
5 7326 9199 9575 6323
5 6045 9911 10259 6324
5 7437 6872 9463 6325
5 7856 5627 10591 6326
5 8053 6072 10035 6327
5 9339 7043 10194 6328
5 9092 6029 10360 6329
5 6478 7748 10253 6330
5 403 404 8744 6331
5 5846 9757 10442 6332
5 10373 7516 10853 6333
5 5970 10152 10683 6334
5 5665 7904 9551 6335
5 355 8337 10228 6336
5 2794 5602 8649 6337
5 8122 6221 9822 6338
5 8570 6484 10299 6339
5 8519 6512 8778 6340
5 8430 7506 10460 6341
5 6562 8112 8754 6342
5 7770 5887 8806 6343
5 10858 7023 10954 6344
5 9752 5716 10117 6345
5 6161 7992 8911 6346
5 9765 7678 10940 6347
5 5877 7793 9234 6348
5 8959 7590 10922 6349
5 6427 8387 8843 6350
5 8044 6384 9201 6351
5 9425 7542 9609 6352
5 7969 3766 9987 6353
5 6063 7801 8938 6354
5 5794 7757 10592 6355
5 7676 6485 8703 6356
5 6797 9076 9346 6357
5 8285 5930 9201 6358
5 7693 6695 10675 6359
5 6016 10243 10584 6360
5 8661 7295 9408 6361
5 8205 7136 9656 6362
5 6819 9622 10313 6363
5 7004 8231 8617 6364
5 7039 8529 9053 6365
5 6217 8159 9878 6366
5 7478 9189 10471 6367
5 6955 8773 10185 6368
5 7000 7924 10327 6369
5 5928 7726 10254 6370
5 7949 5678 9212 6371
5 6748 7666 9527 6372
5 6364 8091 10354 6373
5 8193 7767 10795 6374
5 8830 7407 10928 6375
5 6887 7646 10347 6376
5 6002 8616 10670 6377
5 6309 8736 10854 6378
5 3046 7862 8915 6379
5 5621 8193 10459 6380
5 6870 8331 9829 6381
5 7822 6754 10394 6382
5 8668 6627 8994 6383
5 6420 8532 9289 6384
5 6582 8535 8628 6385
5 6402 7732 10810 6386
5 7940 6092 10310 6387
5 6988 8852 9631 6388
5 6649 7537 9453 6389
5 5980 8277 9918 6390
5 7627 6578 8945 6391
5 7316 6568 9387 6392
5 8202 6670 9748 6393
5 8586 5979 9560 6394
5 8573 6608 8709 6395
5 6959 9259 9448 6396
5 10300 6187 10455 6397
5 7363 8412 10483 6398
5 6510 7860 10790 6399
5 7706 6462 10156 6400
5 8265 5880 10103 6401
5 7970 5920 9236 6402
5 10376 7019 10719 6403
5 7978 2434 9994 6404
5 9033 6686 10817 6405
5 6292 8098 8990 6406
5 7348 10198 10647 6407
5 8107 7011 9163 6408
5 6649 9453 9808 6409
5 6066 7816 9632 6410
5 9356 7386 9554 6411
5 6276 7733 10144 6412
5 6918 7913 10435 6413
5 8011 5679 9111 6414
5 8159 6217 8808 6415
5 8731 5899 9265 6416
5 7790 6379 10852 6417
5 7914 5894 9386 6418
5 6051 8476 8781 6419
5 8633 6333 10190 6420
5 8489 6881 9864 6421
5 6379 9243 10852 6422
5 8404 6718 8904 6423
5 6476 8716 9938 6424
5 8298 6162 10914 6425
5 6967 8361 8701 6426
5 8744 7077 10747 6427
5 8635 6609 8842 6428
5 6613 8129 9753 6429
5 7055 10245 10760 6430
5 6821 8038 10191 6431
5 4738 9029 9060 6432
5 7105 9752 10162 6433
5 5815 7952 10071 6434
5 8146 6933 8983 6435
5 399 8886 10766 6436
5 6882 8721 8731 6437
5 5864 8270 8715 6438
5 10072 8422 10721 6439
5 7942 5949 10200 6440
5 5937 9467 9572 6441
5 7813 6600 9727 6442
5 7759 5866 9626 6443
5 9411 6183 10496 6444
5 5677 8712 10749 6445
5 6388 7887 10380 6446
5 6754 7822 10571 6447
5 5748 7659 9688 6448
5 7425 6348 9185 6449
5 6495 7968 10881 6450
5 7804 5738 10835 6451
5 5709 7901 10605 6452
5 2866 4918 8684 6453
5 6751 8241 8791 6454
5 6923 8694 9907 6455
5 8150 6148 9136 6456
5 6354 7621 9331 6457
5 9530 6813 9847 6458
5 7916 6604 10141 6459
5 8706 6916 10456 6460
5 6597 9553 10152 6461
5 8720 6122 10372 6462
5 8096 6640 9479 6463
5 6225 8022 9005 6464
5 7673 6299 10409 6465
5 6346 8789 10241 6466
5 5615 7508 9781 6467
5 6089 9765 10940 6468
5 7090 7710 10510 6469
5 9580 8986 10797 6470
5 8289 6715 8723 6471
5 6201 7854 10601 6472
5 7085 9266 9282 6473
5 9076 6735 9346 6474
5 8527 5950 9607 6475
5 6265 8351 10399 6476
5 7001 8604 9095 6477
5 8438 7035 10243 6478
5 7981 6493 10353 6479
5 6530 8484 8839 6480
5 5901 8197 8695 6481
5 6922 8094 9454 6482
5 6125 9627 9740 6483
5 7387 6506 9525 6484
5 8991 6659 10586 6485
5 9092 7310 10316 6486
5 5836 7895 9179 6487
5 6145 10568 10805 6488
5 6091 7946 10332 6489
5 9400 7261 10403 6490
5 8952 6841 9180 6491
5 7848 5808 9576 6492
5 9274 5790 9486 6493
5 6761 9333 10102 6494
5 5684 8344 8903 6495
5 5928 8180 9135 6496
5 8797 7114 10421 6497
5 6071 8139 9808 6498
5 9988 6955 10185 6499
5 8173 6551 8764 6500
5 9526 6079 10913 6501
5 8607 7170 10105 6502
5 7968 6101 10881 6503
5 7301 8850 10723 6504
5 6794 7768 10500 6505
5 8069 4306 8939 6506
5 6892 7649 10569 6507
5 6891 8077 10886 6508
5 5916 8377 8929 6509
5 7828 6116 9613 6510
5 6027 8716 10883 6511
5 5857 7528 9328 6512
5 8159 6728 9878 6513
5 6643 8973 9192 6514
5 8618 6920 9898 6515
5 10108 6056 10891 6516
5 8247 6442 10671 6517
5 8039 5743 10820 6518
5 407 408 8941 6519
5 8689 6258 10011 6520
5 9465 6027 10883 6521
5 7807 6337 10420 6522
5 7930 6370 9896 6523
5 5761 8222 8748 6524
5 7169 7834 9222 6525
5 7570 6445 9824 6526
5 6576 8316 9413 6527
5 7214 8277 9040 6528
5 6207 7556 10657 6529
5 7701 6531 10257 6530
5 5736 8655 9485 6531
5 7673 5755 10076 6532
5 6646 8395 8636 6533
5 6444 8151 8769 6534
5 6133 8113 10251 6535
5 5893 8083 9334 6536
5 8385 3586 10279 6537
5 9331 7421 10401 6538
5 7257 9366 10796 6539
5 8661 6024 9696 6540
5 5622 8049 10917 6541
5 6922 8366 10346 6542
5 7975 10313 10390 6543
5 5835 7985 9104 6544
5 10175 6904 10582 6545
5 5840 8273 10257 6546
5 7797 5829 10684 6547
5 8128 348 10134 6548
5 6821 8668 8994 6549
5 8769 5969 10046 6550
5 5879 7846 8827 6551
5 6152 7929 9438 6552
5 5993 9372 10180 6553
5 6316 7940 10310 6554
5 5611 8681 10847 6555
5 5819 8783 10565 6556
5 7675 6132 11001 6557
5 6863 8664 9767 6558
5 6531 7701 8799 6559
5 6831 7999 10655 6560
5 9206 6469 9725 6561
5 3586 4774 10279 6562
5 8762 6597 10152 6563
5 7104 8861 9634 6564
5 8109 5867 8746 6565
5 9321 6662 9373 6566
5 6696 7942 10200 6567
5 6549 7685 10737 6568
5 8403 6423 8687 6569
5 6496 7854 9062 6570
5 8524 5954 9082 6571
5 8565 5956 9864 6572
5 5889 9177 9396 6573
5 8657 6769 8672 6574
5 7578 8876 10652 6575
5 7540 6720 10669 6576
5 8923 5978 9795 6577
5 8042 5955 10746 6578
5 7690 9013 10906 6579
5 8141 5653 9197 6580
5 6270 8002 9149 6581
5 5881 7950 9211 6582
5 7946 6316 10332 6583
5 8045 5631 9093 6584
5 7685 5869 10737 6585
5 8217 6553 8564 6586
5 7839 6292 8990 6587
5 8120 5705 8644 6588
5 8653 5851 10141 6589
5 6833 9521 10745 6590
5 9015 5875 10011 6591
5 9031 6418 10936 6592
5 4162 4198 9455 6593
5 7074 8107 9163 6594
5 7128 7842 9488 6595
5 8076 6020 8788 6596
5 7696 6089 9736 6597
5 6778 9827 10893 6598
5 6815 7925 10387 6599
5 7245 8874 8899 6600
5 8482 5975 10055 6601
5 6410 8408 8409 6602
5 7983 6260 9634 6603
5 7880 364 9709 6604
5 8488 6610 8842 6605
5 8263 5897 8479 6606
5 6304 8273 8793 6607
5 9105 7090 9773 6608
5 9194 6663 9264 6609
5 8068 6415 9069 6610
5 7616 7436 10916 6611
5 4918 3730 8750 6612
5 5943 9692 9873 6613
5 8189 6864 10363 6614
5 6623 8012 9683 6615
5 417 418 9575 6616
5 5604 8282 10556 6617
5 6546 7631 9793 6618
5 6028 8853 9475 6619
5 8448 5722 8822 6620
5 6498 8550 8582 6621
5 8005 7037 10224 6622
5 8327 5882 8376 6623
5 9481 7118 10381 6624
5 8296 6008 9089 6625
5 5631 8045 10091 6626
5 8215 6494 9779 6627
5 6968 8225 8708 6628
5 6802 7756 8571 6629
5 5605 7896 9382 6630
5 7496 6404 10967 6631
5 5654 7566 9309 6632
5 6467 7835 10834 6633
5 7997 7163 8935 6634
5 7427 6217 9878 6635
5 7535 5654 10638 6636
5 6307 7867 10180 6637
5 7762 6612 10244 6638
5 7697 6529 8144 6639
5 8197 6501 8695 6640
5 7868 6160 9116 6641
5 6486 8048 10129 6642
5 8306 6015 10172 6643
5 2650 4738 9060 6644
5 9259 6550 9448 6645
5 6020 8097 8798 6646
5 5958 8810 8859 6647
5 8729 6635 8730 6648
5 8116 5619 9012 6649
5 8081 5863 9157 6650
5 7349 9459 9870 6651
5 7218 8633 10190 6652
5 8899 7599 10402 6653
5 8147 6460 8707 6654
5 9013 6279 10582 6655
5 5808 7848 10493 6656
5 6196 8548 10539 6657
5 7933 6518 10504 6658
5 6283 7716 9868 6659
5 8408 6812 8409 6660
5 7652 6196 10539 6661
5 7203 8568 10804 6662
5 372 373 9048 6663
5 6236 7966 9293 6664
5 6235 7782 8836 6665
5 9701 7319 10830 6666
5 6837 8508 9210 6667
5 5812 8070 9520 6668
5 7785 6707 9841 6669
5 7167 1930 9524 6670
5 5917 8268 9027 6671
5 6648 7965 10996 6672
5 7800 8892 10018 6673
5 9835 5668 10911 6674
5 8092 6598 9949 6675
5 6887 8905 8913 6676
5 8091 6850 10354 6677
5 7776 366 10454 6678
5 7840 9816 10557 6679
5 6545 7668 10970 6680
5 6968 8648 9306 6681
5 8601 7353 10383 6682
5 6984 8150 9136 6683
5 8128 6581 9392 6684
5 9665 6105 10620 6685
5 8642 6668 9586 6686
5 8632 6564 8719 6687
5 6499 7914 9268 6688
5 6689 8639 8715 6689
5 7938 5925 10217 6690
5 8024 5791 8411 6691
5 5883 7988 10514 6692
5 8185 6849 10567 6693
5 9090 5982 9258 6694
5 449 450 10033 6695
5 5876 7552 10028 6696
5 6485 7693 9718 6697
5 6555 7895 10018 6698
5 6718 8404 8677 6699
5 6473 7475 10351 6700
5 10085 7403 10462 6701
5 5886 8329 9032 6702
5 8049 5622 10642 6703
5 9585 7239 10061 6704
5 7698 6379 9345 6705
5 5806 8082 9259 6706
5 6154 10170 10690 6707
5 7766 6352 9016 6708
5 9301 7195 9603 6709
5 6505 7524 9679 6710
5 8232 7177 9440 6711
5 7726 6648 9961 6712
5 8265 6516 10528 6713
5 7141 9389 9708 6714
5 5831 8520 9645 6715
5 5966 7919 10877 6716
5 7748 5788 10253 6717
5 5955 8042 9463 6718
5 8406 7838 10043 6719
5 7939 6705 10167 6720
5 8098 6041 8990 6721
5 1318 1354 8981 6722
5 6828 8960 10439 6723
5 6426 7973 8698 6724
5 6614 8986 9580 6725
5 8241 6672 8791 6726
5 8731 9265 10421 6727
5 5970 8308 8762 6728
5 5969 8769 9100 6729
5 7952 7263 9782 6730
5 6940 8821 10640 6731
5 7111 8049 8873 6732
5 8547 6720 8747 6733
5 8569 6843 10462 6734
5 7689 6431 10248 6735
5 7923 5767 9722 6736
5 7052 8559 9572 6737
5 8951 5648 10707 6738
5 7537 6649 9655 6739
5 5714 7925 10901 6740
5 5645 8163 10278 6741
5 5847 9045 9838 6742
5 7136 9198 9539 6743
5 7862 7115 10137 6744
5 9776 7596 10736 6745
5 7499 8854 10497 6746
5 1174 1210 8888 6747
5 8222 6524 8748 6748
5 6481 8172 8869 6749
5 8570 7565 10236 6750
5 9581 7724 9789 6751
5 9385 7388 10459 6752
5 6326 8205 9656 6753
5 7931 5656 9647 6754
5 8888 6654 10520 6755
5 6541 7705 9638 6756
5 3082 2326 9522 6757
5 8127 7261 9400 6758
5 7945 5961 9490 6759
5 6656 8073 9178 6760
5 8655 6909 9485 6761
5 7416 9546 10967 6762
5 8382 6401 8755 6763
5 7865 5860 10472 6764
5 6739 8534 8824 6765
5 8592 6623 10397 6766
5 6380 7725 9213 6767
5 367 10337 10454 6768
5 6111 8137 9611 6769
5 7695 6319 10063 6770
5 5678 7949 9882 6771
5 5909 8558 9200 6772
5 6796 7681 9969 6773
5 6509 8423 9450 6774
5 7115 7821 10137 6775
5 7476 6276 10144 6776
5 8143 5612 10142 6777
5 6563 8989 9169 6778
5 6198 8050 10450 6779
5 6064 8427 9893 6780
5 6288 7907 10974 6781
5 8077 6891 11001 6782
5 7901 6506 10605 6783
5 8203 2110 9118 6784
5 8712 7490 10749 6785
5 6455 8756 9087 6786
5 6472 8036 9052 6787
5 6403 7906 8896 6788
5 7967 5901 10878 6789
5 384 385 8875 6790
5 7895 5836 10018 6791
5 8087 9304 10488 6792
5 7968 6613 8959 6793
5 7150 8457 9797 6794
5 8208 5835 9104 6795
5 8699 7706 10634 6796
5 7943 5700 10138 6797
5 6750 8128 10134 6798
5 6733 8547 8747 6799
5 7065 10145 10563 6800
5 7876 6809 8936 6801
5 8082 5806 10456 6802
5 8286 6534 9376 6803
5 6187 7922 9081 6804
5 6258 8121 9248 6805
5 6843 8830 9680 6806
5 8024 6207 10024 6807
5 5851 8204 10205 6808
5 8973 6901 9192 6809
5 6605 7709 9912 6810
5 6563 8005 10312 6811
5 8027 6549 10737 6812
5 6016 8676 10243 6813
5 6351 8100 10628 6814
5 7705 6967 10575 6815
5 6281 8284 8880 6816
5 8185 6266 10727 6817
5 6532 8346 8985 6818
5 8850 5719 10723 6819
5 6498 8214 10285 6820
5 8874 7738 10181 6821
5 7931 6601 9026 6822
5 437 8509 9649 6823
5 6398 7819 9190 6824
5 6165 7894 9006 6825
5 2974 2038 8820 6826
5 6275 8189 10363 6827
5 7726 5928 9902 6828
5 6552 8173 8764 6829
5 7799 6246 9099 6830
5 8038 343 10191 6831
5 6112 7284 9594 6832
5 410 8060 9683 6833
5 7710 5747 10510 6834
5 7357 10433 10984 6835
5 6612 7882 10244 6836
5 9889 6433 10768 6837
5 6783 7897 10949 6838
5 8372 5942 9435 6839
5 8282 7526 10556 6840
5 8197 5901 9001 6841
5 8013 6074 9725 6842
5 7754 9752 10117 6843
5 8096 886 10408 6844
5 9555 6183 9905 6845
5 7950 7080 10862 6846
5 7966 6236 9635 6847
5 7326 9390 10069 6848
5 7905 5975 9737 6849
5 7818 6304 9286 6850
5 6542 7671 8955 6851
5 5170 8230 10209 6852
5 8416 6062 10962 6853
5 6979 9051 9432 6854
5 8351 5676 10425 6855
5 5609 7972 9282 6856
5 8444 7301 10723 6857
5 7770 6447 10116 6858
5 9665 7549 10829 6859
5 8639 5864 8715 6860
5 9038 5733 10828 6861
5 6209 8396 8751 6862
5 8230 4630 10215 6863
5 6989 7779 10676 6864
5 7699 7031 10717 6865
5 9278 7058 10865 6866
5 6975 8149 9750 6867
5 7929 7159 9438 6868
5 444 445 10929 6869
5 7838 6142 9962 6870
5 9266 5609 9282 6871
5 8852 5626 9631 6872
5 6328 8794 9262 6873
5 5830 8723 9324 6874
5 7881 5765 10261 6875
5 7993 7750 10427 6876
5 8106 5827 10651 6877
5 9638 7705 10575 6878
5 5977 8667 10503 6879
5 7851 5765 9140 6880
5 6522 8657 8672 6881
5 8595 7025 9462 6882
5 7114 8850 9578 6883
5 6766 9653 10008 6884
5 7120 8169 8889 6885
5 8183 6282 8709 6886
5 6539 8310 8481 6887
5 8353 5897 8811 6888
5 8494 6888 8879 6889
5 8142 6365 8767 6890
5 8138 6603 10275 6891
5 8364 5864 10769 6892
5 8005 6073 10312 6893
5 6623 8060 9130 6894
5 5856 9291 10553 6895
5 7996 5698 10452 6896
5 8137 6729 9611 6897
5 7915 7186 10198 6898
5 6641 9389 9973 6899
5 7406 8330 10576 6900
5 7501 8303 10841 6901
5 2074 2758 9195 6902
5 7889 5696 9126 6903
5 7908 6766 9003 6904
5 5779 8026 9877 6905
5 5868 8075 9120 6906
5 7805 6218 9454 6907
5 6728 7764 9503 6908
5 9307 7160 10125 6909
5 6356 8106 10695 6910
5 6129 8320 8784 6911
5 7013 9995 10328 6912
5 7942 6696 9371 6913
5 958 2938 9602 6914
5 490 4450 8829 6915
5 6337 8006 10155 6916
5 5938 8488 9205 6917
5 9974 7302 10980 6918
5 6159 7997 9280 6919
5 6054 8145 9087 6920
5 2470 706 9479 6921
5 6496 7937 10832 6922
5 6414 8216 9577 6923
5 6097 9851 10387 6924
5 5991 8574 10288 6925
5 5855 8278 9000 6926
5 8313 7128 9928 6927
5 8051 6517 9407 6928
5 9412 7585 10383 6929
5 9560 5979 10941 6930
5 8061 6991 9320 6931
5 6374 8116 9012 6932
5 7775 5803 9523 6933
5 8048 5062 10129 6934
5 9252 7364 10084 6935
5 6557 8062 10252 6936
5 9542 6642 10384 6937
5 7902 5784 10302 6938
5 8863 6739 9139 6939
5 9837 7300 10490 6940
5 8638 5618 10125 6941
5 8145 6629 8711 6942
5 7834 5686 10656 6943
5 9161 7490 10396 6944
5 7781 6750 10826 6945
5 9302 5982 10897 6946
5 8647 6140 8992 6947
5 7498 5874 9888 6948
5 5771 8125 10392 6949
5 8371 7193 9676 6950
5 6240 8296 9089 6951
5 5631 8969 9732 6952
5 10268 7108 10295 6953
5 436 7785 10406 6954
5 7814 6641 10477 6955
5 6571 8456 10956 6956
5 7842 6072 9972 6957
5 6009 6862 10687 6958
5 5807 8189 8425 6959
5 8351 7109 10399 6960
5 7906 6403 8950 6961
5 7525 9140 10537 6962
5 7300 9158 10490 6963
5 6575 7848 9576 6964
5 5881 9211 10664 6965
5 8029 5616 9514 6966
5 5917 9027 9133 6967
5 9717 7329 9763 6968
5 5716 7758 10277 6969
5 7959 7143 10522 6970
5 5910 7986 9556 6971
5 8246 5663 8900 6972
5 6630 8245 10028 6973
5 6893 8810 10898 6974
5 8073 6656 9360 6975
5 7303 10017 10703 6976
5 6969 9492 9826 6977
5 8036 447 9052 6978
5 7659 5748 10447 6979
5 7891 6570 10020 6980
5 6866 9028 9625 6981
5 9509 5877 9948 6982
5 7474 6473 10440 6983
5 8295 778 10787 6984
5 9401 6658 10988 6985
5 5956 8489 9864 6986
5 7621 9270 10111 6987
5 9327 7835 10608 6988
5 7738 7049 10181 6989
5 6745 9883 10117 6990
5 5629 7647 9713 6991
5 9241 7101 10004 6992
5 9615 6036 9623 6993
5 9872 7454 10168 6994
5 8030 6889 10882 6995
5 5838 7713 10153 6996
5 5710 8235 10002 6997
5 6545 7966 9635 6998
5 6724 8611 9891 6999
5 5659 8392 10662 7000
5 10433 6757 10984 7001
5 5967 8165 10950 7002
5 4198 8621 9455 7003
5 9023 6652 9263 7004
5 8192 7431 9074 7005
5 6348 7948 8938 7006
5 9311 7219 10280 7007
5 8273 5840 8793 7008
5 6640 8323 8856 7009
5 5711 9457 9662 7010
5 8090 6241 9694 7011
5 7951 5648 10307 7012
5 6007 8728 9414 7013
5 7037 7957 10224 7014
5 8509 6707 9649 7015
5 8074 5843 9483 7016
5 7791 5913 9241 7017
5 8377 5916 10789 7018
5 6446 8602 9099 7019
5 7083 8506 9203 7020
5 7854 8982 10601 7021
5 6569 9174 9556 7022
5 5975 8482 8867 7023
5 6282 8573 8709 7024
5 7081 8496 8645 7025
5 6533 8028 9071 7026
5 6313 8024 10024 7027
5 9174 7178 9556 7028
5 8258 7162 10809 7029
5 6667 8637 8925 7030
5 1930 5242 10050 7031
5 6694 9108 10426 7032
5 6530 8086 9591 7033
5 8231 5673 8617 7034
5 6102 9161 10396 7035
5 5710 9277 9790 7036
5 5884 9105 9773 7037
5 2686 1102 8901 7038
5 7633 5743 10065 7039
5 7794 6237 9436 7040
5 5835 8507 9625 7041
5 7936 6709 9114 7042
5 9051 5612 9432 7043
5 6094 8299 10731 7044
5 6699 9728 10522 7045
5 8100 5826 10600 7046
5 8116 6680 8819 7047
5 6866 8511 9028 7048
5 8741 6518 9518 7049
5 6817 7943 10138 7050
5 6568 8152 8301 7051
5 8148 6266 10567 7052
5 8118 6474 9707 7053
5 8048 6486 8868 7054
5 6150 7791 9245 7055
5 8998 6527 9477 7056
5 10159 5674 10389 7057
5 6772 7988 9367 7058
5 6842 8059 9571 7059
5 9746 7583 10392 7060
5 8501 6648 10996 7061
5 7691 6798 9279 7062
5 7169 9222 10614 7063
5 8022 6225 10502 7064
5 9570 5771 10562 7065
5 6999 10013 10537 7066
5 9523 7280 9790 7067
5 6725 7777 9162 7068
5 6689 8443 10955 7069
5 5922 7983 9262 7070
5 8743 6782 9782 7071
5 8848 6919 10604 7072
5 6848 8210 8912 7073
5 6419 8302 9017 7074
5 6746 7682 10340 7075
5 5623 9471 9652 7076
5 6375 8428 10377 7077
5 8824 5692 9019 7078
5 6707 7785 9649 7079
5 7073 7167 9594 7080
5 6793 9776 10736 7081
5 5971 7824 10712 7082
5 8188 7110 9439 7083
5 6060 9171 10301 7084
5 5912 8226 9380 7085
5 6988 8176 8852 7086
5 6733 7629 10844 7087
5 6006 10058 10848 7088
5 9112 7070 9999 7089
5 8592 6164 10023 7090
5 5650 9025 9239 7091
5 6966 8686 9760 7092
5 7070 9521 9999 7093
5 6144 7847 10041 7094
5 8432 6840 10726 7095
5 6813 7973 10283 7096
5 6776 7684 9761 7097
5 9224 6414 9624 7098
5 5860 8223 8633 7099
5 8021 6482 9771 7100
5 8286 8669 10434 7101
5 8800 6834 9246 7102
5 7734 8458 10262 7103
5 8384 7016 9280 7104
5 7513 6171 10032 7105
5 6572 8074 9019 7106
5 6880 7919 9817 7107
5 9317 6637 9577 7108
5 7411 6313 10024 7109
5 5764 9498 10154 7110
5 7999 6113 10655 7111
5 8874 6479 8899 7112
5 7919 6155 9817 7113
5 6567 8045 9093 7114
5 7267 9274 9486 7115
5 6474 8830 10928 7116
5 7438 8139 10214 7117
5 6225 9005 10092 7118
5 5837 7999 9054 7119
5 6862 6009 9910 7120
5 3694 2794 9723 7121
5 9565 7062 10588 7122
5 8180 6634 9135 7123
5 7968 6495 9363 7124
5 6427 8009 8857 7125
5 10241 8789 10877 7126
5 8018 6579 10304 7127
5 8684 4918 8750 7128
5 7827 6797 9835 7129
5 9844 7404 10529 7130
5 6577 7980 9606 7131
5 8533 406 10879 7132
5 8046 6053 10595 7133
5 6026 8610 10435 7134
5 9006 6374 9012 7135
5 6543 8125 9287 7136
5 6867 8369 10381 7137
5 6775 7881 10261 7138
5 6843 10085 10462 7139
5 7836 6590 10756 7140
5 5887 7770 10116 7141
5 9211 6362 10179 7142
5 1714 490 9693 7143
5 6303 8737 10201 7144
5 5992 9352 9415 7145
5 6469 8013 9725 7146
5 8590 7193 10715 7147
5 7935 6265 10399 7148
5 6579 8018 10445 7149
5 9140 5765 10537 7150
5 5775 7915 9150 7151
5 6762 9909 10158 7152
5 8213 6446 9099 7153
5 8721 5899 8731 7154
5 9698 5927 9742 7155
5 6779 7827 10911 7156
5 9316 6761 9322 7157
5 6905 9120 9399 7158
5 8005 6563 10065 7159
5 9355 6945 9764 7160
5 7947 6070 10219 7161
5 6253 7843 10282 7162
5 6782 8665 8882 7163
5 6613 7968 9958 7164
5 6029 9092 10647 7165
5 7241 9812 9891 7166
5 6044 8255 9597 7167
5 7765 6839 10095 7168
5 8840 6434 9426 7169
5 8250 5725 10053 7170
5 7736 8574 9386 7171
5 8034 6691 10170 7172
5 7020 8063 10969 7173
5 7762 6164 10216 7174
5 6675 8081 9157 7175
5 8664 6006 9767 7176
5 5841 10420 10819 7177
5 8644 5705 9228 7178
5 8288 7398 10182 7179
5 9431 6057 10815 7180
5 6954 8232 9440 7181
5 8075 5868 9393 7182
5 8277 7158 9918 7183
5 2722 3622 9898 7184
5 9209 6744 10438 7185
5 405 8533 10533 7186
5 5954 8127 9400 7187
5 7682 6746 9537 7188
5 5775 8182 10227 7189
5 8064 6704 10580 7190
5 7982 6691 9939 7191
5 9344 6705 10366 7192
5 8819 6919 9143 7193
5 6164 7762 10244 7194
5 8356 6326 9656 7195
5 7859 9531 10045 7196
5 8476 6636 8781 7197
5 8193 6867 10459 7198
5 9132 6477 10618 7199
5 5134 1966 8949 7200
5 6332 9054 10297 7201
5 5869 8027 10737 7202
5 6709 7936 9171 7203
5 6648 7726 9902 7204
5 9010 7810 10765 7205
5 6232 8394 10915 7206
5 778 8295 10258 7207
5 9308 7375 10470 7208
5 8149 7525 10013 7209
5 5658 8185 9608 7210
5 6182 8101 9614 7211
5 8071 6789 10499 7212
5 6726 8184 9066 7213
5 8521 6883 8727 7214
5 6163 10373 10853 7215
5 6540 8119 9773 7216
5 7694 5790 10352 7217
5 7988 6772 10470 7218
5 6333 7803 10190 7219
5 9050 7277 10457 7220
5 5641 8952 9180 7221
5 6096 9356 9554 7222
5 6024 8661 9408 7223
5 6334 8049 9794 7224
5 7919 6871 10512 7225
5 7906 6800 10892 7226
5 6947 8777 9086 7227
5 8170 6631 9641 7228
5 9071 5691 10953 7229
5 6615 7879 9515 7230
5 5206 4954 8963 7231
5 8235 5710 9790 7232
5 6789 8566 10016 7233
5 8746 7926 9707 7234
5 8459 7545 10344 7235
5 7017 7804 10835 7236
5 6609 8488 8842 7237
5 6472 8469 10446 7238
5 6329 8923 10294 7239
5 6526 8067 10012 7240
5 8125 6950 10392 7241
5 8109 6146 9502 7242
5 7309 8946 9729 7243
5 8016 6687 10788 7244
5 6560 8246 8900 7245
5 9219 5825 9534 7246
5 6217 7527 9979 7247
5 6514 8261 9667 7248
5 9469 7387 9525 7249
5 8162 2254 10677 7250
5 7957 5918 9106 7251
5 8777 5926 9086 7252
5 8618 958 9602 7253
5 5788 7748 10133 7254
5 7676 5625 10648 7255
5 8795 6941 9778 7256
5 7822 6204 10571 7257
5 7954 4162 9455 7258
5 7808 7123 10792 7259
5 6141 8140 10579 7260
5 8593 6531 8804 7261
5 9089 6008 10112 7262
5 8047 7397 9791 7263
5 8019 6647 10044 7264
5 8246 6560 10813 7265
5 6525 8381 9039 7266
5 8090 6962 9473 7267
5 6741 9303 9548 7268
5 6795 8802 9133 7269
5 7787 5669 10090 7270
5 5707 8155 8931 7271
5 6957 8755 10902 7272
5 7011 8515 10407 7273
5 6524 8248 10819 7274
5 7742 5680 10087 7275
5 6599 7703 9522 7276
5 8163 6506 9415 7277
5 8025 6500 8898 7278
5 6065 9701 10761 7279
5 2326 8662 9522 7280
5 6839 7765 9788 7281
5 8021 5953 9395 7282
5 6628 8847 9529 7283
5 6594 9309 10534 7284
5 6914 8052 9693 7285
5 7961 6127 10513 7286
5 5831 8164 9969 7287
5 6716 9523 9790 7288
5 7148 8726 10559 7289
5 347 8128 9392 7290
5 8783 7484 10565 7291
5 9727 6150 10626 7292
5 8214 6451 9228 7293
5 8624 6594 10534 7294
5 5966 8432 9666 7295
5 6337 8317 10776 7296
5 9055 7285 10843 7297
5 8225 5634 8986 7298
5 7750 7318 10427 7299
5 7140 8335 9164 7300
5 6638 8154 9082 7301
5 8306 6285 9552 7302
5 7974 5870 10040 7303
5 7201 8014 9825 7304
5 6941 8796 9778 7305
5 8249 6412 9057 7306
5 440 7712 10523 7307
5 8112 5665 9788 7308
5 6976 8514 9007 7309
5 7938 6747 10216 7310
5 6477 8797 10421 7311
5 6816 9717 9763 7312
5 6105 9665 10829 7313
5 6195 8339 10637 7314
5 5756 9677 10821 7315
5 8342 2218 9956 7316
5 7470 8823 9273 7317
5 8012 409 9683 7318
5 9163 5945 9755 7319
5 6475 8211 10110 7320
5 8622 6933 10279 7321
5 7907 7040 10775 7322
5 6652 8881 8908 7323
5 6837 9210 10089 7324
5 8507 6866 9625 7325
5 6835 8372 9435 7326
5 9514 7168 9696 7327
5 8444 6502 9128 7328
5 6381 7972 10007 7329
5 7956 6907 9970 7330
5 8424 5610 9553 7331
5 447 448 9052 7332
5 5847 8714 9045 7333
5 4810 3694 10636 7334
5 8964 5706 10688 7335
5 7680 5813 9584 7336
5 7062 9343 10588 7337
5 6603 8138 9838 7338
5 6335 8494 8879 7339
5 7071 9232 10973 7340
5 6770 9092 10360 7341
5 8646 7531 9949 7342
5 6391 8347 9555 7343
5 5895 7984 10199 7344
5 7647 5629 10882 7345
5 6730 8831 10185 7346
5 7237 8993 9382 7347
5 5931 8652 10371 7348
5 7933 5674 10159 7349
5 7952 6782 10071 7350
5 8114 6894 9055 7351
5 3982 1714 10982 7352
5 5845 8007 10904 7353
5 6464 8428 9310 7354
5 8287 6232 10871 7355
5 6261 8219 9783 7356
5 5874 8154 9888 7357
5 401 402 8956 7358
5 5631 9732 10718 7359
5 10062 8350 10709 7360
5 10272 7547 10398 7361
5 5890 7855 10003 7362
5 7047 8130 9077 7363
5 6246 8213 9099 7364
5 6406 8097 10722 7365
5 6971 8847 9873 7366
5 6142 9659 9962 7367
5 7884 7339 10599 7368
5 7264 9835 10856 7369
5 8511 6801 9216 7370
5 6440 8102 10735 7371
5 10156 7833 10762 7372
5 8086 6530 9090 7373
5 8410 7640 9892 7374
5 6528 8069 8939 7375
5 8176 5903 9650 7376
5 5968 9427 9512 7377
5 6891 7675 11001 7378
5 6740 8370 8890 7379
5 6418 7991 9303 7380
5 6451 8227 9234 7381
5 7925 8885 10901 7382
5 7986 6569 9556 7383
5 8235 6895 10002 7384
5 7631 5730 9793 7385
5 7958 6022 9256 7386
5 7402 8199 10047 7387
5 7283 9647 10875 7388
5 389 390 10616 7389
5 6963 9023 9263 7390
5 1894 3478 10599 7391
5 6188 7073 10972 7392
5 6017 7784 9981 7393
5 9561 6890 10603 7394
5 7732 8641 10810 7395
5 5612 8143 9232 7396
5 8035 5607 9494 7397
5 6717 8413 9015 7398
5 8616 7528 10670 7399
5 7860 6711 10907 7400
5 8023 6727 10382 7401
5 6609 8471 9205 7402
5 7827 9835 10911 7403
5 8119 6540 10226 7404
5 9521 7070 10745 7405
5 8202 5790 9274 7406
5 9389 5786 9708 7407
5 7988 5883 9367 7408
5 8041 9982 10682 7409
5 7882 6164 10244 7410
5 6697 7914 9386 7411
5 6295 8051 9407 7412
5 7284 6112 9498 7413
5 8694 6082 9907 7414
5 8152 6568 10672 7415
5 443 444 9289 7416
5 7332 7592 10465 7417
5 5860 8237 10472 7418
5 9211 7383 10664 7419
5 9190 5777 10920 7420
5 1678 8562 9029 7421
5 6918 8610 9868 7422
5 6351 8757 10692 7423
5 7167 6112 9594 7424
5 6589 9241 10004 7425
5 8014 5801 10671 7426
5 8076 6409 9845 7427
5 8796 6640 9778 7428
5 8279 7038 9497 7429
5 8534 6739 8863 7430
5 6447 7995 10223 7431
5 8125 5771 9287 7432
5 6748 9091 9890 7433
5 9239 6946 9430 7434
5 9232 7735 10973 7435
5 8573 5675 10146 7436
5 8185 5658 9986 7437
5 5934 9301 9603 7438
5 7812 6155 9875 7439
5 8166 5985 10948 7440
5 9538 7789 10739 7441
5 6124 8316 9721 7442
5 8698 5731 10784 7443
5 4306 1498 8939 7444
5 7965 5782 10996 7445
5 7908 5807 9532 7446
5 7922 6187 10300 7447
5 8414 6720 8931 7448
5 9520 6310 9629 7449
5 8502 5820 10008 7450
5 4738 1678 9029 7451
5 2758 3046 8915 7452
5 8063 5912 9618 7453
5 8111 6069 9269 7454
5 9692 6971 9873 7455
5 8119 6315 9733 7456
5 6824 7694 10352 7457
5 7457 8951 10707 7458
5 7897 5733 9836 7459
5 6636 9872 10168 7460
5 8058 7195 9301 7461
5 9063 6279 9218 7462
5 8346 5854 8985 7463
5 8055 5905 9741 7464
5 9198 5885 9539 7465
5 6132 8077 11001 7466
5 8603 6486 10129 7467
5 8534 5692 8824 7468
5 6277 7706 10156 7469
5 6777 8250 10053 7470
5 6581 8104 9392 7471
5 8227 5877 9234 7472
5 8082 6550 9259 7473
5 7238 9117 10157 7474
5 6412 8704 9057 7475
5 9812 6724 9891 7476
5 1246 1282 9208 7477
5 366 367 10454 7478
5 7074 9163 9755 7479
5 6154 8034 10170 7480
5 6701 8123 9231 7481
5 7274 9206 9725 7482
5 7565 8570 10847 7483
5 7337 8416 10962 7484
5 8832 5893 9334 7485
5 6378 8244 9113 7486
5 8114 5891 10273 7487
5 8911 7628 10898 7488
5 8739 6242 10101 7489
5 9416 5986 9508 7490
5 6116 8359 9613 7491
5 7142 8438 10243 7492
5 6814 8399 10037 7493
5 6232 8287 9188 7494
5 6519 8447 9297 7495
5 8512 6533 8599 7496
5 6534 8035 9494 7497
5 8554 6369 9390 7498
5 8081 6675 10455 7499
5 8461 6414 9577 7500
5 6480 8220 9603 7501
5 7495 9132 10618 7502
5 8681 7493 10847 7503
5 8049 7111 10917 7504
5 6365 8200 8767 7505
5 5927 8635 8842 7506
5 9756 5746 10031 7507
5 7926 6302 9707 7508
5 6731 8036 10446 7509
5 9324 6715 9394 7510
5 8145 6054 9403 7511
5 8224 6544 9945 7512
5 7877 5898 10184 7513
5 6560 8054 10449 7514
5 7938 6164 10397 7515
5 5648 8951 10307 7516
5 6474 8118 9680 7517
5 8182 7580 10227 7518
5 6262 8242 9718 7519
5 6434 8307 10680 7520
5 5968 8863 9139 7521
5 6051 9424 10838 7522
5 6300 8539 10070 7523
5 8676 7142 10243 7524
5 6871 7919 10863 7525
5 10214 5657 10833 7526
5 8331 5610 9829 7527
5 6940 8046 10595 7528
5 6644 10142 10483 7529
5 6066 8302 10704 7530
5 5892 10283 10876 7531
5 6277 10156 10762 7532
5 6155 7919 10512 7533
5 9366 6645 10796 7534
5 6197 8065 9944 7535
5 5964 8276 9774 7536
5 6908 7969 9987 7537
5 6536 8023 9506 7538
5 8052 7655 10982 7539
5 6043 9782 10293 7540
5 7412 8349 8902 7541
5 8562 2290 9214 7542
5 9070 6636 10168 7543
5 8955 5764 10154 7544
5 7097 9324 9394 7545
5 8993 5605 9382 7546
5 374 375 9670 7547
5 8317 6337 10155 7548
5 9792 5741 10135 7549
5 6525 8692 8760 7550
5 8541 5883 10514 7551
5 7625 8918 9635 7552
5 6459 8599 8872 7553
5 8761 6638 10403 7554
5 7053 8642 9586 7555
5 5724 8221 10322 7556
5 8847 6628 9873 7557
5 6038 9073 10177 7558
5 7969 6908 9078 7559
5 9589 6375 10377 7560
5 8395 5739 10326 7561
5 6986 9075 9756 7562
5 8745 5639 10448 7563
5 8794 6328 9946 7564
5 7225 9431 10815 7565
5 8926 5603 10287 7566
5 7831 6961 10646 7567
5 7669 9509 9948 7568
5 8150 7522 9917 7569
5 1786 3154 9080 7570
5 6642 7958 10611 7571
5 8675 6061 10759 7572
5 6484 8570 10236 7573
5 6842 7584 10501 7574
5 7260 9012 10981 7575
5 6871 9604 10512 7576
5 5968 8848 9427 7577
5 7528 8616 9328 7578
5 5935 8093 9564 7579
5 5787 8296 8631 7580
5 8360 6836 9088 7581
5 5865 7850 9320 7582
5 8120 6382 9975 7583
5 6895 8517 10683 7584
5 8692 6572 9019 7585
5 6250 7840 10557 7586
5 6950 9746 10392 7587
5 6625 7931 9647 7588
5 9161 6102 10471 7589
5 8134 5603 9319 7590
5 7280 8235 9790 7591
5 7924 6553 9685 7592
5 9152 5931 10371 7593
5 7419 9457 10571 7594
5 7073 8162 10677 7595
5 5636 8110 9931 7596
5 10310 6092 11000 7597
5 10198 6029 10647 7598
5 7571 5800 10760 7599
5 5949 8172 9714 7600
5 7835 6272 10834 7601
5 8271 6499 9268 7602
5 8529 6318 9053 7603
5 9025 6946 9239 7604
5 8753 5989 9769 7605
5 6252 8795 10581 7606
5 5892 7658 10283 7607
5 6913 7978 9994 7608
5 8610 6283 9868 7609
5 8339 7122 10637 7610
5 8800 6005 9112 7611
5 9527 6208 10491 7612
5 7667 5838 9899 7613
5 7359 9344 10366 7614
5 6817 8058 9301 7615
5 7135 9644 9658 7616
5 6251 7993 10427 7617
5 8469 6472 8821 7618
5 9835 6797 10856 7619
5 6431 8167 8933 7620
5 9462 7025 10426 7621
5 5702 9142 9796 7622
5 7112 9416 9508 7623
5 8439 6659 8991 7624
5 9370 7604 10595 7625
5 778 850 10787 7626
5 6046 8042 9720 7627
5 8320 6618 8784 7628
5 8796 2470 9479 7629
5 2938 7978 9602 7630
5 8520 7297 9645 7631
5 6144 8071 10499 7632
5 6211 8972 10378 7633
5 8063 9584 10969 7634
5 9883 7754 10117 7635
5 6832 7961 10513 7636
5 6516 9813 10528 7637
5 5868 7829 9393 7638
5 6262 7693 10675 7639
5 2362 994 9097 7640
5 8556 6392 9800 7641
5 7950 7087 10259 7642
5 8218 6606 9196 7643
5 417 9575 9959 7644
5 8726 5774 10559 7645
5 7883 7236 10894 7646
5 6664 9538 10739 7647
5 8863 5968 9512 7648
5 8139 6071 10771 7649
5 5901 7967 9094 7650
5 7829 6142 10625 7651
5 8568 5723 10804 7652
5 436 437 9649 7653
5 7272 8160 10764 7654
5 5986 8444 9128 7655
5 3586 8385 10631 7656
5 2902 1030 10390 7657
5 6819 7884 9622 7658
5 6678 8632 8719 7659
5 6001 8434 9510 7660
5 7097 8490 9548 7661
5 8218 6093 9843 7662
5 9848 5687 10404 7663
5 8515 6109 10407 7664
5 10428 7117 10558 7665
5 8259 7308 9364 7666
5 5657 7995 10833 7667
5 8141 6621 10606 7668
5 6963 8422 9023 7669
5 5530 5458 9042 7670
5 6350 8161 9491 7671
5 9045 7345 9838 7672
5 7530 6034 10504 7673
5 5747 8988 8996 7674
5 8881 6727 8908 7675
5 6570 8200 9408 7676
5 7946 6091 9828 7677
5 6897 7834 10656 7678
5 8148 5887 10866 7679
5 6353 9291 10546 7680
5 9353 7312 10330 7681
5 6591 8353 8811 7682
5 6834 9442 9943 7683
5 9236 7536 10987 7684
5 6919 8819 9859 7685
5 5927 8842 9742 7686
5 5629 8030 10882 7687
5 7901 6740 10139 7688
5 8604 6669 9095 7689
5 6890 9561 9855 7690
5 6549 8175 9306 7691
5 6814 7825 9813 7692
5 8392 7222 10662 7693
5 7850 8287 10871 7694
5 8742 6342 10327 7695
5 6654 8888 10896 7696
5 9158 6540 9791 7697
5 8469 9646 10446 7698
5 6641 8155 10477 7699
5 7785 7426 10406 7700
5 8281 7239 9585 7701
5 8164 6796 9969 7702
5 2110 3874 9118 7703
5 6053 8046 10072 7704
5 8104 346 9392 7705
5 9604 7586 10512 7706
5 5896 8146 8983 7707
5 8735 6841 8992 7708
5 7913 8475 10435 7709
5 8254 6525 9039 7710
5 5691 9516 10953 7711
5 6593 8526 10839 7712
5 6935 7993 9570 7713
5 7286 9026 9418 7714
5 6966 10212 10641 7715
5 7094 8792 10212 7716
5 9619 6958 10602 7717
5 9471 7226 9652 7718
5 9081 7922 9369 7719
5 7615 9555 9905 7720
5 359 360 9292 7721
5 6053 9370 10595 7722
5 10033 450 10775 7723
5 6047 8615 10048 7724
5 8574 6697 9386 7725
5 8243 429 9068 7726
5 7790 6504 10684 7727
5 5740 9585 10061 7728
5 7813 9727 10626 7729
5 8729 5967 9988 7730
5 9120 6673 9399 7731
5 429 430 9068 7732
5 6633 7974 10040 7733
5 8634 6698 9421 7734
5 8830 6474 9680 7735
5 7848 6934 10493 7736
5 8506 7083 10220 7737
5 5997 8846 8962 7738
5 5906 7845 10794 7739
5 7907 451 9798 7740
5 7109 8351 10425 7741
5 10367 5912 10708 7742
5 6323 7959 10204 7743
5 7906 8950 10947 7744
5 6656 8292 9147 7745
5 7148 10350 10380 7746
5 9104 6314 10361 7747
5 9389 7141 9973 7748
5 8205 5926 10693 7749
5 6223 8188 9439 7750
5 8098 9255 10738 7751
5 9563 6593 10534 7752
5 5939 7789 9181 7753
5 8378 5650 9239 7754
5 8795 7269 10581 7755
5 6203 8083 10586 7756
5 8158 6266 9119 7757
5 8298 7018 9124 7758
5 6534 8372 9376 7759
5 9457 7419 9662 7760
5 7285 9253 10843 7761
5 8036 6472 10446 7762
5 5739 8288 10182 7763
5 7085 8170 9266 7764
5 8294 6577 9690 7765
5 7160 8638 10125 7766
5 6516 8399 9813 7767
5 5952 8020 10131 7768
5 8574 6811 10288 7769
5 6671 9235 9780 7770
5 8050 6987 10450 7771
5 6159 9280 10207 7772
5 8300 6706 9359 7773
5 8726 7148 10380 7774
5 6904 8129 10906 7775
5 6774 8059 9378 7776
5 8428 6375 9028 7777
5 6965 8753 9769 7778
5 7953 7241 9630 7779
5 9842 7278 10774 7780
5 6283 8038 10466 7781
5 8897 6566 10778 7782
5 6164 7938 10216 7783
5 5707 8068 9763 7784
5 9581 6809 10186 7785
5 420 421 10183 7786
5 10651 5827 10844 7787
5 6566 8971 10778 7788
5 6112 8152 10672 7789
5 7281 9209 10438 7790
5 7516 8560 10853 7791
5 8828 5998 9147 7792
5 8387 5913 8843 7793
5 8086 5890 9591 7794
5 9041 6907 10120 7795
5 5949 7828 10200 7796
5 7383 9211 10179 7797
5 8381 6000 9039 7798
5 8140 7079 9475 7799
5 8481 6293 8942 7800
5 2218 2542 9956 7801
5 7966 6545 10538 7802
5 8951 6311 9513 7803
5 8972 6827 9930 7804
5 7980 5964 10907 7805
5 9853 5655 10417 7806
5 8464 6002 9568 7807
5 5669 8486 10090 7808
5 6209 7920 10218 7809
5 8217 6248 10663 7810
5 7871 6160 10741 7811
5 10871 6232 10915 7812
5 9897 6990 10298 7813
5 8334 6068 10162 7814
5 7186 9550 10329 7815
5 4018 4486 9193 7816
5 7976 5874 9908 7817
5 6590 8083 10756 7818
5 8731 7114 9578 7819
5 9543 7716 10466 7820
5 8717 7244 10731 7821
5 7963 7401 10636 7822
5 7566 9563 10534 7823
5 6569 7986 9275 7824
5 6197 7988 10470 7825
5 8090 7224 10334 7826
5 5902 8640 9462 7827
5 2002 3010 9134 7828
5 8277 6156 10857 7829
5 7796 6974 10177 7830
5 7811 6979 10187 7831
5 8734 5973 9297 7832
5 5908 8286 9376 7833
5 6782 7952 9782 7834
5 7288 8328 9626 7835
5 8301 5995 10597 7836
5 5822 8215 9779 7837
5 5852 8456 9316 7838
5 6996 9886 10842 7839
5 7056 7753 10836 7840
5 7016 9032 10207 7841
5 8011 7320 9960 7842
5 367 201 10337 7843
5 201 368 10337 7844
5 8399 6814 9813 7845
5 5880 7981 10353 7846
5 6299 7673 10076 7847
5 5883 7989 9367 7848
5 8075 6673 9120 7849
5 5694 8228 10676 7850
5 5969 8099 9889 7851
5 8476 6394 9872 7852
5 7954 7005 10150 7853
5 6473 8267 10440 7854
5 8200 6024 9408 7855
5 8447 6561 9297 7856
5 8038 6821 10466 7857
5 6516 8265 10103 7858
5 8119 5884 9773 7859
5 6624 8075 9393 7860
5 5930 8073 10516 7861
5 5639 8352 10448 7862
5 8566 6289 10016 7863
5 8329 6736 9032 7864
5 8065 7375 9900 7865
5 6688 9239 9430 7866
5 6716 7775 9523 7867
5 5783 8124 10385 7868
5 8881 6652 9023 7869
5 8305 6499 9337 7870
5 706 8096 9479 7871
5 8335 6233 9164 7872
5 8485 7468 9258 7873
5 8553 6920 9166 7874
5 8581 6712 9775 7875
5 10120 6050 10986 7876
5 7787 8313 9928 7877
5 7682 8136 10340 7878
5 7976 6372 10799 7879
5 6493 7981 9505 7880
5 8427 6725 10691 7881
5 6531 8593 10257 7882
5 8946 7309 10993 7883
5 6277 8398 9377 7884
5 8683 6714 9312 7885
5 6452 8108 9159 7886
5 8443 6127 8957 7887
5 6424 8294 9630 7888
5 6505 8263 10204 7889
5 8422 5981 9023 7890
5 7252 8807 9325 7891
5 8166 7085 9282 7892
5 6386 8466 8978 7893
5 6222 7849 10236 7894
5 8193 6364 8369 7895
5 9395 5953 9694 7896
5 7287 8285 9201 7897
5 5767 8506 10220 7898
5 4414 4882 9237 7899
5 5708 8274 10262 7900
5 6881 8840 9426 7901
5 6831 7963 9723 7902
5 8546 389 10616 7903
5 8113 6844 10251 7904
5 8281 6062 10772 7905
5 5699 8092 9949 7906
5 8616 6410 9328 7907
5 8180 5928 10254 7908
5 6586 8593 8804 7909
5 6203 7836 10756 7910
5 9529 7556 10532 7911
5 8102 5676 10735 7912
5 6744 8702 8943 7913
5 7792 6541 9638 7914
5 8120 6557 10252 7915
5 7756 6802 9341 7916
5 10814 9309 10987 7917
5 6043 8743 9782 7918
5 5953 8090 9694 7919
5 8020 6839 10888 7920
5 8877 7459 9992 7921
5 8140 6141 10443 7922
5 6187 8081 10455 7923
5 6302 8118 9707 7924
5 2290 3550 9214 7925
5 6062 8416 9349 7926
5 8653 6604 10587 7927
5 9342 6980 9608 7928
5 8519 6629 9899 7929
5 6291 8187 9364 7930
5 8846 6387 10645 7931
5 6041 8552 10589 7932
5 8154 6638 9888 7933
5 8818 5630 10038 7934
5 7386 8698 10784 7935
5 7555 9832 10521 7936
5 5901 8695 10878 7937
5 6362 8623 10179 7938
5 6696 8470 9371 7939
5 10142 7363 10483 7940
5 6553 8217 9951 7941
5 8136 5799 10340 7942
5 8364 6687 9165 7943
5 9438 7159 10609 7944
5 3802 814 9341 7945
5 6567 9093 9288 7946
5 8524 8089 10405 7947
5 7918 6436 9678 7948
5 9442 7420 9943 7949
5 6729 8137 9633 7950
5 356 357 10136 7951
5 8550 6498 9040 7952
5 7261 8352 10403 7953
5 5853 9844 10529 7954
5 8432 6857 9666 7955
5 8535 6582 10125 7956
5 6048 8170 9641 7957
5 6677 8927 9381 7958
5 8793 5840 9451 7959
5 6989 8228 9300 7960
5 8974 5940 9444 7961
5 8814 6514 9238 7962
5 6547 8164 9645 7963
5 8307 6110 10225 7964
5 6256 7731 10566 7965
5 7693 6262 9718 7966
5 6203 8180 10009 7967
5 6007 9414 10163 7968
5 6629 8145 9403 7969
5 8982 6885 9724 7970
5 6285 8585 9552 7971
5 6279 7837 10582 7972
5 5386 3586 10631 7973
5 5643 9079 9122 7974
5 8393 6473 10351 7975
5 8472 7171 10133 7976
5 10017 6835 10703 7977
5 8263 6505 9194 7978
5 8129 6076 10906 7979
5 6428 8425 9849 7980
5 9266 7106 9823 7981
5 9418 6601 10062 7982
5 8414 6641 9973 7983
5 9309 6594 10987 7984
5 8948 5962 9633 7985
5 7116 8499 9115 7986
5 6746 10639 10820 7987
5 9117 6611 10157 7988
5 7076 8096 10408 7989
5 7897 6267 10949 7990
5 6479 8833 9670 7991
5 8047 7090 10510 7992
5 9323 7230 10407 7993
5 8496 6419 8645 7994
5 6072 8313 10654 7995
5 7077 8744 10533 7996
5 6742 9064 10210 7997
5 6017 8713 9421 7998
5 6864 8189 9730 7999
5 9112 6005 9474 8000
5 2506 742 9170 8001
5 5951 8001 9322 8002
5 8807 6011 9325 8003
5 6854 9310 9587 8004
5 9012 5619 10981 8005
5 8427 7173 9893 8006
5 346 347 9392 8007
5 6802 7771 9341 8008
5 8855 6943 10123 8009
5 9579 6942 9590 8010
5 7085 8166 10948 8011
5 348 349 10134 8012
5 8630 7549 9665 8013
5 5828 8309 10400 8014
5 8117 6295 9420 8015
5 5669 7787 9928 8016
5 8637 6647 8925 8017
5 8545 6650 10765 8018
5 10337 7338 10454 8019
5 6401 8382 10064 8020
5 6882 8731 9578 8021
5 6818 8441 9131 8022
5 5062 1858 10129 8023
5 6960 10776 10818 8024
5 9621 6762 10566 8025
5 6221 9361 9822 8026
5 8100 6351 10692 8027
5 6460 8147 9318 8028
5 6607 9143 9254 8029
5 8185 6784 9608 8030
5 8149 5942 9750 8031
5 8636 6567 9021 8032
5 8675 6981 10329 8033
5 5098 8371 9676 8034
5 415 416 9604 8035
5 5773 9251 9549 8036
5 5864 8364 9165 8037
5 7395 9520 9629 8038
5 5903 8176 10990 8039
5 8714 6749 9045 8040
5 5861 7924 9685 8041
5 7656 9792 10135 8042
5 7025 9362 10426 8043
5 598 778 10258 8044
5 850 670 9230 8045
5 8834 7653 10811 8046
5 8916 6828 10439 8047
5 8324 6725 10373 8048
5 8211 5888 10110 8049
5 9039 6000 9307 8050
5 6849 8185 9986 8051
5 8025 7355 9627 8052
5 432 433 9511 8053
5 9748 6128 10698 8054
5 8168 6865 9449 8055
5 8443 8957 10955 8056
5 6672 8886 9290 8057
5 7650 10367 10708 8058
5 8042 6734 9720 8059
5 6163 8324 10373 8060
5 8276 6424 9774 8061
5 5856 7920 9291 8062
5 395 396 9932 8063
5 7919 5966 10863 8064
5 8458 5708 10262 8065
5 6272 7835 10793 8066
5 7547 8949 10398 8067
5 8514 5933 9007 8068
5 6161 8911 10898 8069
5 6755 8500 9966 8070
5 8163 6785 10278 8071
5 5797 9561 10246 8072
5 5984 8623 10188 8073
5 6841 8647 8992 8074
5 6431 8168 10248 8075
5 6539 9004 10461 8076
5 6066 9469 9525 8077
5 8343 6590 9738 8078
5 9087 7223 10840 8079
5 5849 8967 10049 8080
5 1858 8603 10129 8081
5 8910 6757 9476 8082
5 370 371 9305 8083
5 6571 8567 9333 8084
5 9295 7408 10375 8085
5 6699 9558 9728 8086
5 8467 6008 9806 8087
5 6578 8910 9476 8088
5 8733 6918 9868 8089
5 6109 9323 10407 8090
5 5967 8729 8730 8091
5 6055 7979 10350 8092
5 6553 9951 10206 8093
5 6192 7729 9880 8094
5 8135 6951 9853 8095
5 7521 8964 10688 8096
5 8719 5940 8974 8097
5 6645 9921 10796 8098
5 8811 5897 9264 8099
5 8111 6301 10489 8100
5 6035 8899 10402 8101
5 5991 8345 10349 8102
5 10283 7973 10876 8103
5 8291 5695 9936 8104
5 6634 9072 9135 8105
5 7864 6832 10513 8106
5 6834 8800 9112 8107
5 8886 7157 9290 8108
5 8195 7119 10140 8109
5 7847 6722 10041 8110
5 6745 8192 9074 8111
5 6134 8340 8940 8112
5 8532 443 9289 8113
5 8263 6323 10204 8114
5 6587 9049 9058 8115
5 6557 8518 8906 8116
5 6711 7980 10907 8117
5 7962 5943 10575 8118
5 5873 8473 10611 8119
5 6738 8003 10100 8120
5 8583 6600 9043 8121
5 6561 8447 9517 8122
5 6956 8066 9934 8123
5 6018 9398 10104 8124
5 7961 439 10523 8125
5 6628 9529 10532 8126
5 5982 8485 9258 8127
5 8610 6918 10435 8128
5 6640 8856 9778 8129
5 9026 7286 10945 8130
5 8615 6664 10739 8131
5 7335 8181 10478 8132
5 5661 8651 9970 8133
5 8389 6556 10864 8134
5 9339 6878 10541 8135
5 6072 8053 9972 8136
5 8979 5662 9842 8137
5 9277 6716 9790 8138
5 6858 8650 9502 8139
5 8337 6659 10228 8140
5 8369 5976 10381 8141
5 6945 8144 9764 8142
5 5936 9224 9379 8143
5 6717 8140 10443 8144
5 8261 5881 9667 8145
5 8104 6627 9985 8146
5 8476 6051 9300 8147
5 7764 6728 10035 8148
5 5765 7851 10261 8149
5 8806 8148 10567 8150
5 8237 7000 10472 8151
5 7052 9467 9731 8152
5 7107 9569 10939 8153
5 8478 6857 10549 8154
5 5613 8865 9865 8155
5 6259 7743 10487 8156
5 7351 9542 10384 8157
5 10020 5859 10413 8158
5 6680 8116 9283 8159
5 6230 9260 10860 8160
5 5735 9355 9764 8161
5 8156 5636 9931 8162
5 6490 8569 10462 8163
5 8270 5864 9165 8164
5 9046 6009 9473 8165
5 7083 9203 10932 8166
5 6556 8389 10634 8167
5 6627 8572 9944 8168
5 5846 7672 10714 8169
5 6228 7814 10477 8170
5 8842 6610 9742 8171
5 9175 5896 10422 8172
5 6585 8601 10617 8173
5 6236 8258 9496 8174
5 8429 6847 9284 8175
5 6465 8460 9396 8176
5 9219 6620 9820 8177
5 8471 5636 9831 8178
5 9252 5991 10349 8179
5 7995 8084 10833 8180
5 9674 7219 10817 8181
5 6778 9579 9590 8182
5 9173 5635 10088 8183
5 8805 6465 9396 8184
5 9647 5656 10875 8185
5 6758 8720 10372 8186
5 7145 8269 9557 8187
5 7961 6832 9840 8188
5 5665 8112 9870 8189
5 9072 6983 9135 8190
5 8775 6434 10680 8191
5 5933 8514 10517 8192
5 5946 8272 9279 8193
5 9558 6939 9728 8194
5 8406 6624 10625 8195
5 6471 8521 8727 8196
5 8018 5745 10445 8197
5 6737 9514 9696 8198
5 7985 5835 9625 8199
5 8094 6371 9897 8200
5 8175 5634 9306 8201
5 6868 9353 10330 8202
5 7014 8803 10991 8203
5 6061 10433 10759 8204
5 8283 6373 10989 8205
5 8500 6755 10305 8206
5 6146 10272 10398 8207
5 7046 8475 10974 8208
5 7777 6725 10255 8209
5 6624 9393 10625 8210
5 6518 7933 10159 8211
5 397 398 10006 8212
5 5937 8325 9467 8213
5 6369 7941 10069 8214
5 8579 5964 9774 8215
5 6148 8150 9917 8216
5 7928 7220 10417 8217
5 5858 8583 9043 8218
5 9596 5996 10824 8219
5 9794 8049 10642 8220
5 5839 8294 9690 8221
5 6420 8016 10788 8222
5 8399 353 10037 8223
5 7218 10190 10565 8224
5 8266 6215 10339 8225
5 9644 6837 9658 8226
5 8988 6825 8996 8227
5 7084 8196 9711 8228
5 6226 8812 10964 8229
5 8826 6394 9834 8230
5 8471 6685 9205 8231
5 6136 9285 9443 8232
5 5889 8253 10939 8233
5 5848 8187 9338 8234
5 5790 8202 10352 8235
5 8125 6543 9833 8236
5 6171 8054 10032 8237
5 7319 9701 10213 8238
5 6517 8233 9997 8239
5 7995 5657 10223 8240
5 6762 8454 10566 8241
5 8741 6685 9660 8242
5 5759 8292 9786 8243
5 6886 8728 9804 8244
5 6650 8880 9010 8245
5 6630 8255 9865 8246
5 7007 8525 10732 8247
5 6920 7994 9898 8248
5 6655 8087 10854 8249
5 8304 9554 9876 8250
5 8920 7265 10210 8251
5 9088 6836 10598 8252
5 8165 6334 9794 8253
5 8202 6824 10352 8254
5 5980 8550 9040 8255
5 8463 5779 9877 8256
5 6061 8675 10329 8257
5 8174 6359 10428 8258
5 7158 8277 10857 8259
5 9310 5651 9587 8260
5 9056 6996 9188 8261
5 8856 5983 9778 8262
5 8126 5766 10716 8263
5 6515 8396 10218 8264
5 8663 6401 10064 8265
5 6737 8029 9514 8266
5 8014 7635 9825 8267
5 8350 6601 10232 8268
5 6825 8187 10887 8269
5 6639 8534 8863 8270
5 9398 7171 10104 8271
5 8129 6904 10175 8272
5 6126 8018 10304 8273
5 6646 8636 9021 8274
5 6631 9417 9641 8275
5 8234 6679 10767 8276
5 8157 6566 10734 8277
5 8015 5817 10059 8278
5 8042 7437 9463 8279
5 8302 6419 10704 8280
5 7352 9526 10441 8281
5 6538 8171 9349 8282
5 5735 8491 10151 8283
5 6576 8786 10508 8284
5 7838 5902 10043 8285
5 7830 9848 10404 8286
5 8392 5659 10988 8287
5 6678 8719 8974 8288
5 5626 10029 10895 8289
5 9430 6006 10848 8290
5 7355 8069 9740 8291
5 8517 6135 9933 8292
5 8292 6656 9786 8293
5 8262 5614 10247 8294
5 8325 5937 10728 8295
5 8212 6475 10249 8296
5 7312 9353 10741 8297
5 6838 8394 9657 8298
5 8462 6743 9729 8299
5 4486 8590 9193 8300
5 6527 8771 9477 8301
5 8018 6126 9538 8302
5 8326 6349 10370 8303
5 7883 6324 9884 8304
5 5928 8252 9902 8305
5 8077 5823 9255 8306
5 6005 8800 9640 8307
5 6606 8218 9843 8308
5 7729 6192 10391 8309
5 6151 9276 10524 8310
5 8972 7396 10378 8311
5 8574 5991 10084 8312
5 8601 6585 9799 8313
5 9003 6766 10008 8314
5 7416 9681 10432 8315
5 6894 8114 10273 8316
5 9093 7137 9288 8317
5 8192 10117 10277 8318
5 8287 6660 9188 8319
5 9079 6653 10311 8320
5 5983 8795 9778 8321
5 5644 8249 10548 8322
5 6704 8064 9858 8323
5 9246 6834 9943 8324
5 8425 6275 9849 8325
5 6364 8193 10795 8326
5 6565 7942 9397 8327
5 5653 8141 10606 8328
5 6511 8477 9207 8329
5 8558 6781 9200 8330
5 8508 6497 9210 8331
5 8452 6660 9605 8332
5 8693 6779 10911 8333
5 10386 7342 10697 8334
5 7057 8951 9513 8335
5 7931 6625 10014 8336
5 7543 9678 10831 8337
5 6808 8765 9869 8338
5 7206 9025 9930 8339
5 8326 6788 10552 8340
5 6098 8135 9947 8341
5 6970 8437 9197 8342
5 8744 404 10533 8343
5 6643 8431 10527 8344
5 7618 6307 10180 8345
5 5881 8261 10482 8346
5 8112 6562 9870 8347
5 7047 8982 9724 8348
5 9653 7010 10008 8349
5 6394 8826 9872 8350
5 5690 9206 9951 8351
5 9546 7496 10967 8352
5 8375 6065 10308 8353
5 5609 9266 9823 8354
5 6822 8684 8750 8355
5 8089 6616 10132 8356
5 8862 6511 9207 8357
5 5870 8477 9997 8358
5 8554 420 10183 8359
5 8578 6203 10586 8360
5 7910 5751 10979 8361
5 8664 6683 10058 8362
5 5703 8219 9504 8363
5 6172 8131 10845 8364
5 6616 8015 10059 8365
5 6682 10042 10543 8366
5 8955 10154 10564 8367
5 6345 8224 9945 8368
5 5784 8529 10302 8369
5 5907 8184 10114 8370
5 8240 5670 10052 8371
5 8572 6197 9944 8372
5 6031 9202 10460 8373
5 7638 8266 10339 8374
5 8267 6202 10440 8375
5 6315 8119 10226 8376
5 5667 8450 8965 8377
5 5662 8979 9687 8378
5 5658 8019 10044 8379
5 7521 8579 9774 8380
5 8423 6181 9450 8381
5 6723 9215 9221 8382
5 5981 8881 9023 8383
5 8632 6678 9050 8384
5 6590 8343 9334 8385
5 6620 8537 9820 8386
5 7768 6173 10500 8387
5 5673 8602 10113 8388
5 8468 5732 9399 8389
5 2686 8901 10197 8390
5 8394 6838 10915 8391
5 7100 8818 10038 8392
5 8355 6338 10770 8393
5 6309 8087 10488 8394
5 7929 6883 10943 8395
5 8606 6744 9209 8396
5 8986 6614 9053 8397
5 8661 7168 10983 8398
5 6958 8730 10602 8399
5 8772 6439 9832 8400
5 6797 7827 10481 8401
5 7784 5770 10861 8402
5 10639 8039 10820 8403
5 6411 8334 10162 8404
5 8046 6940 10640 8405
5 8732 6650 10823 8406
5 9832 6896 10521 8407
5 6766 7908 9532 8408
5 5743 8039 10991 8409
5 6229 8286 10434 8410
5 9417 7132 9641 8411
5 7746 8775 10680 8412
5 8602 6855 10113 8413
5 8213 6246 9797 8414
5 10783 7092 10909 8415
5 9903 6049 10748 8416
5 8537 6620 9235 8417
5 8539 6300 10263 8418
5 5781 8234 10767 8419
5 8083 6203 10756 8420
5 9565 6859 10036 8421
5 8408 5647 9996 8422
5 8446 5664 10965 8423
5 8238 5868 9845 8424
5 7589 8522 10806 8425
5 8107 6683 10111 8426
5 6004 8487 9290 8427
5 6399 8280 9639 8428
5 451 452 9798 8429
5 7271 10159 10389 8430
5 9183 6011 10409 8431
5 8490 6741 9548 8432
5 8499 6695 9115 8433
5 8447 5900 9517 8434
5 8837 6718 8977 8435
5 7686 9156 10552 8436
5 9144 7273 10102 8437
5 6848 8912 10700 8438
5 8983 6488 10422 8439
5 5656 9026 10945 8440
5 6608 9375 10999 8441
5 5603 9117 10287 8442
5 8638 6617 10374 8443
5 8394 5905 9657 8444
5 9889 6910 10046 8445
5 6684 9545 10256 8446
5 6665 8279 9497 8447
5 7170 9260 10105 8448
5 8631 6240 9910 8449
5 8302 6066 9632 8450
5 6809 7876 10186 8451
5 9432 7071 10751 8452
5 8596 7588 10431 8453
5 7082 8148 10866 8454
5 7334 10310 11000 8455
5 9498 7316 10154 8456
5 7149 9063 9218 8457
5 6414 8461 9624 8458
5 8245 6630 10874 8459
5 8256 6198 10450 8460
5 9988 5967 10950 8461
5 6523 8256 9759 8462
5 8552 7236 10589 8463
5 6393 7881 10547 8464
5 8228 6989 10676 8465
5 7767 6258 10795 8466
5 6673 8468 9399 8467
5 5872 8333 10343 8468
5 8491 6529 9330 8469
5 5633 8581 9775 8470
5 9224 6992 9379 8471
5 6921 9155 9433 8472
5 6077 8350 10232 8473
5 8615 7154 10048 8474
5 5942 9035 9435 8475
5 6500 8595 9462 8476
5 7136 8205 10693 8477
5 8214 5705 10285 8478
5 6370 8463 9896 8479
5 6670 8202 9274 8480
5 8802 6621 9133 8481
5 5727 8271 9268 8482
5 7455 8882 10515 8483
5 6878 10325 10541 8484
5 9144 5713 9807 8485
5 8187 6291 10887 8486
5 5692 8692 9019 8487
5 6275 7821 9849 8488
5 6109 8343 9738 8489
5 6024 8200 9924 8490
5 6597 8424 9553 8491
5 5905 8055 9657 8492
5 6983 8355 10770 8493
5 8539 7485 10070 8494
5 9550 6061 10329 8495
5 8848 5968 9254 8496
5 9031 7449 10678 8497
5 5912 8063 10708 8498
5 6772 9367 9950 8499
5 5664 8837 8977 8500
5 7874 5785 9940 8501
5 360 361 9915 8502
5 7223 8739 10101 8503
5 8808 6217 9979 8504
5 7445 9818 10106 8505
5 6652 8908 9918 8506
5 8158 6784 10727 8507
5 6766 9532 9976 8508
5 9579 6778 10893 8509
5 8833 374 9670 8510
5 9029 7018 9060 8511
5 7179 8291 9936 8512
5 8593 6586 9661 8513
5 409 410 9683 8514
5 7920 5856 9598 8515
5 7631 9596 10824 8516
5 9204 7159 9636 8517
5 7082 9067 9775 8518
5 8848 6986 9427 8519
5 6164 8592 10397 8520
5 6917 8801 10022 8521
5 8077 6132 10245 8522
5 5820 8393 9003 8523
5 6507 8618 9602 8524
5 9110 6964 9675 8525
5 10035 6072 10654 8526
5 6891 8295 10787 8527
5 7968 9363 9958 8528
5 5948 7992 10944 8529
5 8114 6395 10068 8530
5 9260 6230 10105 8531
5 8804 6531 9007 8532
5 5680 9261 10087 8533
5 6385 8891 9578 8534
5 353 354 10037 8535
5 8567 5713 9333 8536
5 6672 8241 10766 8537
5 7998 6329 10294 8538
5 6601 7931 10232 8539
5 6488 8622 9018 8540
5 5695 8494 9936 8541
5 9065 6747 9566 8542
5 7062 9565 10036 8543
5 7330 9904 10296 8544
5 5924 8862 10119 8545
5 10184 6935 10666 8546
5 8205 6326 10603 8547
5 8071 6144 10041 8548
5 7260 9006 9012 8549
5 6575 9204 9636 8550
5 8730 6635 10602 8551
5 7070 9112 9474 8552
5 8551 6005 9640 8553
5 8846 6777 8962 8554
5 5676 8293 10735 8555
5 5844 9011 9141 8556
5 7400 8358 10777 8557
5 9446 6119 9998 8558
5 8241 6751 10006 8559
5 6550 8435 9478 8560
5 6621 8802 9510 8561
5 9251 7161 9549 8562
5 5747 8047 10510 8563
5 6714 8968 9312 8564
5 8355 359 9292 8565
5 8833 6479 10181 8566
5 9461 6083 10077 8567
5 8456 6761 9316 8568
5 8299 6298 10731 8569
5 8801 6665 10022 8570
5 364 365 9709 8571
5 9592 7394 10292 8572
5 8113 5925 10583 8573
5 8792 6416 10212 8574
5 8582 6536 9948 8575
5 8487 6672 9290 8576
5 8559 6528 9572 8577
5 9079 6998 9122 8578
5 7111 8873 10840 8579
5 5947 8513 10187 8580
5 8314 5701 10173 8581
5 8968 6713 9312 8582
5 6366 8275 10781 8583
5 8506 6430 9203 8584
5 3118 1138 9689 8585
5 8465 5934 9558 8586
5 6635 8311 10019 8587
5 9143 6919 9254 8588
5 9215 6830 9221 8589
5 8111 6921 9688 8590
5 8806 6849 9874 8591
5 8934 5961 9107 8592
5 6916 8309 9654 8593
5 9784 6151 10524 8594
5 8248 5841 10819 8595
5 8428 5651 9310 8596
5 8388 5961 9679 8597
5 6846 8805 9396 8598
5 7440 8136 9879 8599
5 387 388 10346 8600
5 9011 7567 9141 8601
5 6267 7897 10266 8602
5 6836 8360 10782 8603
5 6784 9342 9608 8604
5 6611 8800 9246 8605
5 5780 9592 10292 8606
5 6695 8510 10675 8607
5 6467 8028 10274 8608
5 6373 10400 10989 8609
5 8763 6625 10995 8610
5 6257 8661 10983 8611
5 7063 8974 9444 8612
5 8295 6891 10886 8613
5 5770 7872 10884 8614
5 8066 6956 10927 8615
5 6669 8604 10078 8616
5 6544 8240 9702 8617
5 5662 9458 10544 8618
5 5867 8650 10722 8619
5 8947 6651 10720 8620
5 8460 6465 10668 8621
5 6128 9544 10698 8622
5 7317 9345 10039 8623
5 9532 7366 9976 8624
5 5998 8858 9360 8625
5 435 436 10406 8626
5 8290 6734 10746 8627
5 6238 8138 10275 8628
5 6350 8020 10888 8629
5 5876 8245 10674 8630
5 7263 8397 10293 8631
5 5838 8519 9899 8632
5 433 8497 9511 8633
5 6233 8335 9954 8634
5 9701 6065 10213 8635
5 7262 9446 9998 8636
5 6158 10097 10732 8637
5 9561 7607 10246 8638
5 9136 6787 9612 8639
5 8217 5690 9951 8640
5 8750 7547 10272 8641
5 5676 8351 9964 8642
5 8390 6509 9686 8643
5 6497 8508 9500 8644
5 8333 6681 10343 8645
5 8160 8776 10764 8646
5 5879 8508 9644 8647
5 6273 8039 10639 8648
5 8673 6687 9296 8649
5 8671 5659 10978 8650
5 6194 8970 10531 8651
5 7524 8388 9679 8652
5 9261 7225 10087 8653
5 8272 7691 9279 8654
5 8497 6721 9511 8655
5 6991 8644 9228 8656
5 9439 7110 10119 8657
5 7553 8421 9593 8658
5 7096 8782 10570 8659
5 5862 8298 9124 8660
5 6829 8845 9822 8661
5 453 454 10109 8662
5 8181 5900 10933 8663
5 9131 6231 10729 8664
5 6073 10224 10836 8665
5 8763 5988 9346 8666
5 6972 8605 9368 8667
5 8640 6500 9462 8668
5 8535 5618 10344 8669
5 7347 9252 10349 8670
5 8380 6129 9493 8671
5 6807 8190 10485 8672
5 8561 6476 9105 8673
5 8565 6990 9897 8674
5 5911 8414 9973 8675
5 8703 6485 8954 8676
5 6779 8398 10910 8677
5 8003 6492 10772 8678
5 9126 5696 9995 8679
5 6065 8375 10213 8680
5 5703 8673 9296 8681
5 6035 8326 10552 8682
5 9109 6345 9945 8683
5 6492 8281 10772 8684
5 8491 6626 10151 8685
5 8311 5697 10019 8686
5 8469 5812 9646 8687
5 5748 8637 10447 8688
5 7816 5645 10659 8689
5 4378 5098 9676 8690
5 8544 6863 9767 8691
5 5752 8576 9362 8692
5 8033 6342 10328 8693
5 8402 7167 9524 8694
5 7010 8502 10008 8695
5 6921 9433 9688 8696
5 6735 8763 9346 8697
5 8953 6591 9384 8698
5 7766 9016 10503 8699
5 5627 7929 10943 8700
5 6865 8933 9805 8701
5 7061 8139 10771 8702
5 7770 8806 9874 8703
5 6884 8517 9933 8704
5 8748 6960 10696 8705
5 6514 8814 9826 8706
5 414 8478 10549 8707
5 9597 6630 10028 8708
5 6173 8272 10500 8709
5 6409 8238 9845 8710
5 7049 8833 10181 8711
5 9429 6139 9643 8712
5 8242 7231 10507 8713
5 5920 7970 10062 8714
5 6741 9887 10936 8715
5 8379 6327 10195 8716
5 349 8591 10134 8717
5 8220 5934 9603 8718
5 7195 8420 10240 8719
5 8467 6428 9849 8720
5 8924 6859 9565 8721
5 5798 8362 9858 8722
5 8380 6911 10338 8723
5 398 8241 10006 8724
5 8360 5914 10782 8725
5 6651 9034 10720 8726
5 6445 9127 9824 8727
5 5843 8556 9800 8728
5 6561 8734 9297 8729
5 7140 8317 10155 8730
5 5812 8469 10555 8731
5 6664 8615 9923 8732
5 7891 10020 10413 8733
5 8345 6970 10349 8734
5 6946 9025 10386 8735
5 6743 8462 10718 8736
5 6824 8202 10698 8737
5 7041 8325 10728 8738
5 8356 6596 9992 8739
5 6704 9772 10580 8740
5 5612 9232 9432 8741
5 6002 8499 9568 8742
5 9681 5681 10432 8743
5 8428 6464 10377 8744
5 8072 6332 10297 8745
5 8474 5638 10869 8746
5 361 8178 9915 8747
5 8756 7223 9087 8748
5 6732 8275 10030 8749
5 8245 5876 10028 8750
5 7168 7892 10983 8751
5 9025 5650 9930 8752
5 7101 8195 10140 8753
5 5701 8683 9312 8754
5 6956 8421 10927 8755
5 5705 8120 10252 8756
5 5874 7976 9668 8757
5 7712 7961 10523 8758
5 391 392 10359 8759
5 6917 8838 10250 8760
5 441 8442 9749 8761
5 10097 7910 10732 8762
5 8704 6412 9922 8763
5 9467 6783 9731 8764
5 6029 9229 10360 8765
5 7280 9004 9699 8766
5 6656 9147 9360 8767
5 6379 8441 10039 8768
5 7256 9517 10632 8769
5 8821 6023 10640 8770
5 8818 7100 10235 8771
5 5805 8504 10143 8772
5 8396 6209 10218 8773
5 10081 6252 10581 8774
5 6672 8487 10998 8775
5 6857 8478 9666 8776
5 8335 7708 9954 8777
5 5618 8459 10344 8778
5 9982 7319 10213 8779
5 6168 8924 9565 8780
5 8414 5911 10669 8781
5 7293 9250 10393 8782
5 8118 6302 10830 8783
5 6360 8223 10431 8784
5 8256 5686 9759 8785
5 393 8630 10030 8786
5 6359 8407 10428 8787
5 7189 9219 9820 8788
5 10042 7900 10543 8789
5 8339 6895 10683 8790
5 9134 3010 10209 8791
5 8384 5620 9528 8792
5 7557 8105 10872 8793
5 8322 5903 10990 8794
5 7095 8514 10798 8795
5 5629 8198 10315 8796
5 7963 6831 10655 8797
5 7753 9404 10836 8798
5 8413 6931 10905 8799
5 8919 5643 9122 8800
5 8392 6658 10239 8801
5 8456 6571 9333 8802
5 8327 6514 9826 8803
5 6301 8146 10489 8804
5 6275 7862 10137 8805
5 8759 5849 10049 8806
5 6552 8764 9183 8807
5 8645 6419 9567 8808
5 392 8275 10359 8809
5 8514 7095 10517 8810
5 8964 7241 9891 8811
5 6608 10146 10291 8812
5 8421 6249 9593 8813
5 7283 8916 10439 8814
5 8054 5900 10449 8815
5 6660 9056 9188 8816
5 7384 8691 9530 8817
5 8088 6894 10273 8818
5 6638 9082 9400 8819
5 8765 5960 9869 8820
5 6605 8192 10277 8821
5 8851 5632 10194 8822
5 8068 6816 9763 8823
5 7821 6275 10137 8824
5 5751 8419 10979 8825
5 8255 6630 9597 8826
5 8252 5928 10926 8827
5 8001 5951 10158 8828
5 9127 7499 9824 8829
5 8475 6288 10974 8830
5 5849 8759 9313 8831
5 8713 6017 9981 8832
5 5713 9144 10102 8833
5 9285 7001 9443 8834
5 5942 8372 9750 8835
5 7217 8671 10978 8836
5 8274 6470 10262 8837
5 6855 8602 9560 8838
5 6404 8878 9681 8839
5 6182 8770 10000 8840
5 8442 442 10755 8841
5 411 412 10121 8842
5 6718 8677 8977 8843
5 8882 6149 10515 8844
5 8219 6973 10801 8845
5 7789 5939 10739 8846
5 7959 8841 10204 8847
5 8941 7191 10879 8848
5 6699 8465 9558 8849
5 9347 6961 10922 8850
5 6584 8221 9850 8851
5 8345 5991 10288 8852
5 7007 8419 9639 8853
5 8834 6398 10985 8854
5 8951 7057 10307 8855
5 6185 8321 10976 8856
5 9000 6559 10023 8857
5 8239 7619 10837 8858
5 10117 5716 10277 8859
5 339 340 10230 8860
5 8218 6564 9770 8861
5 6724 8507 9920 8862
5 5875 8413 10905 8863
5 6054 9087 10840 8864
5 6764 8450 10476 8865
5 6807 8379 10195 8866
5 8642 7053 9965 8867
5 9365 6077 10309 8868
5 5968 9139 9254 8869
5 8642 6309 10488 8870
5 8605 5929 9368 8871
5 6425 8759 10049 8872
5 8828 6496 10832 8873
5 9534 6848 10700 8874
5 7013 8443 9995 8875
5 8088 6056 10554 8876
5 9745 6666 10933 8877
5 9172 7072 10234 8878
5 6584 8307 10225 8879
5 7268 9964 10107 8880
5 6503 8156 9931 8881
5 8547 6733 9599 8882
5 6292 8295 10886 8883
5 6043 8749 9682 8884
5 8745 6219 10733 8885
5 9827 7152 10893 8886
5 9150 6523 10317 8887
5 8963 7729 10391 8888
5 8718 6613 9958 8889
5 7246 8545 9672 8890
5 9407 6517 10572 8891
5 5905 8394 10842 8892
5 8979 7144 9687 8893
5 8955 7671 10724 8894
5 6653 9700 10311 8895
5 10600 6286 10628 8896
5 8838 6332 10250 8897
5 8067 7041 10728 8898
5 6626 8491 9330 8899
5 8811 6792 9384 8900
5 8529 7039 10302 8901
5 9049 6738 9058 8902
5 6685 8471 9831 8903
5 8138 5847 9838 8904
5 5900 8181 10449 8905
5 8454 6256 10566 8906
5 8648 6549 9306 8907
5 2254 3910 10677 8908
5 2758 8915 9195 8909
5 6700 8302 9632 8910
5 8184 6726 10114 8911
5 8248 6524 10067 8912
5 6788 8326 10370 8913
5 6558 8126 10716 8914
5 8576 6694 9362 8915
5 6734 8042 10746 8916
5 6781 8784 9200 8917
5 9904 6115 10296 8918
5 8598 6987 10068 8919
5 9050 6678 10242 8920
5 7577 8426 9906 8921
5 7221 10331 10762 8922
5 8960 5988 10439 8923
5 8344 5684 9275 8924
5 9206 7274 9951 8925
5 6157 8393 10351 8926
5 7421 8383 10418 8927
5 8469 6940 10555 8928
5 8253 7107 10939 8929
5 8948 7149 9541 8930
5 4414 9237 10900 8931
5 8442 6508 9749 8932
5 6300 8278 10263 8933
5 5911 8553 9166 8934
5 8782 5804 10570 8935
5 7821 8467 9849 8936
5 3766 1822 9987 8937
5 9279 6798 10609 8938
5 343 344 10191 8939
5 9145 6674 9146 8940
5 8272 6794 10500 8941
5 9803 7202 10619 8942
5 9059 7728 10954 8943
5 7192 8299 9814 8944
5 8652 6347 10371 8945
5 5701 8314 10868 8946
5 6695 8499 10670 8947
5 7334 9134 10209 8948
5 8309 6916 10989 8949
5 8435 5624 9478 8950
5 2434 2578 9994 8951
5 6885 8982 10025 8952
5 7702 10493 10574 8953
5 6018 9221 10958 8954
5 9237 4882 10912 8955
5 8405 5959 9760 8956
5 9727 7331 10633 8957
5 8275 6732 10781 8958
5 6857 8432 10436 8959
5 8649 8072 10297 8960
5 6284 8265 10528 8961
5 6618 8320 9792 8962
5 8226 6929 9971 8963
5 5734 8107 10111 8964
5 9753 8129 10175 8965
5 8915 6864 9195 8966
5 6634 8337 10136 8967
5 6675 7917 10455 8968
5 6706 9187 9359 8969
5 6278 8157 10734 8970
5 8386 1390 10711 8971
5 9205 6685 9518 8972
5 6992 8304 9876 8973
5 6104 9378 10501 8974
5 6658 8392 10988 8975
5 8029 6737 10108 8976
5 8460 5889 9396 8977
5 8626 6743 9732 8978
5 7019 8786 9256 8979
5 5678 9882 10791 8980
5 6446 8586 9560 8981
5 8243 6982 10596 8982
5 6980 9110 9675 8983
5 7342 9767 10697 8984
5 5608 8814 9238 8985
5 439 440 10523 8986
5 6794 8575 10487 8987
5 6984 9136 9612 8988
5 8662 7417 9659 8989
5 5697 8089 10132 8990
5 8976 5669 9928 8991
5 7358 9461 10077 8992
5 5723 9606 9861 8993
5 8032 5622 10917 8994
5 5635 9173 10268 8995
5 7940 5811 10778 8996
5 8477 6924 10572 8997
5 6676 8680 10923 8998
5 8568 6577 9606 8999
5 8427 6064 10255 9000
5 6629 9403 9899 9001
5 380 381 10585 9002
5 5802 8436 10066 9003
5 9767 6006 10697 9004
5 6056 8358 10952 9005
5 8419 7007 10979 9006
5 8728 6681 9804 9007
5 8054 6171 10632 9008
5 6587 9058 9960 9009
5 6653 8793 9451 9010
5 6005 8551 9746 9011
5 9350 5984 10188 9012
5 8470 6290 10621 9013
5 6759 8812 9480 9014
5 8287 5865 9605 9015
5 413 414 10549 9016
5 6753 8029 10891 9017
5 6919 8848 9254 9018
5 9139 6607 9254 9019
5 6767 8862 9207 9020
5 8784 6618 9200 9021
5 5804 9925 10506 9022
5 8537 6030 9820 9023
5 8456 5852 10956 9024
5 6725 8427 10255 9025
5 8426 7596 9776 9026
5 8921 5646 9804 9027
5 8826 7454 9872 9028
5 9691 6075 10176 9029
5 9425 5941 9545 9030
5 5676 8102 10425 9031
5 5806 8706 10456 9032
5 7454 10097 10168 9033
5 6844 8113 10583 9034
5 8313 6368 10654 9035
5 8209 391 10359 9036
5 8259 5848 10808 9037
5 8632 5714 10469 9038
5 381 8123 10585 9039
5 8037 5973 10643 9040
5 5840 8593 9661 9041
5 8896 7906 10892 9042
5 6660 8287 9605 9043
5 8677 6666 8977 9044
5 8621 6537 9455 9045
5 7342 8544 9767 9046
5 8805 5904 9894 9047
5 8764 6551 9325 9048
5 6720 8414 10669 9049
5 8995 6675 9157 9050
5 8375 6790 10213 9051
5 5914 7842 10782 9052
5 6266 8158 10727 9053
5 9229 6029 10198 9054
5 9267 5945 10010 9055
5 6792 8811 9264 9056
5 6371 8565 9897 9057
5 6591 8811 9384 9058
5 6505 8934 9194 9059
5 8528 6682 10414 9060
5 8586 6644 10483 9061
5 6492 8186 10751 9062
5 8659 5752 9731 9063
5 9117 7238 10287 9064
5 9549 6906 10080 9065
5 6921 8111 10489 9066
5 8362 6704 9858 9067
5 6854 9247 9487 9068
5 9685 6553 10206 9069
5 8325 6783 9467 9070
5 9357 5993 9777 9071
5 10644 6175 10961 9072
5 6642 8619 10384 9073
5 8316 6576 9721 9074
5 5999 9037 9569 9075
5 5675 8356 9992 9076
5 6190 8462 9729 9077
5 8800 6611 9640 9078
5 9348 7342 10386 9079
5 8429 6354 10401 9080
5 404 405 10533 9081
5 5818 8161 10164 9082
5 6967 7962 10575 9083
5 2398 4342 10150 9084
5 9191 6686 10938 9085
5 8097 6898 10161 9086
5 406 407 10879 9087
5 7019 9256 9941 9088
5 8484 7024 10183 9089
5 7852 6519 10965 9090
5 6460 8825 9900 9091
5 5820 8502 10622 9092
5 8419 6399 9639 9093
5 8686 6966 10641 9094
5 8439 6814 10037 9095
5 8668 6821 10191 9096
5 6735 10395 10610 9097
5 8545 7321 9672 9098
5 8454 6762 10158 9099
5 8378 7330 10296 9100
5 8340 5726 10758 9101
5 6573 8354 10099 9102
5 7225 9261 9431 9103
5 7092 9428 10909 9104
5 8984 5654 10814 9105
5 8376 5882 9495 9106
5 8182 7060 9830 9107
5 9904 7330 10074 9108
5 9033 7208 10938 9109
5 6611 9246 10157 9110
5 8441 6818 10039 9111
5 5738 8587 10835 9112
5 6826 8240 10052 9113
5 8597 6774 9940 9114
5 8266 6701 10473 9115
5 9506 8023 10382 9116
5 6756 8995 9157 9117
5 8854 7226 9471 9118
5 8656 6787 10652 9119
5 6851 8418 10109 9120
5 6001 8802 9406 9121
5 8221 6584 10322 9122
5 5992 9415 10139 9123
5 6032 9428 9719 9124
5 6585 8671 9799 9125
5 3334 4270 10192 9126
5 7962 6967 10553 9127
5 6474 8746 9707 9128
5 7460 8551 9640 9129
5 6596 8877 9992 9130
5 8624 6593 9839 9131
5 8655 5736 10893 9132
5 6939 9480 9728 9133
5 5761 8748 10696 9134
5 8905 6887 10706 9135
5 6905 8076 10880 9136
5 7046 8418 10094 9137
5 9491 7243 10131 9138
5 8357 6573 9871 9139
5 9661 6586 10306 9140
5 6725 8324 10691 9141
5 8367 6366 10781 9142
5 8521 5627 10943 9143
5 8436 6676 10066 9144
5 7290 8518 9975 9145
5 5832 8704 9922 9146
5 8087 6309 10854 9147
5 5832 8498 9716 9148
5 7140 9164 10172 9149
5 6894 8088 10554 9150
5 3226 2686 10197 9151
5 6663 8934 9107 9152
5 3010 5170 10209 9153
5 9927 5608 9939 9154
5 8148 7082 10303 9155
5 7186 9229 10198 9156
5 6032 9220 9428 9157
5 6419 9017 9567 9158
5 4630 1894 10215 9159
5 6783 8659 9731 9160
5 5762 8183 10607 9161
5 5738 8953 9384 9162
5 7047 9077 10601 9163
5 6504 8670 9470 9164
5 6973 9425 9545 9165
5 8089 5697 10405 9166
5 426 427 10720 9167
5 5961 8934 9679 9168
5 10651 6264 10695 9169
5 6528 8584 9572 9170
5 9401 7266 10143 9171
5 6304 8793 9286 9172
5 8575 6259 10487 9173
5 6596 8356 9656 9174
5 9035 6942 9435 9175
5 7238 10157 10913 9176
5 6700 8705 10001 9177
5 6732 8630 9665 9178
5 10813 6367 10841 9179
5 8058 6817 10138 9180
5 5976 9619 10602 9181
5 8507 5835 9920 9182
5 6679 8391 10160 9183
5 6655 8736 10884 9184
5 6915 8098 10738 9185
5 8232 5904 10249 9186
5 8982 7047 10601 9187
5 6939 9402 9480 9188
5 6659 8439 10228 9189
5 7225 9002 10087 9190
5 6258 8689 10795 9191
5 354 8439 10037 9192
5 6590 9151 9738 9193
5 6799 9173 10088 9194
5 8084 7438 10833 9195
5 5727 9268 9952 9196
5 8231 6141 10579 9197
5 6330 8245 10874 9198
5 6767 9439 10119 9199
5 8707 5715 10382 9200
5 7346 9190 10920 9201
5 9232 7071 9432 9202
5 9247 5963 9487 9203
5 5688 9672 10075 9204
5 8771 6903 9477 9205
5 6215 8266 10473 9206
5 9164 6876 10172 9207
5 8063 7020 10708 9208
5 9067 5633 9775 9209
5 8728 6886 9414 9210
5 5920 10062 10709 9211
5 6317 8844 9852 9212
5 8176 6988 10990 9213
5 7396 8378 10296 9214
5 6832 8509 9840 9215
5 10400 8309 10989 9216
5 8791 6672 10998 9217
5 6466 8535 10344 9218
5 8559 6125 9740 9219
5 7826 10081 10581 9220
5 357 9072 10136 9221
5 8407 7117 10428 9222
5 6990 9426 10298 9223
5 5887 8347 10866 9224
5 6327 8259 10195 9225
5 8669 7520 10434 9226
5 8927 6937 9381 9227
5 9541 7149 10484 9228
5 7506 9534 10700 9229
5 8543 7269 9884 9230
5 7130 9109 9945 9231
5 9951 7274 10206 9232
5 8672 6769 10054 9233
5 6847 8429 10401 9234
5 7862 6275 10363 9235
5 7385 8646 10685 9236
5 9155 6719 9433 9237
5 6635 9481 10602 9238
5 9036 5657 10214 9239
5 6138 8437 10873 9240
5 9765 6089 10026 9241
5 6479 8874 10181 9242
5 7282 10290 10719 9243
5 6850 9619 10354 9244
5 6785 9867 10278 9245
5 8421 5854 10927 9246
5 10469 5714 10901 9247
5 407 8941 10879 9248
5 6981 8675 9528 9249
5 5942 8149 10013 9250
5 2794 8649 9723 9251
5 9743 6791 10754 9252
5 8891 6882 9578 9253
5 7575 9048 10568 9254
5 8183 8709 10607 9255
5 8794 7477 9262 9256
5 6637 8461 9577 9257
5 8232 6954 9894 9258
5 5933 8804 9007 9259
5 8759 6705 9313 9260
5 9598 6515 10218 9261
5 8222 6684 10256 9262
5 3298 2902 10313 9263
5 9056 5754 9886 9264
5 7032 8375 10308 9265
5 5627 8521 10591 9266
5 7024 8554 10183 9267
5 6722 8854 9471 9268
5 6062 8281 10962 9269
5 8100 10600 10628 9270
5 8714 6398 10811 9271
5 6851 8540 9860 9272
5 8389 5757 10634 9273
5 10082 7452 10935 9274
5 8773 6730 10185 9275
5 8933 5834 9805 9276
5 8926 7123 9319 9277
5 8417 5956 10551 9278
5 5904 8212 10249 9279
5 8999 6700 10659 9280
5 7422 8722 10597 9281
5 8934 6663 9194 9282
5 8139 7061 10214 9283
5 8307 6584 10680 9284
5 8615 6047 9923 9285
5 8841 6505 10204 9286
5 7407 8109 10928 9287
5 8181 6560 10449 9288
5 6124 8834 10985 9289
5 6933 8385 10279 9290
5 9721 6576 10508 9291
5 886 922 10408 9292
5 6837 10089 10498 9293
5 8814 6969 9826 9294
5 6775 9904 10074 9295
5 6657 9220 10577 9296
5 6398 9190 10985 9297
5 4558 4810 10357 9298
5 6125 8595 9627 9299
5 6935 9570 10562 9300
5 5981 8422 10166 9301
5 9982 6790 10682 9302
5 6597 8762 10480 9303
5 6450 8758 9600 9304
5 7590 9347 10922 9305
5 5722 8448 9703 9306
5 6324 8389 10864 9307
5 7184 9429 9643 9308
5 5611 8570 10299 9309
5 8502 7212 10622 9310
5 9101 6780 9615 9311
5 7955 8226 9971 9312
5 8053 6836 9972 9313
5 8689 6364 10795 9314
5 8949 6858 10398 9315
5 6142 8406 10625 9316
5 7129 8402 9524 9317
5 7418 9685 10206 9318
5 6687 8364 10788 9319
5 8540 6851 10230 9320
5 8827 6287 9787 9321
5 6864 8915 10363 9322
5 6819 9821 10060 9323
5 8077 9255 10886 9324
5 8588 5906 10794 9325
5 6800 9216 9217 9326
5 9433 5748 9688 9327
5 6398 8834 10811 9328
5 6962 9046 9473 9329
5 6812 8408 9996 9330
5 8398 5987 10910 9331
5 9140 7525 9748 9332
5 8509 438 9840 9333
5 6643 10527 10717 9334
5 7421 10418 10453 9335
5 9264 6663 9281 9336
5 8418 453 10109 9337
5 9402 6759 9480 9338
5 9618 6874 10391 9339
5 9413 5873 10611 9340
5 7577 9906 10851 9341
5 8793 6653 9286 9342
5 8802 6001 9510 9343
5 7027 9020 10992 9344
5 6044 8426 9776 9345
5 9035 5942 10013 9346
5 8422 6963 10721 9347
5 6432 8542 9937 9348
5 7561 9186 9843 9349
5 7098 9527 10491 9350
5 7033 8629 9733 9351
5 6904 9013 10582 9352
5 8616 6002 10635 9353
5 7061 9036 10214 9354
5 8349 5907 10114 9355
5 8325 7041 10264 9356
5 8591 6493 10826 9357
5 9123 6120 9385 9358
5 9125 6439 9488 9359
5 6726 9066 10724 9360
5 10554 6056 10952 9361
5 7165 9458 10725 9362
5 8504 6658 10143 9363
5 5913 8387 9743 9364
5 344 8668 10191 9365
5 8584 5937 9572 9366
5 8181 6666 10478 9367
5 6608 8573 10146 9368
5 6214 8460 10668 9369
5 8437 6970 10873 9370
5 8453 6580 10211 9371
5 6790 8627 10682 9372
5 6751 8791 10829 9373
5 7151 8745 10733 9374
5 5622 8773 10642 9375
5 8602 6446 9560 9376
5 6130 9590 10802 9377
5 9842 5662 10544 9378
5 9100 6639 9512 9379
5 7146 9144 9807 9380
5 8658 6365 9855 9381
5 7230 9267 10010 9382
5 9303 6741 10936 9383
5 6338 8252 10770 9384
5 5916 8741 9660 9385
5 6040 9734 10527 9386
5 8823 6520 9273 9387
5 9256 6022 9941 9388
5 5663 8303 9965 9389
5 6307 8377 10789 9390
5 8982 5759 10025 9391
5 8884 7248 10931 9392
5 8658 7400 9924 9393
5 9505 7781 10826 9394
5 8220 6256 10509 9395
5 8885 7296 10901 9396
5 7070 9474 10369 9397
5 8873 6054 10840 9398
5 6801 8917 10918 9399
5 6458 8858 9648 9400
5 8802 6795 9406 9401
5 7715 10554 10952 9402
5 6010 9217 10918 9403
5 9925 7688 10506 9404
5 5904 8805 9974 9405
5 9388 7075 10479 9406
5 6817 8465 10176 9407
5 7678 8483 10940 9408
5 5952 8604 9919 9409
5 6395 8598 10068 9410
5 6705 8759 10366 9411
5 6150 9727 10633 9412
5 5817 8374 10678 9413
5 6332 8072 10250 9414
5 8657 6076 9942 9415
5 5726 8606 10758 9416
5 10153 7051 10977 9417
5 7177 8979 9842 9418
5 9821 7196 10060 9419
5 4054 1750 10812 9420
5 8593 5840 10257 9421
5 7306 8616 10635 9422
5 5831 8686 10641 9423
5 6752 8697 10763 9424
5 8662 6599 9522 9425
5 9220 6657 9414 9426
5 6712 9119 10303 9427
5 9002 6778 9590 9428
5 6599 8662 9659 9429
5 2614 4990 10710 9430
5 8508 6837 9644 9431
5 8892 6555 10018 9432
5 9427 6861 9512 9433
5 6336 8729 9988 9434
5 5782 8501 10996 9435
5 8520 5831 10641 9436
5 8500 5878 9966 9437
5 8585 6690 9552 9438
5 6929 8226 10367 9439
5 5785 8597 9940 9440
5 9229 7186 10329 9441
5 8289 5886 10563 9442
5 6152 9438 10234 9443
5 6769 8657 9942 9444
5 6823 8634 9421 9445
5 6999 9035 10013 9446
5 6067 8771 9914 9447
5 8267 5820 10622 9448
5 9404 6073 10836 9449
5 490 8829 9693 9450
5 9267 7230 10547 9451
5 10079 6998 10122 9452
5 5637 8905 10706 9453
5 8623 7662 10188 9454
5 8351 6806 9964 9455
5 8997 5843 9800 9456
5 6790 9982 10213 9457
5 1030 4414 10900 9458
5 5904 8232 9894 9459
5 7996 6487 10890 9460
5 5603 8926 9319 9461
5 8763 6735 10610 9462
5 8665 6497 9500 9463
5 396 9249 9932 9464
5 6658 8504 10239 9465
5 6627 8668 9985 9466
5 8969 6390 9732 9467
5 6295 9407 9420 9468
5 8391 5936 10160 9469
5 4882 3982 10912 9470
5 5732 8468 10569 9471
5 6519 8446 10965 9472
5 8422 6786 10166 9473
5 8771 6527 9914 9474
5 8106 10651 10695 9475
5 8394 6996 10842 9476
5 7325 9660 9831 9477
5 9193 6698 10269 9478
5 10058 7074 10848 9479
5 6296 8549 10786 9480
5 388 8614 10346 9481
5 8733 6760 9862 9482
5 8426 6044 9906 9483
5 2398 10150 10960 9484
5 6833 9664 9704 9485
5 10004 7101 10140 9486
5 6265 8648 10612 9487
5 8561 6114 10325 9488
5 10029 8173 10895 9489
5 9122 6998 10079 9490
5 9210 5693 10089 9491
5 9245 7091 10626 9492
5 6130 9002 9590 9493
5 10493 6934 10574 9494
5 9575 6773 9959 9495
5 6784 8185 10727 9496
5 6683 8664 9623 9497
5 10097 6158 10168 9498
5 7729 8684 9880 9499
5 7051 8849 10977 9500
5 5725 10034 10053 9501
5 6133 10251 10436 9502
5 6889 9620 10882 9503
5 8773 6955 10642 9504
5 5708 8458 10335 9505
5 9621 7298 9909 9506
5 8337 356 10136 9507
5 6647 8363 10044 9508
5 8804 5933 9856 9509
5 8317 6015 10818 9510
5 8192 6745 10117 9511
5 8812 5760 9480 9512
5 5955 8290 10746 9513
5 1642 2398 10960 9514
5 8749 6043 10293 9515
5 6636 8476 9872 9516
5 5979 8586 10483 9517
5 6099 8624 9839 9518
5 6290 8041 10682 9519
5 9015 6716 9277 9520
5 6877 8417 10551 9521
5 9042 7411 10657 9522
5 8630 6732 10030 9523
5 5742 8733 9862 9524
5 8617 5673 10113 9525
5 9549 7161 10458 9526
5 7345 9736 10940 9527
5 8926 6442 10792 9528
5 8560 7328 10853 9529
5 9110 6980 9342 9530
5 8358 7048 10952 9531
5 6803 8919 9122 9532
5 9257 5955 10649 9533
5 9461 7358 10051 9534
5 6088 10015 10174 9535
5 5677 8672 10054 9536
5 7184 9643 10838 9537
5 8973 6643 9795 9538
5 5704 8528 10414 9539
5 6062 10100 10772 9540
5 9664 6833 10745 9541
5 5962 8948 9541 9542
5 8486 6456 10090 9543
5 8812 6759 10964 9544
5 6009 8631 9910 9545
5 7152 8655 10893 9546
5 6686 9033 10938 9547
5 6639 8863 9512 9548
5 8431 6040 10527 9549
5 6006 8664 10058 9550
5 9664 7034 9704 9551
5 6658 9401 10143 9552
5 9487 5963 10800 9553
5 6726 8878 10324 9554
5 8591 6750 10134 9555
5 6721 8985 10365 9556
5 6743 8626 10415 9557
5 9947 6558 10716 9558
5 8314 6964 10868 9559
5 6661 8463 9877 9560
5 6982 8947 10596 9561
5 6955 9794 10642 9562
5 6559 8592 10023 9563
5 8246 10813 10841 9564
5 5813 8569 10969 9565
5 6574 9009 9712 9566
5 8463 6661 9896 9567
5 10157 8031 10913 9568
5 8994 5921 9543 9569
5 5922 9262 10899 9570
5 7852 9745 10933 9571
5 7063 9444 10867 9572
5 6405 8675 10759 9573
5 10146 7463 10291 9574
5 6136 9443 10314 9575
5 9173 7183 10268 9576
5 5618 8638 10374 9577
5 9128 7014 9508 9578
5 6839 8674 10095 9579
5 8934 6505 9679 9580
5 5620 9441 9528 9581
5 9434 5753 9574 9582
5 9997 8477 10572 9583
5 8007 6380 10904 9584
5 8960 7264 10856 9585
5 9077 6201 10601 9586
5 6513 8505 9617 9587
5 8709 7132 10607 9588
5 6436 8629 10831 9589
5 8828 6742 10486 9590
5 6883 8521 10943 9591
5 7026 8442 10755 9592
5 10161 5867 10722 9593
5 6564 8632 10469 9594
5 8091 5875 10905 9595
5 8604 5952 10078 9596
5 9964 6806 10107 9597
5 7123 8926 10792 9598
5 8785 7226 9815 9599
5 6604 8653 10141 9600
5 8832 6710 10416 9601
5 9333 5713 10102 9602
5 6452 9159 10702 9603
5 6852 9272 10118 9604
5 7239 8609 10061 9605
5 8526 6593 9563 9606
5 6593 8624 10534 9607
5 6879 8594 10550 9608
5 8115 6353 10546 9609
5 7748 8472 10133 9610
5 8594 5632 10550 9611
5 8713 6823 9421 9612
5 9405 6791 9743 9613
5 6103 10463 10492 9614
5 8522 7356 10806 9615
5 10114 6726 10324 9616
5 5886 8809 10563 9617
5 6061 9550 9739 9618
5 6439 9125 9832 9619
5 5651 9216 9587 9620
5 6684 8523 9783 9621
5 9304 6668 10488 9622
5 6667 8925 9803 9623
5 5986 9128 9508 9624
5 5723 8568 9606 9625
5 9929 6909 10752 9626
5 5718 8453 10211 9627
5 6941 8795 10971 9628
5 6586 8804 9856 9629
5 7112 9508 10444 9630
5 8915 7862 10363 9631
5 6210 8400 10997 9632
5 6873 9065 9566 9633
5 5618 8535 10125 9634
5 9037 6595 9569 9635
5 7045 8539 10263 9636
5 6937 9365 10088 9637
5 5987 8398 10331 9638
5 10420 7643 10819 9639
5 6822 8750 10272 9640
5 9247 6854 9587 9641
5 8291 6296 10786 9642
5 9249 397 10006 9643
5 6581 8541 10514 9644
5 5776 9137 9519 9645
5 8674 6108 10095 9646
5 9187 6487 9559 9647
5 9766 7381 10495 9648
5 7128 8976 9928 9649
5 6252 8203 10971 9650
5 6725 9162 10373 9651
5 6579 8322 10304 9652
5 8918 6545 9635 9653
5 7084 9129 9993 9654
5 421 8484 10183 9655
5 8945 6578 10542 9656
5 5635 9381 10088 9657
5 8844 6879 9852 9658
5 8475 6026 10435 9659
5 6371 8546 10679 9660
5 5902 9462 10426 9661
5 5825 9153 9534 9662
5 9230 6891 10787 9663
5 8105 8500 10872 9664
5 8878 6404 10324 9665
5 6336 9988 10185 9666
5 8764 6011 9183 9667
5 6752 9145 9146 9668
5 6836 8053 10598 9669
5 6869 8410 9892 9670
5 6183 9411 9905 9671
5 5723 10451 10804 9672
5 8637 6667 10447 9673
5 7484 8531 10663 9674
5 8383 7378 10418 9675
5 7174 8945 10542 9676
5 9700 7029 10235 9677
5 8627 6290 10682 9678
5 340 8540 10230 9679
5 7399 10033 10203 9680
5 8226 5912 10367 9681
5 7008 8430 10460 9682
5 6011 8764 9325 9683
5 9553 7122 10152 9684
5 8649 6831 9723 9685
5 8244 6901 10681 9686
5 7278 9842 10544 9687
5 5993 9867 10171 9688
5 6988 8322 10990 9689
5 6925 8713 9981 9690
5 6997 8470 10621 9691
5 9261 6632 9431 9692
5 8849 6512 10977 9693
5 6260 8037 10966 9694
5 9134 7334 11000 9695
5 5937 8584 10012 9696
5 8601 5788 10617 9697
5 6162 7500 10914 9698
5 6906 9447 10080 9699
5 9216 6801 9217 9700
5 8749 6860 9682 9701
5 9041 5962 9541 9702
5 6946 10386 10697 9703
5 10033 7040 10203 9704
5 9227 6746 10340 9705
5 8829 8115 10546 9706
5 5731 8438 10784 9707
5 6866 8507 10492 9708
5 8687 6423 10379 9709
5 9187 5888 9359 9710
5 9911 6045 9963 9711
5 9672 7321 10075 9712
5 6769 9022 10545 9713
5 8666 6467 10834 9714
5 6598 8646 9949 9715
5 8450 5667 10476 9716
5 6640 8796 9479 9717
5 9860 6026 10094 9718
5 7327 9927 9939 9719
5 6872 10429 10649 9720
5 6804 10260 10388 9721
5 7185 9464 9923 9722
5 7872 9047 10884 9723
5 6055 9295 10281 9724
5 7370 9765 10026 9725
5 6184 9695 10660 9726
5 8249 6976 10548 9727
5 6860 8997 9800 9728
5 8887 5972 9283 9729
5 6838 9657 10165 9730
5 9343 5642 9837 9731
5 8858 6804 9648 9732
5 7403 9326 10462 9733
5 9428 7092 9719 9734
5 8701 5856 10553 9735
5 8932 5832 9922 9736
5 9096 7196 9821 9737
5 6119 9715 10057 9738
5 6744 8943 10438 9739
5 6792 9264 9281 9740
5 6663 9107 9963 9741
5 8526 5717 10839 9742
5 7568 8567 10267 9743
5 8569 7020 10969 9744
5 5664 8977 9745 9745
5 9480 5760 9728 9746
5 6668 8642 10488 9747
5 7070 10369 10745 9748
5 8975 5876 10674 9749
5 8835 6733 10844 9750
5 6995 9698 9742 9751
5 9497 7038 10824 9752
5 5974 8860 9863 9753
5 5951 8454 10158 9754
5 8499 6002 10670 9755
5 5773 9766 10495 9756
5 8614 6922 10346 9757
5 8458 6389 10937 9758
5 8723 6715 9324 9759
5 6778 9002 10815 9760
5 8799 5644 10548 9761
5 9220 6886 9428 9762
5 8908 5980 9918 9763
5 8310 6539 10461 9764
5 9948 6536 10849 9765
5 8942 7928 10417 9766
5 8759 6425 10366 9767
5 8697 5950 10763 9768
5 6423 8651 10379 9769
5 8364 6420 10788 9770
5 9451 5840 9661 9771
5 9464 6664 9923 9772
5 8546 6877 10679 9773
5 8755 5809 10902 9774
5 9906 7124 10851 9775
5 6681 8921 9804 9776
5 8072 9097 10250 9777
5 7205 9357 9777 9778
5 8940 8340 10758 9779
5 9004 6539 9699 9780
5 6444 8769 10046 9781
5 9223 6175 10644 9782
5 6863 9101 9615 9783
5 6890 10021 10603 9784
5 7382 8932 9922 9785
5 8379 380 10585 9786
5 8695 6869 10878 9787
5 7942 9371 9397 9788
5 9798 7046 10974 9789
5 5763 8682 10736 9790
5 5664 9745 10965 9791
5 6033 7955 9971 9792
5 6750 8591 10826 9793
5 9658 6837 10498 9794
5 7907 9798 10974 9795
5 5988 8763 10995 9796
5 6222 8653 10587 9797
5 9153 6848 9534 9798
5 6821 8994 9543 9799
5 6459 8250 10773 9800
5 7060 9150 10317 9801
5 8626 6070 10415 9802
5 5656 8169 10875 9803
5 9867 7442 10278 9804
5 8549 6899 10786 9805
5 8818 7029 10306 9806
5 8460 6214 10474 9807
5 9350 6619 10442 9808
5 8767 6570 10355 9809
5 6877 8546 10616 9810
5 8532 7026 10755 9811
5 9637 6039 10518 9812
5 7117 9272 10558 9813
5 6717 9015 9277 9814
5 7172 9863 10025 9815
5 8803 5743 10991 9816
5 9186 6606 9843 9817
5 9380 6874 9618 9818
5 10015 7378 10174 9819
5 8483 7345 10940 9820
5 9082 5954 9400 9821
5 6580 9081 9369 9822
5 7029 8818 10235 9823
5 9330 6529 9811 9824
5 5970 8762 10152 9825
5 10326 7095 10798 9826
5 9935 6932 10149 9827
5 7296 10469 10901 9828
5 6850 9574 10124 9829
5 9812 6103 10492 9830
5 6697 8574 10084 9831
5 6617 8638 10000 9832
5 9203 6064 10932 9833
5 8680 5957 10923 9834
5 8682 6793 10736 9835
5 8960 7695 10063 9836
5 8473 6642 10611 9837
5 9147 5998 9360 9838
5 9352 6912 10171 9839
5 9736 6089 10940 9840
5 9047 6655 10884 9841
5 5972 8887 9456 9842
5 8865 6630 9865 9843
5 7592 8739 10465 9844
5 8350 6937 10709 9845
5 9579 5736 9684 9846
5 8169 5656 10945 9847
5 6324 8543 9884 9848
5 6961 9492 10265 9849
5 7626 10326 10798 9850
5 7653 10508 10590 9851
5 6353 8115 10319 9852
5 6670 9140 9748 9853
5 7038 8279 10968 9854
5 5962 9041 9726 9855
5 6397 8500 10305 9856
5 8758 7689 10248 9857
5 7023 8663 10064 9858
5 6083 9651 10077 9859
5 6970 9197 10468 9860
5 6064 9893 10932 9861
5 6944 9911 9963 9862
5 6694 8576 10557 9863
5 8786 5685 10508 9864
5 8629 7033 10831 9865
5 8739 5789 10465 9866
5 8773 5622 10627 9867
5 7668 8527 10970 9868
5 8682 6433 10208 9869
5 8795 6252 10971 9870
5 8696 6807 10808 9871
5 9372 5993 10171 9872
5 5925 8549 10217 9873
5 10251 7641 10436 9874
5 9026 6601 9418 9875
5 7744 8884 10931 9876
5 8805 6846 9974 9877
5 6942 9579 9684 9878
5 9758 6721 10365 9879
5 8886 6672 10766 9880
5 7230 9323 10547 9881
5 8716 6027 9938 9882
5 9323 6393 10547 9883
5 6970 8345 10873 9884
5 7374 8524 10405 9885
5 6134 8940 9953 9886
5 8916 7283 10875 9887
5 9863 6885 10025 9888
5 9443 7200 10314 9889
5 10070 7485 10747 9890
5 6861 9100 9512 9891
5 5706 8964 9891 9892
5 5988 8960 10856 9893
5 5918 8738 10073 9894
5 10418 5672 10453 9895
5 5902 9108 10043 9896
5 9383 7327 9990 9897
5 8619 5607 10384 9898
5 6828 8916 10266 9899
5 9151 7603 9738 9900
5 7741 9947 10716 9901
5 7221 8772 10331 9902
5 9199 7326 10069 9903
5 6853 10229 10525 9904
5 10451 7918 10804 9905
5 7114 8731 10421 9906
5 6916 8283 10989 9907
5 9001 5901 10321 9908
5 8943 5666 10438 9909
5 5673 8231 10889 9910
5 6869 9892 10878 9911
5 6650 9010 10765 9912
5 6210 9096 9821 9913
5 6007 9110 9342 9914
5 9371 5640 9397 9915
5 8468 6892 10569 9916
5 9734 7699 10527 9917
5 9272 7117 10118 9918
5 5956 8565 10551 9919
5 7440 9423 10740 9920
5 8609 7466 10061 9921
5 8919 6803 10799 9922
5 8784 6781 10318 9923
5 8917 7294 10918 9924
5 6352 8212 10980 9925
5 6966 9760 10850 9926
5 5639 8761 10403 9927
5 9159 7260 10702 9928
5 6150 9245 10626 9929
5 7556 9042 10657 9930
5 9281 6663 9963 9931
5 6705 9344 10167 9932
5 9002 7225 10815 9933
5 7164 9350 10442 9934
5 8916 6267 10266 9935
5 5759 9786 10526 9936
5 6953 8855 10123 9937
5 9411 7050 9905 9938
5 10620 6957 10902 9939
5 9930 6827 10055 9940
5 9309 7566 10534 9941
5 5749 8663 10858 9942
5 6881 9426 9864 9943
5 7133 8588 10794 9944
5 8584 6526 10012 9945
5 6958 9619 10124 9946
5 6659 8578 10586 9947
5 6586 9706 10306 9948
5 9706 6586 9856 9949
5 6702 8753 9677 9950
5 7155 9091 10744 9951
5 6996 9056 9886 9952
5 7401 9018 10357 9953
5 6793 8682 10208 9954
5 6804 8858 10260 9955
5 8790 5863 10286 9956
5 6610 9642 9742 9957
5 6478 10253 10480 9958
5 8500 6397 10872 9959
5 9715 7299 10057 9960
5 7378 10348 10418 9961
5 9393 7829 10625 9962
5 8727 5990 9879 9963
5 6859 9202 10036 9964
5 9041 6845 9726 9965
5 8819 6680 9859 9966
5 8725 5781 10767 9967
5 5654 8984 10638 9968
5 9091 6748 10744 9969
5 9075 6986 10604 9970
5 8639 6689 10955 9971
5 8495 6265 10612 9972
5 8917 6801 10463 9973
5 8736 6655 10854 9974
5 8716 6878 10883 9975
5 6510 8851 10194 9976
5 7604 10555 10595 9977
5 7381 10201 10495 9978
5 8440 7452 10082 9979
5 9978 7596 10860 9980
5 7841 10620 10902 9981
5 8646 6598 10685 9982
5 8954 6485 10507 9983
5 9485 7303 10703 9984
5 5712 9489 10238 9985
5 8708 5923 10694 9986
5 9277 5710 9854 9987
5 8648 6968 10612 9988
5 9978 5763 10736 9989
5 7828 9613 10200 9990
5 9637 7064 10314 9991
5 8323 6041 10589 9992
5 6757 8910 10984 9993
5 9458 7259 10725 9994
5 6992 9224 9624 9995
5 8606 6930 10758 9996
5 8651 6808 10379 9997
5 5864 8639 10769 9998
5 6735 9076 9722 9999
5 5672 8779 10453 10000
5 9451 7029 9700 10001
5 9551 6839 9788 10002
5 8966 6788 10368 10003
5 8279 6092 10968 10004
5 6290 8627 10621 10005
5 9197 5653 10468 10006
5 5242 9182 10050 10007
5 6039 8732 10823 10008
5 1174 8888 10520 10009
5 8650 6406 10722 10010
5 9365 6799 10088 10011
5 8876 6952 10865 10012
5 6427 8843 10673 10013
5 9658 5990 10494 10014
5 9474 6005 9746 10015
5 8115 9080 10319 10016
5 5773 9549 10080 10017
5 6214 8944 10474 10018
5 6176 10082 10935 10019
5 8946 6190 9729 10020
5 8910 5720 10984 10021
5 9660 6685 9831 10022
5 5737 8752 10994 10023
5 6962 8090 10334 10024
5 8950 6994 10947 10025
5 5888 9187 9559 10026
5 6923 9137 10578 10027
5 6700 9632 10659 10028
5 5652 8656 10652 10029
5 6748 9527 10237 10030
5 6785 9352 10171 10031
5 7345 9045 9736 10032
5 8783 5819 10441 10033
5 8203 9118 10971 10034
5 6129 8784 10318 10035
5 7629 10651 10844 10036
5 9070 5670 10903 10037
5 5686 8598 10656 10038
5 6670 9274 9705 10039
5 6867 9123 9385 10040
5 8984 7032 10638 10041
5 6855 9751 10113 10042
5 6171 9121 10632 10043
5 6874 8963 10391 10044
5 6880 10241 10877 10045
5 6092 8971 10968 10046
5 9406 6795 9846 10047
5 9722 5767 10395 10048
5 6653 9451 9700 10049
5 5938 9205 9518 10050
5 8923 7031 10294 10051
5 8772 5987 10331 10052
5 6801 8511 10463 10053
5 7633 9537 10820 10054
5 10658 7365 10713 10055
5 6873 8790 10286 10056
5 6974 9519 9907 10057
5 9519 6923 9907 10058
5 9009 5674 9712 10059
5 6886 9220 9414 10060
5 9407 6924 9420 10061
5 8676 6679 10160 10062
5 5912 9380 9618 10063
5 7253 9935 10149 10064
5 6811 9600 10075 10065
5 9212 5678 10730 10066
5 8736 5770 10884 10067
5 8779 6847 10453 10068
5 9274 7267 9705 10069
5 9142 7505 9796 10070
5 7066 9343 9837 10071
5 9216 6800 9587 10072
5 9459 7349 9611 10073
5 8862 6767 10119 10074
5 6085 9075 10604 10075
5 8565 6371 10679 10076
5 6967 8701 10553 10077
5 7004 9434 10701 10078
5 8967 7413 10049 10079
5 8843 6805 10673 10080
5 8659 6783 10949 10081
5 7303 9485 9929 10082
5 7336 9257 10649 10083
5 6875 8783 10441 10084
5 5704 10004 10140 10085
5 9426 6990 9864 10086
5 8922 5700 10355 10087
5 8829 6914 9693 10088
5 9419 7256 10869 10089
5 7040 10033 10775 10090
5 6907 9541 10484 10091
5 6682 8528 10042 10092
5 5991 9252 10084 10093
5 7735 10743 10959 10094
5 8962 6868 10330 10095
5 9893 7350 10932 10096
5 9204 5946 10609 10097
5 8858 5998 10260 10098
5 9804 5646 10909 10099
5 8710 7424 10430 10100
5 7465 9573 10615 10101
5 7077 10070 10747 10102
5 10508 5685 10590 10103
5 6433 8682 10768 10104
5 9270 5734 10111 10105
5 7101 9241 10754 10106
5 10054 6769 10545 10107
5 9300 6051 10838 10108
5 5638 9419 10869 10109
5 6480 9603 10240 10110
5 6768 8785 10584 10111
5 6907 9041 9541 10112
5 9129 6123 9993 10113
5 6924 9407 10572 10114
5 9438 6798 10234 10115
5 8959 6613 9753 10116
5 8860 6885 9863 10117
5 9574 5753 10124 10118
5 5945 9163 10010 10119
5 6950 9474 9746 10120
5 10290 6143 10719 10121
5 6103 8917 10463 10122
5 9489 6994 10238 10123
5 6666 8181 10933 10124
5 5652 8876 10865 10125
5 8929 6542 10564 10126
5 7699 9734 10476 10127
5 9695 7470 10660 10128
5 5848 8696 10808 10129
5 10108 6737 10777 10130
5 8776 5899 10764 10131
5 8775 5810 10298 10132
5 8925 6121 9803 10133
5 7727 6240 10896 10134
5 7206 9930 10055 10135
5 8977 6666 9745 10136
5 5923 8495 10694 10137
5 6015 8768 10818 10138
5 10014 6077 10232 10139
5 9619 6850 10124 10140
5 8369 6364 10354 10141
5 8663 7023 10858 10142
5 6892 8468 10524 10143
5 6360 8920 10210 10144
5 9072 6634 10136 10145
5 6162 9332 9771 10146
5 5723 9861 10451 10147
5 5978 8973 9795 10148
5 9427 6986 10031 10149
5 10260 7265 10388 10150
5 6931 9434 9574 10151
5 9476 6757 9768 10152
5 8927 5920 10709 10153
5 5997 8962 10330 10154
5 7757 8813 10592 10155
5 6849 8806 10567 10156
5 6818 9148 10803 10157
5 7099 9406 9846 10158
5 8856 8323 10589 10159
5 5827 8835 10844 10160
5 9953 7279 10870 10161
5 7378 10015 10348 10162
5 6870 9829 10270 10163
5 9441 6981 9528 10164
5 6797 9346 10856 10165
5 6845 9041 10120 10166
5 9295 7415 10281 10167
5 5926 8777 10693 10168
5 9018 4558 10357 10169
5 7255 9191 9801 10170
5 7083 9223 10220 10171
5 5811 8897 10778 10172
5 6702 9487 10800 10173
5 5888 9559 10110 10174
5 5625 9642 10594 10175
5 9829 7153 10270 10176
5 7369 9134 11000 10177
5 9032 6736 10207 10178
5 8697 6480 10240 10179
5 9394 6715 10145 10180
5 6389 8859 10937 10181
5 6465 8352 10668 10182
5 9445 6789 10016 10183
5 8670 6504 10525 10184
5 8787 6768 10584 10185
5 9521 5744 9999 10186
5 9202 6031 10036 10187
5 5795 9445 10686 10188
5 8817 5948 10944 10189
5 7029 9661 10306 10190
5 6800 9247 9587 10191
5 9075 6758 9756 10192
5 9856 5933 10629 10193
5 9223 7083 10930 10194
5 9137 6923 9519 10195
5 8516 5924 10558 10196
5 6757 9739 9768 10197
5 9550 7030 9739 10198
5 9601 6884 10779 10199
5 6834 9112 9999 10200
5 5875 8689 10011 10201
5 10395 7322 10610 10202
5 8684 6822 9880 10203
5 8809 7065 10563 10204
5 5852 8954 10956 10205
5 6751 9249 10006 10206
5 6952 8817 10944 10207
5 9145 6272 10793 10208
5 9241 5913 10754 10209
5 10201 6978 10495 10210
5 7022 9108 9816 10211
5 10555 6940 10595 10212
5 8590 6698 9193 10213
5 6989 9300 10838 10214
5 9125 6896 9832 10215
5 6508 8639 10955 10216
5 6053 10072 10721 10217
5 7454 8975 10097 10218
5 6372 8919 10799 10219
5 5998 8828 10486 10220
5 7264 8960 10063 10221
5 10308 6065 10761 10222
5 10229 6853 10667 10223
5 8413 6717 10443 10224
5 7490 9161 10749 10225
5 9249 6751 9932 10226
5 8672 5677 10749 10227
5 9881 6826 9885 10228
5 9108 5902 10426 10229
5 10348 5672 10418 10230
5 5796 9332 10623 10231
5 7141 9708 10491 10232
5 6138 8545 10765 10233
5 5963 9573 10800 10234
5 6835 9435 9684 10235
5 5645 8999 10659 10236
5 6816 9719 9802 10237
5 9189 6522 10471 10238
5 6703 8969 10091 10239
5 6045 9281 9963 10240
5 9601 5655 9853 10241
5 5820 9003 10008 10242
5 7200 9637 10314 10243
5 9255 5823 10738 10244
5 9851 7021 10664 10245
5 10743 7003 10959 10246
5 6404 8349 10324 10247
5 6080 9700 10235 10248
5 6762 9621 9909 10249
5 10253 7585 10480 10250
5 5758 9753 10175 10251
5 8813 7529 10592 10252
5 9089 6654 10896 10253
5 9967 6805 10633 10254
5 6523 9759 10317 10255
5 9076 6797 10481 10256
5 8871 6395 10843 10257
5 6619 8735 10442 10258
5 8109 8746 10928 10259
5 9160 7071 10973 10260
5 9941 7282 10719 10261
5 9651 7247 10077 10262
5 6831 8649 10297 10263
5 9043 7576 10274 10264
5 9267 6775 10074 10265
5 7596 9978 10736 10266
5 6949 8946 10993 10267
5 9466 6776 9762 10268
5 7095 10182 10517 10269
5 6625 8763 10610 10270
5 10620 6105 10998 10271
5 6117 9158 9791 10272
5 9357 7442 9867 10273
5 6030 9383 9990 10274
5 6143 10376 10719 10275
5 6404 9681 10967 10276
5 7842 9972 10782 10277
5 6691 8894 10170 10278
5 6674 9145 10793 10279
5 6968 8708 10694 10280
5 10347 7555 10706 10281
5 9223 7563 10220 10282
5 9221 6018 10104 10283
5 8791 6105 10829 10284
5 10182 7095 10326 10285
5 5993 9357 9867 10286
5 6588 8966 10368 10287
5 10015 6810 10348 10288
5 5862 9466 10123 10289
5 6002 8464 10635 10290
5 6583 9379 9876 10291
5 6887 10347 10706 10292
5 9262 7477 10899 10293
5 9445 7211 10686 10294
5 10017 7303 10807 10295
5 6723 9221 10104 10296
5 6754 8688 10394 10297
5 5764 8955 10724 10298
5 9498 6112 10672 10299
5 7071 9160 10751 10300
5 8985 5854 10365 10301
5 6740 9546 10139 10302
5 7383 9851 10664 10303
5 6981 9229 10329 10304
5 454 9501 10109 10305
5 6105 8791 10998 10306
5 9229 6981 10360 10307
5 6666 8677 10478 10308
5 7002 10375 10885 10309
5 9463 6872 10649 10310
5 6998 9079 10311 10311
5 9595 7467 10570 10312
5 9118 6941 10971 10313
5 5950 8527 10763 10314
5 10086 5774 10364 10315
5 7958 9413 10611 10316
5 8962 6777 10053 10317
5 9096 6210 10997 10318
5 6729 9459 9611 10319
5 6690 9461 10051 10320
5 9887 7388 10936 10321
5 6853 9243 10667 10322
5 8859 6893 10937 10323
5 9581 5778 10047 10324
5 9537 6746 10820 10325
5 6812 9533 9769 10326
5 9911 6944 9955 10327
5 7535 10308 10761 10328
5 6213 9033 10817 10329
5 9591 5890 10003 10330
5 10009 8180 10254 10331
5 9757 7164 10442 10332
5 9108 7022 10043 10333
5 7259 9458 9687 10334
5 9312 6713 10173 10335
5 9235 5724 9780 10336
5 7331 9967 10633 10337
5 6851 9501 10230 10338
5 7041 8680 10828 10339
5 6548 9411 10496 10340
5 9717 6816 9802 10341
5 8900 7513 10032 10342
5 6717 9277 9854 10343
5 9108 6694 9816 10344
5 5665 9551 9788 10345
5 6771 8930 10376 10346
5 9494 5607 10126 10347
5 6910 9889 10768 10348
5 7448 9589 10377 10349
5 9421 6698 10715 10350
5 6749 8714 10811 10351
5 9867 6785 10171 10352
5 6477 9265 10618 10353
5 9167 6402 10810 10354
5 9016 5977 10503 10355
5 9845 5868 10880 10356
5 9160 6492 10751 10357
5 9642 6995 9742 10358
5 9533 6047 10048 10359
5 7445 10733 10774 10360
5 7029 9451 9661 10361
5 9442 6834 9999 10362
5 9435 6942 9684 10363
5 10420 6337 10776 10364
5 6512 8519 10977 10365
5 5646 10783 10909 10366
5 6930 8940 10758 10367
5 9622 3298 10313 10368
5 5800 9085 10760 10369
5 6782 8882 10071 10370
5 5869 9017 10001 10371
5 10038 5630 10753 10372
5 7039 9152 10371 10373
5 6134 9953 10870 10374
5 9739 6757 10433 10375
5 6057 9827 10815 10376
5 6017 9421 10715 10377
5 6168 9565 10588 10378
5 6935 10562 10666 10379
5 6522 9161 10471 10380
5 5740 10061 10667 10381
5 6960 8768 10696 10382
5 9503 7427 9878 10383
5 9501 6851 10109 10384
5 9121 7256 10632 10385
5 8768 6960 10818 10386
5 5935 9246 9943 10387
5 9441 6770 10360 10388
5 6981 9441 10360 10389
5 9361 6829 9822 10390
5 9603 7195 10240 10391
5 6855 9560 10941 10392
5 7092 10783 10946 10393
5 9332 6943 10623 10394
5 6912 9372 10171 10395
5 10061 7466 10667 10396
5 8954 7231 10956 10397
5 9107 6944 9963 10398
5 10375 7408 10885 10399
5 7006 9706 9856 10400
5 7623 9465 10883 10401
5 7211 9445 10016 10402
5 9786 7291 10526 10403
5 5698 9976 10452 10404
5 9984 7702 10574 10405
5 9020 5749 10992 10406
5 9486 5790 10193 10407
5 5964 10790 10907 10408
5 6106 10079 10122 10409
5 7764 10035 10654 10410
5 9345 6379 10039 10411
5 6861 9427 10031 10412
5 6809 9581 10047 10413
5 9048 7049 10568 10414
5 6025 9476 9768 10415
5 5868 9120 10880 10416
5 9211 7950 10862 10417
5 9173 6799 10644 10418
5 9595 5804 10506 10419
5 6493 9505 10826 10420
5 9861 7314 10451 10421
5 6798 9172 10234 10422
5 6566 8897 10734 10423
5 5925 9130 10583 10424
5 6175 9223 10930 10425
5 7082 9775 10303 10426
5 9485 6909 9929 10427
5 6803 9668 10799 10428
5 9381 6937 10088 10429
5 9631 5626 10895 10430
5 9085 7055 10760 10431
5 7053 9586 9714 10432
5 6803 9122 10079 10433
5 7347 10349 10468 10434
5 6818 9131 10729 10435
5 7231 8954 10507 10436
5 8970 7134 10531 10437
5 9447 7003 10080 10438
5 9171 6060 10530 10439
5 9162 7516 10373 10440
5 9704 6055 10281 10441
5 9066 5764 10724 10442
5 7920 9598 10218 10443
5 6059 10393 10798 10444
5 9073 7796 10177 10445
5 9403 7667 9899 10446
5 5655 8942 10417 10447
5 6951 9601 9853 10448
5 7159 9204 10609 10449
5 7315 8781 10903 10450
5 9326 6490 10462 10451
5 6046 9717 9802 10452
5 6665 9497 10022 10453
5 5804 9595 10570 10454
5 6533 9071 10953 10455
5 7286 8889 10945 10456
5 9110 6007 10163 10457
5 9414 6657 10163 10458
5 9497 5996 10022 10459
5 5799 9227 10340 10460
5 8029 10108 10891 10461
5 6937 8927 10709 10462
5 5945 9267 10074 10463
5 9163 7011 10010 10464
5 7445 10106 10733 10465
5 10330 7312 10630 10466
5 7150 9595 10506 10467
5 7365 10086 10364 10468
5 9265 6477 10421 10469
5 6961 10265 10922 10470
5 6598 8555 10685 10471
5 9022 6110 10545 10472
5 6884 9933 10779 10473
5 9311 6213 10817 10474
5 6619 9350 10188 10475
5 9847 6038 10178 10476
5 6807 10195 10808 10477
5 7584 9984 10501 10478
5 6630 8865 10874 10479
5 6959 9448 10630 10480
5 7175 10402 10825 10481
5 9775 6712 10303 10482
5 5959 8844 10580 10483
5 10193 7009 10341 10484
5 9501 339 10230 10485
5 10368 6788 10370 10486
5 6955 9988 10950 10487
5 7487 9544 10126 10488
5 5701 9312 10173 10489
5 6153 9348 10386 10490
5 427 8947 10720 10491
5 7230 10010 10407 10492
5 8789 5966 10877 10493
5 7208 9037 10938 10494
5 6545 9607 10538 10495
5 9507 7434 10034 10496
5 10349 6970 10468 10497
5 6902 10221 10362 10498
5 7023 9154 10954 10499
5 9009 7476 10144 10500
5 9527 7098 10237 10501
5 9375 6608 10291 10502
5 6926 8929 10564 10503
5 8986 5634 10797 10504
5 9417 5762 10607 10505
5 6889 9271 10593 10506
5 6052 9160 10973 10507
5 10177 6974 10178 10508
5 6742 8828 10832 10509
5 5632 8851 10550 10510
5 10273 5891 10919 10511
5 10733 6219 10774 10512
5 4018 9193 10269 10513
5 8969 5631 10091 10514
5 9586 5949 9714 10515
5 10402 7599 10825 10516
5 10149 6086 10280 10517
5 10570 7467 10624 10518
5 10182 7398 10517 10519
5 9653 6766 9976 10520
5 9588 7558 10098 10521
5 7073 9594 10972 10522
5 9255 6292 10886 10523
5 9391 6822 10272 10524
5 6986 8848 10604 10525
5 9103 6651 10897 10526
5 9554 6583 9876 10527
5 5908 10017 10807 10528
5 9545 6684 10801 10529
5 10504 6034 10921 10530
5 9352 5992 10540 10531
5 5901 9094 10321 10532
5 7096 10570 10624 10533
5 7552 9597 10028 10534
5 7340 9486 10193 10535
5 10103 5880 10353 10536
5 7024 9591 10003 10537
5 9446 7451 10276 10538
5 9972 6836 10782 10539
5 8957 6508 10955 10540
5 6886 9804 10909 10541
5 8971 7940 10778 10542
5 9184 5701 10868 10543
5 9372 7618 10180 10544
5 5908 9376 10017 10545
5 6081 9901 10231 10546
5 6241 9473 10687 10547
5 10059 5817 10678 10548
5 6840 8895 10726 10549
5 10562 7583 10666 10550
5 8641 7081 10810 10551
5 6746 9227 10639 10552
5 6594 9236 10987 10553
5 9524 1930 10050 10554
5 6102 10396 10511 10555
5 5958 8859 10752 10556
5 9035 6999 10802 10557
5 9220 6032 10577 10558
5 5668 8693 10911 10559
5 9363 5853 9958 10560
5 7416 10432 10540 10561
5 5826 9014 10619 10562
5 5749 10858 10992 10563
5 9327 6674 10793 10564
5 9123 6867 10381 10565
5 6626 9330 10464 10566
5 7009 9881 9885 10567
5 9034 426 10720 10568
5 9148 5606 10803 10569
5 9739 7030 9768 10570
5 8785 6016 10584 10571
5 5955 9463 10649 10572
5 6048 9375 10323 10573
5 7931 10014 10232 10574
5 6753 10891 10919 10575
5 9251 5773 10495 10576
5 8746 6474 10928 10577
5 5788 10133 10617 10578
5 6709 9171 10530 10579
5 6777 8846 10645 10580
5 9466 6953 10123 10581
5 9544 6975 10126 10582
5 6177 10658 10713 10583
5 9757 7036 10424 10584
5 9489 6491 10615 10585
5 9458 5662 9687 10586
5 6975 9494 10126 10587
5 9271 5768 10593 10588
5 9492 6969 10265 10589
5 5891 9317 10919 10590
5 6698 8590 10715 10591
5 6953 9466 9762 10592
5 6858 9502 10398 10593
5 9344 6081 10167 10594
5 6256 9402 10509 10595
5 5896 8983 10422 10596
5 5928 9135 10926 10597
5 9535 6925 10861 10598
5 7643 10420 10776 10599
5 5614 9663 10189 10600
5 7081 9167 10810 10601
5 6971 9692 10319 10602
5 7340 10193 10341 10603
5 7466 10229 10667 10604
5 9559 7144 10110 10605
5 9718 8242 10507 10606
5 9783 8219 10801 10607
5 6123 9113 10681 10608
5 6010 8896 10892 10609
5 9719 7092 9802 10610
5 10086 7365 10658 10611
5 7002 9593 10375 10612
5 7078 8944 10627 10613
5 7080 9911 9955 10614
5 7318 10127 10699 10615
5 7043 9339 10541 10616
5 6710 9242 10416 10617
5 6146 9391 10272 10618
5 9813 7825 10528 10619
5 9154 6554 10954 10620
5 10010 7011 10407 10621
5 6914 8829 10546 10622
5 6852 8975 10674 10623
5 9698 6995 10653 10624
5 7210 9103 10897 10625
5 9379 6992 9876 10626
5 9265 7102 10618 10627
5 6772 9308 10470 10628
5 10012 8067 10728 10629
5 9474 6950 10369 10630
5 7236 8856 10589 10631
5 10429 7336 10649 10632
5 9156 6035 10552 10633
5 9135 6983 10926 10634
5 9531 6915 10738 10635
5 6075 9691 10475 10636
5 6131 9076 10481 10637
5 8944 7078 10474 10638
5 10025 5759 10526 10639
5 6104 9984 10574 10640
5 6961 9347 10646 10641
5 9759 7169 10317 10642
5 6839 9551 10888 10643
5 9787 6287 10295 10644
5 10093 7299 10742 10645
5 10051 5761 10696 10646
5 10089 7044 10498 10647
5 6843 9680 10085 10648
5 9243 5740 10667 10649
5 6965 9533 10048 10650
5 10790 7860 10907 10651
5 5744 9442 9999 10652
5 7066 9837 10490 10653
5 9681 7416 10967 10654
5 10858 7728 10992 10655
5 10154 6926 10564 10656
5 9533 6965 9769 10657
5 10396 7456 10511 10658
5 10221 7317 10362 10659
5 6978 9251 10495 10660
5 5720 9394 10145 10661
5 9148 6818 10729 10662
5 9182 7129 10050 10663
5 9473 6009 10687 10664
5 7500 9060 10914 10665
5 5976 9481 10381 10666
5 7259 9687 10561 10667
5 7485 10410 10747 10668
5 5792 9588 10098 10669
5 9158 6117 10490 10670
5 9817 7656 10135 10671
5 9684 5736 10703 10672
5 10127 5653 10699 10673
5 6006 9430 10697 10674
5 7553 9758 10365 10675
5 6362 9211 10862 10676
5 9113 8244 10681 10677
5 6542 8955 10564 10678
5 9802 7092 10946 10679
5 7411 10024 10657 10680
5 7519 9580 10797 10681
5 6880 9817 10135 10682
5 8996 6825 10887 10683
5 6912 9352 10540 10684
5 9097 6917 10250 10685
5 9998 6119 10057 10686
5 5736 9485 10703 10687
5 850 9230 10787 10688
5 6651 9302 10897 10689
5 9457 6754 10571 10690
5 6354 9331 10401 10691
5 6668 9304 10650 10692
5 10233 6959 10630 10693
5 9668 7976 10799 10694
5 9304 7405 10650 10695
5 9692 6353 10319 10696
5 9120 6905 10880 10697
5 9508 7014 10444 10698
5 9060 7018 10914 10699
5 6833 9704 10281 10700
5 10467 7313 10505 10701
5 7132 9417 10607 10702
5 6119 9446 10276 10703
5 6684 9783 10801 10704
5 6781 9212 10730 10705
5 10432 6912 10540 10706
5 9955 5641 10115 10707
5 5997 10330 10630 10708
5 7108 9787 10295 10709
5 6728 9503 9878 10710
5 6554 9059 10954 10711
5 6906 9549 10458 10712
5 9411 6548 10780 10713
5 9984 6104 10501 10714
5 9593 6249 10375 10715
5 5739 10182 10326 10716
5 8889 8169 10945 10717
5 6965 10048 10821 10718
5 7012 9375 10291 10719
5 7449 10059 10678 10720
5 9036 6548 10496 10721
5 6517 9997 10572 10722
5 7312 10233 10630 10723
5 5801 10093 10742 10724
5 7457 10707 10857 10725
5 8076 9845 10880 10726
5 6632 10009 10254 10727
5 9347 6111 10646 10728
5 9642 6610 10594 10729
5 7219 9311 10817 10730
5 10048 7154 10821 10731
5 10410 6169 10747 10732
5 7178 9096 10997 10733
5 9102 5737 10994 10734
5 5979 8849 10941 10735
5 6800 9217 10892 10736
5 7743 9980 10487 10737
5 9989 7518 10147 10738
5 9375 7012 10323 10739
5 9448 5997 10630 10740
5 7135 9658 10494 10741
5 9430 6946 10697 10742
5 9734 6764 10476 10743
5 9402 6939 10509 10744
5 7125 9998 10057 10745
5 9346 5988 10856 10746
5 9713 6352 10980 10747
5 7305 10103 10353 10748
5 9221 6830 10958 10749
5 7164 9757 10424 10750
5 5985 9253 10948 10751
5 9313 6949 10993 10752
5 9502 6146 10398 10753
5 7669 9948 10849 10754
5 5661 9970 10484 10755
5 9708 7098 10491 10756
5 9901 7211 10231 10757
5 7389 9183 10409 10758
5 6838 9226 10915 10759
5 7384 9847 10178 10760
5 10096 5851 10205 10761
5 10225 7613 10322 10762
5 9547 6993 10859 10763
5 10390 1030 10900 10764
5 9343 7066 10588 10765
5 7064 9637 10518 10766
5 6938 9989 10147 10767
5 8281 9585 10962 10768
5 9573 7465 10800 10769
5 6021 9330 9811 10770
5 6927 9388 10479 10771
5 10515 7183 10961 10772
5 9607 7199 10538 10773
5 7835 9327 10793 10774
5 5774 10086 10885 10775
5 6061 9739 10433 10776
5 9613 6696 10200 10777
5 9516 7570 10953 10778
5 5849 9313 10993 10779
5 7256 9121 10869 10780
5 10433 7357 10759 10781
5 10318 6781 10730 10782
5 5725 9507 10034 10783
5 10527 7699 10717 10784
5 9785 7043 10541 10785
5 5655 9601 10779 10786
5 6865 9805 10518 10787
5 6759 9098 10964 10788
5 9691 6699 10522 10789
5 9805 7064 10518 10790
5 10106 7151 10733 10791
5 8165 9794 10950 10792
5 10707 7158 10857 10793
5 10271 6060 10301 10794
5 6418 9303 10936 10795
5 7897 9836 10266 10796
5 5823 9531 10738 10797
5 9468 5905 10842 10798
5 9434 6931 10701 10799
5 6143 10290 10613 10800
5 9317 6753 10919 10801
5 10089 5693 10573 10802
5 5654 9309 10814 10803
5 5715 9506 10382 10804
5 6861 10031 10202 10805
5 9546 5992 10139 10806
5 9836 6828 10266 10807
5 9607 6545 10970 10808
5 9080 6971 10319 10809
5 10551 8565 10679 10810
5 7113 10467 10505 10811
5 10031 5746 10202 10812
5 9646 6731 10446 10813
5 7050 9411 10780 10814
5 10078 5952 10131 10815
5 8231 10579 10889 10816
5 9697 6682 10543 10817
5 9901 7423 10686 10818
5 7653 9721 10508 10819
5 9710 7135 10494 10820
5 9375 6048 10999 10821
5 10393 7626 10798 10822
5 6821 9543 10466 10823
5 7006 9856 10629 10824
5 10661 6175 10930 10825
5 7253 10149 10280 10826
5 5946 9279 10609 10827
5 7021 9667 10664 10828
5 7003 9447 10959 10829
5 9190 7346 10985 10830
5 6735 9722 10395 10831
5 10748 7344 10929 10832
5 6994 9489 10615 10833
5 9559 6487 10561 10834
5 6925 9981 10861 10835
5 5933 10517 10629 10836
5 9673 5826 10619 10837
5 7080 9955 10115 10838
5 6038 10177 10178 10839
5 6240 9089 10896 10840
5 10308 7535 10638 10841
5 10027 7437 10783 10842
5 9526 6875 10441 10843
5 9217 6010 10892 10844
5 10260 5998 10486 10845
5 9663 7089 10189 10846
5 6952 9278 10865 10847
5 6100 9664 10745 10848
5 10891 8088 10919 10849
5 9687 7144 10561 10850
5 9772 5959 10580 10851
5 10133 7171 10617 10852
5 5646 10027 10783 10853
5 7044 10089 10573 10854
5 9447 6052 10959 10855
5 5990 9658 10498 10856
5 7606 10748 10929 10857
5 9573 6994 10615 10858
5 7569 10038 10753 10859
5 9217 6801 10918 10860
5 9243 6853 10852 10861
5 7093 10814 10987 10862
5 9691 7143 10475 10863
5 7371 9631 10895 10864
5 7036 9757 10714 10865
5 6867 9385 10459 10866
5 5659 10662 10978 10867
5 9667 5881 10664 10868
5 9885 6003 10341 10869
5 6485 9718 10507 10870
5 9794 6955 10950 10871
5 9976 7366 10452 10872
5 9330 6021 10464 10873
5 7579 10368 10370 10874
5 9795 6643 10717 10875
5 7704 10054 10545 10876
5 10195 8259 10808 10877
5 6883 9710 10494 10878
5 6626 10464 10544 10879
5 5966 9666 10863 10880
5 7006 10629 10785 10881
5 9177 5889 10939 10882
5 6877 10551 10679 10883
5 10559 5774 10885 10884
5 6688 9430 10848 10885
5 7119 9698 10653 10886
5 7257 10796 10951 10887
5 10335 8458 10937 10888
5 5698 9653 9976 10889
5 7365 10705 10713 10890
5 7289 10189 10361 10891
5 9481 5976 10602 10892
5 5770 9535 10861 10893
5 9715 7488 10742 10894
5 6243 9547 10859 10895
5 7316 9498 10672 10896
5 9585 7337 10962 10897
5 6114 9785 10541 10898
5 9643 6989 10838 10899
5 9980 6794 10487 10900
5 7299 9715 10742 10901
5 7031 9795 10717 10902
5 9970 6907 10484 10903
5 9428 6886 10909 10904
5 6046 9802 10946 10905
5 6584 10225 10322 10906
5 7015 9697 10543 10907
5 10024 6207 10657 10908
5 10237 6013 10744 10909
5 6835 9684 10703 10910
5 5628 9857 10951 10911
5 5653 10606 10699 10912
5 7156 10096 10205 10913
5 7172 10025 10526 10914
5 10127 7347 10468 10915
5 7350 10661 10930 10916
5 7455 10515 10961 10917
5 8088 10273 10919 10918
5 10732 7910 10979 10919
5 10292 7394 10358 10920
5 5736 9579 10893 10921
5 5937 10012 10728 10922
5 10369 6100 10745 10923
5 9827 6778 10815 10924
5 5913 9743 10754 10925
5 7019 9941 10719 10926
5 6973 9545 10801 10927
5 9755 6688 10848 10928
5 6901 9993 10681 10929
5 7009 9885 10341 10930
5 9700 6080 10311 10931
5 9757 5846 10714 10932
5 9641 7132 10999 10933
5 9509 7669 10845 10934
5 9620 7647 10882 10935
5 9632 7816 10659 10936
5 5712 10238 10576 10937
5 9762 6776 11002 10938
5 9732 6743 10718 10939
5 7243 10078 10131 10940
5 10412 6269 10846 10941
5 7933 10504 10921 10942
5 7203 10271 10301 10943
5 7181 10457 10690 10944
5 6900 9978 10860 10945
5 10215 1894 10599 10946
5 7223 10101 10840 10947
5 9678 6436 10831 10948
5 10705 7182 10713 10949
5 10579 6948 10889 10950
5 10268 7183 10908 10951
5 7002 10086 10658 10952
5 5653 10127 10468 10953
5 7143 9691 10522 10954
5 10290 7377 10613 10955
5 10096 7156 10437 10956
5 5996 9497 10824 10957
5 9760 5959 10850 10958
5 10392 7583 10562 10959
5 5959 9772 10850 10960
5 10356 7027 10410 10961
5 9634 6260 10966 10962
5 10325 6114 10541 10963
5 6175 10661 10961 10964
5 9761 7616 10916 10965
5 7283 10439 10995 10966
5 9933 7559 10779 10967
5 9745 7852 10965 10968
5 10783 7437 10946 10969
5 7265 10260 10486 10970
5 7144 9559 10561 10971
5 10629 7398 10785 10972
5 7066 10169 10588 10973
5 10362 7317 10803 10974
5 10294 7031 10665 10975
5 8349 10114 10324 10976
5 6040 9762 11002 10977
5 7339 10215 10599 10978
5 10323 7760 10757 10979
5 10439 5988 10995 10980
5 7211 9901 10686 10981
5 6748 10237 10744 10982
5 10606 7447 10699 10983
5 10100 8003 10772 10984
5 10662 7514 10978 10985
5 7624 10390 10900 10986
5 6048 9641 10999 10987
5 9857 7257 10951 10988
5 10092 7036 10714 10989
5 7042 10292 10358 10990
5 7672 10092 10714 10991
5 7032 10308 10638 10992
5 5771 10392 10562 10993
5 9772 7094 10850 10994
5 5606 10362 10803 10995
5 7302 9713 10980 10996
5 9584 5813 10969 10997
5 7108 10268 10908 10998
5 7485 10356 10410 10999
5 10357 4810 10636 11000
5 10189 7089 10361 11001
5 6994 9573 10947 11002
5 9981 7784 10861 11003
5 6160 10233 10741 11004
5 10457 7277 10690 11005
5 8097 10161 10722 11006
5 7127 10096 10437 11007
5 7074 9755 10848 11008
5 10101 7111 10840 11009
5 7172 10526 10536 11010
5 5735 10151 10934 11011
5 7216 9102 10994 11012
5 7104 9634 10966 11013
5 6993 10712 10859 11014
5 9993 6123 10681 11015
5 10796 7820 10951 11016
5 7368 10412 10846 11017
5 10930 7083 10932 11018
5 7591 10318 10730 11019
5 7202 9673 10619 11020
5 7060 10317 10614 11021
5 7129 9524 10050 11022
5 10238 7180 10576 11023
5 7007 10732 10979 11024
5 9573 5963 10947 11025
5 6983 10770 10926 11026
5 10265 6101 10922 11027
5 6776 9761 10916 11028
5 10169 6168 10588 11029
5 6048 10323 10757 11030
5 8495 10612 10694 11031
5 7998 10294 10665 11032
5 10086 7002 10885 11033
5 10515 6149 10908 11034
5 7401 10357 10636 11035
5 7555 10521 10706 11036
5 10517 7398 10629 11037
5 10264 7041 10828 11038
5 7735 10959 10973 11039
5 10702 7260 10981 11040
5 6776 10916 11002 11041
5 9594 7284 10972 11042
5 10526 7291 10536 11043
5 7183 10515 10908 11044
5 10770 8252 10926 11045
5 6893 10335 10937 11046
5 10521 5637 10706 11047
5 7408 10559 10885 11048
5 7362 10702 10981 11049
5 10317 7169 10614 11050
5 10661 7455 10961 11051
5 10959 6052 10973 11052
5 10912 3982 10982 11053
5 10464 7278 10544 11054
5 10233 7312 10741 11055
5 10151 7165 10934 11056
5 10712 7824 10859 11057
5 10934 7165 10935 11058
5 8037 10643 10966 11059
5 7350 10930 10932 11060
5 10612 6968 10694 11061
5 7452 10934 10935 11062
5 5733 10264 10828 11063
5 10725 6176 10935 11064
5 10643 7104 10966 11065
5 10916 7436 11002 11066
5 7165 10725 10935 11067
5 7655 10912 10982 11068
9 204 1391 3011 205 11069
9 1391 1392 3012 3011 11070
9 1392 1393 3013 3012 11071
9 1393 1394 3014 3013 11072
9 1394 1395 3015 3014 11073
9 1395 1396 3016 3015 11074
9 1396 1397 3017 3016 11075
9 1397 1398 3018 3017 11076
9 1398 1399 3019 3018 11077
9 1399 1400 3020 3019 11078
9 1400 1401 3021 3020 11079
9 1401 1402 3022 3021 11080
9 1402 1403 3023 3022 11081
9 1403 1404 3024 3023 11082
9 1404 1405 3025 3024 11083
9 1405 1406 3026 3025 11084
9 1406 1407 3027 3026 11085
9 1407 1408 3028 3027 11086
9 1408 1409 3029 3028 11087
9 1409 1410 3030 3029 11088
9 1410 1411 3031 3030 11089
9 1411 1412 3032 3031 11090
9 1412 1413 3033 3032 11091
9 1413 1414 3034 3033 11092
9 1414 1415 3035 3034 11093
9 1415 1416 3036 3035 11094
9 1416 1417 3037 3036 11095
9 1417 1418 3038 3037 11096
9 1418 1419 3039 3038 11097
9 1419 1420 3040 3039 11098
9 1420 1421 3041 3040 11099
9 1421 1422 3042 3041 11100
9 1422 1423 3043 3042 11101
9 1423 1424 3044 3043 11102
9 1424 1425 3045 3044 11103
9 1425 1426 3046 3045 11104
9 0 1139 1391 204 11105
9 1139 1140 1392 1391 11106
9 1140 1141 1393 1392 11107
9 1141 1142 1394 1393 11108
9 1142 1143 1395 1394 11109
9 1143 1144 1396 1395 11110
9 1144 1145 1397 1396 11111
9 1145 1146 1398 1397 11112
9 1146 1147 1399 1398 11113
9 1147 1148 1400 1399 11114
9 1148 1149 1401 1400 11115
9 1149 1150 1402 1401 11116
9 1150 1151 1403 1402 11117
9 1151 1152 1404 1403 11118
9 1152 1153 1405 1404 11119
9 1153 1154 1406 1405 11120
9 1154 1155 1407 1406 11121
9 1155 1156 1408 1407 11122
9 1156 1157 1409 1408 11123
9 1157 1158 1410 1409 11124
9 1158 1159 1411 1410 11125
9 1159 1160 1412 1411 11126
9 1160 1161 1413 1412 11127
9 1161 1162 1414 1413 11128
9 1162 1163 1415 1414 11129
9 1163 1164 1416 1415 11130
9 1164 1165 1417 1416 11131
9 1165 1166 1418 1417 11132
9 1166 1167 1419 1418 11133
9 1167 1168 1420 1419 11134
9 1168 1169 1421 1420 11135
9 1169 1170 1422 1421 11136
9 1170 1171 1423 1422 11137
9 1171 1172 1424 1423 11138
9 1172 1173 1425 1424 11139
9 1173 1174 1426 1425 11140
9 206 2723 2039 207 11141
9 2723 2724 2040 2039 11142
9 2724 2725 2041 2040 11143
9 2725 2726 2042 2041 11144
9 2726 2727 2043 2042 11145
9 2727 2728 2044 2043 11146
9 2728 2729 2045 2044 11147
9 2729 2730 2046 2045 11148
9 2730 2731 2047 2046 11149
9 2731 2732 2048 2047 11150
9 2732 2733 2049 2048 11151
9 2733 2734 2050 2049 11152
9 2734 2735 2051 2050 11153
9 2735 2736 2052 2051 11154
9 2736 2737 2053 2052 11155
9 2737 2738 2054 2053 11156
9 2738 2739 2055 2054 11157
9 2739 2740 2056 2055 11158
9 2740 2741 2057 2056 11159
9 2741 2742 2058 2057 11160
9 2742 2743 2059 2058 11161
9 2743 2744 2060 2059 11162
9 2744 2745 2061 2060 11163
9 2745 2746 2062 2061 11164
9 2746 2747 2063 2062 11165
9 2747 2748 2064 2063 11166
9 2748 2749 2065 2064 11167
9 2749 2750 2066 2065 11168
9 2750 2751 2067 2066 11169
9 2751 2752 2068 2067 11170
9 2752 2753 2069 2068 11171
9 2753 2754 2070 2069 11172
9 2754 2755 2071 2070 11173
9 2755 2756 2072 2071 11174
9 2756 2757 2073 2072 11175
9 2757 2758 2074 2073 11176
9 205 3011 2723 206 11177
9 3011 3012 2724 2723 11178
9 3012 3013 2725 2724 11179
9 3013 3014 2726 2725 11180
9 3014 3015 2727 2726 11181
9 3015 3016 2728 2727 11182
9 3016 3017 2729 2728 11183
9 3017 3018 2730 2729 11184
9 3018 3019 2731 2730 11185
9 3019 3020 2732 2731 11186
9 3020 3021 2733 2732 11187
9 3021 3022 2734 2733 11188
9 3022 3023 2735 2734 11189
9 3023 3024 2736 2735 11190
9 3024 3025 2737 2736 11191
9 3025 3026 2738 2737 11192
9 3026 3027 2739 2738 11193
9 3027 3028 2740 2739 11194
9 3028 3029 2741 2740 11195
9 3029 3030 2742 2741 11196
9 3030 3031 2743 2742 11197
9 3031 3032 2744 2743 11198
9 3032 3033 2745 2744 11199
9 3033 3034 2746 2745 11200
9 3034 3035 2747 2746 11201
9 3035 3036 2748 2747 11202
9 3036 3037 2749 2748 11203
9 3037 3038 2750 2749 11204
9 3038 3039 2751 2750 11205
9 3039 3040 2752 2751 11206
9 3040 3041 2753 2752 11207
9 3041 3042 2754 2753 11208
9 3042 3043 2755 2754 11209
9 3043 3044 2756 2755 11210
9 3044 3045 2757 2756 11211
9 3045 3046 2758 2757 11212
9 207 2039 1427 208 11213
9 2039 2040 1428 1427 11214
9 2040 2041 1429 1428 11215
9 2041 2042 1430 1429 11216
9 2042 2043 1431 1430 11217
9 2043 2044 1432 1431 11218
9 2044 2045 1433 1432 11219
9 2045 2046 1434 1433 11220
9 2046 2047 1435 1434 11221
9 2047 2048 1436 1435 11222
9 2048 2049 1437 1436 11223
9 2049 2050 1438 1437 11224
9 2050 2051 1439 1438 11225
9 2051 2052 1440 1439 11226
9 2052 2053 1441 1440 11227
9 2053 2054 1442 1441 11228
9 2054 2055 1443 1442 11229
9 2055 2056 1444 1443 11230
9 2056 2057 1445 1444 11231
9 2057 2058 1446 1445 11232
9 2058 2059 1447 1446 11233
9 2059 2060 1448 1447 11234
9 2060 2061 1449 1448 11235
9 2061 2062 1450 1449 11236
9 2062 2063 1451 1450 11237
9 2063 2064 1452 1451 11238
9 2064 2065 1453 1452 11239
9 2065 2066 1454 1453 11240
9 2066 2067 1455 1454 11241
9 2067 2068 1456 1455 11242
9 2068 2069 1457 1456 11243
9 2069 2070 1458 1457 11244
9 2070 2071 1459 1458 11245
9 2071 2072 1460 1459 11246
9 2072 2073 1461 1460 11247
9 2073 2074 1462 1461 11248
9 208 1427 1571 209 11249
9 1427 1428 1572 1571 11250
9 1428 1429 1573 1572 11251
9 1429 1430 1574 1573 11252
9 1430 1431 1575 1574 11253
9 1431 1432 1576 1575 11254
9 1432 1433 1577 1576 11255
9 1433 1434 1578 1577 11256
9 1434 1435 1579 1578 11257
9 1435 1436 1580 1579 11258
9 1436 1437 1581 1580 11259
9 1437 1438 1582 1581 11260
9 1438 1439 1583 1582 11261
9 1439 1440 1584 1583 11262
9 1440 1441 1585 1584 11263
9 1441 1442 1586 1585 11264
9 1442 1443 1587 1586 11265
9 1443 1444 1588 1587 11266
9 1444 1445 1589 1588 11267
9 1445 1446 1590 1589 11268
9 1446 1447 1591 1590 11269
9 1447 1448 1592 1591 11270
9 1448 1449 1593 1592 11271
9 1449 1450 1594 1593 11272
9 1450 1451 1595 1594 11273
9 1451 1452 1596 1595 11274
9 1452 1453 1597 1596 11275
9 1453 1454 1598 1597 11276
9 1454 1455 1599 1598 11277
9 1455 1456 1600 1599 11278
9 1456 1457 1601 1600 11279
9 1457 1458 1602 1601 11280
9 1458 1459 1603 1602 11281
9 1459 1460 1604 1603 11282
9 1460 1461 1605 1604 11283
9 1461 1462 1606 1605 11284
9 209 1571 3335 210 11285
9 1571 1572 3336 3335 11286
9 1572 1573 3337 3336 11287
9 1573 1574 3338 3337 11288
9 1574 1575 3339 3338 11289
9 1575 1576 3340 3339 11290
9 1576 1577 3341 3340 11291
9 1577 1578 3342 3341 11292
9 1578 1579 3343 3342 11293
9 1579 1580 3344 3343 11294
9 1580 1581 3345 3344 11295
9 1581 1582 3346 3345 11296
9 1582 1583 3347 3346 11297
9 1583 1584 3348 3347 11298
9 1584 1585 3349 3348 11299
9 1585 1586 3350 3349 11300
9 1586 1587 3351 3350 11301
9 1587 1588 3352 3351 11302
9 1588 1589 3353 3352 11303
9 1589 1590 3354 3353 11304
9 1590 1591 3355 3354 11305
9 1591 1592 3356 3355 11306
9 1592 1593 3357 3356 11307
9 1593 1594 3358 3357 11308
9 1594 1595 3359 3358 11309
9 1595 1596 3360 3359 11310
9 1596 1597 3361 3360 11311
9 1597 1598 3362 3361 11312
9 1598 1599 3363 3362 11313
9 1599 1600 3364 3363 11314
9 1600 1601 3365 3364 11315
9 1601 1602 3366 3365 11316
9 1602 1603 3367 3366 11317
9 1603 1604 3368 3367 11318
9 1604 1605 3369 3368 11319
9 1605 1606 3370 3369 11320
9 210 3335 4811 211 11321
9 3335 3336 4812 4811 11322
9 3336 3337 4813 4812 11323
9 3337 3338 4814 4813 11324
9 3338 3339 4815 4814 11325
9 3339 3340 4816 4815 11326
9 3340 3341 4817 4816 11327
9 3341 3342 4818 4817 11328
9 3342 3343 4819 4818 11329
9 3343 3344 4820 4819 11330
9 3344 3345 4821 4820 11331
9 3345 3346 4822 4821 11332
9 3346 3347 4823 4822 11333
9 3347 3348 4824 4823 11334
9 3348 3349 4825 4824 11335
9 3349 3350 4826 4825 11336
9 3350 3351 4827 4826 11337
9 3351 3352 4828 4827 11338
9 3352 3353 4829 4828 11339
9 3353 3354 4830 4829 11340
9 3354 3355 4831 4830 11341
9 3355 3356 4832 4831 11342
9 3356 3357 4833 4832 11343
9 3357 3358 4834 4833 11344
9 3358 3359 4835 4834 11345
9 3359 3360 4836 4835 11346
9 3360 3361 4837 4836 11347
9 3361 3362 4838 4837 11348
9 3362 3363 4839 4838 11349
9 3363 3364 4840 4839 11350
9 3364 3365 4841 4840 11351
9 3365 3366 4842 4841 11352
9 3366 3367 4843 4842 11353
9 3367 3368 4844 4843 11354
9 3368 3369 4845 4844 11355
9 3369 3370 4846 4845 11356
9 338 2615 1355 0 11357
9 2615 2616 1356 1355 11358
9 2616 2617 1357 1356 11359
9 2617 2618 1358 1357 11360
9 2618 2619 1359 1358 11361
9 2619 2620 1360 1359 11362
9 2620 2621 1361 1360 11363
9 2621 2622 1362 1361 11364
9 2622 2623 1363 1362 11365
9 2623 2624 1364 1363 11366
9 2624 2625 1365 1364 11367
9 2625 2626 1366 1365 11368
9 2626 2627 1367 1366 11369
9 2627 2628 1368 1367 11370
9 2628 2629 1369 1368 11371
9 2629 2630 1370 1369 11372
9 2630 2631 1371 1370 11373
9 2631 2632 1372 1371 11374
9 2632 2633 1373 1372 11375
9 2633 2634 1374 1373 11376
9 2634 2635 1375 1374 11377
9 2635 2636 1376 1375 11378
9 2636 2637 1377 1376 11379
9 2637 2638 1378 1377 11380
9 2638 2639 1379 1378 11381
9 2639 2640 1380 1379 11382
9 2640 2641 1381 1380 11383
9 2641 2642 1382 1381 11384
9 2642 2643 1383 1382 11385
9 2643 2644 1384 1383 11386
9 2644 2645 1385 1384 11387
9 2645 2646 1386 1385 11388
9 2646 2647 1387 1386 11389
9 2647 2648 1388 1387 11390
9 2648 2649 1389 1388 11391
9 2649 2650 1390 1389 11392
9 211 4811 707 212 11393
9 4811 4812 708 707 11394
9 4812 4813 709 708 11395
9 4813 4814 710 709 11396
9 4814 4815 711 710 11397
9 4815 4816 712 711 11398
9 4816 4817 713 712 11399
9 4817 4818 714 713 11400
9 4818 4819 715 714 11401
9 4819 4820 716 715 11402
9 4820 4821 717 716 11403
9 4821 4822 718 717 11404
9 4822 4823 719 718 11405
9 4823 4824 720 719 11406
9 4824 4825 721 720 11407
9 4825 4826 722 721 11408
9 4826 4827 723 722 11409
9 4827 4828 724 723 11410
9 4828 4829 725 724 11411
9 4829 4830 726 725 11412
9 4830 4831 727 726 11413
9 4831 4832 728 727 11414
9 4832 4833 729 728 11415
9 4833 4834 730 729 11416
9 4834 4835 731 730 11417
9 4835 4836 732 731 11418
9 4836 4837 733 732 11419
9 4837 4838 734 733 11420
9 4838 4839 735 734 11421
9 4839 4840 736 735 11422
9 4840 4841 737 736 11423
9 4841 4842 738 737 11424
9 4842 4843 739 738 11425
9 4843 4844 740 739 11426
9 4844 4845 741 740 11427
9 4845 4846 742 741 11428
9 212 707 2471 213 11429
9 707 708 2472 2471 11430
9 708 709 2473 2472 11431
9 709 710 2474 2473 11432
9 710 711 2475 2474 11433
9 711 712 2476 2475 11434
9 712 713 2477 2476 11435
9 713 714 2478 2477 11436
9 714 715 2479 2478 11437
9 715 716 2480 2479 11438
9 716 717 2481 2480 11439
9 717 718 2482 2481 11440
9 718 719 2483 2482 11441
9 719 720 2484 2483 11442
9 720 721 2485 2484 11443
9 721 722 2486 2485 11444
9 722 723 2487 2486 11445
9 723 724 2488 2487 11446
9 724 725 2489 2488 11447
9 725 726 2490 2489 11448
9 726 727 2491 2490 11449
9 727 728 2492 2491 11450
9 728 729 2493 2492 11451
9 729 730 2494 2493 11452
9 730 731 2495 2494 11453
9 731 732 2496 2495 11454
9 732 733 2497 2496 11455
9 733 734 2498 2497 11456
9 734 735 2499 2498 11457
9 735 736 2500 2499 11458
9 736 737 2501 2500 11459
9 737 738 2502 2501 11460
9 738 739 2503 2502 11461
9 739 740 2504 2503 11462
9 740 741 2505 2504 11463
9 741 742 2506 2505 11464
9 213 2471 1823 214 11465
9 2471 2472 1824 1823 11466
9 2472 2473 1825 1824 11467
9 2473 2474 1826 1825 11468
9 2474 2475 1827 1826 11469
9 2475 2476 1828 1827 11470
9 2476 2477 1829 1828 11471
9 2477 2478 1830 1829 11472
9 2478 2479 1831 1830 11473
9 2479 2480 1832 1831 11474
9 2480 2481 1833 1832 11475
9 2481 2482 1834 1833 11476
9 2482 2483 1835 1834 11477
9 2483 2484 1836 1835 11478
9 2484 2485 1837 1836 11479
9 2485 2486 1838 1837 11480
9 2486 2487 1839 1838 11481
9 2487 2488 1840 1839 11482
9 2488 2489 1841 1840 11483
9 2489 2490 1842 1841 11484
9 2490 2491 1843 1842 11485
9 2491 2492 1844 1843 11486
9 2492 2493 1845 1844 11487
9 2493 2494 1846 1845 11488
9 2494 2495 1847 1846 11489
9 2495 2496 1848 1847 11490
9 2496 2497 1849 1848 11491
9 2497 2498 1850 1849 11492
9 2498 2499 1851 1850 11493
9 2499 2500 1852 1851 11494
9 2500 2501 1853 1852 11495
9 2501 2502 1854 1853 11496
9 2502 2503 1855 1854 11497
9 2503 2504 1856 1855 11498
9 2504 2505 1857 1856 11499
9 2505 2506 1858 1857 11500
9 214 1823 5027 215 11501
9 1823 1824 5028 5027 11502
9 1824 1825 5029 5028 11503
9 1825 1826 5030 5029 11504
9 1826 1827 5031 5030 11505
9 1827 1828 5032 5031 11506
9 1828 1829 5033 5032 11507
9 1829 1830 5034 5033 11508
9 1830 1831 5035 5034 11509
9 1831 1832 5036 5035 11510
9 1832 1833 5037 5036 11511
9 1833 1834 5038 5037 11512
9 1834 1835 5039 5038 11513
9 1835 1836 5040 5039 11514
9 1836 1837 5041 5040 11515
9 1837 1838 5042 5041 11516
9 1838 1839 5043 5042 11517
9 1839 1840 5044 5043 11518
9 1840 1841 5045 5044 11519
9 1841 1842 5046 5045 11520
9 1842 1843 5047 5046 11521
9 1843 1844 5048 5047 11522
9 1844 1845 5049 5048 11523
9 1845 1846 5050 5049 11524
9 1846 1847 5051 5050 11525
9 1847 1848 5052 5051 11526
9 1848 1849 5053 5052 11527
9 1849 1850 5054 5053 11528
9 1850 1851 5055 5054 11529
9 1851 1852 5056 5055 11530
9 1852 1853 5057 5056 11531
9 1853 1854 5058 5057 11532
9 1854 1855 5059 5058 11533
9 1855 1856 5060 5059 11534
9 1856 1857 5061 5060 11535
9 1857 1858 5062 5061 11536
9 215 5027 4955 216 11537
9 5027 5028 4956 4955 11538
9 5028 5029 4957 4956 11539
9 5029 5030 4958 4957 11540
9 5030 5031 4959 4958 11541
9 5031 5032 4960 4959 11542
9 5032 5033 4961 4960 11543
9 5033 5034 4962 4961 11544
9 5034 5035 4963 4962 11545
9 5035 5036 4964 4963 11546
9 5036 5037 4965 4964 11547
9 5037 5038 4966 4965 11548
9 5038 5039 4967 4966 11549
9 5039 5040 4968 4967 11550
9 5040 5041 4969 4968 11551
9 5041 5042 4970 4969 11552
9 5042 5043 4971 4970 11553
9 5043 5044 4972 4971 11554
9 5044 5045 4973 4972 11555
9 5045 5046 4974 4973 11556
9 5046 5047 4975 4974 11557
9 5047 5048 4976 4975 11558
9 5048 5049 4977 4976 11559
9 5049 5050 4978 4977 11560
9 5050 5051 4979 4978 11561
9 5051 5052 4980 4979 11562
9 5052 5053 4981 4980 11563
9 5053 5054 4982 4981 11564
9 5054 5055 4983 4982 11565
9 5055 5056 4984 4983 11566
9 5056 5057 4985 4984 11567
9 5057 5058 4986 4985 11568
9 5058 5059 4987 4986 11569
9 5059 5060 4988 4987 11570
9 5060 5061 4989 4988 11571
9 5061 5062 4990 4989 11572
9 216 4955 2579 217 11573
9 4955 4956 2580 2579 11574
9 4956 4957 2581 2580 11575
9 4957 4958 2582 2581 11576
9 4958 4959 2583 2582 11577
9 4959 4960 2584 2583 11578
9 4960 4961 2585 2584 11579
9 4961 4962 2586 2585 11580
9 4962 4963 2587 2586 11581
9 4963 4964 2588 2587 11582
9 4964 4965 2589 2588 11583
9 4965 4966 2590 2589 11584
9 4966 4967 2591 2590 11585
9 4967 4968 2592 2591 11586
9 4968 4969 2593 2592 11587
9 4969 4970 2594 2593 11588
9 4970 4971 2595 2594 11589
9 4971 4972 2596 2595 11590
9 4972 4973 2597 2596 11591
9 4973 4974 2598 2597 11592
9 4974 4975 2599 2598 11593
9 4975 4976 2600 2599 11594
9 4976 4977 2601 2600 11595
9 4977 4978 2602 2601 11596
9 4978 4979 2603 2602 11597
9 4979 4980 2604 2603 11598
9 4980 4981 2605 2604 11599
9 4981 4982 2606 2605 11600
9 4982 4983 2607 2606 11601
9 4983 4984 2608 2607 11602
9 4984 4985 2609 2608 11603
9 4985 4986 2610 2609 11604
9 4986 4987 2611 2610 11605
9 4987 4988 2612 2611 11606
9 4988 4989 2613 2612 11607
9 4989 4990 2614 2613 11608
9 217 2579 3803 218 11609
9 2579 2580 3804 3803 11610
9 2580 2581 3805 3804 11611
9 2581 2582 3806 3805 11612
9 2582 2583 3807 3806 11613
9 2583 2584 3808 3807 11614
9 2584 2585 3809 3808 11615
9 2585 2586 3810 3809 11616
9 2586 2587 3811 3810 11617
9 2587 2588 3812 3811 11618
9 2588 2589 3813 3812 11619
9 2589 2590 3814 3813 11620
9 2590 2591 3815 3814 11621
9 2591 2592 3816 3815 11622
9 2592 2593 3817 3816 11623
9 2593 2594 3818 3817 11624
9 2594 2595 3819 3818 11625
9 2595 2596 3820 3819 11626
9 2596 2597 3821 3820 11627
9 2597 2598 3822 3821 11628
9 2598 2599 3823 3822 11629
9 2599 2600 3824 3823 11630
9 2600 2601 3825 3824 11631
9 2601 2602 3826 3825 11632
9 2602 2603 3827 3826 11633
9 2603 2604 3828 3827 11634
9 2604 2605 3829 3828 11635
9 2605 2606 3830 3829 11636
9 2606 2607 3831 3830 11637
9 2607 2608 3832 3831 11638
9 2608 2609 3833 3832 11639
9 2609 2610 3834 3833 11640
9 2610 2611 3835 3834 11641
9 2611 2612 3836 3835 11642
9 2612 2613 3837 3836 11643
9 2613 2614 3838 3837 11644
9 232 599 3407 233 11645
9 599 600 3408 3407 11646
9 600 601 3409 3408 11647
9 601 602 3410 3409 11648
9 602 603 3411 3410 11649
9 603 604 3412 3411 11650
9 604 605 3413 3412 11651
9 605 606 3414 3413 11652
9 606 607 3415 3414 11653
9 607 608 3416 3415 11654
9 608 609 3417 3416 11655
9 609 610 3418 3417 11656
9 610 611 3419 3418 11657
9 611 612 3420 3419 11658
9 612 613 3421 3420 11659
9 613 614 3422 3421 11660
9 614 615 3423 3422 11661
9 615 616 3424 3423 11662
9 616 617 3425 3424 11663
9 617 618 3426 3425 11664
9 618 619 3427 3426 11665
9 619 620 3428 3427 11666
9 620 621 3429 3428 11667
9 621 622 3430 3429 11668
9 622 623 3431 3430 11669
9 623 624 3432 3431 11670
9 624 625 3433 3432 11671
9 625 626 3434 3433 11672
9 626 627 3435 3434 11673
9 627 628 3436 3435 11674
9 628 629 3437 3436 11675
9 629 630 3438 3437 11676
9 630 631 3439 3438 11677
9 631 632 3440 3439 11678
9 632 633 3441 3440 11679
9 633 634 3442 3441 11680
9 218 3803 1499 219 11681
9 3803 3804 1500 1499 11682
9 3804 3805 1501 1500 11683
9 3805 3806 1502 1501 11684
9 3806 3807 1503 1502 11685
9 3807 3808 1504 1503 11686
9 3808 3809 1505 1504 11687
9 3809 3810 1506 1505 11688
9 3810 3811 1507 1506 11689
9 3811 3812 1508 1507 11690
9 3812 3813 1509 1508 11691
9 3813 3814 1510 1509 11692
9 3814 3815 1511 1510 11693
9 3815 3816 1512 1511 11694
9 3816 3817 1513 1512 11695
9 3817 3818 1514 1513 11696
9 3818 3819 1515 1514 11697
9 3819 3820 1516 1515 11698
9 3820 3821 1517 1516 11699
9 3821 3822 1518 1517 11700
9 3822 3823 1519 1518 11701
9 3823 3824 1520 1519 11702
9 3824 3825 1521 1520 11703
9 3825 3826 1522 1521 11704
9 3826 3827 1523 1522 11705
9 3827 3828 1524 1523 11706
9 3828 3829 1525 1524 11707
9 3829 3830 1526 1525 11708
9 3830 3831 1527 1526 11709
9 3831 3832 1528 1527 11710
9 3832 3833 1529 1528 11711
9 3833 3834 1530 1529 11712
9 3834 3835 1531 1530 11713
9 3835 3836 1532 1531 11714
9 3836 3837 1533 1532 11715
9 3837 3838 1534 1533 11716
9 219 1499 491 220 11717
9 1499 1500 492 491 11718
9 1500 1501 493 492 11719
9 1501 1502 494 493 11720
9 1502 1503 495 494 11721
9 1503 1504 496 495 11722
9 1504 1505 497 496 11723
9 1505 1506 498 497 11724
9 1506 1507 499 498 11725
9 1507 1508 500 499 11726
9 1508 1509 501 500 11727
9 1509 1510 502 501 11728
9 1510 1511 503 502 11729
9 1511 1512 504 503 11730
9 1512 1513 505 504 11731
9 1513 1514 506 505 11732
9 1514 1515 507 506 11733
9 1515 1516 508 507 11734
9 1516 1517 509 508 11735
9 1517 1518 510 509 11736
9 1518 1519 511 510 11737
9 1519 1520 512 511 11738
9 1520 1521 513 512 11739
9 1521 1522 514 513 11740
9 1522 1523 515 514 11741
9 1523 1524 516 515 11742
9 1524 1525 517 516 11743
9 1525 1526 518 517 11744
9 1526 1527 519 518 11745
9 1527 1528 520 519 11746
9 1528 1529 521 520 11747
9 1529 1530 522 521 11748
9 1530 1531 523 522 11749
9 1531 1532 524 523 11750
9 1532 1533 525 524 11751
9 1533 1534 526 525 11752
9 220 491 635 221 11753
9 491 492 636 635 11754
9 492 493 637 636 11755
9 493 494 638 637 11756
9 494 495 639 638 11757
9 495 496 640 639 11758
9 496 497 641 640 11759
9 497 498 642 641 11760
9 498 499 643 642 11761
9 499 500 644 643 11762
9 500 501 645 644 11763
9 501 502 646 645 11764
9 502 503 647 646 11765
9 503 504 648 647 11766
9 504 505 649 648 11767
9 505 506 650 649 11768
9 506 507 651 650 11769
9 507 508 652 651 11770
9 508 509 653 652 11771
9 509 510 654 653 11772
9 510 511 655 654 11773
9 511 512 656 655 11774
9 512 513 657 656 11775
9 513 514 658 657 11776
9 514 515 659 658 11777
9 515 516 660 659 11778
9 516 517 661 660 11779
9 517 518 662 661 11780
9 518 519 663 662 11781
9 519 520 664 663 11782
9 520 521 665 664 11783
9 521 522 666 665 11784
9 522 523 667 666 11785
9 523 524 668 667 11786
9 524 525 669 668 11787
9 525 526 670 669 11788
9 221 635 815 222 11789
9 635 636 816 815 11790
9 636 637 817 816 11791
9 637 638 818 817 11792
9 638 639 819 818 11793
9 639 640 820 819 11794
9 640 641 821 820 11795
9 641 642 822 821 11796
9 642 643 823 822 11797
9 643 644 824 823 11798
9 644 645 825 824 11799
9 645 646 826 825 11800
9 646 647 827 826 11801
9 647 648 828 827 11802
9 648 649 829 828 11803
9 649 650 830 829 11804
9 650 651 831 830 11805
9 651 652 832 831 11806
9 652 653 833 832 11807
9 653 654 834 833 11808
9 654 655 835 834 11809
9 655 656 836 835 11810
9 656 657 837 836 11811
9 657 658 838 837 11812
9 658 659 839 838 11813
9 659 660 840 839 11814
9 660 661 841 840 11815
9 661 662 842 841 11816
9 662 663 843 842 11817
9 663 664 844 843 11818
9 664 665 845 844 11819
9 665 666 846 845 11820
9 666 667 847 846 11821
9 667 668 848 847 11822
9 668 669 849 848 11823
9 669 670 850 849 11824
9 222 815 743 223 11825
9 815 816 744 743 11826
9 816 817 745 744 11827
9 817 818 746 745 11828
9 818 819 747 746 11829
9 819 820 748 747 11830
9 820 821 749 748 11831
9 821 822 750 749 11832
9 822 823 751 750 11833
9 823 824 752 751 11834
9 824 825 753 752 11835
9 825 826 754 753 11836
9 826 827 755 754 11837
9 827 828 756 755 11838
9 828 829 757 756 11839
9 829 830 758 757 11840
9 830 831 759 758 11841
9 831 832 760 759 11842
9 832 833 761 760 11843
9 833 834 762 761 11844
9 834 835 763 762 11845
9 835 836 764 763 11846
9 836 837 765 764 11847
9 837 838 766 765 11848
9 838 839 767 766 11849
9 839 840 768 767 11850
9 840 841 769 768 11851
9 841 842 770 769 11852
9 842 843 771 770 11853
9 843 844 772 771 11854
9 844 845 773 772 11855
9 845 846 774 773 11856
9 846 847 775 774 11857
9 847 848 776 775 11858
9 848 849 777 776 11859
9 849 850 778 777 11860
9 223 743 563 224 11861
9 743 744 564 563 11862
9 744 745 565 564 11863
9 745 746 566 565 11864
9 746 747 567 566 11865
9 747 748 568 567 11866
9 748 749 569 568 11867
9 749 750 570 569 11868
9 750 751 571 570 11869
9 751 752 572 571 11870
9 752 753 573 572 11871
9 753 754 574 573 11872
9 754 755 575 574 11873
9 755 756 576 575 11874
9 756 757 577 576 11875
9 757 758 578 577 11876
9 758 759 579 578 11877
9 759 760 580 579 11878
9 760 761 581 580 11879
9 761 762 582 581 11880
9 762 763 583 582 11881
9 763 764 584 583 11882
9 764 765 585 584 11883
9 765 766 586 585 11884
9 766 767 587 586 11885
9 767 768 588 587 11886
9 768 769 589 588 11887
9 769 770 590 589 11888
9 770 771 591 590 11889
9 771 772 592 591 11890
9 772 773 593 592 11891
9 773 774 594 593 11892
9 774 775 595 594 11893
9 775 776 596 595 11894
9 776 777 597 596 11895
9 777 778 598 597 11896
9 224 563 887 225 11897
9 563 564 888 887 11898
9 564 565 889 888 11899
9 565 566 890 889 11900
9 566 567 891 890 11901
9 567 568 892 891 11902
9 568 569 893 892 11903
9 569 570 894 893 11904
9 570 571 895 894 11905
9 571 572 896 895 11906
9 572 573 897 896 11907
9 573 574 898 897 11908
9 574 575 899 898 11909
9 575 576 900 899 11910
9 576 577 901 900 11911
9 577 578 902 901 11912
9 578 579 903 902 11913
9 579 580 904 903 11914
9 580 581 905 904 11915
9 581 582 906 905 11916
9 582 583 907 906 11917
9 583 584 908 907 11918
9 584 585 909 908 11919
9 585 586 910 909 11920
9 586 587 911 910 11921
9 587 588 912 911 11922
9 588 589 913 912 11923
9 589 590 914 913 11924
9 590 591 915 914 11925
9 591 592 916 915 11926
9 592 593 917 916 11927
9 593 594 918 917 11928
9 594 595 919 918 11929
9 595 596 920 919 11930
9 596 597 921 920 11931
9 597 598 922 921 11932
9 225 887 851 226 11933
9 887 888 852 851 11934
9 888 889 853 852 11935
9 889 890 854 853 11936
9 890 891 855 854 11937
9 891 892 856 855 11938
9 892 893 857 856 11939
9 893 894 858 857 11940
9 894 895 859 858 11941
9 895 896 860 859 11942
9 896 897 861 860 11943
9 897 898 862 861 11944
9 898 899 863 862 11945
9 899 900 864 863 11946
9 900 901 865 864 11947
9 901 902 866 865 11948
9 902 903 867 866 11949
9 903 904 868 867 11950
9 904 905 869 868 11951
9 905 906 870 869 11952
9 906 907 871 870 11953
9 907 908 872 871 11954
9 908 909 873 872 11955
9 909 910 874 873 11956
9 910 911 875 874 11957
9 911 912 876 875 11958
9 912 913 877 876 11959
9 913 914 878 877 11960
9 914 915 879 878 11961
9 915 916 880 879 11962
9 916 917 881 880 11963
9 917 918 882 881 11964
9 918 919 883 882 11965
9 919 920 884 883 11966
9 920 921 885 884 11967
9 921 922 886 885 11968
9 226 851 671 227 11969
9 851 852 672 671 11970
9 852 853 673 672 11971
9 853 854 674 673 11972
9 854 855 675 674 11973
9 855 856 676 675 11974
9 856 857 677 676 11975
9 857 858 678 677 11976
9 858 859 679 678 11977
9 859 860 680 679 11978
9 860 861 681 680 11979
9 861 862 682 681 11980
9 862 863 683 682 11981
9 863 864 684 683 11982
9 864 865 685 684 11983
9 865 866 686 685 11984
9 866 867 687 686 11985
9 867 868 688 687 11986
9 868 869 689 688 11987
9 869 870 690 689 11988
9 870 871 691 690 11989
9 871 872 692 691 11990
9 872 873 693 692 11991
9 873 874 694 693 11992
9 874 875 695 694 11993
9 875 876 696 695 11994
9 876 877 697 696 11995
9 877 878 698 697 11996
9 878 879 699 698 11997
9 879 880 700 699 11998
9 880 881 701 700 11999
9 881 882 702 701 12000
9 882 883 703 702 12001
9 883 884 704 703 12002
9 884 885 705 704 12003
9 885 886 706 705 12004
9 227 671 2435 228 12005
9 671 672 2436 2435 12006
9 672 673 2437 2436 12007
9 673 674 2438 2437 12008
9 674 675 2439 2438 12009
9 675 676 2440 2439 12010
9 676 677 2441 2440 12011
9 677 678 2442 2441 12012
9 678 679 2443 2442 12013
9 679 680 2444 2443 12014
9 680 681 2445 2444 12015
9 681 682 2446 2445 12016
9 682 683 2447 2446 12017
9 683 684 2448 2447 12018
9 684 685 2449 2448 12019
9 685 686 2450 2449 12020
9 686 687 2451 2450 12021
9 687 688 2452 2451 12022
9 688 689 2453 2452 12023
9 689 690 2454 2453 12024
9 690 691 2455 2454 12025
9 691 692 2456 2455 12026
9 692 693 2457 2456 12027
9 693 694 2458 2457 12028
9 694 695 2459 2458 12029
9 695 696 2460 2459 12030
9 696 697 2461 2460 12031
9 697 698 2462 2461 12032
9 698 699 2463 2462 12033
9 699 700 2464 2463 12034
9 700 701 2465 2464 12035
9 701 702 2466 2465 12036
9 702 703 2467 2466 12037
9 703 704 2468 2467 12038
9 704 705 2469 2468 12039
9 705 706 2470 2469 12040
9 228 2435 3839 229 12041
9 2435 2436 3840 3839 12042
9 2436 2437 3841 3840 12043
9 2437 2438 3842 3841 12044
9 2438 2439 3843 3842 12045
9 2439 2440 3844 3843 12046
9 2440 2441 3845 3844 12047
9 2441 2442 3846 3845 12048
9 2442 2443 3847 3846 12049
9 2443 2444 3848 3847 12050
9 2444 2445 3849 3848 12051
9 2445 2446 3850 3849 12052
9 2446 2447 3851 3850 12053
9 2447 2448 3852 3851 12054
9 2448 2449 3853 3852 12055
9 2449 2450 3854 3853 12056
9 2450 2451 3855 3854 12057
9 2451 2452 3856 3855 12058
9 2452 2453 3857 3856 12059
9 2453 2454 3858 3857 12060
9 2454 2455 3859 3858 12061
9 2455 2456 3860 3859 12062
9 2456 2457 3861 3860 12063
9 2457 2458 3862 3861 12064
9 2458 2459 3863 3862 12065
9 2459 2460 3864 3863 12066
9 2460 2461 3865 3864 12067
9 2461 2462 3866 3865 12068
9 2462 2463 3867 3866 12069
9 2463 2464 3868 3867 12070
9 2464 2465 3869 3868 12071
9 2465 2466 3870 3869 12072
9 2466 2467 3871 3870 12073
9 2467 2468 3872 3871 12074
9 2468 2469 3873 3872 12075
9 2469 2470 3874 3873 12076
9 229 3839 2075 230 12077
9 3839 3840 2076 2075 12078
9 3840 3841 2077 2076 12079
9 3841 3842 2078 2077 12080
9 3842 3843 2079 2078 12081
9 3843 3844 2080 2079 12082
9 3844 3845 2081 2080 12083
9 3845 3846 2082 2081 12084
9 3846 3847 2083 2082 12085
9 3847 3848 2084 2083 12086
9 3848 3849 2085 2084 12087
9 3849 3850 2086 2085 12088
9 3850 3851 2087 2086 12089
9 3851 3852 2088 2087 12090
9 3852 3853 2089 2088 12091
9 3853 3854 2090 2089 12092
9 3854 3855 2091 2090 12093
9 3855 3856 2092 2091 12094
9 3856 3857 2093 2092 12095
9 3857 3858 2094 2093 12096
9 3858 3859 2095 2094 12097
9 3859 3860 2096 2095 12098
9 3860 3861 2097 2096 12099
9 3861 3862 2098 2097 12100
9 3862 3863 2099 2098 12101
9 3863 3864 2100 2099 12102
9 3864 3865 2101 2100 12103
9 3865 3866 2102 2101 12104
9 3866 3867 2103 2102 12105
9 3867 3868 2104 2103 12106
9 3868 3869 2105 2104 12107
9 3869 3870 2106 2105 12108
9 3870 3871 2107 2106 12109
9 3871 3872 2108 2107 12110
9 3872 3873 2109 2108 12111
9 3873 3874 2110 2109 12112
9 230 2075 2147 231 12113
9 2075 2076 2148 2147 12114
9 2076 2077 2149 2148 12115
9 2077 2078 2150 2149 12116
9 2078 2079 2151 2150 12117
9 2079 2080 2152 2151 12118
9 2080 2081 2153 2152 12119
9 2081 2082 2154 2153 12120
9 2082 2083 2155 2154 12121
9 2083 2084 2156 2155 12122
9 2084 2085 2157 2156 12123
9 2085 2086 2158 2157 12124
9 2086 2087 2159 2158 12125
9 2087 2088 2160 2159 12126
9 2088 2089 2161 2160 12127
9 2089 2090 2162 2161 12128
9 2090 2091 2163 2162 12129
9 2091 2092 2164 2163 12130
9 2092 2093 2165 2164 12131
9 2093 2094 2166 2165 12132
9 2094 2095 2167 2166 12133
9 2095 2096 2168 2167 12134
9 2096 2097 2169 2168 12135
9 2097 2098 2170 2169 12136
9 2098 2099 2171 2170 12137
9 2099 2100 2172 2171 12138
9 2100 2101 2173 2172 12139
9 2101 2102 2174 2173 12140
9 2102 2103 2175 2174 12141
9 2103 2104 2176 2175 12142
9 2104 2105 2177 2176 12143
9 2105 2106 2178 2177 12144
9 2106 2107 2179 2178 12145
9 2107 2108 2180 2179 12146
9 2108 2109 2181 2180 12147
9 2109 2110 2182 2181 12148
9 231 2147 599 232 12149
9 2147 2148 600 599 12150
9 2148 2149 601 600 12151
9 2149 2150 602 601 12152
9 2150 2151 603 602 12153
9 2151 2152 604 603 12154
9 2152 2153 605 604 12155
9 2153 2154 606 605 12156
9 2154 2155 607 606 12157
9 2155 2156 608 607 12158
9 2156 2157 609 608 12159
9 2157 2158 610 609 12160
9 2158 2159 611 610 12161
9 2159 2160 612 611 12162
9 2160 2161 613 612 12163
9 2161 2162 614 613 12164
9 2162 2163 615 614 12165
9 2163 2164 616 615 12166
9 2164 2165 617 616 12167
9 2165 2166 618 617 12168
9 2166 2167 619 618 12169
9 2167 2168 620 619 12170
9 2168 2169 621 620 12171
9 2169 2170 622 621 12172
9 2170 2171 623 622 12173
9 2171 2172 624 623 12174
9 2172 2173 625 624 12175
9 2173 2174 626 625 12176
9 2174 2175 627 626 12177
9 2175 2176 628 627 12178
9 2176 2177 629 628 12179
9 2177 2178 630 629 12180
9 2178 2179 631 630 12181
9 2179 2180 632 631 12182
9 2180 2181 633 632 12183
9 2181 2182 634 633 12184
9 260 4919 5171 261 12185
9 4919 4920 5172 5171 12186
9 4920 4921 5173 5172 12187
9 4921 4922 5174 5173 12188
9 4922 4923 5175 5174 12189
9 4923 4924 5176 5175 12190
9 4924 4925 5177 5176 12191
9 4925 4926 5178 5177 12192
9 4926 4927 5179 5178 12193
9 4927 4928 5180 5179 12194
9 4928 4929 5181 5180 12195
9 4929 4930 5182 5181 12196
9 4930 4931 5183 5182 12197
9 4931 4932 5184 5183 12198
9 4932 4933 5185 5184 12199
9 4933 4934 5186 5185 12200
9 4934 4935 5187 5186 12201
9 4935 4936 5188 5187 12202
9 4936 4937 5189 5188 12203
9 4937 4938 5190 5189 12204
9 4938 4939 5191 5190 12205
9 4939 4940 5192 5191 12206
9 4940 4941 5193 5192 12207
9 4941 4942 5194 5193 12208
9 4942 4943 5195 5194 12209
9 4943 4944 5196 5195 12210
9 4944 4945 5197 5196 12211
9 4945 4946 5198 5197 12212
9 4946 4947 5199 5198 12213
9 4947 4948 5200 5199 12214
9 4948 4949 5201 5200 12215
9 4949 4950 5202 5201 12216
9 4950 4951 5203 5202 12217
9 4951 4952 5204 5203 12218
9 4952 4953 5205 5204 12219
9 4953 4954 5206 5205 12220
9 261 5171 4163 262 12221
9 5171 5172 4164 4163 12222
9 5172 5173 4165 4164 12223
9 5173 5174 4166 4165 12224
9 5174 5175 4167 4166 12225
9 5175 5176 4168 4167 12226
9 5176 5177 4169 4168 12227
9 5177 5178 4170 4169 12228
9 5178 5179 4171 4170 12229
9 5179 5180 4172 4171 12230
9 5180 5181 4173 4172 12231
9 5181 5182 4174 4173 12232
9 5182 5183 4175 4174 12233
9 5183 5184 4176 4175 12234
9 5184 5185 4177 4176 12235
9 5185 5186 4178 4177 12236
9 5186 5187 4179 4178 12237
9 5187 5188 4180 4179 12238
9 5188 5189 4181 4180 12239
9 5189 5190 4182 4181 12240
9 5190 5191 4183 4182 12241
9 5191 5192 4184 4183 12242
9 5192 5193 4185 4184 12243
9 5193 5194 4186 4185 12244
9 5194 5195 4187 4186 12245
9 5195 5196 4188 4187 12246
9 5196 5197 4189 4188 12247
9 5197 5198 4190 4189 12248
9 5198 5199 4191 4190 12249
9 5199 5200 4192 4191 12250
9 5200 5201 4193 4192 12251
9 5201 5202 4194 4193 12252
9 5202 5203 4195 4194 12253
9 5203 5204 4196 4195 12254
9 5204 5205 4197 4196 12255
9 5205 5206 4198 4197 12256
9 262 4163 4127 263 12257
9 4163 4164 4128 4127 12258
9 4164 4165 4129 4128 12259
9 4165 4166 4130 4129 12260
9 4166 4167 4131 4130 12261
9 4167 4168 4132 4131 12262
9 4168 4169 4133 4132 12263
9 4169 4170 4134 4133 12264
9 4170 4171 4135 4134 12265
9 4171 4172 4136 4135 12266
9 4172 4173 4137 4136 12267
9 4173 4174 4138 4137 12268
9 4174 4175 4139 4138 12269
9 4175 4176 4140 4139 12270
9 4176 4177 4141 4140 12271
9 4177 4178 4142 4141 12272
9 4178 4179 4143 4142 12273
9 4179 4180 4144 4143 12274
9 4180 4181 4145 4144 12275
9 4181 4182 4146 4145 12276
9 4182 4183 4147 4146 12277
9 4183 4184 4148 4147 12278
9 4184 4185 4149 4148 12279
9 4185 4186 4150 4149 12280
9 4186 4187 4151 4150 12281
9 4187 4188 4152 4151 12282
9 4188 4189 4153 4152 12283
9 4189 4190 4154 4153 12284
9 4190 4191 4155 4154 12285
9 4191 4192 4156 4155 12286
9 4192 4193 4157 4156 12287
9 4193 4194 4158 4157 12288
9 4194 4195 4159 4158 12289
9 4195 4196 4160 4159 12290
9 4196 4197 4161 4160 12291
9 4197 4198 4162 4161 12292
9 233 3407 1787 234 12293
9 3407 3408 1788 1787 12294
9 3408 3409 1789 1788 12295
9 3409 3410 1790 1789 12296
9 3410 3411 1791 1790 12297
9 3411 3412 1792 1791 12298
9 3412 3413 1793 1792 12299
9 3413 3414 1794 1793 12300
9 3414 3415 1795 1794 12301
9 3415 3416 1796 1795 12302
9 3416 3417 1797 1796 12303
9 3417 3418 1798 1797 12304
9 3418 3419 1799 1798 12305
9 3419 3420 1800 1799 12306
9 3420 3421 1801 1800 12307
9 3421 3422 1802 1801 12308
9 3422 3423 1803 1802 12309
9 3423 3424 1804 1803 12310
9 3424 3425 1805 1804 12311
9 3425 3426 1806 1805 12312
9 3426 3427 1807 1806 12313
9 3427 3428 1808 1807 12314
9 3428 3429 1809 1808 12315
9 3429 3430 1810 1809 12316
9 3430 3431 1811 1810 12317
9 3431 3432 1812 1811 12318
9 3432 3433 1813 1812 12319
9 3433 3434 1814 1813 12320
9 3434 3435 1815 1814 12321
9 3435 3436 1816 1815 12322
9 3436 3437 1817 1816 12323
9 3437 3438 1818 1817 12324
9 3438 3439 1819 1818 12325
9 3439 3440 1820 1819 12326
9 3440 3441 1821 1820 12327
9 3441 3442 1822 1821 12328
9 234 1787 3731 235 12329
9 1787 1788 3732 3731 12330
9 1788 1789 3733 3732 12331
9 1789 1790 3734 3733 12332
9 1790 1791 3735 3734 12333
9 1791 1792 3736 3735 12334
9 1792 1793 3737 3736 12335
9 1793 1794 3738 3737 12336
9 1794 1795 3739 3738 12337
9 1795 1796 3740 3739 12338
9 1796 1797 3741 3740 12339
9 1797 1798 3742 3741 12340
9 1798 1799 3743 3742 12341
9 1799 1800 3744 3743 12342
9 1800 1801 3745 3744 12343
9 1801 1802 3746 3745 12344
9 1802 1803 3747 3746 12345
9 1803 1804 3748 3747 12346
9 1804 1805 3749 3748 12347
9 1805 1806 3750 3749 12348
9 1806 1807 3751 3750 12349
9 1807 1808 3752 3751 12350
9 1808 1809 3753 3752 12351
9 1809 1810 3754 3753 12352
9 1810 1811 3755 3754 12353
9 1811 1812 3756 3755 12354
9 1812 1813 3757 3756 12355
9 1813 1814 3758 3757 12356
9 1814 1815 3759 3758 12357
9 1815 1816 3760 3759 12358
9 1816 1817 3761 3760 12359
9 1817 1818 3762 3761 12360
9 1818 1819 3763 3762 12361
9 1819 1820 3764 3763 12362
9 1820 1821 3765 3764 12363
9 1821 1822 3766 3765 12364
9 235 3731 2003 236 12365
9 3731 3732 2004 2003 12366
9 3732 3733 2005 2004 12367
9 3733 3734 2006 2005 12368
9 3734 3735 2007 2006 12369
9 3735 3736 2008 2007 12370
9 3736 3737 2009 2008 12371
9 3737 3738 2010 2009 12372
9 3738 3739 2011 2010 12373
9 3739 3740 2012 2011 12374
9 3740 3741 2013 2012 12375
9 3741 3742 2014 2013 12376
9 3742 3743 2015 2014 12377
9 3743 3744 2016 2015 12378
9 3744 3745 2017 2016 12379
9 3745 3746 2018 2017 12380
9 3746 3747 2019 2018 12381
9 3747 3748 2020 2019 12382
9 3748 3749 2021 2020 12383
9 3749 3750 2022 2021 12384
9 3750 3751 2023 2022 12385
9 3751 3752 2024 2023 12386
9 3752 3753 2025 2024 12387
9 3753 3754 2026 2025 12388
9 3754 3755 2027 2026 12389
9 3755 3756 2028 2027 12390
9 3756 3757 2029 2028 12391
9 3757 3758 2030 2029 12392
9 3758 3759 2031 2030 12393
9 3759 3760 2032 2031 12394
9 3760 3761 2033 2032 12395
9 3761 3762 2034 2033 12396
9 3762 3763 2035 2034 12397
9 3763 3764 2036 2035 12398
9 3764 3765 2037 2036 12399
9 3765 3766 2038 2037 12400
9 236 2003 2939 237 12401
9 2003 2004 2940 2939 12402
9 2004 2005 2941 2940 12403
9 2005 2006 2942 2941 12404
9 2006 2007 2943 2942 12405
9 2007 2008 2944 2943 12406
9 2008 2009 2945 2944 12407
9 2009 2010 2946 2945 12408
9 2010 2011 2947 2946 12409
9 2011 2012 2948 2947 12410
9 2012 2013 2949 2948 12411
9 2013 2014 2950 2949 12412
9 2014 2015 2951 2950 12413
9 2015 2016 2952 2951 12414
9 2016 2017 2953 2952 12415
9 2017 2018 2954 2953 12416
9 2018 2019 2955 2954 12417
9 2019 2020 2956 2955 12418
9 2020 2021 2957 2956 12419
9 2021 2022 2958 2957 12420
9 2022 2023 2959 2958 12421
9 2023 2024 2960 2959 12422
9 2024 2025 2961 2960 12423
9 2025 2026 2962 2961 12424
9 2026 2027 2963 2962 12425
9 2027 2028 2964 2963 12426
9 2028 2029 2965 2964 12427
9 2029 2030 2966 2965 12428
9 2030 2031 2967 2966 12429
9 2031 2032 2968 2967 12430
9 2032 2033 2969 2968 12431
9 2033 2034 2970 2969 12432
9 2034 2035 2971 2970 12433
9 2035 2036 2972 2971 12434
9 2036 2037 2973 2972 12435
9 2037 2038 2974 2973 12436
9 237 2939 1463 238 12437
9 2939 2940 1464 1463 12438
9 2940 2941 1465 1464 12439
9 2941 2942 1466 1465 12440
9 2942 2943 1467 1466 12441
9 2943 2944 1468 1467 12442
9 2944 2945 1469 1468 12443
9 2945 2946 1470 1469 12444
9 2946 2947 1471 1470 12445
9 2947 2948 1472 1471 12446
9 2948 2949 1473 1472 12447
9 2949 2950 1474 1473 12448
9 2950 2951 1475 1474 12449
9 2951 2952 1476 1475 12450
9 2952 2953 1477 1476 12451
9 2953 2954 1478 1477 12452
9 2954 2955 1479 1478 12453
9 2955 2956 1480 1479 12454
9 2956 2957 1481 1480 12455
9 2957 2958 1482 1481 12456
9 2958 2959 1483 1482 12457
9 2959 2960 1484 1483 12458
9 2960 2961 1485 1484 12459
9 2961 2962 1486 1485 12460
9 2962 2963 1487 1486 12461
9 2963 2964 1488 1487 12462
9 2964 2965 1489 1488 12463
9 2965 2966 1490 1489 12464
9 2966 2967 1491 1490 12465
9 2967 2968 1492 1491 12466
9 2968 2969 1493 1492 12467
9 2969 2970 1494 1493 12468
9 2970 2971 1495 1494 12469
9 2971 2972 1496 1495 12470
9 2972 2973 1497 1496 12471
9 2973 2974 1498 1497 12472
9 238 1463 4271 239 12473
9 1463 1464 4272 4271 12474
9 1464 1465 4273 4272 12475
9 1465 1466 4274 4273 12476
9 1466 1467 4275 4274 12477
9 1467 1468 4276 4275 12478
9 1468 1469 4277 4276 12479
9 1469 1470 4278 4277 12480
9 1470 1471 4279 4278 12481
9 1471 1472 4280 4279 12482
9 1472 1473 4281 4280 12483
9 1473 1474 4282 4281 12484
9 1474 1475 4283 4282 12485
9 1475 1476 4284 4283 12486
9 1476 1477 4285 4284 12487
9 1477 1478 4286 4285 12488
9 1478 1479 4287 4286 12489
9 1479 1480 4288 4287 12490
9 1480 1481 4289 4288 12491
9 1481 1482 4290 4289 12492
9 1482 1483 4291 4290 12493
9 1483 1484 4292 4291 12494
9 1484 1485 4293 4292 12495
9 1485 1486 4294 4293 12496
9 1486 1487 4295 4294 12497
9 1487 1488 4296 4295 12498
9 1488 1489 4297 4296 12499
9 1489 1490 4298 4297 12500
9 1490 1491 4299 4298 12501
9 1491 1492 4300 4299 12502
9 1492 1493 4301 4300 12503
9 1493 1494 4302 4301 12504
9 1494 1495 4303 4302 12505
9 1495 1496 4304 4303 12506
9 1496 1497 4305 4304 12507
9 1497 1498 4306 4305 12508
9 239 4271 5243 240 12509
9 4271 4272 5244 5243 12510
9 4272 4273 5245 5244 12511
9 4273 4274 5246 5245 12512
9 4274 4275 5247 5246 12513
9 4275 4276 5248 5247 12514
9 4276 4277 5249 5248 12515
9 4277 4278 5250 5249 12516
9 4278 4279 5251 5250 12517
9 4279 4280 5252 5251 12518
9 4280 4281 5253 5252 12519
9 4281 4282 5254 5253 12520
9 4282 4283 5255 5254 12521
9 4283 4284 5256 5255 12522
9 4284 4285 5257 5256 12523
9 4285 4286 5258 5257 12524
9 4286 4287 5259 5258 12525
9 4287 4288 5260 5259 12526
9 4288 4289 5261 5260 12527
9 4289 4290 5262 5261 12528
9 4290 4291 5263 5262 12529
9 4291 4292 5264 5263 12530
9 4292 4293 5265 5264 12531
9 4293 4294 5266 5265 12532
9 4294 4295 5267 5266 12533
9 4295 4296 5268 5267 12534
9 4296 4297 5269 5268 12535
9 4297 4298 5270 5269 12536
9 4298 4299 5271 5270 12537
9 4299 4300 5272 5271 12538
9 4300 4301 5273 5272 12539
9 4301 4302 5274 5273 12540
9 4302 4303 5275 5274 12541
9 4303 4304 5276 5275 12542
9 4304 4305 5277 5276 12543
9 4305 4306 5278 5277 12544
9 240 5243 4199 241 12545
9 5243 5244 4200 4199 12546
9 5244 5245 4201 4200 12547
9 5245 5246 4202 4201 12548
9 5246 5247 4203 4202 12549
9 5247 5248 4204 4203 12550
9 5248 5249 4205 4204 12551
9 5249 5250 4206 4205 12552
9 5250 5251 4207 4206 12553
9 5251 5252 4208 4207 12554
9 5252 5253 4209 4208 12555
9 5253 5254 4210 4209 12556
9 5254 5255 4211 4210 12557
9 5255 5256 4212 4211 12558
9 5256 5257 4213 4212 12559
9 5257 5258 4214 4213 12560
9 5258 5259 4215 4214 12561
9 5259 5260 4216 4215 12562
9 5260 5261 4217 4216 12563
9 5261 5262 4218 4217 12564
9 5262 5263 4219 4218 12565
9 5263 5264 4220 4219 12566
9 5264 5265 4221 4220 12567
9 5265 5266 4222 4221 12568
9 5266 5267 4223 4222 12569
9 5267 5268 4224 4223 12570
9 5268 5269 4225 4224 12571
9 5269 5270 4226 4225 12572
9 5270 5271 4227 4226 12573
9 5271 5272 4228 4227 12574
9 5272 5273 4229 4228 12575
9 5273 5274 4230 4229 12576
9 5274 5275 4231 4230 12577
9 5275 5276 4232 4231 12578
9 5276 5277 4233 4232 12579
9 5277 5278 4234 4233 12580
9 241 4199 3911 242 12581
9 4199 4200 3912 3911 12582
9 4200 4201 3913 3912 12583
9 4201 4202 3914 3913 12584
9 4202 4203 3915 3914 12585
9 4203 4204 3916 3915 12586
9 4204 4205 3917 3916 12587
9 4205 4206 3918 3917 12588
9 4206 4207 3919 3918 12589
9 4207 4208 3920 3919 12590
9 4208 4209 3921 3920 12591
9 4209 4210 3922 3921 12592
9 4210 4211 3923 3922 12593
9 4211 4212 3924 3923 12594
9 4212 4213 3925 3924 12595
9 4213 4214 3926 3925 12596
9 4214 4215 3927 3926 12597
9 4215 4216 3928 3927 12598
9 4216 4217 3929 3928 12599
9 4217 4218 3930 3929 12600
9 4218 4219 3931 3930 12601
9 4219 4220 3932 3931 12602
9 4220 4221 3933 3932 12603
9 4221 4222 3934 3933 12604
9 4222 4223 3935 3934 12605
9 4223 4224 3936 3935 12606
9 4224 4225 3937 3936 12607
9 4225 4226 3938 3937 12608
9 4226 4227 3939 3938 12609
9 4227 4228 3940 3939 12610
9 4228 4229 3941 3940 12611
9 4229 4230 3942 3941 12612
9 4230 4231 3943 3942 12613
9 4231 4232 3944 3943 12614
9 4232 4233 3945 3944 12615
9 4233 4234 3946 3945 12616
9 242 3911 5315 243 12617
9 3911 3912 5316 5315 12618
9 3912 3913 5317 5316 12619
9 3913 3914 5318 5317 12620
9 3914 3915 5319 5318 12621
9 3915 3916 5320 5319 12622
9 3916 3917 5321 5320 12623
9 3917 3918 5322 5321 12624
9 3918 3919 5323 5322 12625
9 3919 3920 5324 5323 12626
9 3920 3921 5325 5324 12627
9 3921 3922 5326 5325 12628
9 3922 3923 5327 5326 12629
9 3923 3924 5328 5327 12630
9 3924 3925 5329 5328 12631
9 3925 3926 5330 5329 12632
9 3926 3927 5331 5330 12633
9 3927 3928 5332 5331 12634
9 3928 3929 5333 5332 12635
9 3929 3930 5334 5333 12636
9 3930 3931 5335 5334 12637
9 3931 3932 5336 5335 12638
9 3932 3933 5337 5336 12639
9 3933 3934 5338 5337 12640
9 3934 3935 5339 5338 12641
9 3935 3936 5340 5339 12642
9 3936 3937 5341 5340 12643
9 3937 3938 5342 5341 12644
9 3938 3939 5343 5342 12645
9 3939 3940 5344 5343 12646
9 3940 3941 5345 5344 12647
9 3941 3942 5346 5345 12648
9 3942 3943 5347 5346 12649
9 3943 3944 5348 5347 12650
9 3944 3945 5349 5348 12651
9 3945 3946 5350 5349 12652
9 243 5315 1067 244 12653
9 5315 5316 1068 1067 12654
9 5316 5317 1069 1068 12655
9 5317 5318 1070 1069 12656
9 5318 5319 1071 1070 12657
9 5319 5320 1072 1071 12658
9 5320 5321 1073 1072 12659
9 5321 5322 1074 1073 12660
9 5322 5323 1075 1074 12661
9 5323 5324 1076 1075 12662
9 5324 5325 1077 1076 12663
9 5325 5326 1078 1077 12664
9 5326 5327 1079 1078 12665
9 5327 5328 1080 1079 12666
9 5328 5329 1081 1080 12667
9 5329 5330 1082 1081 12668
9 5330 5331 1083 1082 12669
9 5331 5332 1084 1083 12670
9 5332 5333 1085 1084 12671
9 5333 5334 1086 1085 12672
9 5334 5335 1087 1086 12673
9 5335 5336 1088 1087 12674
9 5336 5337 1089 1088 12675
9 5337 5338 1090 1089 12676
9 5338 5339 1091 1090 12677
9 5339 5340 1092 1091 12678
9 5340 5341 1093 1092 12679
9 5341 5342 1094 1093 12680
9 5342 5343 1095 1094 12681
9 5343 5344 1096 1095 12682
9 5344 5345 1097 1096 12683
9 5345 5346 1098 1097 12684
9 5346 5347 1099 1098 12685
9 5347 5348 1100 1099 12686
9 5348 5349 1101 1100 12687
9 5349 5350 1102 1101 12688
9 244 1067 2651 245 12689
9 1067 1068 2652 2651 12690
9 1068 1069 2653 2652 12691
9 1069 1070 2654 2653 12692
9 1070 1071 2655 2654 12693
9 1071 1072 2656 2655 12694
9 1072 1073 2657 2656 12695
9 1073 1074 2658 2657 12696
9 1074 1075 2659 2658 12697
9 1075 1076 2660 2659 12698
9 1076 1077 2661 2660 12699
9 1077 1078 2662 2661 12700
9 1078 1079 2663 2662 12701
9 1079 1080 2664 2663 12702
9 1080 1081 2665 2664 12703
9 1081 1082 2666 2665 12704
9 1082 1083 2667 2666 12705
9 1083 1084 2668 2667 12706
9 1084 1085 2669 2668 12707
9 1085 1086 2670 2669 12708
9 1086 1087 2671 2670 12709
9 1087 1088 2672 2671 12710
9 1088 1089 2673 2672 12711
9 1089 1090 2674 2673 12712
9 1090 1091 2675 2674 12713
9 1091 1092 2676 2675 12714
9 1092 1093 2677 2676 12715
9 1093 1094 2678 2677 12716
9 1094 1095 2679 2678 12717
9 1095 1096 2680 2679 12718
9 1096 1097 2681 2680 12719
9 1097 1098 2682 2681 12720
9 1098 1099 2683 2682 12721
9 1099 1100 2684 2683 12722
9 1100 1101 2685 2684 12723
9 1101 1102 2686 2685 12724
9 245 2651 3191 246 12725
9 2651 2652 3192 3191 12726
9 2652 2653 3193 3192 12727
9 2653 2654 3194 3193 12728
9 2654 2655 3195 3194 12729
9 2655 2656 3196 3195 12730
9 2656 2657 3197 3196 12731
9 2657 2658 3198 3197 12732
9 2658 2659 3199 3198 12733
9 2659 2660 3200 3199 12734
9 2660 2661 3201 3200 12735
9 2661 2662 3202 3201 12736
9 2662 2663 3203 3202 12737
9 2663 2664 3204 3203 12738
9 2664 2665 3205 3204 12739
9 2665 2666 3206 3205 12740
9 2666 2667 3207 3206 12741
9 2667 2668 3208 3207 12742
9 2668 2669 3209 3208 12743
9 2669 2670 3210 3209 12744
9 2670 2671 3211 3210 12745
9 2671 2672 3212 3211 12746
9 2672 2673 3213 3212 12747
9 2673 2674 3214 3213 12748
9 2674 2675 3215 3214 12749
9 2675 2676 3216 3215 12750
9 2676 2677 3217 3216 12751
9 2677 2678 3218 3217 12752
9 2678 2679 3219 3218 12753
9 2679 2680 3220 3219 12754
9 2680 2681 3221 3220 12755
9 2681 2682 3222 3221 12756
9 2682 2683 3223 3222 12757
9 2683 2684 3224 3223 12758
9 2684 2685 3225 3224 12759
9 2685 2686 3226 3225 12760
9 246 3191 2291 247 12761
9 3191 3192 2292 2291 12762
9 3192 3193 2293 2292 12763
9 3193 3194 2294 2293 12764
9 3194 3195 2295 2294 12765
9 3195 3196 2296 2295 12766
9 3196 3197 2297 2296 12767
9 3197 3198 2298 2297 12768
9 3198 3199 2299 2298 12769
9 3199 3200 2300 2299 12770
9 3200 3201 2301 2300 12771
9 3201 3202 2302 2301 12772
9 3202 3203 2303 2302 12773
9 3203 3204 2304 2303 12774
9 3204 3205 2305 2304 12775
9 3205 3206 2306 2305 12776
9 3206 3207 2307 2306 12777
9 3207 3208 2308 2307 12778
9 3208 3209 2309 2308 12779
9 3209 3210 2310 2309 12780
9 3210 3211 2311 2310 12781
9 3211 3212 2312 2311 12782
9 3212 3213 2313 2312 12783
9 3213 3214 2314 2313 12784
9 3214 3215 2315 2314 12785
9 3215 3216 2316 2315 12786
9 3216 3217 2317 2316 12787
9 3217 3218 2318 2317 12788
9 3218 3219 2319 2318 12789
9 3219 3220 2320 2319 12790
9 3220 3221 2321 2320 12791
9 3221 3222 2322 2321 12792
9 3222 3223 2323 2322 12793
9 3223 3224 2324 2323 12794
9 3224 3225 2325 2324 12795
9 3225 3226 2326 2325 12796
9 247 2291 3047 248 12797
9 2291 2292 3048 3047 12798
9 2292 2293 3049 3048 12799
9 2293 2294 3050 3049 12800
9 2294 2295 3051 3050 12801
9 2295 2296 3052 3051 12802
9 2296 2297 3053 3052 12803
9 2297 2298 3054 3053 12804
9 2298 2299 3055 3054 12805
9 2299 2300 3056 3055 12806
9 2300 2301 3057 3056 12807
9 2301 2302 3058 3057 12808
9 2302 2303 3059 3058 12809
9 2303 2304 3060 3059 12810
9 2304 2305 3061 3060 12811
9 2305 2306 3062 3061 12812
9 2306 2307 3063 3062 12813
9 2307 2308 3064 3063 12814
9 2308 2309 3065 3064 12815
9 2309 2310 3066 3065 12816
9 2310 2311 3067 3066 12817
9 2311 2312 3068 3067 12818
9 2312 2313 3069 3068 12819
9 2313 2314 3070 3069 12820
9 2314 2315 3071 3070 12821
9 2315 2316 3072 3071 12822
9 2316 2317 3073 3072 12823
9 2317 2318 3074 3073 12824
9 2318 2319 3075 3074 12825
9 2319 2320 3076 3075 12826
9 2320 2321 3077 3076 12827
9 2321 2322 3078 3077 12828
9 2322 2323 3079 3078 12829
9 2323 2324 3080 3079 12830
9 2324 2325 3081 3080 12831
9 2325 2326 3082 3081 12832
9 248 3047 4487 249 12833
9 3047 3048 4488 4487 12834
9 3048 3049 4489 4488 12835
9 3049 3050 4490 4489 12836
9 3050 3051 4491 4490 12837
9 3051 3052 4492 4491 12838
9 3052 3053 4493 4492 12839
9 3053 3054 4494 4493 12840
9 3054 3055 4495 4494 12841
9 3055 3056 4496 4495 12842
9 3056 3057 4497 4496 12843
9 3057 3058 4498 4497 12844
9 3058 3059 4499 4498 12845
9 3059 3060 4500 4499 12846
9 3060 3061 4501 4500 12847
9 3061 3062 4502 4501 12848
9 3062 3063 4503 4502 12849
9 3063 3064 4504 4503 12850
9 3064 3065 4505 4504 12851
9 3065 3066 4506 4505 12852
9 3066 3067 4507 4506 12853
9 3067 3068 4508 4507 12854
9 3068 3069 4509 4508 12855
9 3069 3070 4510 4509 12856
9 3070 3071 4511 4510 12857
9 3071 3072 4512 4511 12858
9 3072 3073 4513 4512 12859
9 3073 3074 4514 4513 12860
9 3074 3075 4515 4514 12861
9 3075 3076 4516 4515 12862
9 3076 3077 4517 4516 12863
9 3077 3078 4518 4517 12864
9 3078 3079 4519 4518 12865
9 3079 3080 4520 4519 12866
9 3080 3081 4521 4520 12867
9 3081 3082 4522 4521 12868
9 249 4487 5279 250 12869
9 4487 4488 5280 5279 12870
9 4488 4489 5281 5280 12871
9 4489 4490 5282 5281 12872
9 4490 4491 5283 5282 12873
9 4491 4492 5284 5283 12874
9 4492 4493 5285 5284 12875
9 4493 4494 5286 5285 12876
9 4494 4495 5287 5286 12877
9 4495 4496 5288 5287 12878
9 4496 4497 5289 5288 12879
9 4497 4498 5290 5289 12880
9 4498 4499 5291 5290 12881
9 4499 4500 5292 5291 12882
9 4500 4501 5293 5292 12883
9 4501 4502 5294 5293 12884
9 4502 4503 5295 5294 12885
9 4503 4504 5296 5295 12886
9 4504 4505 5297 5296 12887
9 4505 4506 5298 5297 12888
9 4506 4507 5299 5298 12889
9 4507 4508 5300 5299 12890
9 4508 4509 5301 5300 12891
9 4509 4510 5302 5301 12892
9 4510 4511 5303 5302 12893
9 4511 4512 5304 5303 12894
9 4512 4513 5305 5304 12895
9 4513 4514 5306 5305 12896
9 4514 4515 5307 5306 12897
9 4515 4516 5308 5307 12898
9 4516 4517 5309 5308 12899
9 4517 4518 5310 5309 12900
9 4518 4519 5311 5310 12901
9 4519 4520 5312 5311 12902
9 4520 4521 5313 5312 12903
9 4521 4522 5314 5313 12904
9 250 5279 4235 251 12905
9 5279 5280 4236 4235 12906
9 5280 5281 4237 4236 12907
9 5281 5282 4238 4237 12908
9 5282 5283 4239 4238 12909
9 5283 5284 4240 4239 12910
9 5284 5285 4241 4240 12911
9 5285 5286 4242 4241 12912
9 5286 5287 4243 4242 12913
9 5287 5288 4244 4243 12914
9 5288 5289 4245 4244 12915
9 5289 5290 4246 4245 12916
9 5290 5291 4247 4246 12917
9 5291 5292 4248 4247 12918
9 5292 5293 4249 4248 12919
9 5293 5294 4250 4249 12920
9 5294 5295 4251 4250 12921
9 5295 5296 4252 4251 12922
9 5296 5297 4253 4252 12923
9 5297 5298 4254 4253 12924
9 5298 5299 4255 4254 12925
9 5299 5300 4256 4255 12926
9 5300 5301 4257 4256 12927
9 5301 5302 4258 4257 12928
9 5302 5303 4259 4258 12929
9 5303 5304 4260 4259 12930
9 5304 5305 4261 4260 12931
9 5305 5306 4262 4261 12932
9 5306 5307 4263 4262 12933
9 5307 5308 4264 4263 12934
9 5308 5309 4265 4264 12935
9 5309 5310 4266 4265 12936
9 5310 5311 4267 4266 12937
9 5311 5312 4268 4267 12938
9 5312 5313 4269 4268 12939
9 5313 5314 4270 4269 12940
9 251 4235 3299 252 12941
9 4235 4236 3300 3299 12942
9 4236 4237 3301 3300 12943
9 4237 4238 3302 3301 12944
9 4238 4239 3303 3302 12945
9 4239 4240 3304 3303 12946
9 4240 4241 3305 3304 12947
9 4241 4242 3306 3305 12948
9 4242 4243 3307 3306 12949
9 4243 4244 3308 3307 12950
9 4244 4245 3309 3308 12951
9 4245 4246 3310 3309 12952
9 4246 4247 3311 3310 12953
9 4247 4248 3312 3311 12954
9 4248 4249 3313 3312 12955
9 4249 4250 3314 3313 12956
9 4250 4251 3315 3314 12957
9 4251 4252 3316 3315 12958
9 4252 4253 3317 3316 12959
9 4253 4254 3318 3317 12960
9 4254 4255 3319 3318 12961
9 4255 4256 3320 3319 12962
9 4256 4257 3321 3320 12963
9 4257 4258 3322 3321 12964
9 4258 4259 3323 3322 12965
9 4259 4260 3324 3323 12966
9 4260 4261 3325 3324 12967
9 4261 4262 3326 3325 12968
9 4262 4263 3327 3326 12969
9 4263 4264 3328 3327 12970
9 4264 4265 3329 3328 12971
9 4265 4266 3330 3329 12972
9 4266 4267 3331 3330 12973
9 4267 4268 3332 3331 12974
9 4268 4269 3333 3332 12975
9 4269 4270 3334 3333 12976
9 252 3299 2507 253 12977
9 3299 3300 2508 2507 12978
9 3300 3301 2509 2508 12979
9 3301 3302 2510 2509 12980
9 3302 3303 2511 2510 12981
9 3303 3304 2512 2511 12982
9 3304 3305 2513 2512 12983
9 3305 3306 2514 2513 12984
9 3306 3307 2515 2514 12985
9 3307 3308 2516 2515 12986
9 3308 3309 2517 2516 12987
9 3309 3310 2518 2517 12988
9 3310 3311 2519 2518 12989
9 3311 3312 2520 2519 12990
9 3312 3313 2521 2520 12991
9 3313 3314 2522 2521 12992
9 3314 3315 2523 2522 12993
9 3315 3316 2524 2523 12994
9 3316 3317 2525 2524 12995
9 3317 3318 2526 2525 12996
9 3318 3319 2527 2526 12997
9 3319 3320 2528 2527 12998
9 3320 3321 2529 2528 12999
9 3321 3322 2530 2529 13000
9 3322 3323 2531 2530 13001
9 3323 3324 2532 2531 13002
9 3324 3325 2533 2532 13003
9 3325 3326 2534 2533 13004
9 3326 3327 2535 2534 13005
9 3327 3328 2536 2535 13006
9 3328 3329 2537 2536 13007
9 3329 3330 2538 2537 13008
9 3330 3331 2539 2538 13009
9 3331 3332 2540 2539 13010
9 3332 3333 2541 2540 13011
9 3333 3334 2542 2541 13012
9 253 2507 2183 254 13013
9 2507 2508 2184 2183 13014
9 2508 2509 2185 2184 13015
9 2509 2510 2186 2185 13016
9 2510 2511 2187 2186 13017
9 2511 2512 2188 2187 13018
9 2512 2513 2189 2188 13019
9 2513 2514 2190 2189 13020
9 2514 2515 2191 2190 13021
9 2515 2516 2192 2191 13022
9 2516 2517 2193 2192 13023
9 2517 2518 2194 2193 13024
9 2518 2519 2195 2194 13025
9 2519 2520 2196 2195 13026
9 2520 2521 2197 2196 13027
9 2521 2522 2198 2197 13028
9 2522 2523 2199 2198 13029
9 2523 2524 2200 2199 13030
9 2524 2525 2201 2200 13031
9 2525 2526 2202 2201 13032
9 2526 2527 2203 2202 13033
9 2527 2528 2204 2203 13034
9 2528 2529 2205 2204 13035
9 2529 2530 2206 2205 13036
9 2530 2531 2207 2206 13037
9 2531 2532 2208 2207 13038
9 2532 2533 2209 2208 13039
9 2533 2534 2210 2209 13040
9 2534 2535 2211 2210 13041
9 2535 2536 2212 2211 13042
9 2536 2537 2213 2212 13043
9 2537 2538 2214 2213 13044
9 2538 2539 2215 2214 13045
9 2539 2540 2216 2215 13046
9 2540 2541 2217 2216 13047
9 2541 2542 2218 2217 13048
9 254 2183 1931 255 13049
9 2183 2184 1932 1931 13050
9 2184 2185 1933 1932 13051
9 2185 2186 1934 1933 13052
9 2186 2187 1935 1934 13053
9 2187 2188 1936 1935 13054
9 2188 2189 1937 1936 13055
9 2189 2190 1938 1937 13056
9 2190 2191 1939 1938 13057
9 2191 2192 1940 1939 13058
9 2192 2193 1941 1940 13059
9 2193 2194 1942 1941 13060
9 2194 2195 1943 1942 13061
9 2195 2196 1944 1943 13062
9 2196 2197 1945 1944 13063
9 2197 2198 1946 1945 13064
9 2198 2199 1947 1946 13065
9 2199 2200 1948 1947 13066
9 2200 2201 1949 1948 13067
9 2201 2202 1950 1949 13068
9 2202 2203 1951 1950 13069
9 2203 2204 1952 1951 13070
9 2204 2205 1953 1952 13071
9 2205 2206 1954 1953 13072
9 2206 2207 1955 1954 13073
9 2207 2208 1956 1955 13074
9 2208 2209 1957 1956 13075
9 2209 2210 1958 1957 13076
9 2210 2211 1959 1958 13077
9 2211 2212 1960 1959 13078
9 2212 2213 1961 1960 13079
9 2213 2214 1962 1961 13080
9 2214 2215 1963 1962 13081
9 2215 2216 1964 1963 13082
9 2216 2217 1965 1964 13083
9 2217 2218 1966 1965 13084
9 255 1931 5099 256 13085
9 1931 1932 5100 5099 13086
9 1932 1933 5101 5100 13087
9 1933 1934 5102 5101 13088
9 1934 1935 5103 5102 13089
9 1935 1936 5104 5103 13090
9 1936 1937 5105 5104 13091
9 1937 1938 5106 5105 13092
9 1938 1939 5107 5106 13093
9 1939 1940 5108 5107 13094
9 1940 1941 5109 5108 13095
9 1941 1942 5110 5109 13096
9 1942 1943 5111 5110 13097
9 1943 1944 5112 5111 13098
9 1944 1945 5113 5112 13099
9 1945 1946 5114 5113 13100
9 1946 1947 5115 5114 13101
9 1947 1948 5116 5115 13102
9 1948 1949 5117 5116 13103
9 1949 1950 5118 5117 13104
9 1950 1951 5119 5118 13105
9 1951 1952 5120 5119 13106
9 1952 1953 5121 5120 13107
9 1953 1954 5122 5121 13108
9 1954 1955 5123 5122 13109
9 1955 1956 5124 5123 13110
9 1956 1957 5125 5124 13111
9 1957 1958 5126 5125 13112
9 1958 1959 5127 5126 13113
9 1959 1960 5128 5127 13114
9 1960 1961 5129 5128 13115
9 1961 1962 5130 5129 13116
9 1962 1963 5131 5130 13117
9 1963 1964 5132 5131 13118
9 1964 1965 5133 5132 13119
9 1965 1966 5134 5133 13120
9 256 5099 3695 257 13121
9 5099 5100 3696 3695 13122
9 5100 5101 3697 3696 13123
9 5101 5102 3698 3697 13124
9 5102 5103 3699 3698 13125
9 5103 5104 3700 3699 13126
9 5104 5105 3701 3700 13127
9 5105 5106 3702 3701 13128
9 5106 5107 3703 3702 13129
9 5107 5108 3704 3703 13130
9 5108 5109 3705 3704 13131
9 5109 5110 3706 3705 13132
9 5110 5111 3707 3706 13133
9 5111 5112 3708 3707 13134
9 5112 5113 3709 3708 13135
9 5113 5114 3710 3709 13136
9 5114 5115 3711 3710 13137
9 5115 5116 3712 3711 13138
9 5116 5117 3713 3712 13139
9 5117 5118 3714 3713 13140
9 5118 5119 3715 3714 13141
9 5119 5120 3716 3715 13142
9 5120 5121 3717 3716 13143
9 5121 5122 3718 3717 13144
9 5122 5123 3719 3718 13145
9 5123 5124 3720 3719 13146
9 5124 5125 3721 3720 13147
9 5125 5126 3722 3721 13148
9 5126 5127 3723 3722 13149
9 5127 5128 3724 3723 13150
9 5128 5129 3725 3724 13151
9 5129 5130 3726 3725 13152
9 5130 5131 3727 3726 13153
9 5131 5132 3728 3727 13154
9 5132 5133 3729 3728 13155
9 5133 5134 3730 3729 13156
9 257 3695 4883 258 13157
9 3695 3696 4884 4883 13158
9 3696 3697 4885 4884 13159
9 3697 3698 4886 4885 13160
9 3698 3699 4887 4886 13161
9 3699 3700 4888 4887 13162
9 3700 3701 4889 4888 13163
9 3701 3702 4890 4889 13164
9 3702 3703 4891 4890 13165
9 3703 3704 4892 4891 13166
9 3704 3705 4893 4892 13167
9 3705 3706 4894 4893 13168
9 3706 3707 4895 4894 13169
9 3707 3708 4896 4895 13170
9 3708 3709 4897 4896 13171
9 3709 3710 4898 4897 13172
9 3710 3711 4899 4898 13173
9 3711 3712 4900 4899 13174
9 3712 3713 4901 4900 13175
9 3713 3714 4902 4901 13176
9 3714 3715 4903 4902 13177
9 3715 3716 4904 4903 13178
9 3716 3717 4905 4904 13179
9 3717 3718 4906 4905 13180
9 3718 3719 4907 4906 13181
9 3719 3720 4908 4907 13182
9 3720 3721 4909 4908 13183
9 3721 3722 4910 4909 13184
9 3722 3723 4911 4910 13185
9 3723 3724 4912 4911 13186
9 3724 3725 4913 4912 13187
9 3725 3726 4914 4913 13188
9 3726 3727 4915 4914 13189
9 3727 3728 4916 4915 13190
9 3728 3729 4917 4916 13191
9 3729 3730 4918 4917 13192
9 258 4883 2831 259 13193
9 4883 4884 2832 2831 13194
9 4884 4885 2833 2832 13195
9 4885 4886 2834 2833 13196
9 4886 4887 2835 2834 13197
9 4887 4888 2836 2835 13198
9 4888 4889 2837 2836 13199
9 4889 4890 2838 2837 13200
9 4890 4891 2839 2838 13201
9 4891 4892 2840 2839 13202
9 4892 4893 2841 2840 13203
9 4893 4894 2842 2841 13204
9 4894 4895 2843 2842 13205
9 4895 4896 2844 2843 13206
9 4896 4897 2845 2844 13207
9 4897 4898 2846 2845 13208
9 4898 4899 2847 2846 13209
9 4899 4900 2848 2847 13210
9 4900 4901 2849 2848 13211
9 4901 4902 2850 2849 13212
9 4902 4903 2851 2850 13213
9 4903 4904 2852 2851 13214
9 4904 4905 2853 2852 13215
9 4905 4906 2854 2853 13216
9 4906 4907 2855 2854 13217
9 4907 4908 2856 2855 13218
9 4908 4909 2857 2856 13219
9 4909 4910 2858 2857 13220
9 4910 4911 2859 2858 13221
9 4911 4912 2860 2859 13222
9 4912 4913 2861 2860 13223
9 4913 4914 2862 2861 13224
9 4914 4915 2863 2862 13225
9 4915 4916 2864 2863 13226
9 4916 4917 2865 2864 13227
9 4917 4918 2866 2865 13228
9 259 2831 4919 260 13229
9 2831 2832 4920 4919 13230
9 2832 2833 4921 4920 13231
9 2833 2834 4922 4921 13232
9 2834 2835 4923 4922 13233
9 2835 2836 4924 4923 13234
9 2836 2837 4925 4924 13235
9 2837 2838 4926 4925 13236
9 2838 2839 4927 4926 13237
9 2839 2840 4928 4927 13238
9 2840 2841 4929 4928 13239
9 2841 2842 4930 4929 13240
9 2842 2843 4931 4930 13241
9 2843 2844 4932 4931 13242
9 2844 2845 4933 4932 13243
9 2845 2846 4934 4933 13244
9 2846 2847 4935 4934 13245
9 2847 2848 4936 4935 13246
9 2848 2849 4937 4936 13247
9 2849 2850 4938 4937 13248
9 2850 2851 4939 4938 13249
9 2851 2852 4940 4939 13250
9 2852 2853 4941 4940 13251
9 2853 2854 4942 4941 13252
9 2854 2855 4943 4942 13253
9 2855 2856 4944 4943 13254
9 2856 2857 4945 4944 13255
9 2857 2858 4946 4945 13256
9 2858 2859 4947 4946 13257
9 2859 2860 4948 4947 13258
9 2860 2861 4949 4948 13259
9 2861 2862 4950 4949 13260
9 2862 2863 4951 4950 13261
9 2863 2864 4952 4951 13262
9 2864 2865 4953 4952 13263
9 2865 2866 4954 4953 13264
9 316 4091 4631 317 13265
9 4091 4092 4632 4631 13266
9 4092 4093 4633 4632 13267
9 4093 4094 4634 4633 13268
9 4094 4095 4635 4634 13269
9 4095 4096 4636 4635 13270
9 4096 4097 4637 4636 13271
9 4097 4098 4638 4637 13272
9 4098 4099 4639 4638 13273
9 4099 4100 4640 4639 13274
9 4100 4101 4641 4640 13275
9 4101 4102 4642 4641 13276
9 4102 4103 4643 4642 13277
9 4103 4104 4644 4643 13278
9 4104 4105 4645 4644 13279
9 4105 4106 4646 4645 13280
9 4106 4107 4647 4646 13281
9 4107 4108 4648 4647 13282
9 4108 4109 4649 4648 13283
9 4109 4110 4650 4649 13284
9 4110 4111 4651 4650 13285
9 4111 4112 4652 4651 13286
9 4112 4113 4653 4652 13287
9 4113 4114 4654 4653 13288
9 4114 4115 4655 4654 13289
9 4115 4116 4656 4655 13290
9 4116 4117 4657 4656 13291
9 4117 4118 4658 4657 13292
9 4118 4119 4659 4658 13293
9 4119 4120 4660 4659 13294
9 4120 4121 4661 4660 13295
9 4121 4122 4662 4661 13296
9 4122 4123 4663 4662 13297
9 4123 4124 4664 4663 13298
9 4124 4125 4665 4664 13299
9 4125 4126 4666 4665 13300
9 317 4631 3155 318 13301
9 4631 4632 3156 3155 13302
9 4632 4633 3157 3156 13303
9 4633 4634 3158 3157 13304
9 4634 4635 3159 3158 13305
9 4635 4636 3160 3159 13306
9 4636 4637 3161 3160 13307
9 4637 4638 3162 3161 13308
9 4638 4639 3163 3162 13309
9 4639 4640 3164 3163 13310
9 4640 4641 3165 3164 13311
9 4641 4642 3166 3165 13312
9 4642 4643 3167 3166 13313
9 4643 4644 3168 3167 13314
9 4644 4645 3169 3168 13315
9 4645 4646 3170 3169 13316
9 4646 4647 3171 3170 13317
9 4647 4648 3172 3171 13318
9 4648 4649 3173 3172 13319
9 4649 4650 3174 3173 13320
9 4650 4651 3175 3174 13321
9 4651 4652 3176 3175 13322
9 4652 4653 3177 3176 13323
9 4653 4654 3178 3177 13324
9 4654 4655 3179 3178 13325
9 4655 4656 3180 3179 13326
9 4656 4657 3181 3180 13327
9 4657 4658 3182 3181 13328
9 4658 4659 3183 3182 13329
9 4659 4660 3184 3183 13330
9 4660 4661 3185 3184 13331
9 4661 4662 3186 3185 13332
9 4662 4663 3187 3186 13333
9 4663 4664 3188 3187 13334
9 4664 4665 3189 3188 13335
9 4665 4666 3190 3189 13336
9 318 3155 1103 319 13337
9 3155 3156 1104 1103 13338
9 3156 3157 1105 1104 13339
9 3157 3158 1106 1105 13340
9 3158 3159 1107 1106 13341
9 3159 3160 1108 1107 13342
9 3160 3161 1109 1108 13343
9 3161 3162 1110 1109 13344
9 3162 3163 1111 1110 13345
9 3163 3164 1112 1111 13346
9 3164 3165 1113 1112 13347
9 3165 3166 1114 1113 13348
9 3166 3167 1115 1114 13349
9 3167 3168 1116 1115 13350
9 3168 3169 1117 1116 13351
9 3169 3170 1118 1117 13352
9 3170 3171 1119 1118 13353
9 3171 3172 1120 1119 13354
9 3172 3173 1121 1120 13355
9 3173 3174 1122 1121 13356
9 3174 3175 1123 1122 13357
9 3175 3176 1124 1123 13358
9 3176 3177 1125 1124 13359
9 3177 3178 1126 1125 13360
9 3178 3179 1127 1126 13361
9 3179 3180 1128 1127 13362
9 3180 3181 1129 1128 13363
9 3181 3182 1130 1129 13364
9 3182 3183 1131 1130 13365
9 3183 3184 1132 1131 13366
9 3184 3185 1133 1132 13367
9 3185 3186 1134 1133 13368
9 3186 3187 1135 1134 13369
9 3187 3188 1136 1135 13370
9 3188 3189 1137 1136 13371
9 3189 3190 1138 1137 13372
9 319 1103 3083 320 13373
9 1103 1104 3084 3083 13374
9 1104 1105 3085 3084 13375
9 1105 1106 3086 3085 13376
9 1106 1107 3087 3086 13377
9 1107 1108 3088 3087 13378
9 1108 1109 3089 3088 13379
9 1109 1110 3090 3089 13380
9 1110 1111 3091 3090 13381
9 1111 1112 3092 3091 13382
9 1112 1113 3093 3092 13383
9 1113 1114 3094 3093 13384
9 1114 1115 3095 3094 13385
9 1115 1116 3096 3095 13386
9 1116 1117 3097 3096 13387
9 1117 1118 3098 3097 13388
9 1118 1119 3099 3098 13389
9 1119 1120 3100 3099 13390
9 1120 1121 3101 3100 13391
9 1121 1122 3102 3101 13392
9 1122 1123 3103 3102 13393
9 1123 1124 3104 3103 13394
9 1124 1125 3105 3104 13395
9 1125 1126 3106 3105 13396
9 1126 1127 3107 3106 13397
9 1127 1128 3108 3107 13398
9 1128 1129 3109 3108 13399
9 1129 1130 3110 3109 13400
9 1130 1131 3111 3110 13401
9 1131 1132 3112 3111 13402
9 1132 1133 3113 3112 13403
9 1133 1134 3114 3113 13404
9 1134 1135 3115 3114 13405
9 1135 1136 3116 3115 13406
9 1136 1137 3117 3116 13407
9 1137 1138 3118 3117 13408
9 320 3083 4559 321 13409
9 3083 3084 4560 4559 13410
9 3084 3085 4561 4560 13411
9 3085 3086 4562 4561 13412
9 3086 3087 4563 4562 13413
9 3087 3088 4564 4563 13414
9 3088 3089 4565 4564 13415
9 3089 3090 4566 4565 13416
9 3090 3091 4567 4566 13417
9 3091 3092 4568 4567 13418
9 3092 3093 4569 4568 13419
9 3093 3094 4570 4569 13420
9 3094 3095 4571 4570 13421
9 3095 3096 4572 4571 13422
9 3096 3097 4573 4572 13423
9 3097 3098 4574 4573 13424
9 3098 3099 4575 4574 13425
9 3099 3100 4576 4575 13426
9 3100 3101 4577 4576 13427
9 3101 3102 4578 4577 13428
9 3102 3103 4579 4578 13429
9 3103 3104 4580 4579 13430
9 3104 3105 4581 4580 13431
9 3105 3106 4582 4581 13432
9 3106 3107 4583 4582 13433
9 3107 3108 4584 4583 13434
9 3108 3109 4585 4584 13435
9 3109 3110 4586 4585 13436
9 3110 3111 4587 4586 13437
9 3111 3112 4588 4587 13438
9 3112 3113 4589 4588 13439
9 3113 3114 4590 4589 13440
9 3114 3115 4591 4590 13441
9 3115 3116 4592 4591 13442
9 3116 3117 4593 4592 13443
9 3117 3118 4594 4593 13444
9 321 4559 2795 322 13445
9 4559 4560 2796 2795 13446
9 4560 4561 2797 2796 13447
9 4561 4562 2798 2797 13448
9 4562 4563 2799 2798 13449
9 4563 4564 2800 2799 13450
9 4564 4565 2801 2800 13451
9 4565 4566 2802 2801 13452
9 4566 4567 2803 2802 13453
9 4567 4568 2804 2803 13454
9 4568 4569 2805 2804 13455
9 4569 4570 2806 2805 13456
9 4570 4571 2807 2806 13457
9 4571 4572 2808 2807 13458
9 4572 4573 2809 2808 13459
9 4573 4574 2810 2809 13460
9 4574 4575 2811 2810 13461
9 4575 4576 2812 2811 13462
9 4576 4577 2813 2812 13463
9 4577 4578 2814 2813 13464
9 4578 4579 2815 2814 13465
9 4579 4580 2816 2815 13466
9 4580 4581 2817 2816 13467
9 4581 4582 2818 2817 13468
9 4582 4583 2819 2818 13469
9 4583 4584 2820 2819 13470
9 4584 4585 2821 2820 13471
9 4585 4586 2822 2821 13472
9 4586 4587 2823 2822 13473
9 4587 4588 2824 2823 13474
9 4588 4589 2825 2824 13475
9 4589 4590 2826 2825 13476
9 4590 4591 2827 2826 13477
9 4591 4592 2828 2827 13478
9 4592 4593 2829 2828 13479
9 4593 4594 2830 2829 13480
9 263 4127 4307 264 13481
9 4127 4128 4308 4307 13482
9 4128 4129 4309 4308 13483
9 4129 4130 4310 4309 13484
9 4130 4131 4311 4310 13485
9 4131 4132 4312 4311 13486
9 4132 4133 4313 4312 13487
9 4133 4134 4314 4313 13488
9 4134 4135 4315 4314 13489
9 4135 4136 4316 4315 13490
9 4136 4137 4317 4316 13491
9 4137 4138 4318 4317 13492
9 4138 4139 4319 4318 13493
9 4139 4140 4320 4319 13494
9 4140 4141 4321 4320 13495
9 4141 4142 4322 4321 13496
9 4142 4143 4323 4322 13497
9 4143 4144 4324 4323 13498
9 4144 4145 4325 4324 13499
9 4145 4146 4326 4325 13500
9 4146 4147 4327 4326 13501
9 4147 4148 4328 4327 13502
9 4148 4149 4329 4328 13503
9 4149 4150 4330 4329 13504
9 4150 4151 4331 4330 13505
9 4151 4152 4332 4331 13506
9 4152 4153 4333 4332 13507
9 4153 4154 4334 4333 13508
9 4154 4155 4335 4334 13509
9 4155 4156 4336 4335 13510
9 4156 4157 4337 4336 13511
9 4157 4158 4338 4337 13512
9 4158 4159 4339 4338 13513
9 4159 4160 4340 4339 13514
9 4160 4161 4341 4340 13515
9 4161 4162 4342 4341 13516
9 264 4307 2363 265 13517
9 4307 4308 2364 2363 13518
9 4308 4309 2365 2364 13519
9 4309 4310 2366 2365 13520
9 4310 4311 2367 2366 13521
9 4311 4312 2368 2367 13522
9 4312 4313 2369 2368 13523
9 4313 4314 2370 2369 13524
9 4314 4315 2371 2370 13525
9 4315 4316 2372 2371 13526
9 4316 4317 2373 2372 13527
9 4317 4318 2374 2373 13528
9 4318 4319 2375 2374 13529
9 4319 4320 2376 2375 13530
9 4320 4321 2377 2376 13531
9 4321 4322 2378 2377 13532
9 4322 4323 2379 2378 13533
9 4323 4324 2380 2379 13534
9 4324 4325 2381 2380 13535
9 4325 4326 2382 2381 13536
9 4326 4327 2383 2382 13537
9 4327 4328 2384 2383 13538
9 4328 4329 2385 2384 13539
9 4329 4330 2386 2385 13540
9 4330 4331 2387 2386 13541
9 4331 4332 2388 2387 13542
9 4332 4333 2389 2388 13543
9 4333 4334 2390 2389 13544
9 4334 4335 2391 2390 13545
9 4335 4336 2392 2391 13546
9 4336 4337 2393 2392 13547
9 4337 4338 2394 2393 13548
9 4338 4339 2395 2394 13549
9 4339 4340 2396 2395 13550
9 4340 4341 2397 2396 13551
9 4341 4342 2398 2397 13552
9 265 2363 1607 266 13553
9 2363 2364 1608 1607 13554
9 2364 2365 1609 1608 13555
9 2365 2366 1610 1609 13556
9 2366 2367 1611 1610 13557
9 2367 2368 1612 1611 13558
9 2368 2369 1613 1612 13559
9 2369 2370 1614 1613 13560
9 2370 2371 1615 1614 13561
9 2371 2372 1616 1615 13562
9 2372 2373 1617 1616 13563
9 2373 2374 1618 1617 13564
9 2374 2375 1619 1618 13565
9 2375 2376 1620 1619 13566
9 2376 2377 1621 1620 13567
9 2377 2378 1622 1621 13568
9 2378 2379 1623 1622 13569
9 2379 2380 1624 1623 13570
9 2380 2381 1625 1624 13571
9 2381 2382 1626 1625 13572
9 2382 2383 1627 1626 13573
9 2383 2384 1628 1627 13574
9 2384 2385 1629 1628 13575
9 2385 2386 1630 1629 13576
9 2386 2387 1631 1630 13577
9 2387 2388 1632 1631 13578
9 2388 2389 1633 1632 13579
9 2389 2390 1634 1633 13580
9 2390 2391 1635 1634 13581
9 2391 2392 1636 1635 13582
9 2392 2393 1637 1636 13583
9 2393 2394 1638 1637 13584
9 2394 2395 1639 1638 13585
9 2395 2396 1640 1639 13586
9 2396 2397 1641 1640 13587
9 2397 2398 1642 1641 13588
9 266 1607 5063 267 13589
9 1607 1608 5064 5063 13590
9 1608 1609 5065 5064 13591
9 1609 1610 5066 5065 13592
9 1610 1611 5067 5066 13593
9 1611 1612 5068 5067 13594
9 1612 1613 5069 5068 13595
9 1613 1614 5070 5069 13596
9 1614 1615 5071 5070 13597
9 1615 1616 5072 5071 13598
9 1616 1617 5073 5072 13599
9 1617 1618 5074 5073 13600
9 1618 1619 5075 5074 13601
9 1619 1620 5076 5075 13602
9 1620 1621 5077 5076 13603
9 1621 1622 5078 5077 13604
9 1622 1623 5079 5078 13605
9 1623 1624 5080 5079 13606
9 1624 1625 5081 5080 13607
9 1625 1626 5082 5081 13608
9 1626 1627 5083 5082 13609
9 1627 1628 5084 5083 13610
9 1628 1629 5085 5084 13611
9 1629 1630 5086 5085 13612
9 1630 1631 5087 5086 13613
9 1631 1632 5088 5087 13614
9 1632 1633 5089 5088 13615
9 1633 1634 5090 5089 13616
9 1634 1635 5091 5090 13617
9 1635 1636 5092 5091 13618
9 1636 1637 5093 5092 13619
9 1637 1638 5094 5093 13620
9 1638 1639 5095 5094 13621
9 1639 1640 5096 5095 13622
9 1640 1641 5097 5096 13623
9 1641 1642 5098 5097 13624
9 267 5063 4343 268 13625
9 5063 5064 4344 4343 13626
9 5064 5065 4345 4344 13627
9 5065 5066 4346 4345 13628
9 5066 5067 4347 4346 13629
9 5067 5068 4348 4347 13630
9 5068 5069 4349 4348 13631
9 5069 5070 4350 4349 13632
9 5070 5071 4351 4350 13633
9 5071 5072 4352 4351 13634
9 5072 5073 4353 4352 13635
9 5073 5074 4354 4353 13636
9 5074 5075 4355 4354 13637
9 5075 5076 4356 4355 13638
9 5076 5077 4357 4356 13639
9 5077 5078 4358 4357 13640
9 5078 5079 4359 4358 13641
9 5079 5080 4360 4359 13642
9 5080 5081 4361 4360 13643
9 5081 5082 4362 4361 13644
9 5082 5083 4363 4362 13645
9 5083 5084 4364 4363 13646
9 5084 5085 4365 4364 13647
9 5085 5086 4366 4365 13648
9 5086 5087 4367 4366 13649
9 5087 5088 4368 4367 13650
9 5088 5089 4369 4368 13651
9 5089 5090 4370 4369 13652
9 5090 5091 4371 4370 13653
9 5091 5092 4372 4371 13654
9 5092 5093 4373 4372 13655
9 5093 5094 4374 4373 13656
9 5094 5095 4375 4374 13657
9 5095 5096 4376 4375 13658
9 5096 5097 4377 4376 13659
9 5097 5098 4378 4377 13660
9 268 4343 4451 269 13661
9 4343 4344 4452 4451 13662
9 4344 4345 4453 4452 13663
9 4345 4346 4454 4453 13664
9 4346 4347 4455 4454 13665
9 4347 4348 4456 4455 13666
9 4348 4349 4457 4456 13667
9 4349 4350 4458 4457 13668
9 4350 4351 4459 4458 13669
9 4351 4352 4460 4459 13670
9 4352 4353 4461 4460 13671
9 4353 4354 4462 4461 13672
9 4354 4355 4463 4462 13673
9 4355 4356 4464 4463 13674
9 4356 4357 4465 4464 13675
9 4357 4358 4466 4465 13676
9 4358 4359 4467 4466 13677
9 4359 4360 4468 4467 13678
9 4360 4361 4469 4468 13679
9 4361 4362 4470 4469 13680
9 4362 4363 4471 4470 13681
9 4363 4364 4472 4471 13682
9 4364 4365 4473 4472 13683
9 4365 4366 4474 4473 13684
9 4366 4367 4475 4474 13685
9 4367 4368 4476 4475 13686
9 4368 4369 4477 4476 13687
9 4369 4370 4478 4477 13688
9 4370 4371 4479 4478 13689
9 4371 4372 4480 4479 13690
9 4372 4373 4481 4480 13691
9 4373 4374 4482 4481 13692
9 4374 4375 4483 4482 13693
9 4375 4376 4484 4483 13694
9 4376 4377 4485 4484 13695
9 4377 4378 4486 4485 13696
9 269 4451 3983 270 13697
9 4451 4452 3984 3983 13698
9 4452 4453 3985 3984 13699
9 4453 4454 3986 3985 13700
9 4454 4455 3987 3986 13701
9 4455 4456 3988 3987 13702
9 4456 4457 3989 3988 13703
9 4457 4458 3990 3989 13704
9 4458 4459 3991 3990 13705
9 4459 4460 3992 3991 13706
9 4460 4461 3993 3992 13707
9 4461 4462 3994 3993 13708
9 4462 4463 3995 3994 13709
9 4463 4464 3996 3995 13710
9 4464 4465 3997 3996 13711
9 4465 4466 3998 3997 13712
9 4466 4467 3999 3998 13713
9 4467 4468 4000 3999 13714
9 4468 4469 4001 4000 13715
9 4469 4470 4002 4001 13716
9 4470 4471 4003 4002 13717
9 4471 4472 4004 4003 13718
9 4472 4473 4005 4004 13719
9 4473 4474 4006 4005 13720
9 4474 4475 4007 4006 13721
9 4475 4476 4008 4007 13722
9 4476 4477 4009 4008 13723
9 4477 4478 4010 4009 13724
9 4478 4479 4011 4010 13725
9 4479 4480 4012 4011 13726
9 4480 4481 4013 4012 13727
9 4481 4482 4014 4013 13728
9 4482 4483 4015 4014 13729
9 4483 4484 4016 4015 13730
9 4484 4485 4017 4016 13731
9 4485 4486 4018 4017 13732
9 270 3983 5207 271 13733
9 3983 3984 5208 5207 13734
9 3984 3985 5209 5208 13735
9 3985 3986 5210 5209 13736
9 3986 3987 5211 5210 13737
9 3987 3988 5212 5211 13738
9 3988 3989 5213 5212 13739
9 3989 3990 5214 5213 13740
9 3990 3991 5215 5214 13741
9 3991 3992 5216 5215 13742
9 3992 3993 5217 5216 13743
9 3993 3994 5218 5217 13744
9 3994 3995 5219 5218 13745
9 3995 3996 5220 5219 13746
9 3996 3997 5221 5220 13747
9 3997 3998 5222 5221 13748
9 3998 3999 5223 5222 13749
9 3999 4000 5224 5223 13750
9 4000 4001 5225 5224 13751
9 4001 4002 5226 5225 13752
9 4002 4003 5227 5226 13753
9 4003 4004 5228 5227 13754
9 4004 4005 5229 5228 13755
9 4005 4006 5230 5229 13756
9 4006 4007 5231 5230 13757
9 4007 4008 5232 5231 13758
9 4008 4009 5233 5232 13759
9 4009 4010 5234 5233 13760
9 4010 4011 5235 5234 13761
9 4011 4012 5236 5235 13762
9 4012 4013 5237 5236 13763
9 4013 4014 5238 5237 13764
9 4014 4015 5239 5238 13765
9 4015 4016 5240 5239 13766
9 4016 4017 5241 5240 13767
9 4017 4018 5242 5241 13768
9 271 5207 1895 272 13769
9 5207 5208 1896 1895 13770
9 5208 5209 1897 1896 13771
9 5209 5210 1898 1897 13772
9 5210 5211 1899 1898 13773
9 5211 5212 1900 1899 13774
9 5212 5213 1901 1900 13775
9 5213 5214 1902 1901 13776
9 5214 5215 1903 1902 13777
9 5215 5216 1904 1903 13778
9 5216 5217 1905 1904 13779
9 5217 5218 1906 1905 13780
9 5218 5219 1907 1906 13781
9 5219 5220 1908 1907 13782
9 5220 5221 1909 1908 13783
9 5221 5222 1910 1909 13784
9 5222 5223 1911 1910 13785
9 5223 5224 1912 1911 13786
9 5224 5225 1913 1912 13787
9 5225 5226 1914 1913 13788
9 5226 5227 1915 1914 13789
9 5227 5228 1916 1915 13790
9 5228 5229 1917 1916 13791
9 5229 5230 1918 1917 13792
9 5230 5231 1919 1918 13793
9 5231 5232 1920 1919 13794
9 5232 5233 1921 1920 13795
9 5233 5234 1922 1921 13796
9 5234 5235 1923 1922 13797
9 5235 5236 1924 1923 13798
9 5236 5237 1925 1924 13799
9 5237 5238 1926 1925 13800
9 5238 5239 1927 1926 13801
9 5239 5240 1928 1927 13802
9 5240 5241 1929 1928 13803
9 5241 5242 1930 1929 13804
9 272 1895 3875 273 13805
9 1895 1896 3876 3875 13806
9 1896 1897 3877 3876 13807
9 1897 1898 3878 3877 13808
9 1898 1899 3879 3878 13809
9 1899 1900 3880 3879 13810
9 1900 1901 3881 3880 13811
9 1901 1902 3882 3881 13812
9 1902 1903 3883 3882 13813
9 1903 1904 3884 3883 13814
9 1904 1905 3885 3884 13815
9 1905 1906 3886 3885 13816
9 1906 1907 3887 3886 13817
9 1907 1908 3888 3887 13818
9 1908 1909 3889 3888 13819
9 1909 1910 3890 3889 13820
9 1910 1911 3891 3890 13821
9 1911 1912 3892 3891 13822
9 1912 1913 3893 3892 13823
9 1913 1914 3894 3893 13824
9 1914 1915 3895 3894 13825
9 1915 1916 3896 3895 13826
9 1916 1917 3897 3896 13827
9 1917 1918 3898 3897 13828
9 1918 1919 3899 3898 13829
9 1919 1920 3900 3899 13830
9 1920 1921 3901 3900 13831
9 1921 1922 3902 3901 13832
9 1922 1923 3903 3902 13833
9 1923 1924 3904 3903 13834
9 1924 1925 3905 3904 13835
9 1925 1926 3906 3905 13836
9 1926 1927 3907 3906 13837
9 1927 1928 3908 3907 13838
9 1928 1929 3909 3908 13839
9 1929 1930 3910 3909 13840
9 273 3875 2219 274 13841
9 3875 3876 2220 2219 13842
9 3876 3877 2221 2220 13843
9 3877 3878 2222 2221 13844
9 3878 3879 2223 2222 13845
9 3879 3880 2224 2223 13846
9 3880 3881 2225 2224 13847
9 3881 3882 2226 2225 13848
9 3882 3883 2227 2226 13849
9 3883 3884 2228 2227 13850
9 3884 3885 2229 2228 13851
9 3885 3886 2230 2229 13852
9 3886 3887 2231 2230 13853
9 3887 3888 2232 2231 13854
9 3888 3889 2233 2232 13855
9 3889 3890 2234 2233 13856
9 3890 3891 2235 2234 13857
9 3891 3892 2236 2235 13858
9 3892 3893 2237 2236 13859
9 3893 3894 2238 2237 13860
9 3894 3895 2239 2238 13861
9 3895 3896 2240 2239 13862
9 3896 3897 2241 2240 13863
9 3897 3898 2242 2241 13864
9 3898 3899 2243 2242 13865
9 3899 3900 2244 2243 13866
9 3900 3901 2245 2244 13867
9 3901 3902 2246 2245 13868
9 3902 3903 2247 2246 13869
9 3903 3904 2248 2247 13870
9 3904 3905 2249 2248 13871
9 3905 3906 2250 2249 13872
9 3906 3907 2251 2250 13873
9 3907 3908 2252 2251 13874
9 3908 3909 2253 2252 13875
9 3909 3910 2254 2253 13876
9 274 2219 5459 275 13877
9 2219 2220 5460 5459 13878
9 2220 2221 5461 5460 13879
9 2221 2222 5462 5461 13880
9 2222 2223 5463 5462 13881
9 2223 2224 5464 5463 13882
9 2224 2225 5465 5464 13883
9 2225 2226 5466 5465 13884
9 2226 2227 5467 5466 13885
9 2227 2228 5468 5467 13886
9 2228 2229 5469 5468 13887
9 2229 2230 5470 5469 13888
9 2230 2231 5471 5470 13889
9 2231 2232 5472 5471 13890
9 2232 2233 5473 5472 13891
9 2233 2234 5474 5473 13892
9 2234 2235 5475 5474 13893
9 2235 2236 5476 5475 13894
9 2236 2237 5477 5476 13895
9 2237 2238 5478 5477 13896
9 2238 2239 5479 5478 13897
9 2239 2240 5480 5479 13898
9 2240 2241 5481 5480 13899
9 2241 2242 5482 5481 13900
9 2242 2243 5483 5482 13901
9 2243 2244 5484 5483 13902
9 2244 2245 5485 5484 13903
9 2245 2246 5486 5485 13904
9 2246 2247 5487 5486 13905
9 2247 2248 5488 5487 13906
9 2248 2249 5489 5488 13907
9 2249 2250 5490 5489 13908
9 2250 2251 5491 5490 13909
9 2251 2252 5492 5491 13910
9 2252 2253 5493 5492 13911
9 2253 2254 5494 5493 13912
9 275 5459 779 276 13913
9 5459 5460 780 779 13914
9 5460 5461 781 780 13915
9 5461 5462 782 781 13916
9 5462 5463 783 782 13917
9 5463 5464 784 783 13918
9 5464 5465 785 784 13919
9 5465 5466 786 785 13920
9 5466 5467 787 786 13921
9 5467 5468 788 787 13922
9 5468 5469 789 788 13923
9 5469 5470 790 789 13924
9 5470 5471 791 790 13925
9 5471 5472 792 791 13926
9 5472 5473 793 792 13927
9 5473 5474 794 793 13928
9 5474 5475 795 794 13929
9 5475 5476 796 795 13930
9 5476 5477 797 796 13931
9 5477 5478 798 797 13932
9 5478 5479 799 798 13933
9 5479 5480 800 799 13934
9 5480 5481 801 800 13935
9 5481 5482 802 801 13936
9 5482 5483 803 802 13937
9 5483 5484 804 803 13938
9 5484 5485 805 804 13939
9 5485 5486 806 805 13940
9 5486 5487 807 806 13941
9 5487 5488 808 807 13942
9 5488 5489 809 808 13943
9 5489 5490 810 809 13944
9 5490 5491 811 810 13945
9 5491 5492 812 811 13946
9 5492 5493 813 812 13947
9 5493 5494 814 813 13948
9 276 779 3767 277 13949
9 779 780 3768 3767 13950
9 780 781 3769 3768 13951
9 781 782 3770 3769 13952
9 782 783 3771 3770 13953
9 783 784 3772 3771 13954
9 784 785 3773 3772 13955
9 785 786 3774 3773 13956
9 786 787 3775 3774 13957
9 787 788 3776 3775 13958
9 788 789 3777 3776 13959
9 789 790 3778 3777 13960
9 790 791 3779 3778 13961
9 791 792 3780 3779 13962
9 792 793 3781 3780 13963
9 793 794 3782 3781 13964
9 794 795 3783 3782 13965
9 795 796 3784 3783 13966
9 796 797 3785 3784 13967
9 797 798 3786 3785 13968
9 798 799 3787 3786 13969
9 799 800 3788 3787 13970
9 800 801 3789 3788 13971
9 801 802 3790 3789 13972
9 802 803 3791 3790 13973
9 803 804 3792 3791 13974
9 804 805 3793 3792 13975
9 805 806 3794 3793 13976
9 806 807 3795 3794 13977
9 807 808 3796 3795 13978
9 808 809 3797 3796 13979
9 809 810 3798 3797 13980
9 810 811 3799 3798 13981
9 811 812 3800 3799 13982
9 812 813 3801 3800 13983
9 813 814 3802 3801 13984
9 277 3767 527 278 13985
9 3767 3768 528 527 13986
9 3768 3769 529 528 13987
9 3769 3770 530 529 13988
9 3770 3771 531 530 13989
9 3771 3772 532 531 13990
9 3772 3773 533 532 13991
9 3773 3774 534 533 13992
9 3774 3775 535 534 13993
9 3775 3776 536 535 13994
9 3776 3777 537 536 13995
9 3777 3778 538 537 13996
9 3778 3779 539 538 13997
9 3779 3780 540 539 13998
9 3780 3781 541 540 13999
9 3781 3782 542 541 14000
9 3782 3783 543 542 14001
9 3783 3784 544 543 14002
9 3784 3785 545 544 14003
9 3785 3786 546 545 14004
9 3786 3787 547 546 14005
9 3787 3788 548 547 14006
9 3788 3789 549 548 14007
9 3789 3790 550 549 14008
9 3790 3791 551 550 14009
9 3791 3792 552 551 14010
9 3792 3793 553 552 14011
9 3793 3794 554 553 14012
9 3794 3795 555 554 14013
9 3795 3796 556 555 14014
9 3796 3797 557 556 14015
9 3797 3798 558 557 14016
9 3798 3799 559 558 14017
9 3799 3800 560 559 14018
9 3800 3801 561 560 14019
9 3801 3802 562 561 14020
9 278 527 5531 279 14021
9 527 528 5532 5531 14022
9 528 529 5533 5532 14023
9 529 530 5534 5533 14024
9 530 531 5535 5534 14025
9 531 532 5536 5535 14026
9 532 533 5537 5536 14027
9 533 534 5538 5537 14028
9 534 535 5539 5538 14029
9 535 536 5540 5539 14030
9 536 537 5541 5540 14031
9 537 538 5542 5541 14032
9 538 539 5543 5542 14033
9 539 540 5544 5543 14034
9 540 541 5545 5544 14035
9 541 542 5546 5545 14036
9 542 543 5547 5546 14037
9 543 544 5548 5547 14038
9 544 545 5549 5548 14039
9 545 546 5550 5549 14040
9 546 547 5551 5550 14041
9 547 548 5552 5551 14042
9 548 549 5553 5552 14043
9 549 550 5554 5553 14044
9 550 551 5555 5554 14045
9 551 552 5556 5555 14046
9 552 553 5557 5556 14047
9 553 554 5558 5557 14048
9 554 555 5559 5558 14049
9 555 556 5560 5559 14050
9 556 557 5561 5560 14051
9 557 558 5562 5561 14052
9 558 559 5563 5562 14053
9 559 560 5564 5563 14054
9 560 561 5565 5564 14055
9 561 562 5566 5565 14056
9 279 5531 5423 280 14057
9 5531 5532 5424 5423 14058
9 5532 5533 5425 5424 14059
9 5533 5534 5426 5425 14060
9 5534 5535 5427 5426 14061
9 5535 5536 5428 5427 14062
9 5536 5537 5429 5428 14063
9 5537 5538 5430 5429 14064
9 5538 5539 5431 5430 14065
9 5539 5540 5432 5431 14066
9 5540 5541 5433 5432 14067
9 5541 5542 5434 5433 14068
9 5542 5543 5435 5434 14069
9 5543 5544 5436 5435 14070
9 5544 5545 5437 5436 14071
9 5545 5546 5438 5437 14072
9 5546 5547 5439 5438 14073
9 5547 5548 5440 5439 14074
9 5548 5549 5441 5440 14075
9 5549 5550 5442 5441 14076
9 5550 5551 5443 5442 14077
9 5551 5552 5444 5443 14078
9 5552 5553 5445 5444 14079
9 5553 5554 5446 5445 14080
9 5554 5555 5447 5446 14081
9 5555 5556 5448 5447 14082
9 5556 5557 5449 5448 14083
9 5557 5558 5450 5449 14084
9 5558 5559 5451 5450 14085
9 5559 5560 5452 5451 14086
9 5560 5561 5453 5452 14087
9 5561 5562 5454 5453 14088
9 5562 5563 5455 5454 14089
9 5563 5564 5456 5455 14090
9 5564 5565 5457 5456 14091
9 5565 5566 5458 5457 14092
9 280 5423 5495 281 14093
9 5423 5424 5496 5495 14094
9 5424 5425 5497 5496 14095
9 5425 5426 5498 5497 14096
9 5426 5427 5499 5498 14097
9 5427 5428 5500 5499 14098
9 5428 5429 5501 5500 14099
9 5429 5430 5502 5501 14100
9 5430 5431 5503 5502 14101
9 5431 5432 5504 5503 14102
9 5432 5433 5505 5504 14103
9 5433 5434 5506 5505 14104
9 5434 5435 5507 5506 14105
9 5435 5436 5508 5507 14106
9 5436 5437 5509 5508 14107
9 5437 5438 5510 5509 14108
9 5438 5439 5511 5510 14109
9 5439 5440 5512 5511 14110
9 5440 5441 5513 5512 14111
9 5441 5442 5514 5513 14112
9 5442 5443 5515 5514 14113
9 5443 5444 5516 5515 14114
9 5444 5445 5517 5516 14115
9 5445 5446 5518 5517 14116
9 5446 5447 5519 5518 14117
9 5447 5448 5520 5519 14118
9 5448 5449 5521 5520 14119
9 5449 5450 5522 5521 14120
9 5450 5451 5523 5522 14121
9 5451 5452 5524 5523 14122
9 5452 5453 5525 5524 14123
9 5453 5454 5526 5525 14124
9 5454 5455 5527 5526 14125
9 5455 5456 5528 5527 14126
9 5456 5457 5529 5528 14127
9 5457 5458 5530 5529 14128
9 281 5495 4055 282 14129
9 5495 5496 4056 4055 14130
9 5496 5497 4057 4056 14131
9 5497 5498 4058 4057 14132
9 5498 5499 4059 4058 14133
9 5499 5500 4060 4059 14134
9 5500 5501 4061 4060 14135
9 5501 5502 4062 4061 14136
9 5502 5503 4063 4062 14137
9 5503 5504 4064 4063 14138
9 5504 5505 4065 4064 14139
9 5505 5506 4066 4065 14140
9 5506 5507 4067 4066 14141
9 5507 5508 4068 4067 14142
9 5508 5509 4069 4068 14143
9 5509 5510 4070 4069 14144
9 5510 5511 4071 4070 14145
9 5511 5512 4072 4071 14146
9 5512 5513 4073 4072 14147
9 5513 5514 4074 4073 14148
9 5514 5515 4075 4074 14149
9 5515 5516 4076 4075 14150
9 5516 5517 4077 4076 14151
9 5517 5518 4078 4077 14152
9 5518 5519 4079 4078 14153
9 5519 5520 4080 4079 14154
9 5520 5521 4081 4080 14155
9 5521 5522 4082 4081 14156
9 5522 5523 4083 4082 14157
9 5523 5524 4084 4083 14158
9 5524 5525 4085 4084 14159
9 5525 5526 4086 4085 14160
9 5526 5527 4087 4086 14161
9 5527 5528 4088 4087 14162
9 5528 5529 4089 4088 14163
9 5529 5530 4090 4089 14164
9 282 4055 3227 283 14165
9 4055 4056 3228 3227 14166
9 4056 4057 3229 3228 14167
9 4057 4058 3230 3229 14168
9 4058 4059 3231 3230 14169
9 4059 4060 3232 3231 14170
9 4060 4061 3233 3232 14171
9 4061 4062 3234 3233 14172
9 4062 4063 3235 3234 14173
9 4063 4064 3236 3235 14174
9 4064 4065 3237 3236 14175
9 4065 4066 3238 3237 14176
9 4066 4067 3239 3238 14177
9 4067 4068 3240 3239 14178
9 4068 4069 3241 3240 14179
9 4069 4070 3242 3241 14180
9 4070 4071 3243 3242 14181
9 4071 4072 3244 3243 14182
9 4072 4073 3245 3244 14183
9 4073 4074 3246 3245 14184
9 4074 4075 3247 3246 14185
9 4075 4076 3248 3247 14186
9 4076 4077 3249 3248 14187
9 4077 4078 3250 3249 14188
9 4078 4079 3251 3250 14189
9 4079 4080 3252 3251 14190
9 4080 4081 3253 3252 14191
9 4081 4082 3254 3253 14192
9 4082 4083 3255 3254 14193
9 4083 4084 3256 3255 14194
9 4084 4085 3257 3256 14195
9 4085 4086 3258 3257 14196
9 4086 4087 3259 3258 14197
9 4087 4088 3260 3259 14198
9 4088 4089 3261 3260 14199
9 4089 4090 3262 3261 14200
9 283 3227 3119 284 14201
9 3227 3228 3120 3119 14202
9 3228 3229 3121 3120 14203
9 3229 3230 3122 3121 14204
9 3230 3231 3123 3122 14205
9 3231 3232 3124 3123 14206
9 3232 3233 3125 3124 14207
9 3233 3234 3126 3125 14208
9 3234 3235 3127 3126 14209
9 3235 3236 3128 3127 14210
9 3236 3237 3129 3128 14211
9 3237 3238 3130 3129 14212
9 3238 3239 3131 3130 14213
9 3239 3240 3132 3131 14214
9 3240 3241 3133 3132 14215
9 3241 3242 3134 3133 14216
9 3242 3243 3135 3134 14217
9 3243 3244 3136 3135 14218
9 3244 3245 3137 3136 14219
9 3245 3246 3138 3137 14220
9 3246 3247 3139 3138 14221
9 3247 3248 3140 3139 14222
9 3248 3249 3141 3140 14223
9 3249 3250 3142 3141 14224
9 3250 3251 3143 3142 14225
9 3251 3252 3144 3143 14226
9 3252 3253 3145 3144 14227
9 3253 3254 3146 3145 14228
9 3254 3255 3147 3146 14229
9 3255 3256 3148 3147 14230
9 3256 3257 3149 3148 14231
9 3257 3258 3150 3149 14232
9 3258 3259 3151 3150 14233
9 3259 3260 3152 3151 14234
9 3260 3261 3153 3152 14235
9 3261 3262 3154 3153 14236
9 284 3119 1751 285 14237
9 3119 3120 1752 1751 14238
9 3120 3121 1753 1752 14239
9 3121 3122 1754 1753 14240
9 3122 3123 1755 1754 14241
9 3123 3124 1756 1755 14242
9 3124 3125 1757 1756 14243
9 3125 3126 1758 1757 14244
9 3126 3127 1759 1758 14245
9 3127 3128 1760 1759 14246
9 3128 3129 1761 1760 14247
9 3129 3130 1762 1761 14248
9 3130 3131 1763 1762 14249
9 3131 3132 1764 1763 14250
9 3132 3133 1765 1764 14251
9 3133 3134 1766 1765 14252
9 3134 3135 1767 1766 14253
9 3135 3136 1768 1767 14254
9 3136 3137 1769 1768 14255
9 3137 3138 1770 1769 14256
9 3138 3139 1771 1770 14257
9 3139 3140 1772 1771 14258
9 3140 3141 1773 1772 14259
9 3141 3142 1774 1773 14260
9 3142 3143 1775 1774 14261
9 3143 3144 1776 1775 14262
9 3144 3145 1777 1776 14263
9 3145 3146 1778 1777 14264
9 3146 3147 1779 1778 14265
9 3147 3148 1780 1779 14266
9 3148 3149 1781 1780 14267
9 3149 3150 1782 1781 14268
9 3150 3151 1783 1782 14269
9 3151 3152 1784 1783 14270
9 3152 3153 1785 1784 14271
9 3153 3154 1786 1785 14272
9 285 1751 4415 286 14273
9 1751 1752 4416 4415 14274
9 1752 1753 4417 4416 14275
9 1753 1754 4418 4417 14276
9 1754 1755 4419 4418 14277
9 1755 1756 4420 4419 14278
9 1756 1757 4421 4420 14279
9 1757 1758 4422 4421 14280
9 1758 1759 4423 4422 14281
9 1759 1760 4424 4423 14282
9 1760 1761 4425 4424 14283
9 1761 1762 4426 4425 14284
9 1762 1763 4427 4426 14285
9 1763 1764 4428 4427 14286
9 1764 1765 4429 4428 14287
9 1765 1766 4430 4429 14288
9 1766 1767 4431 4430 14289
9 1767 1768 4432 4431 14290
9 1768 1769 4433 4432 14291
9 1769 1770 4434 4433 14292
9 1770 1771 4435 4434 14293
9 1771 1772 4436 4435 14294
9 1772 1773 4437 4436 14295
9 1773 1774 4438 4437 14296
9 1774 1775 4439 4438 14297
9 1775 1776 4440 4439 14298
9 1776 1777 4441 4440 14299
9 1777 1778 4442 4441 14300
9 1778 1779 4443 4442 14301
9 1779 1780 4444 4443 14302
9 1780 1781 4445 4444 14303
9 1781 1782 4446 4445 14304
9 1782 1783 4447 4446 14305
9 1783 1784 4448 4447 14306
9 1784 1785 4449 4448 14307
9 1785 1786 4450 4449 14308
9 286 4415 455 287 14309
9 4415 4416 456 455 14310
9 4416 4417 457 456 14311
9 4417 4418 458 457 14312
9 4418 4419 459 458 14313
9 4419 4420 460 459 14314
9 4420 4421 461 460 14315
9 4421 4422 462 461 14316
9 4422 4423 463 462 14317
9 4423 4424 464 463 14318
9 4424 4425 465 464 14319
9 4425 4426 466 465 14320
9 4426 4427 467 466 14321
9 4427 4428 468 467 14322
9 4428 4429 469 468 14323
9 4429 4430 470 469 14324
9 4430 4431 471 470 14325
9 4431 4432 472 471 14326
9 4432 4433 473 472 14327
9 4433 4434 474 473 14328
9 4434 4435 475 474 14329
9 4435 4436 476 475 14330
9 4436 4437 477 476 14331
9 4437 4438 478 477 14332
9 4438 4439 479 478 14333
9 4439 4440 480 479 14334
9 4440 4441 481 480 14335
9 4441 4442 482 481 14336
9 4442 4443 483 482 14337
9 4443 4444 484 483 14338
9 4444 4445 485 484 14339
9 4445 4446 486 485 14340
9 4446 4447 487 486 14341
9 4447 4448 488 487 14342
9 4448 4449 489 488 14343
9 4449 4450 490 489 14344
9 287 455 1679 288 14345
9 455 456 1680 1679 14346
9 456 457 1681 1680 14347
9 457 458 1682 1681 14348
9 458 459 1683 1682 14349
9 459 460 1684 1683 14350
9 460 461 1685 1684 14351
9 461 462 1686 1685 14352
9 462 463 1687 1686 14353
9 463 464 1688 1687 14354
9 464 465 1689 1688 14355
9 465 466 1690 1689 14356
9 466 467 1691 1690 14357
9 467 468 1692 1691 14358
9 468 469 1693 1692 14359
9 469 470 1694 1693 14360
9 470 471 1695 1694 14361
9 471 472 1696 1695 14362
9 472 473 1697 1696 14363
9 473 474 1698 1697 14364
9 474 475 1699 1698 14365
9 475 476 1700 1699 14366
9 476 477 1701 1700 14367
9 477 478 1702 1701 14368
9 478 479 1703 1702 14369
9 479 480 1704 1703 14370
9 480 481 1705 1704 14371
9 481 482 1706 1705 14372
9 482 483 1707 1706 14373
9 483 484 1708 1707 14374
9 484 485 1709 1708 14375
9 485 486 1710 1709 14376
9 486 487 1711 1710 14377
9 487 488 1712 1711 14378
9 488 489 1713 1712 14379
9 489 490 1714 1713 14380
9 288 1679 3947 289 14381
9 1679 1680 3948 3947 14382
9 1680 1681 3949 3948 14383
9 1681 1682 3950 3949 14384
9 1682 1683 3951 3950 14385
9 1683 1684 3952 3951 14386
9 1684 1685 3953 3952 14387
9 1685 1686 3954 3953 14388
9 1686 1687 3955 3954 14389
9 1687 1688 3956 3955 14390
9 1688 1689 3957 3956 14391
9 1689 1690 3958 3957 14392
9 1690 1691 3959 3958 14393
9 1691 1692 3960 3959 14394
9 1692 1693 3961 3960 14395
9 1693 1694 3962 3961 14396
9 1694 1695 3963 3962 14397
9 1695 1696 3964 3963 14398
9 1696 1697 3965 3964 14399
9 1697 1698 3966 3965 14400
9 1698 1699 3967 3966 14401
9 1699 1700 3968 3967 14402
9 1700 1701 3969 3968 14403
9 1701 1702 3970 3969 14404
9 1702 1703 3971 3970 14405
9 1703 1704 3972 3971 14406
9 1704 1705 3973 3972 14407
9 1705 1706 3974 3973 14408
9 1706 1707 3975 3974 14409
9 1707 1708 3976 3975 14410
9 1708 1709 3977 3976 14411
9 1709 1710 3978 3977 14412
9 1710 1711 3979 3978 14413
9 1711 1712 3980 3979 14414
9 1712 1713 3981 3980 14415
9 1713 1714 3982 3981 14416
9 289 3947 4847 290 14417
9 3947 3948 4848 4847 14418
9 3948 3949 4849 4848 14419
9 3949 3950 4850 4849 14420
9 3950 3951 4851 4850 14421
9 3951 3952 4852 4851 14422
9 3952 3953 4853 4852 14423
9 3953 3954 4854 4853 14424
9 3954 3955 4855 4854 14425
9 3955 3956 4856 4855 14426
9 3956 3957 4857 4856 14427
9 3957 3958 4858 4857 14428
9 3958 3959 4859 4858 14429
9 3959 3960 4860 4859 14430
9 3960 3961 4861 4860 14431
9 3961 3962 4862 4861 14432
9 3962 3963 4863 4862 14433
9 3963 3964 4864 4863 14434
9 3964 3965 4865 4864 14435
9 3965 3966 4866 4865 14436
9 3966 3967 4867 4866 14437
9 3967 3968 4868 4867 14438
9 3968 3969 4869 4868 14439
9 3969 3970 4870 4869 14440
9 3970 3971 4871 4870 14441
9 3971 3972 4872 4871 14442
9 3972 3973 4873 4872 14443
9 3973 3974 4874 4873 14444
9 3974 3975 4875 4874 14445
9 3975 3976 4876 4875 14446
9 3976 3977 4877 4876 14447
9 3977 3978 4878 4877 14448
9 3978 3979 4879 4878 14449
9 3979 3980 4880 4879 14450
9 3980 3981 4881 4880 14451
9 3981 3982 4882 4881 14452
9 290 4847 4379 291 14453
9 4847 4848 4380 4379 14454
9 4848 4849 4381 4380 14455
9 4849 4850 4382 4381 14456
9 4850 4851 4383 4382 14457
9 4851 4852 4384 4383 14458
9 4852 4853 4385 4384 14459
9 4853 4854 4386 4385 14460
9 4854 4855 4387 4386 14461
9 4855 4856 4388 4387 14462
9 4856 4857 4389 4388 14463
9 4857 4858 4390 4389 14464
9 4858 4859 4391 4390 14465
9 4859 4860 4392 4391 14466
9 4860 4861 4393 4392 14467
9 4861 4862 4394 4393 14468
9 4862 4863 4395 4394 14469
9 4863 4864 4396 4395 14470
9 4864 4865 4397 4396 14471
9 4865 4866 4398 4397 14472
9 4866 4867 4399 4398 14473
9 4867 4868 4400 4399 14474
9 4868 4869 4401 4400 14475
9 4869 4870 4402 4401 14476
9 4870 4871 4403 4402 14477
9 4871 4872 4404 4403 14478
9 4872 4873 4405 4404 14479
9 4873 4874 4406 4405 14480
9 4874 4875 4407 4406 14481
9 4875 4876 4408 4407 14482
9 4876 4877 4409 4408 14483
9 4877 4878 4410 4409 14484
9 4878 4879 4411 4410 14485
9 4879 4880 4412 4411 14486
9 4880 4881 4413 4412 14487
9 4881 4882 4414 4413 14488
9 291 4379 995 292 14489
9 4379 4380 996 995 14490
9 4380 4381 997 996 14491
9 4381 4382 998 997 14492
9 4382 4383 999 998 14493
9 4383 4384 1000 999 14494
9 4384 4385 1001 1000 14495
9 4385 4386 1002 1001 14496
9 4386 4387 1003 1002 14497
9 4387 4388 1004 1003 14498
9 4388 4389 1005 1004 14499
9 4389 4390 1006 1005 14500
9 4390 4391 1007 1006 14501
9 4391 4392 1008 1007 14502
9 4392 4393 1009 1008 14503
9 4393 4394 1010 1009 14504
9 4394 4395 1011 1010 14505
9 4395 4396 1012 1011 14506
9 4396 4397 1013 1012 14507
9 4397 4398 1014 1013 14508
9 4398 4399 1015 1014 14509
9 4399 4400 1016 1015 14510
9 4400 4401 1017 1016 14511
9 4401 4402 1018 1017 14512
9 4402 4403 1019 1018 14513
9 4403 4404 1020 1019 14514
9 4404 4405 1021 1020 14515
9 4405 4406 1022 1021 14516
9 4406 4407 1023 1022 14517
9 4407 4408 1024 1023 14518
9 4408 4409 1025 1024 14519
9 4409 4410 1026 1025 14520
9 4410 4411 1027 1026 14521
9 4411 4412 1028 1027 14522
9 4412 4413 1029 1028 14523
9 4413 4414 1030 1029 14524
9 292 995 2867 293 14525
9 995 996 2868 2867 14526
9 996 997 2869 2868 14527
9 997 998 2870 2869 14528
9 998 999 2871 2870 14529
9 999 1000 2872 2871 14530
9 1000 1001 2873 2872 14531
9 1001 1002 2874 2873 14532
9 1002 1003 2875 2874 14533
9 1003 1004 2876 2875 14534
9 1004 1005 2877 2876 14535
9 1005 1006 2878 2877 14536
9 1006 1007 2879 2878 14537
9 1007 1008 2880 2879 14538
9 1008 1009 2881 2880 14539
9 1009 1010 2882 2881 14540
9 1010 1011 2883 2882 14541
9 1011 1012 2884 2883 14542
9 1012 1013 2885 2884 14543
9 1013 1014 2886 2885 14544
9 1014 1015 2887 2886 14545
9 1015 1016 2888 2887 14546
9 1016 1017 2889 2888 14547
9 1017 1018 2890 2889 14548
9 1018 1019 2891 2890 14549
9 1019 1020 2892 2891 14550
9 1020 1021 2893 2892 14551
9 1021 1022 2894 2893 14552
9 1022 1023 2895 2894 14553
9 1023 1024 2896 2895 14554
9 1024 1025 2897 2896 14555
9 1025 1026 2898 2897 14556
9 1026 1027 2899 2898 14557
9 1027 1028 2900 2899 14558
9 1028 1029 2901 2900 14559
9 1029 1030 2902 2901 14560
9 293 2867 3263 294 14561
9 2867 2868 3264 3263 14562
9 2868 2869 3265 3264 14563
9 2869 2870 3266 3265 14564
9 2870 2871 3267 3266 14565
9 2871 2872 3268 3267 14566
9 2872 2873 3269 3268 14567
9 2873 2874 3270 3269 14568
9 2874 2875 3271 3270 14569
9 2875 2876 3272 3271 14570
9 2876 2877 3273 3272 14571
9 2877 2878 3274 3273 14572
9 2878 2879 3275 3274 14573
9 2879 2880 3276 3275 14574
9 2880 2881 3277 3276 14575
9 2881 2882 3278 3277 14576
9 2882 2883 3279 3278 14577
9 2883 2884 3280 3279 14578
9 2884 2885 3281 3280 14579
9 2885 2886 3282 3281 14580
9 2886 2887 3283 3282 14581
9 2887 2888 3284 3283 14582
9 2888 2889 3285 3284 14583
9 2889 2890 3286 3285 14584
9 2890 2891 3287 3286 14585
9 2891 2892 3288 3287 14586
9 2892 2893 3289 3288 14587
9 2893 2894 3290 3289 14588
9 2894 2895 3291 3290 14589
9 2895 2896 3292 3291 14590
9 2896 2897 3293 3292 14591
9 2897 2898 3294 3293 14592
9 2898 2899 3295 3294 14593
9 2899 2900 3296 3295 14594
9 2900 2901 3297 3296 14595
9 2901 2902 3298 3297 14596
9 294 3263 3443 295 14597
9 3263 3264 3444 3443 14598
9 3264 3265 3445 3444 14599
9 3265 3266 3446 3445 14600
9 3266 3267 3447 3446 14601
9 3267 3268 3448 3447 14602
9 3268 3269 3449 3448 14603
9 3269 3270 3450 3449 14604
9 3270 3271 3451 3450 14605
9 3271 3272 3452 3451 14606
9 3272 3273 3453 3452 14607
9 3273 3274 3454 3453 14608
9 3274 3275 3455 3454 14609
9 3275 3276 3456 3455 14610
9 3276 3277 3457 3456 14611
9 3277 3278 3458 3457 14612
9 3278 3279 3459 3458 14613
9 3279 3280 3460 3459 14614
9 3280 3281 3461 3460 14615
9 3281 3282 3462 3461 14616
9 3282 3283 3463 3462 14617
9 3283 3284 3464 3463 14618
9 3284 3285 3465 3464 14619
9 3285 3286 3466 3465 14620
9 3286 3287 3467 3466 14621
9 3287 3288 3468 3467 14622
9 3288 3289 3469 3468 14623
9 3289 3290 3470 3469 14624
9 3290 3291 3471 3470 14625
9 3291 3292 3472 3471 14626
9 3292 3293 3473 3472 14627
9 3293 3294 3474 3473 14628
9 3294 3295 3475 3474 14629
9 3295 3296 3476 3475 14630
9 3296 3297 3477 3476 14631
9 3297 3298 3478 3477 14632
9 295 3443 1859 296 14633
9 3443 3444 1860 1859 14634
9 3444 3445 1861 1860 14635
9 3445 3446 1862 1861 14636
9 3446 3447 1863 1862 14637
9 3447 3448 1864 1863 14638
9 3448 3449 1865 1864 14639
9 3449 3450 1866 1865 14640
9 3450 3451 1867 1866 14641
9 3451 3452 1868 1867 14642
9 3452 3453 1869 1868 14643
9 3453 3454 1870 1869 14644
9 3454 3455 1871 1870 14645
9 3455 3456 1872 1871 14646
9 3456 3457 1873 1872 14647
9 3457 3458 1874 1873 14648
9 3458 3459 1875 1874 14649
9 3459 3460 1876 1875 14650
9 3460 3461 1877 1876 14651
9 3461 3462 1878 1877 14652
9 3462 3463 1879 1878 14653
9 3463 3464 1880 1879 14654
9 3464 3465 1881 1880 14655
9 3465 3466 1882 1881 14656
9 3466 3467 1883 1882 14657
9 3467 3468 1884 1883 14658
9 3468 3469 1885 1884 14659
9 3469 3470 1886 1885 14660
9 3470 3471 1887 1886 14661
9 3471 3472 1888 1887 14662
9 3472 3473 1889 1888 14663
9 3473 3474 1890 1889 14664
9 3474 3475 1891 1890 14665
9 3475 3476 1892 1891 14666
9 3476 3477 1893 1892 14667
9 3477 3478 1894 1893 14668
9 296 1859 4595 297 14669
9 1859 1860 4596 4595 14670
9 1860 1861 4597 4596 14671
9 1861 1862 4598 4597 14672
9 1862 1863 4599 4598 14673
9 1863 1864 4600 4599 14674
9 1864 1865 4601 4600 14675
9 1865 1866 4602 4601 14676
9 1866 1867 4603 4602 14677
9 1867 1868 4604 4603 14678
9 1868 1869 4605 4604 14679
9 1869 1870 4606 4605 14680
9 1870 1871 4607 4606 14681
9 1871 1872 4608 4607 14682
9 1872 1873 4609 4608 14683
9 1873 1874 4610 4609 14684
9 1874 1875 4611 4610 14685
9 1875 1876 4612 4611 14686
9 1876 1877 4613 4612 14687
9 1877 1878 4614 4613 14688
9 1878 1879 4615 4614 14689
9 1879 1880 4616 4615 14690
9 1880 1881 4617 4616 14691
9 1881 1882 4618 4617 14692
9 1882 1883 4619 4618 14693
9 1883 1884 4620 4619 14694
9 1884 1885 4621 4620 14695
9 1885 1886 4622 4621 14696
9 1886 1887 4623 4622 14697
9 1887 1888 4624 4623 14698
9 1888 1889 4625 4624 14699
9 1889 1890 4626 4625 14700
9 1890 1891 4627 4626 14701
9 1891 1892 4628 4627 14702
9 1892 1893 4629 4628 14703
9 1893 1894 4630 4629 14704
9 297 4595 5135 298 14705
9 4595 4596 5136 5135 14706
9 4596 4597 5137 5136 14707
9 4597 4598 5138 5137 14708
9 4598 4599 5139 5138 14709
9 4599 4600 5140 5139 14710
9 4600 4601 5141 5140 14711
9 4601 4602 5142 5141 14712
9 4602 4603 5143 5142 14713
9 4603 4604 5144 5143 14714
9 4604 4605 5145 5144 14715
9 4605 4606 5146 5145 14716
9 4606 4607 5147 5146 14717
9 4607 4608 5148 5147 14718
9 4608 4609 5149 5148 14719
9 4609 4610 5150 5149 14720
9 4610 4611 5151 5150 14721
9 4611 4612 5152 5151 14722
9 4612 4613 5153 5152 14723
9 4613 4614 5154 5153 14724
9 4614 4615 5155 5154 14725
9 4615 4616 5156 5155 14726
9 4616 4617 5157 5156 14727
9 4617 4618 5158 5157 14728
9 4618 4619 5159 5158 14729
9 4619 4620 5160 5159 14730
9 4620 4621 5161 5160 14731
9 4621 4622 5162 5161 14732
9 4622 4623 5163 5162 14733
9 4623 4624 5164 5163 14734
9 4624 4625 5165 5164 14735
9 4625 4626 5166 5165 14736
9 4626 4627 5167 5166 14737
9 4627 4628 5168 5167 14738
9 4628 4629 5169 5168 14739
9 4629 4630 5170 5169 14740
9 298 5135 2975 299 14741
9 5135 5136 2976 2975 14742
9 5136 5137 2977 2976 14743
9 5137 5138 2978 2977 14744
9 5138 5139 2979 2978 14745
9 5139 5140 2980 2979 14746
9 5140 5141 2981 2980 14747
9 5141 5142 2982 2981 14748
9 5142 5143 2983 2982 14749
9 5143 5144 2984 2983 14750
9 5144 5145 2985 2984 14751
9 5145 5146 2986 2985 14752
9 5146 5147 2987 2986 14753
9 5147 5148 2988 2987 14754
9 5148 5149 2989 2988 14755
9 5149 5150 2990 2989 14756
9 5150 5151 2991 2990 14757
9 5151 5152 2992 2991 14758
9 5152 5153 2993 2992 14759
9 5153 5154 2994 2993 14760
9 5154 5155 2995 2994 14761
9 5155 5156 2996 2995 14762
9 5156 5157 2997 2996 14763
9 5157 5158 2998 2997 14764
9 5158 5159 2999 2998 14765
9 5159 5160 3000 2999 14766
9 5160 5161 3001 3000 14767
9 5161 5162 3002 3001 14768
9 5162 5163 3003 3002 14769
9 5163 5164 3004 3003 14770
9 5164 5165 3005 3004 14771
9 5165 5166 3006 3005 14772
9 5166 5167 3007 3006 14773
9 5167 5168 3008 3007 14774
9 5168 5169 3009 3008 14775
9 5169 5170 3010 3009 14776
9 299 2975 1967 300 14777
9 2975 2976 1968 1967 14778
9 2976 2977 1969 1968 14779
9 2977 2978 1970 1969 14780
9 2978 2979 1971 1970 14781
9 2979 2980 1972 1971 14782
9 2980 2981 1973 1972 14783
9 2981 2982 1974 1973 14784
9 2982 2983 1975 1974 14785
9 2983 2984 1976 1975 14786
9 2984 2985 1977 1976 14787
9 2985 2986 1978 1977 14788
9 2986 2987 1979 1978 14789
9 2987 2988 1980 1979 14790
9 2988 2989 1981 1980 14791
9 2989 2990 1982 1981 14792
9 2990 2991 1983 1982 14793
9 2991 2992 1984 1983 14794
9 2992 2993 1985 1984 14795
9 2993 2994 1986 1985 14796
9 2994 2995 1987 1986 14797
9 2995 2996 1988 1987 14798
9 2996 2997 1989 1988 14799
9 2997 2998 1990 1989 14800
9 2998 2999 1991 1990 14801
9 2999 3000 1992 1991 14802
9 3000 3001 1993 1992 14803
9 3001 3002 1994 1993 14804
9 3002 3003 1995 1994 14805
9 3003 3004 1996 1995 14806
9 3004 3005 1997 1996 14807
9 3005 3006 1998 1997 14808
9 3006 3007 1999 1998 14809
9 3007 3008 2000 1999 14810
9 3008 3009 2001 2000 14811
9 3009 3010 2002 2001 14812
9 300 1967 5387 301 14813
9 1967 1968 5388 5387 14814
9 1968 1969 5389 5388 14815
9 1969 1970 5390 5389 14816
9 1970 1971 5391 5390 14817
9 1971 1972 5392 5391 14818
9 1972 1973 5393 5392 14819
9 1973 1974 5394 5393 14820
9 1974 1975 5395 5394 14821
9 1975 1976 5396 5395 14822
9 1976 1977 5397 5396 14823
9 1977 1978 5398 5397 14824
9 1978 1979 5399 5398 14825
9 1979 1980 5400 5399 14826
9 1980 1981 5401 5400 14827
9 1981 1982 5402 5401 14828
9 1982 1983 5403 5402 14829
9 1983 1984 5404 5403 14830
9 1984 1985 5405 5404 14831
9 1985 1986 5406 5405 14832
9 1986 1987 5407 5406 14833
9 1987 1988 5408 5407 14834
9 1988 1989 5409 5408 14835
9 1989 1990 5410 5409 14836
9 1990 1991 5411 5410 14837
9 1991 1992 5412 5411 14838
9 1992 1993 5413 5412 14839
9 1993 1994 5414 5413 14840
9 1994 1995 5415 5414 14841
9 1995 1996 5416 5415 14842
9 1996 1997 5417 5416 14843
9 1997 1998 5418 5417 14844
9 1998 1999 5419 5418 14845
9 1999 2000 5420 5419 14846
9 2000 2001 5421 5420 14847
9 2001 2002 5422 5421 14848
9 301 5387 1031 302 14849
9 5387 5388 1032 1031 14850
9 5388 5389 1033 1032 14851
9 5389 5390 1034 1033 14852
9 5390 5391 1035 1034 14853
9 5391 5392 1036 1035 14854
9 5392 5393 1037 1036 14855
9 5393 5394 1038 1037 14856
9 5394 5395 1039 1038 14857
9 5395 5396 1040 1039 14858
9 5396 5397 1041 1040 14859
9 5397 5398 1042 1041 14860
9 5398 5399 1043 1042 14861
9 5399 5400 1044 1043 14862
9 5400 5401 1045 1044 14863
9 5401 5402 1046 1045 14864
9 5402 5403 1047 1046 14865
9 5403 5404 1048 1047 14866
9 5404 5405 1049 1048 14867
9 5405 5406 1050 1049 14868
9 5406 5407 1051 1050 14869
9 5407 5408 1052 1051 14870
9 5408 5409 1053 1052 14871
9 5409 5410 1054 1053 14872
9 5410 5411 1055 1054 14873
9 5411 5412 1056 1055 14874
9 5412 5413 1057 1056 14875
9 5413 5414 1058 1057 14876
9 5414 5415 1059 1058 14877
9 5415 5416 1060 1059 14878
9 5416 5417 1061 1060 14879
9 5417 5418 1062 1061 14880
9 5418 5419 1063 1062 14881
9 5419 5420 1064 1063 14882
9 5420 5421 1065 1064 14883
9 5421 5422 1066 1065 14884
9 302 1031 959 303 14885
9 1031 1032 960 959 14886
9 1032 1033 961 960 14887
9 1033 1034 962 961 14888
9 1034 1035 963 962 14889
9 1035 1036 964 963 14890
9 1036 1037 965 964 14891
9 1037 1038 966 965 14892
9 1038 1039 967 966 14893
9 1039 1040 968 967 14894
9 1040 1041 969 968 14895
9 1041 1042 970 969 14896
9 1042 1043 971 970 14897
9 1043 1044 972 971 14898
9 1044 1045 973 972 14899
9 1045 1046 974 973 14900
9 1046 1047 975 974 14901
9 1047 1048 976 975 14902
9 1048 1049 977 976 14903
9 1049 1050 978 977 14904
9 1050 1051 979 978 14905
9 1051 1052 980 979 14906
9 1052 1053 981 980 14907
9 1053 1054 982 981 14908
9 1054 1055 983 982 14909
9 1055 1056 984 983 14910
9 1056 1057 985 984 14911
9 1057 1058 986 985 14912
9 1058 1059 987 986 14913
9 1059 1060 988 987 14914
9 1060 1061 989 988 14915
9 1061 1062 990 989 14916
9 1062 1063 991 990 14917
9 1063 1064 992 991 14918
9 1064 1065 993 992 14919
9 1065 1066 994 993 14920
9 303 959 2327 304 14921
9 959 960 2328 2327 14922
9 960 961 2329 2328 14923
9 961 962 2330 2329 14924
9 962 963 2331 2330 14925
9 963 964 2332 2331 14926
9 964 965 2333 2332 14927
9 965 966 2334 2333 14928
9 966 967 2335 2334 14929
9 967 968 2336 2335 14930
9 968 969 2337 2336 14931
9 969 970 2338 2337 14932
9 970 971 2339 2338 14933
9 971 972 2340 2339 14934
9 972 973 2341 2340 14935
9 973 974 2342 2341 14936
9 974 975 2343 2342 14937
9 975 976 2344 2343 14938
9 976 977 2345 2344 14939
9 977 978 2346 2345 14940
9 978 979 2347 2346 14941
9 979 980 2348 2347 14942
9 980 981 2349 2348 14943
9 981 982 2350 2349 14944
9 982 983 2351 2350 14945
9 983 984 2352 2351 14946
9 984 985 2353 2352 14947
9 985 986 2354 2353 14948
9 986 987 2355 2354 14949
9 987 988 2356 2355 14950
9 988 989 2357 2356 14951
9 989 990 2358 2357 14952
9 990 991 2359 2358 14953
9 991 992 2360 2359 14954
9 992 993 2361 2360 14955
9 993 994 2362 2361 14956
9 304 2327 5567 149 14957
9 2327 2328 5568 5567 14958
9 2328 2329 5569 5568 14959
9 2329 2330 5570 5569 14960
9 2330 2331 5571 5570 14961
9 2331 2332 5572 5571 14962
9 2332 2333 5573 5572 14963
9 2333 2334 5574 5573 14964
9 2334 2335 5575 5574 14965
9 2335 2336 5576 5575 14966
9 2336 2337 5577 5576 14967
9 2337 2338 5578 5577 14968
9 2338 2339 5579 5578 14969
9 2339 2340 5580 5579 14970
9 2340 2341 5581 5580 14971
9 2341 2342 5582 5581 14972
9 2342 2343 5583 5582 14973
9 2343 2344 5584 5583 14974
9 2344 2345 5585 5584 14975
9 2345 2346 5586 5585 14976
9 2346 2347 5587 5586 14977
9 2347 2348 5588 5587 14978
9 2348 2349 5589 5588 14979
9 2349 2350 5590 5589 14980
9 2350 2351 5591 5590 14981
9 2351 2352 5592 5591 14982
9 2352 2353 5593 5592 14983
9 2353 2354 5594 5593 14984
9 2354 2355 5595 5594 14985
9 2355 2356 5596 5595 14986
9 2356 2357 5597 5596 14987
9 2357 2358 5598 5597 14988
9 2358 2359 5599 5598 14989
9 2359 2360 5600 5599 14990
9 2360 2361 5601 5600 14991
9 2361 2362 5602 5601 14992
9 149 5567 2759 305 14993
9 5567 5568 2760 2759 14994
9 5568 5569 2761 2760 14995
9 5569 5570 2762 2761 14996
9 5570 5571 2763 2762 14997
9 5571 5572 2764 2763 14998
9 5572 5573 2765 2764 14999
9 5573 5574 2766 2765 15000
9 5574 5575 2767 2766 15001
9 5575 5576 2768 2767 15002
9 5576 5577 2769 2768 15003
9 5577 5578 2770 2769 15004
9 5578 5579 2771 2770 15005
9 5579 5580 2772 2771 15006
9 5580 5581 2773 2772 15007
9 5581 5582 2774 2773 15008
9 5582 5583 2775 2774 15009
9 5583 5584 2776 2775 15010
9 5584 5585 2777 2776 15011
9 5585 5586 2778 2777 15012
9 5586 5587 2779 2778 15013
9 5587 5588 2780 2779 15014
9 5588 5589 2781 2780 15015
9 5589 5590 2782 2781 15016
9 5590 5591 2783 2782 15017
9 5591 5592 2784 2783 15018
9 5592 5593 2785 2784 15019
9 5593 5594 2786 2785 15020
9 5594 5595 2787 2786 15021
9 5595 5596 2788 2787 15022
9 5596 5597 2789 2788 15023
9 5597 5598 2790 2789 15024
9 5598 5599 2791 2790 15025
9 5599 5600 2792 2791 15026
9 5600 5601 2793 2792 15027
9 5601 5602 2794 2793 15028
9 305 2759 3659 306 15029
9 2759 2760 3660 3659 15030
9 2760 2761 3661 3660 15031
9 2761 2762 3662 3661 15032
9 2762 2763 3663 3662 15033
9 2763 2764 3664 3663 15034
9 2764 2765 3665 3664 15035
9 2765 2766 3666 3665 15036
9 2766 2767 3667 3666 15037
9 2767 2768 3668 3667 15038
9 2768 2769 3669 3668 15039
9 2769 2770 3670 3669 15040
9 2770 2771 3671 3670 15041
9 2771 2772 3672 3671 15042
9 2772 2773 3673 3672 15043
9 2773 2774 3674 3673 15044
9 2774 2775 3675 3674 15045
9 2775 2776 3676 3675 15046
9 2776 2777 3677 3676 15047
9 2777 2778 3678 3677 15048
9 2778 2779 3679 3678 15049
9 2779 2780 3680 3679 15050
9 2780 2781 3681 3680 15051
9 2781 2782 3682 3681 15052
9 2782 2783 3683 3682 15053
9 2783 2784 3684 3683 15054
9 2784 2785 3685 3684 15055
9 2785 2786 3686 3685 15056
9 2786 2787 3687 3686 15057
9 2787 2788 3688 3687 15058
9 2788 2789 3689 3688 15059
9 2789 2790 3690 3689 15060
9 2790 2791 3691 3690 15061
9 2791 2792 3692 3691 15062
9 2792 2793 3693 3692 15063
9 2793 2794 3694 3693 15064
9 306 3659 4775 307 15065
9 3659 3660 4776 4775 15066
9 3660 3661 4777 4776 15067
9 3661 3662 4778 4777 15068
9 3662 3663 4779 4778 15069
9 3663 3664 4780 4779 15070
9 3664 3665 4781 4780 15071
9 3665 3666 4782 4781 15072
9 3666 3667 4783 4782 15073
9 3667 3668 4784 4783 15074
9 3668 3669 4785 4784 15075
9 3669 3670 4786 4785 15076
9 3670 3671 4787 4786 15077
9 3671 3672 4788 4787 15078
9 3672 3673 4789 4788 15079
9 3673 3674 4790 4789 15080
9 3674 3675 4791 4790 15081
9 3675 3676 4792 4791 15082
9 3676 3677 4793 4792 15083
9 3677 3678 4794 4793 15084
9 3678 3679 4795 4794 15085
9 3679 3680 4796 4795 15086
9 3680 3681 4797 4796 15087
9 3681 3682 4798 4797 15088
9 3682 3683 4799 4798 15089
9 3683 3684 4800 4799 15090
9 3684 3685 4801 4800 15091
9 3685 3686 4802 4801 15092
9 3686 3687 4803 4802 15093
9 3687 3688 4804 4803 15094
9 3688 3689 4805 4804 15095
9 3689 3690 4806 4805 15096
9 3690 3691 4807 4806 15097
9 3691 3692 4808 4807 15098
9 3692 3693 4809 4808 15099
9 3693 3694 4810 4809 15100
9 307 4775 4523 308 15101
9 4775 4776 4524 4523 15102
9 4776 4777 4525 4524 15103
9 4777 4778 4526 4525 15104
9 4778 4779 4527 4526 15105
9 4779 4780 4528 4527 15106
9 4780 4781 4529 4528 15107
9 4781 4782 4530 4529 15108
9 4782 4783 4531 4530 15109
9 4783 4784 4532 4531 15110
9 4784 4785 4533 4532 15111
9 4785 4786 4534 4533 15112
9 4786 4787 4535 4534 15113
9 4787 4788 4536 4535 15114
9 4788 4789 4537 4536 15115
9 4789 4790 4538 4537 15116
9 4790 4791 4539 4538 15117
9 4791 4792 4540 4539 15118
9 4792 4793 4541 4540 15119
9 4793 4794 4542 4541 15120
9 4794 4795 4543 4542 15121
9 4795 4796 4544 4543 15122
9 4796 4797 4545 4544 15123
9 4797 4798 4546 4545 15124
9 4798 4799 4547 4546 15125
9 4799 4800 4548 4547 15126
9 4800 4801 4549 4548 15127
9 4801 4802 4550 4549 15128
9 4802 4803 4551 4550 15129
9 4803 4804 4552 4551 15130
9 4804 4805 4553 4552 15131
9 4805 4806 4554 4553 15132
9 4806 4807 4555 4554 15133
9 4807 4808 4556 4555 15134
9 4808 4809 4557 4556 15135
9 4809 4810 4558 4557 15136
9 308 4523 4667 309 15137
9 4523 4524 4668 4667 15138
9 4524 4525 4669 4668 15139
9 4525 4526 4670 4669 15140
9 4526 4527 4671 4670 15141
9 4527 4528 4672 4671 15142
9 4528 4529 4673 4672 15143
9 4529 4530 4674 4673 15144
9 4530 4531 4675 4674 15145
9 4531 4532 4676 4675 15146
9 4532 4533 4677 4676 15147
9 4533 4534 4678 4677 15148
9 4534 4535 4679 4678 15149
9 4535 4536 4680 4679 15150
9 4536 4537 4681 4680 15151
9 4537 4538 4682 4681 15152
9 4538 4539 4683 4682 15153
9 4539 4540 4684 4683 15154
9 4540 4541 4685 4684 15155
9 4541 4542 4686 4685 15156
9 4542 4543 4687 4686 15157
9 4543 4544 4688 4687 15158
9 4544 4545 4689 4688 15159
9 4545 4546 4690 4689 15160
9 4546 4547 4691 4690 15161
9 4547 4548 4692 4691 15162
9 4548 4549 4693 4692 15163
9 4549 4550 4694 4693 15164
9 4550 4551 4695 4694 15165
9 4551 4552 4696 4695 15166
9 4552 4553 4697 4696 15167
9 4553 4554 4698 4697 15168
9 4554 4555 4699 4698 15169
9 4555 4556 4700 4699 15170
9 4556 4557 4701 4700 15171
9 4557 4558 4702 4701 15172
9 309 4667 4739 310 15173
9 4667 4668 4740 4739 15174
9 4668 4669 4741 4740 15175
9 4669 4670 4742 4741 15176
9 4670 4671 4743 4742 15177
9 4671 4672 4744 4743 15178
9 4672 4673 4745 4744 15179
9 4673 4674 4746 4745 15180
9 4674 4675 4747 4746 15181
9 4675 4676 4748 4747 15182
9 4676 4677 4749 4748 15183
9 4677 4678 4750 4749 15184
9 4678 4679 4751 4750 15185
9 4679 4680 4752 4751 15186
9 4680 4681 4753 4752 15187
9 4681 4682 4754 4753 15188
9 4682 4683 4755 4754 15189
9 4683 4684 4756 4755 15190
9 4684 4685 4757 4756 15191
9 4685 4686 4758 4757 15192
9 4686 4687 4759 4758 15193
9 4687 4688 4760 4759 15194
9 4688 4689 4761 4760 15195
9 4689 4690 4762 4761 15196
9 4690 4691 4763 4762 15197
9 4691 4692 4764 4763 15198
9 4692 4693 4765 4764 15199
9 4693 4694 4766 4765 15200
9 4694 4695 4767 4766 15201
9 4695 4696 4768 4767 15202
9 4696 4697 4769 4768 15203
9 4697 4698 4770 4769 15204
9 4698 4699 4771 4770 15205
9 4699 4700 4772 4771 15206
9 4700 4701 4773 4772 15207
9 4701 4702 4774 4773 15208
9 310 4739 3551 311 15209
9 4739 4740 3552 3551 15210
9 4740 4741 3553 3552 15211
9 4741 4742 3554 3553 15212
9 4742 4743 3555 3554 15213
9 4743 4744 3556 3555 15214
9 4744 4745 3557 3556 15215
9 4745 4746 3558 3557 15216
9 4746 4747 3559 3558 15217
9 4747 4748 3560 3559 15218
9 4748 4749 3561 3560 15219
9 4749 4750 3562 3561 15220
9 4750 4751 3563 3562 15221
9 4751 4752 3564 3563 15222
9 4752 4753 3565 3564 15223
9 4753 4754 3566 3565 15224
9 4754 4755 3567 3566 15225
9 4755 4756 3568 3567 15226
9 4756 4757 3569 3568 15227
9 4757 4758 3570 3569 15228
9 4758 4759 3571 3570 15229
9 4759 4760 3572 3571 15230
9 4760 4761 3573 3572 15231
9 4761 4762 3574 3573 15232
9 4762 4763 3575 3574 15233
9 4763 4764 3576 3575 15234
9 4764 4765 3577 3576 15235
9 4765 4766 3578 3577 15236
9 4766 4767 3579 3578 15237
9 4767 4768 3580 3579 15238
9 4768 4769 3581 3580 15239
9 4769 4770 3582 3581 15240
9 4770 4771 3583 3582 15241
9 4771 4772 3584 3583 15242
9 4772 4773 3585 3584 15243
9 4773 4774 3586 3585 15244
9 311 3551 5351 312 15245
9 3551 3552 5352 5351 15246
9 3552 3553 5353 5352 15247
9 3553 3554 5354 5353 15248
9 3554 3555 5355 5354 15249
9 3555 3556 5356 5355 15250
9 3556 3557 5357 5356 15251
9 3557 3558 5358 5357 15252
9 3558 3559 5359 5358 15253
9 3559 3560 5360 5359 15254
9 3560 3561 5361 5360 15255
9 3561 3562 5362 5361 15256
9 3562 3563 5363 5362 15257
9 3563 3564 5364 5363 15258
9 3564 3565 5365 5364 15259
9 3565 3566 5366 5365 15260
9 3566 3567 5367 5366 15261
9 3567 3568 5368 5367 15262
9 3568 3569 5369 5368 15263
9 3569 3570 5370 5369 15264
9 3570 3571 5371 5370 15265
9 3571 3572 5372 5371 15266
9 3572 3573 5373 5372 15267
9 3573 3574 5374 5373 15268
9 3574 3575 5375 5374 15269
9 3575 3576 5376 5375 15270
9 3576 3577 5377 5376 15271
9 3577 3578 5378 5377 15272
9 3578 3579 5379 5378 15273
9 3579 3580 5380 5379 15274
9 3580 3581 5381 5380 15275
9 3581 3582 5382 5381 15276
9 3582 3583 5383 5382 15277
9 3583 3584 5384 5383 15278
9 3584 3585 5385 5384 15279
9 3585 3586 5386 5385 15280
9 312 5351 1715 313 15281
9 5351 5352 1716 1715 15282
9 5352 5353 1717 1716 15283
9 5353 5354 1718 1717 15284
9 5354 5355 1719 1718 15285
9 5355 5356 1720 1719 15286
9 5356 5357 1721 1720 15287
9 5357 5358 1722 1721 15288
9 5358 5359 1723 1722 15289
9 5359 5360 1724 1723 15290
9 5360 5361 1725 1724 15291
9 5361 5362 1726 1725 15292
9 5362 5363 1727 1726 15293
9 5363 5364 1728 1727 15294
9 5364 5365 1729 1728 15295
9 5365 5366 1730 1729 15296
9 5366 5367 1731 1730 15297
9 5367 5368 1732 1731 15298
9 5368 5369 1733 1732 15299
9 5369 5370 1734 1733 15300
9 5370 5371 1735 1734 15301
9 5371 5372 1736 1735 15302
9 5372 5373 1737 1736 15303
9 5373 5374 1738 1737 15304
9 5374 5375 1739 1738 15305
9 5375 5376 1740 1739 15306
9 5376 5377 1741 1740 15307
9 5377 5378 1742 1741 15308
9 5378 5379 1743 1742 15309
9 5379 5380 1744 1743 15310
9 5380 5381 1745 1744 15311
9 5381 5382 1746 1745 15312
9 5382 5383 1747 1746 15313
9 5383 5384 1748 1747 15314
9 5384 5385 1749 1748 15315
9 5385 5386 1750 1749 15316
9 313 1715 4019 314 15317
9 1715 1716 4020 4019 15318
9 1716 1717 4021 4020 15319
9 1717 1718 4022 4021 15320
9 1718 1719 4023 4022 15321
9 1719 1720 4024 4023 15322
9 1720 1721 4025 4024 15323
9 1721 1722 4026 4025 15324
9 1722 1723 4027 4026 15325
9 1723 1724 4028 4027 15326
9 1724 1725 4029 4028 15327
9 1725 1726 4030 4029 15328
9 1726 1727 4031 4030 15329
9 1727 1728 4032 4031 15330
9 1728 1729 4033 4032 15331
9 1729 1730 4034 4033 15332
9 1730 1731 4035 4034 15333
9 1731 1732 4036 4035 15334
9 1732 1733 4037 4036 15335
9 1733 1734 4038 4037 15336
9 1734 1735 4039 4038 15337
9 1735 1736 4040 4039 15338
9 1736 1737 4041 4040 15339
9 1737 1738 4042 4041 15340
9 1738 1739 4043 4042 15341
9 1739 1740 4044 4043 15342
9 1740 1741 4045 4044 15343
9 1741 1742 4046 4045 15344
9 1742 1743 4047 4046 15345
9 1743 1744 4048 4047 15346
9 1744 1745 4049 4048 15347
9 1745 1746 4050 4049 15348
9 1746 1747 4051 4050 15349
9 1747 1748 4052 4051 15350
9 1748 1749 4053 4052 15351
9 1749 1750 4054 4053 15352
9 314 4019 1535 315 15353
9 4019 4020 1536 1535 15354
9 4020 4021 1537 1536 15355
9 4021 4022 1538 1537 15356
9 4022 4023 1539 1538 15357
9 4023 4024 1540 1539 15358
9 4024 4025 1541 1540 15359
9 4025 4026 1542 1541 15360
9 4026 4027 1543 1542 15361
9 4027 4028 1544 1543 15362
9 4028 4029 1545 1544 15363
9 4029 4030 1546 1545 15364
9 4030 4031 1547 1546 15365
9 4031 4032 1548 1547 15366
9 4032 4033 1549 1548 15367
9 4033 4034 1550 1549 15368
9 4034 4035 1551 1550 15369
9 4035 4036 1552 1551 15370
9 4036 4037 1553 1552 15371
9 4037 4038 1554 1553 15372
9 4038 4039 1555 1554 15373
9 4039 4040 1556 1555 15374
9 4040 4041 1557 1556 15375
9 4041 4042 1558 1557 15376
9 4042 4043 1559 1558 15377
9 4043 4044 1560 1559 15378
9 4044 4045 1561 1560 15379
9 4045 4046 1562 1561 15380
9 4046 4047 1563 1562 15381
9 4047 4048 1564 1563 15382
9 4048 4049 1565 1564 15383
9 4049 4050 1566 1565 15384
9 4050 4051 1567 1566 15385
9 4051 4052 1568 1567 15386
9 4052 4053 1569 1568 15387
9 4053 4054 1570 1569 15388
9 315 1535 4091 316 15389
9 1535 1536 4092 4091 15390
9 1536 1537 4093 4092 15391
9 1537 1538 4094 4093 15392
9 1538 1539 4095 4094 15393
9 1539 1540 4096 4095 15394
9 1540 1541 4097 4096 15395
9 1541 1542 4098 4097 15396
9 1542 1543 4099 4098 15397
9 1543 1544 4100 4099 15398
9 1544 1545 4101 4100 15399
9 1545 1546 4102 4101 15400
9 1546 1547 4103 4102 15401
9 1547 1548 4104 4103 15402
9 1548 1549 4105 4104 15403
9 1549 1550 4106 4105 15404
9 1550 1551 4107 4106 15405
9 1551 1552 4108 4107 15406
9 1552 1553 4109 4108 15407
9 1553 1554 4110 4109 15408
9 1554 1555 4111 4110 15409
9 1555 1556 4112 4111 15410
9 1556 1557 4113 4112 15411
9 1557 1558 4114 4113 15412
9 1558 1559 4115 4114 15413
9 1559 1560 4116 4115 15414
9 1560 1561 4117 4116 15415
9 1561 1562 4118 4117 15416
9 1562 1563 4119 4118 15417
9 1563 1564 4120 4119 15418
9 1564 1565 4121 4120 15419
9 1565 1566 4122 4121 15420
9 1566 1567 4123 4122 15421
9 1567 1568 4124 4123 15422
9 1568 1569 4125 4124 15423
9 1569 1570 4126 4125 15424
9 322 2795 4991 323 15425
9 2795 2796 4992 4991 15426
9 2796 2797 4993 4992 15427
9 2797 2798 4994 4993 15428
9 2798 2799 4995 4994 15429
9 2799 2800 4996 4995 15430
9 2800 2801 4997 4996 15431
9 2801 2802 4998 4997 15432
9 2802 2803 4999 4998 15433
9 2803 2804 5000 4999 15434
9 2804 2805 5001 5000 15435
9 2805 2806 5002 5001 15436
9 2806 2807 5003 5002 15437
9 2807 2808 5004 5003 15438
9 2808 2809 5005 5004 15439
9 2809 2810 5006 5005 15440
9 2810 2811 5007 5006 15441
9 2811 2812 5008 5007 15442
9 2812 2813 5009 5008 15443
9 2813 2814 5010 5009 15444
9 2814 2815 5011 5010 15445
9 2815 2816 5012 5011 15446
9 2816 2817 5013 5012 15447
9 2817 2818 5014 5013 15448
9 2818 2819 5015 5014 15449
9 2819 2820 5016 5015 15450
9 2820 2821 5017 5016 15451
9 2821 2822 5018 5017 15452
9 2822 2823 5019 5018 15453
9 2823 2824 5020 5019 15454
9 2824 2825 5021 5020 15455
9 2825 2826 5022 5021 15456
9 2826 2827 5023 5022 15457
9 2827 2828 5024 5023 15458
9 2828 2829 5025 5024 15459
9 2829 2830 5026 5025 15460
9 323 4991 3371 324 15461
9 4991 4992 3372 3371 15462
9 4992 4993 3373 3372 15463
9 4993 4994 3374 3373 15464
9 4994 4995 3375 3374 15465
9 4995 4996 3376 3375 15466
9 4996 4997 3377 3376 15467
9 4997 4998 3378 3377 15468
9 4998 4999 3379 3378 15469
9 4999 5000 3380 3379 15470
9 5000 5001 3381 3380 15471
9 5001 5002 3382 3381 15472
9 5002 5003 3383 3382 15473
9 5003 5004 3384 3383 15474
9 5004 5005 3385 3384 15475
9 5005 5006 3386 3385 15476
9 5006 5007 3387 3386 15477
9 5007 5008 3388 3387 15478
9 5008 5009 3389 3388 15479
9 5009 5010 3390 3389 15480
9 5010 5011 3391 3390 15481
9 5011 5012 3392 3391 15482
9 5012 5013 3393 3392 15483
9 5013 5014 3394 3393 15484
9 5014 5015 3395 3394 15485
9 5015 5016 3396 3395 15486
9 5016 5017 3397 3396 15487
9 5017 5018 3398 3397 15488
9 5018 5019 3399 3398 15489
9 5019 5020 3400 3399 15490
9 5020 5021 3401 3400 15491
9 5021 5022 3402 3401 15492
9 5022 5023 3403 3402 15493
9 5023 5024 3404 3403 15494
9 5024 5025 3405 3404 15495
9 5025 5026 3406 3405 15496
9 324 3371 2543 325 15497
9 3371 3372 2544 2543 15498
9 3372 3373 2545 2544 15499
9 3373 3374 2546 2545 15500
9 3374 3375 2547 2546 15501
9 3375 3376 2548 2547 15502
9 3376 3377 2549 2548 15503
9 3377 3378 2550 2549 15504
9 3378 3379 2551 2550 15505
9 3379 3380 2552 2551 15506
9 3380 3381 2553 2552 15507
9 3381 3382 2554 2553 15508
9 3382 3383 2555 2554 15509
9 3383 3384 2556 2555 15510
9 3384 3385 2557 2556 15511
9 3385 3386 2558 2557 15512
9 3386 3387 2559 2558 15513
9 3387 3388 2560 2559 15514
9 3388 3389 2561 2560 15515
9 3389 3390 2562 2561 15516
9 3390 3391 2563 2562 15517
9 3391 3392 2564 2563 15518
9 3392 3393 2565 2564 15519
9 3393 3394 2566 2565 15520
9 3394 3395 2567 2566 15521
9 3395 3396 2568 2567 15522
9 3396 3397 2569 2568 15523
9 3397 3398 2570 2569 15524
9 3398 3399 2571 2570 15525
9 3399 3400 2572 2571 15526
9 3400 3401 2573 2572 15527
9 3401 3402 2574 2573 15528
9 3402 3403 2575 2574 15529
9 3403 3404 2576 2575 15530
9 3404 3405 2577 2576 15531
9 3405 3406 2578 2577 15532
9 325 2543 2399 326 15533
9 2543 2544 2400 2399 15534
9 2544 2545 2401 2400 15535
9 2545 2546 2402 2401 15536
9 2546 2547 2403 2402 15537
9 2547 2548 2404 2403 15538
9 2548 2549 2405 2404 15539
9 2549 2550 2406 2405 15540
9 2550 2551 2407 2406 15541
9 2551 2552 2408 2407 15542
9 2552 2553 2409 2408 15543
9 2553 2554 2410 2409 15544
9 2554 2555 2411 2410 15545
9 2555 2556 2412 2411 15546
9 2556 2557 2413 2412 15547
9 2557 2558 2414 2413 15548
9 2558 2559 2415 2414 15549
9 2559 2560 2416 2415 15550
9 2560 2561 2417 2416 15551
9 2561 2562 2418 2417 15552
9 2562 2563 2419 2418 15553
9 2563 2564 2420 2419 15554
9 2564 2565 2421 2420 15555
9 2565 2566 2422 2421 15556
9 2566 2567 2423 2422 15557
9 2567 2568 2424 2423 15558
9 2568 2569 2425 2424 15559
9 2569 2570 2426 2425 15560
9 2570 2571 2427 2426 15561
9 2571 2572 2428 2427 15562
9 2572 2573 2429 2428 15563
9 2573 2574 2430 2429 15564
9 2574 2575 2431 2430 15565
9 2575 2576 2432 2431 15566
9 2576 2577 2433 2432 15567
9 2577 2578 2434 2433 15568
9 326 2399 2903 327 15569
9 2399 2400 2904 2903 15570
9 2400 2401 2905 2904 15571
9 2401 2402 2906 2905 15572
9 2402 2403 2907 2906 15573
9 2403 2404 2908 2907 15574
9 2404 2405 2909 2908 15575
9 2405 2406 2910 2909 15576
9 2406 2407 2911 2910 15577
9 2407 2408 2912 2911 15578
9 2408 2409 2913 2912 15579
9 2409 2410 2914 2913 15580
9 2410 2411 2915 2914 15581
9 2411 2412 2916 2915 15582
9 2412 2413 2917 2916 15583
9 2413 2414 2918 2917 15584
9 2414 2415 2919 2918 15585
9 2415 2416 2920 2919 15586
9 2416 2417 2921 2920 15587
9 2417 2418 2922 2921 15588
9 2418 2419 2923 2922 15589
9 2419 2420 2924 2923 15590
9 2420 2421 2925 2924 15591
9 2421 2422 2926 2925 15592
9 2422 2423 2927 2926 15593
9 2423 2424 2928 2927 15594
9 2424 2425 2929 2928 15595
9 2425 2426 2930 2929 15596
9 2426 2427 2931 2930 15597
9 2427 2428 2932 2931 15598
9 2428 2429 2933 2932 15599
9 2429 2430 2934 2933 15600
9 2430 2431 2935 2934 15601
9 2431 2432 2936 2935 15602
9 2432 2433 2937 2936 15603
9 2433 2434 2938 2937 15604
9 327 2903 923 328 15605
9 2903 2904 924 923 15606
9 2904 2905 925 924 15607
9 2905 2906 926 925 15608
9 2906 2907 927 926 15609
9 2907 2908 928 927 15610
9 2908 2909 929 928 15611
9 2909 2910 930 929 15612
9 2910 2911 931 930 15613
9 2911 2912 932 931 15614
9 2912 2913 933 932 15615
9 2913 2914 934 933 15616
9 2914 2915 935 934 15617
9 2915 2916 936 935 15618
9 2916 2917 937 936 15619
9 2917 2918 938 937 15620
9 2918 2919 939 938 15621
9 2919 2920 940 939 15622
9 2920 2921 941 940 15623
9 2921 2922 942 941 15624
9 2922 2923 943 942 15625
9 2923 2924 944 943 15626
9 2924 2925 945 944 15627
9 2925 2926 946 945 15628
9 2926 2927 947 946 15629
9 2927 2928 948 947 15630
9 2928 2929 949 948 15631
9 2929 2930 950 949 15632
9 2930 2931 951 950 15633
9 2931 2932 952 951 15634
9 2932 2933 953 952 15635
9 2933 2934 954 953 15636
9 2934 2935 955 954 15637
9 2935 2936 956 955 15638
9 2936 2937 957 956 15639
9 2937 2938 958 957 15640
9 328 923 3587 329 15641
9 923 924 3588 3587 15642
9 924 925 3589 3588 15643
9 925 926 3590 3589 15644
9 926 927 3591 3590 15645
9 927 928 3592 3591 15646
9 928 929 3593 3592 15647
9 929 930 3594 3593 15648
9 930 931 3595 3594 15649
9 931 932 3596 3595 15650
9 932 933 3597 3596 15651
9 933 934 3598 3597 15652
9 934 935 3599 3598 15653
9 935 936 3600 3599 15654
9 936 937 3601 3600 15655
9 937 938 3602 3601 15656
9 938 939 3603 3602 15657
9 939 940 3604 3603 15658
9 940 941 3605 3604 15659
9 941 942 3606 3605 15660
9 942 943 3607 3606 15661
9 943 944 3608 3607 15662
9 944 945 3609 3608 15663
9 945 946 3610 3609 15664
9 946 947 3611 3610 15665
9 947 948 3612 3611 15666
9 948 949 3613 3612 15667
9 949 950 3614 3613 15668
9 950 951 3615 3614 15669
9 951 952 3616 3615 15670
9 952 953 3617 3616 15671
9 953 954 3618 3617 15672
9 954 955 3619 3618 15673
9 955 956 3620 3619 15674
9 956 957 3621 3620 15675
9 957 958 3622 3621 15676
9 329 3587 2687 330 15677
9 3587 3588 2688 2687 15678
9 3588 3589 2689 2688 15679
9 3589 3590 2690 2689 15680
9 3590 3591 2691 2690 15681
9 3591 3592 2692 2691 15682
9 3592 3593 2693 2692 15683
9 3593 3594 2694 2693 15684
9 3594 3595 2695 2694 15685
9 3595 3596 2696 2695 15686
9 3596 3597 2697 2696 15687
9 3597 3598 2698 2697 15688
9 3598 3599 2699 2698 15689
9 3599 3600 2700 2699 15690
9 3600 3601 2701 2700 15691
9 3601 3602 2702 2701 15692
9 3602 3603 2703 2702 15693
9 3603 3604 2704 2703 15694
9 3604 3605 2705 2704 15695
9 3605 3606 2706 2705 15696
9 3606 3607 2707 2706 15697
9 3607 3608 2708 2707 15698
9 3608 3609 2709 2708 15699
9 3609 3610 2710 2709 15700
9 3610 3611 2711 2710 15701
9 3611 3612 2712 2711 15702
9 3612 3613 2713 2712 15703
9 3613 3614 2714 2713 15704
9 3614 3615 2715 2714 15705
9 3615 3616 2716 2715 15706
9 3616 3617 2717 2716 15707
9 3617 3618 2718 2717 15708
9 3618 3619 2719 2718 15709
9 3619 3620 2720 2719 15710
9 3620 3621 2721 2720 15711
9 3621 3622 2722 2721 15712
9 330 2687 2111 331 15713
9 2687 2688 2112 2111 15714
9 2688 2689 2113 2112 15715
9 2689 2690 2114 2113 15716
9 2690 2691 2115 2114 15717
9 2691 2692 2116 2115 15718
9 2692 2693 2117 2116 15719
9 2693 2694 2118 2117 15720
9 2694 2695 2119 2118 15721
9 2695 2696 2120 2119 15722
9 2696 2697 2121 2120 15723
9 2697 2698 2122 2121 15724
9 2698 2699 2123 2122 15725
9 2699 2700 2124 2123 15726
9 2700 2701 2125 2124 15727
9 2701 2702 2126 2125 15728
9 2702 2703 2127 2126 15729
9 2703 2704 2128 2127 15730
9 2704 2705 2129 2128 15731
9 2705 2706 2130 2129 15732
9 2706 2707 2131 2130 15733
9 2707 2708 2132 2131 15734
9 2708 2709 2133 2132 15735
9 2709 2710 2134 2133 15736
9 2710 2711 2135 2134 15737
9 2711 2712 2136 2135 15738
9 2712 2713 2137 2136 15739
9 2713 2714 2138 2137 15740
9 2714 2715 2139 2138 15741
9 2715 2716 2140 2139 15742
9 2716 2717 2141 2140 15743
9 2717 2718 2142 2141 15744
9 2718 2719 2143 2142 15745
9 2719 2720 2144 2143 15746
9 2720 2721 2145 2144 15747
9 2721 2722 2146 2145 15748
9 331 2111 3479 332 15749
9 2111 2112 3480 3479 15750
9 2112 2113 3481 3480 15751
9 2113 2114 3482 3481 15752
9 2114 2115 3483 3482 15753
9 2115 2116 3484 3483 15754
9 2116 2117 3485 3484 15755
9 2117 2118 3486 3485 15756
9 2118 2119 3487 3486 15757
9 2119 2120 3488 3487 15758
9 2120 2121 3489 3488 15759
9 2121 2122 3490 3489 15760
9 2122 2123 3491 3490 15761
9 2123 2124 3492 3491 15762
9 2124 2125 3493 3492 15763
9 2125 2126 3494 3493 15764
9 2126 2127 3495 3494 15765
9 2127 2128 3496 3495 15766
9 2128 2129 3497 3496 15767
9 2129 2130 3498 3497 15768
9 2130 2131 3499 3498 15769
9 2131 2132 3500 3499 15770
9 2132 2133 3501 3500 15771
9 2133 2134 3502 3501 15772
9 2134 2135 3503 3502 15773
9 2135 2136 3504 3503 15774
9 2136 2137 3505 3504 15775
9 2137 2138 3506 3505 15776
9 2138 2139 3507 3506 15777
9 2139 2140 3508 3507 15778
9 2140 2141 3509 3508 15779
9 2141 2142 3510 3509 15780
9 2142 2143 3511 3510 15781
9 2143 2144 3512 3511 15782
9 2144 2145 3513 3512 15783
9 2145 2146 3514 3513 15784
9 332 3479 3623 333 15785
9 3479 3480 3624 3623 15786
9 3480 3481 3625 3624 15787
9 3481 3482 3626 3625 15788
9 3482 3483 3627 3626 15789
9 3483 3484 3628 3627 15790
9 3484 3485 3629 3628 15791
9 3485 3486 3630 3629 15792
9 3486 3487 3631 3630 15793
9 3487 3488 3632 3631 15794
9 3488 3489 3633 3632 15795
9 3489 3490 3634 3633 15796
9 3490 3491 3635 3634 15797
9 3491 3492 3636 3635 15798
9 3492 3493 3637 3636 15799
9 3493 3494 3638 3637 15800
9 3494 3495 3639 3638 15801
9 3495 3496 3640 3639 15802
9 3496 3497 3641 3640 15803
9 3497 3498 3642 3641 15804
9 3498 3499 3643 3642 15805
9 3499 3500 3644 3643 15806
9 3500 3501 3645 3644 15807
9 3501 3502 3646 3645 15808
9 3502 3503 3647 3646 15809
9 3503 3504 3648 3647 15810
9 3504 3505 3649 3648 15811
9 3505 3506 3650 3649 15812
9 3506 3507 3651 3650 15813
9 3507 3508 3652 3651 15814
9 3508 3509 3653 3652 15815
9 3509 3510 3654 3653 15816
9 3510 3511 3655 3654 15817
9 3511 3512 3656 3655 15818
9 3512 3513 3657 3656 15819
9 3513 3514 3658 3657 15820
9 333 3623 3515 334 15821
9 3623 3624 3516 3515 15822
9 3624 3625 3517 3516 15823
9 3625 3626 3518 3517 15824
9 3626 3627 3519 3518 15825
9 3627 3628 3520 3519 15826
9 3628 3629 3521 3520 15827
9 3629 3630 3522 3521 15828
9 3630 3631 3523 3522 15829
9 3631 3632 3524 3523 15830
9 3632 3633 3525 3524 15831
9 3633 3634 3526 3525 15832
9 3634 3635 3527 3526 15833
9 3635 3636 3528 3527 15834
9 3636 3637 3529 3528 15835
9 3637 3638 3530 3529 15836
9 3638 3639 3531 3530 15837
9 3639 3640 3532 3531 15838
9 3640 3641 3533 3532 15839
9 3641 3642 3534 3533 15840
9 3642 3643 3535 3534 15841
9 3643 3644 3536 3535 15842
9 3644 3645 3537 3536 15843
9 3645 3646 3538 3537 15844
9 3646 3647 3539 3538 15845
9 3647 3648 3540 3539 15846
9 3648 3649 3541 3540 15847
9 3649 3650 3542 3541 15848
9 3650 3651 3543 3542 15849
9 3651 3652 3544 3543 15850
9 3652 3653 3545 3544 15851
9 3653 3654 3546 3545 15852
9 3654 3655 3547 3546 15853
9 3655 3656 3548 3547 15854
9 3656 3657 3549 3548 15855
9 3657 3658 3550 3549 15856
9 334 3515 2255 335 15857
9 3515 3516 2256 2255 15858
9 3516 3517 2257 2256 15859
9 3517 3518 2258 2257 15860
9 3518 3519 2259 2258 15861
9 3519 3520 2260 2259 15862
9 3520 3521 2261 2260 15863
9 3521 3522 2262 2261 15864
9 3522 3523 2263 2262 15865
9 3523 3524 2264 2263 15866
9 3524 3525 2265 2264 15867
9 3525 3526 2266 2265 15868
9 3526 3527 2267 2266 15869
9 3527 3528 2268 2267 15870
9 3528 3529 2269 2268 15871
9 3529 3530 2270 2269 15872
9 3530 3531 2271 2270 15873
9 3531 3532 2272 2271 15874
9 3532 3533 2273 2272 15875
9 3533 3534 2274 2273 15876
9 3534 3535 2275 2274 15877
9 3535 3536 2276 2275 15878
9 3536 3537 2277 2276 15879
9 3537 3538 2278 2277 15880
9 3538 3539 2279 2278 15881
9 3539 3540 2280 2279 15882
9 3540 3541 2281 2280 15883
9 3541 3542 2282 2281 15884
9 3542 3543 2283 2282 15885
9 3543 3544 2284 2283 15886
9 3544 3545 2285 2284 15887
9 3545 3546 2286 2285 15888
9 3546 3547 2287 2286 15889
9 3547 3548 2288 2287 15890
9 3548 3549 2289 2288 15891
9 3549 3550 2290 2289 15892
9 335 2255 1643 336 15893
9 2255 2256 1644 1643 15894
9 2256 2257 1645 1644 15895
9 2257 2258 1646 1645 15896
9 2258 2259 1647 1646 15897
9 2259 2260 1648 1647 15898
9 2260 2261 1649 1648 15899
9 2261 2262 1650 1649 15900
9 2262 2263 1651 1650 15901
9 2263 2264 1652 1651 15902
9 2264 2265 1653 1652 15903
9 2265 2266 1654 1653 15904
9 2266 2267 1655 1654 15905
9 2267 2268 1656 1655 15906
9 2268 2269 1657 1656 15907
9 2269 2270 1658 1657 15908
9 2270 2271 1659 1658 15909
9 2271 2272 1660 1659 15910
9 2272 2273 1661 1660 15911
9 2273 2274 1662 1661 15912
9 2274 2275 1663 1662 15913
9 2275 2276 1664 1663 15914
9 2276 2277 1665 1664 15915
9 2277 2278 1666 1665 15916
9 2278 2279 1667 1666 15917
9 2279 2280 1668 1667 15918
9 2280 2281 1669 1668 15919
9 2281 2282 1670 1669 15920
9 2282 2283 1671 1670 15921
9 2283 2284 1672 1671 15922
9 2284 2285 1673 1672 15923
9 2285 2286 1674 1673 15924
9 2286 2287 1675 1674 15925
9 2287 2288 1676 1675 15926
9 2288 2289 1677 1676 15927
9 2289 2290 1678 1677 15928
9 336 1643 4703 337 15929
9 1643 1644 4704 4703 15930
9 1644 1645 4705 4704 15931
9 1645 1646 4706 4705 15932
9 1646 1647 4707 4706 15933
9 1647 1648 4708 4707 15934
9 1648 1649 4709 4708 15935
9 1649 1650 4710 4709 15936
9 1650 1651 4711 4710 15937
9 1651 1652 4712 4711 15938
9 1652 1653 4713 4712 15939
9 1653 1654 4714 4713 15940
9 1654 1655 4715 4714 15941
9 1655 1656 4716 4715 15942
9 1656 1657 4717 4716 15943
9 1657 1658 4718 4717 15944
9 1658 1659 4719 4718 15945
9 1659 1660 4720 4719 15946
9 1660 1661 4721 4720 15947
9 1661 1662 4722 4721 15948
9 1662 1663 4723 4722 15949
9 1663 1664 4724 4723 15950
9 1664 1665 4725 4724 15951
9 1665 1666 4726 4725 15952
9 1666 1667 4727 4726 15953
9 1667 1668 4728 4727 15954
9 1668 1669 4729 4728 15955
9 1669 1670 4730 4729 15956
9 1670 1671 4731 4730 15957
9 1671 1672 4732 4731 15958
9 1672 1673 4733 4732 15959
9 1673 1674 4734 4733 15960
9 1674 1675 4735 4734 15961
9 1675 1676 4736 4735 15962
9 1676 1677 4737 4736 15963
9 1677 1678 4738 4737 15964
9 337 4703 2615 338 15965
9 4703 4704 2616 2615 15966
9 4704 4705 2617 2616 15967
9 4705 4706 2618 2617 15968
9 4706 4707 2619 2618 15969
9 4707 4708 2620 2619 15970
9 4708 4709 2621 2620 15971
9 4709 4710 2622 2621 15972
9 4710 4711 2623 2622 15973
9 4711 4712 2624 2623 15974
9 4712 4713 2625 2624 15975
9 4713 4714 2626 2625 15976
9 4714 4715 2627 2626 15977
9 4715 4716 2628 2627 15978
9 4716 4717 2629 2628 15979
9 4717 4718 2630 2629 15980
9 4718 4719 2631 2630 15981
9 4719 4720 2632 2631 15982
9 4720 4721 2633 2632 15983
9 4721 4722 2634 2633 15984
9 4722 4723 2635 2634 15985
9 4723 4724 2636 2635 15986
9 4724 4725 2637 2636 15987
9 4725 4726 2638 2637 15988
9 4726 4727 2639 2638 15989
9 4727 4728 2640 2639 15990
9 4728 4729 2641 2640 15991
9 4729 4730 2642 2641 15992
9 4730 4731 2643 2642 15993
9 4731 4732 2644 2643 15994
9 4732 4733 2645 2644 15995
9 4733 4734 2646 2645 15996
9 4734 4735 2647 2646 15997
9 4735 4736 2648 2647 15998
9 4736 4737 2649 2648 15999
9 4737 4738 2650 2649 16000
9 1139 1175 1176 1140 16001
9 1140 1176 1177 1141 16002
9 1141 1177 1178 1142 16003
9 1142 1178 1179 1143 16004
9 1143 1179 1180 1144 16005
9 1144 1180 1181 1145 16006
9 1145 1181 1182 1146 16007
9 1146 1182 1183 1147 16008
9 1147 1183 1184 1148 16009
9 1148 1184 1185 1149 16010
9 1149 1185 1186 1150 16011
9 1150 1186 1187 1151 16012
9 1151 1187 1188 1152 16013
9 1152 1188 1189 1153 16014
9 1153 1189 1190 1154 16015
9 1154 1190 1191 1155 16016
9 1155 1191 1192 1156 16017
9 1156 1192 1193 1157 16018
9 1157 1193 1194 1158 16019
9 1158 1194 1195 1159 16020
9 1159 1195 1196 1160 16021
9 1160 1196 1197 1161 16022
9 1161 1197 1198 1162 16023
9 1162 1198 1199 1163 16024
9 1163 1199 1200 1164 16025
9 1164 1200 1201 1165 16026
9 1165 1201 1202 1166 16027
9 1166 1202 1203 1167 16028
9 1167 1203 1204 1168 16029
9 1168 1204 1205 1169 16030
9 1169 1205 1206 1170 16031
9 1170 1206 1207 1171 16032
9 1171 1207 1208 1172 16033
9 1172 1208 1209 1173 16034
9 1173 1209 1210 1174 16035
9 1175 1211 1212 1176 16036
9 1176 1212 1213 1177 16037
9 1177 1213 1214 1178 16038
9 1178 1214 1215 1179 16039
9 1179 1215 1216 1180 16040
9 1180 1216 1217 1181 16041
9 1181 1217 1218 1182 16042
9 1182 1218 1219 1183 16043
9 1183 1219 1220 1184 16044
9 1184 1220 1221 1185 16045
9 1185 1221 1222 1186 16046
9 1186 1222 1223 1187 16047
9 1187 1223 1224 1188 16048
9 1188 1224 1225 1189 16049
9 1189 1225 1226 1190 16050
9 1190 1226 1227 1191 16051
9 1191 1227 1228 1192 16052
9 1192 1228 1229 1193 16053
9 1193 1229 1230 1194 16054
9 1194 1230 1231 1195 16055
9 1195 1231 1232 1196 16056
9 1196 1232 1233 1197 16057
9 1197 1233 1234 1198 16058
9 1198 1234 1235 1199 16059
9 1199 1235 1236 1200 16060
9 1200 1236 1237 1201 16061
9 1201 1237 1238 1202 16062
9 1202 1238 1239 1203 16063
9 1203 1239 1240 1204 16064
9 1204 1240 1241 1205 16065
9 1205 1241 1242 1206 16066
9 1206 1242 1243 1207 16067
9 1207 1243 1244 1208 16068
9 1208 1244 1245 1209 16069
9 1209 1245 1246 1210 16070
9 1211 1247 1248 1212 16071
9 1212 1248 1249 1213 16072
9 1213 1249 1250 1214 16073
9 1214 1250 1251 1215 16074
9 1215 1251 1252 1216 16075
9 1216 1252 1253 1217 16076
9 1217 1253 1254 1218 16077
9 1218 1254 1255 1219 16078
9 1219 1255 1256 1220 16079
9 1220 1256 1257 1221 16080
9 1221 1257 1258 1222 16081
9 1222 1258 1259 1223 16082
9 1223 1259 1260 1224 16083
9 1224 1260 1261 1225 16084
9 1225 1261 1262 1226 16085
9 1226 1262 1263 1227 16086
9 1227 1263 1264 1228 16087
9 1228 1264 1265 1229 16088
9 1229 1265 1266 1230 16089
9 1230 1266 1267 1231 16090
9 1231 1267 1268 1232 16091
9 1232 1268 1269 1233 16092
9 1233 1269 1270 1234 16093
9 1234 1270 1271 1235 16094
9 1235 1271 1272 1236 16095
9 1236 1272 1273 1237 16096
9 1237 1273 1274 1238 16097
9 1238 1274 1275 1239 16098
9 1239 1275 1276 1240 16099
9 1240 1276 1277 1241 16100
9 1241 1277 1278 1242 16101
9 1242 1278 1279 1243 16102
9 1243 1279 1280 1244 16103
9 1244 1280 1281 1245 16104
9 1245 1281 1282 1246 16105
9 1247 1283 1284 1248 16106
9 1248 1284 1285 1249 16107
9 1249 1285 1286 1250 16108
9 1250 1286 1287 1251 16109
9 1251 1287 1288 1252 16110
9 1252 1288 1289 1253 16111
9 1253 1289 1290 1254 16112
9 1254 1290 1291 1255 16113
9 1255 1291 1292 1256 16114
9 1256 1292 1293 1257 16115
9 1257 1293 1294 1258 16116
9 1258 1294 1295 1259 16117
9 1259 1295 1296 1260 16118
9 1260 1296 1297 1261 16119
9 1261 1297 1298 1262 16120
9 1262 1298 1299 1263 16121
9 1263 1299 1300 1264 16122
9 1264 1300 1301 1265 16123
9 1265 1301 1302 1266 16124
9 1266 1302 1303 1267 16125
9 1267 1303 1304 1268 16126
9 1268 1304 1305 1269 16127
9 1269 1305 1306 1270 16128
9 1270 1306 1307 1271 16129
9 1271 1307 1308 1272 16130
9 1272 1308 1309 1273 16131
9 1273 1309 1310 1274 16132
9 1274 1310 1311 1275 16133
9 1275 1311 1312 1276 16134
9 1276 1312 1313 1277 16135
9 1277 1313 1314 1278 16136
9 1278 1314 1315 1279 16137
9 1279 1315 1316 1280 16138
9 1280 1316 1317 1281 16139
9 1281 1317 1318 1282 16140
9 1283 1319 1320 1284 16141
9 1284 1320 1321 1285 16142
9 1285 1321 1322 1286 16143
9 1286 1322 1323 1287 16144
9 1287 1323 1324 1288 16145
9 1288 1324 1325 1289 16146
9 1289 1325 1326 1290 16147
9 1290 1326 1327 1291 16148
9 1291 1327 1328 1292 16149
9 1292 1328 1329 1293 16150
9 1293 1329 1330 1294 16151
9 1294 1330 1331 1295 16152
9 1295 1331 1332 1296 16153
9 1296 1332 1333 1297 16154
9 1297 1333 1334 1298 16155
9 1298 1334 1335 1299 16156
9 1299 1335 1336 1300 16157
9 1300 1336 1337 1301 16158
9 1301 1337 1338 1302 16159
9 1302 1338 1339 1303 16160
9 1303 1339 1340 1304 16161
9 1304 1340 1341 1305 16162
9 1305 1341 1342 1306 16163
9 1306 1342 1343 1307 16164
9 1307 1343 1344 1308 16165
9 1308 1344 1345 1309 16166
9 1309 1345 1346 1310 16167
9 1310 1346 1347 1311 16168
9 1311 1347 1348 1312 16169
9 1312 1348 1349 1313 16170
9 1313 1349 1350 1314 16171
9 1314 1350 1351 1315 16172
9 1315 1351 1352 1316 16173
9 1316 1352 1353 1317 16174
9 1317 1353 1354 1318 16175
9 1319 1355 1356 1320 16176
9 1320 1356 1357 1321 16177
9 1321 1357 1358 1322 16178
9 1322 1358 1359 1323 16179
9 1323 1359 1360 1324 16180
9 1324 1360 1361 1325 16181
9 1325 1361 1362 1326 16182
9 1326 1362 1363 1327 16183
9 1327 1363 1364 1328 16184
9 1328 1364 1365 1329 16185
9 1329 1365 1366 1330 16186
9 1330 1366 1367 1331 16187
9 1331 1367 1368 1332 16188
9 1332 1368 1369 1333 16189
9 1333 1369 1370 1334 16190
9 1334 1370 1371 1335 16191
9 1335 1371 1372 1336 16192
9 1336 1372 1373 1337 16193
9 1337 1373 1374 1338 16194
9 1338 1374 1375 1339 16195
9 1339 1375 1376 1340 16196
9 1340 1376 1377 1341 16197
9 1341 1377 1378 1342 16198
9 1342 1378 1379 1343 16199
9 1343 1379 1380 1344 16200
9 1344 1380 1381 1345 16201
9 1345 1381 1382 1346 16202
9 1346 1382 1383 1347 16203
9 1347 1383 1384 1348 16204
9 1348 1384 1385 1349 16205
9 1349 1385 1386 1350 16206
9 1350 1386 1387 1351 16207
9 1351 1387 1388 1352 16208
9 1352 1388 1389 1353 16209
9 1353 1389 1390 1354 16210
NPOIN= 11003
0.4998476951563913 -0.01745240643728351 0
0.4996016433099398 -0.01741312082706588 1
0.4988636867345173 -0.01729532509811847 2
0.4976345199898801 -0.01709933703057989 3
0.4959155336578787 -0.01682570840748901 4
0.4937080158666021 -0.01647513071509751 5
0.4910144517009243 -0.01604848025758199 6
0.4878375210842506 -0.01554693078482274 7
0.4841802026394668 -0.01497173317147125 8
0.480046171282414 -0.01432435677744304 9
0.4754394984473395 -0.01360647391376445 10
0.4703644550493626 -0.01281978837767856 11
0.464826407630037 -0.01196626412737008 12
0.4588306200410239 -0.01104801835217582 13
0.452382956182221 -0.01006717071409489 14
0.4454898760226138 -0.009026071313063194 15
0.4381580388200825 -0.007927112733558037 16
0.4303947025369089 -0.006772767020991556 17
0.4222074234317045 -0.005565606442028859 18
0.4136044561381076 -0.00430830246676903 19
0.404594055568996 -0.003003510567748039 20
0.3951851739302245 -0.001654047411492937 21
0.3853871645883951 -0.0002626666561546896 22
0.3752094796732109 0.001167806305536435 23
0.3646621705248951 0.002634495615498491 24
0.3537558883922889 0.004134514944205688 25
0.3425010833330255 0.005664911463274844 26
0.3309089072178896 0.007222830110884749 27
0.318990808730541 0.008805230616907127 28
0.3067584391420399 0.01040921919788669 29
0.2942239473784809 0.01203176336396457 30
0.2813996819864498 0.01366980713784669 31
0.2682982926885094 0.01532035929585571 32
0.2549325274467508 0.01698032688430416 33
0.2413156346706855 0.01864663821873215 34
0.2274610604705511 0.02031608814399818 35
0.2133824524968407 0.021985558000772 36
0.199093755911019 0.02365178391532412 37
0.1846088165878773 0.02531154375307349 38
0.1699421771541608 0.02696142319016944 39
0.1551079827408731 0.02859815486240119 40
0.140120974548106 0.03021824096762114 41
0.1249960935709654 0.0318181702147235 42
0.1097479808502496 0.03339443654832438 43
0.09439167527154557 0.03494340695035388 44
0.07894241586450357 0.03646145491073779 45
0.06341533923066756 0.03794481568596524 46
0.0478257824646926 0.03938975103747488 47
0.03218898197836784 0.04079248447803821 48
0.01652037310587728 0.04214917603908378 49
0.0008354909916504782 0.04345597400832248 50
-0.01485042899966788 0.04470904190766412 51
-0.03052185137460006 0.04590454802177351 52
-0.04616324116324094 0.04703863063988464 53
-0.06175946141499838 0.0481075450154405 54
-0.0772949750656784 0.04910754941939849 55
-0.09275454378372694 0.05003497734777658 56
-0.1081230276516429 0.05088625402812594 57
-0.1233851839747707 0.05165796291838837 58
-0.1385260689656189 0.05234675270308926 59
-0.1535307355207388 0.0529494620378161 60
-0.168384533175033 0.05346312478494038 61
-0.1830727088607738 0.05388492303874723 62
-0.1975809059588299 0.0542122458440234 63
-0.2118947629633967 0.05444276220291024 64
-0.2260002146579724 0.05457435632128706 65
-0.2398833916070169 0.05460515585896128 66
-0.2535305187749893 0.0545336101722434 67
-0.2669283170361432 0.05435840730861705 68
-0.2800635013309136 0.05407857526378217 69
-0.292923181477616 0.05369343897023294 70
-0.3054945627417095 0.05320258506610484 71
-0.3177653440296347 0.0526059688609069 72
-0.3297233191714037 0.05190383736522034 73
-0.3413567770342024 0.05109672627318427 74
-0.3526543010292792 0.05018548646744521 75
-0.3636045694914543 0.04917126053172193 76
-0.3741969559367846 0.0480554732252954 77
-0.3844208298672737 0.04683977927241648 78
-0.3942661556323441 0.04552613382461146 79
-0.4037232745566339 0.04411666863942929 80
-0.4127826837518344 0.04261375823025077 81
-0.4214355376112549 0.04101993860619921 82
-0.4296732282228387 0.03933787994517585 83
-0.4374876051611321 0.03757040043186623 84
-0.4448709863583812 0.03572041643987944 85
-0.4518160088254747 0.03379089991997941 86
-0.458315838794483 0.0317848720666133 87
-0.4643640024426472 0.02970536035709457 88
-0.469954547089678 0.02755533135464936 89
-0.4750819399913181 0.02533775895251452 90
-0.4797411009526343 0.02305547492035555 91
-0.4839274011063482 0.02071123889360519 92
-0.4876367646428475 0.01830764013393463 93
-0.490865473141788 0.01584713411994199 94
-0.4936103544160817 0.01333199583582003 95
-0.4958687207431596 0.01076424868251586 96
-0.4976383670448614 0.008145711453120189 97
-0.4989175355055497 0.005478002716035877 98
-0.4997049789148261 0.002762538920172176 99
-0.5 -1.911211868834527e-39 100
-0.499801569851635 -0.002771152143492506 101
-0.499109374451397 -0.005512443130846593 102
-0.4979240869178462 -0.008223169107323082 103
-0.4962469042682598 -0.01090187095985995 104
-0.494079526760239 -0.01354686975916143 105
-0.4914240946537064 -0.01615627086397843 106
-0.4882832234182685 -0.0187279583058001 107
-0.4846600039127992 -0.02125954777855977 108
-0.4805580665975143 -0.02374845552847199 109
-0.475981394435224 -0.0261919516274697 110
-0.4709345171635379 -0.02858711657607717 111
-0.4654224130553357 -0.03093094303342017 112
-0.4594505076970993 -0.03322026582788728 113
-0.4530246466113422 -0.03545191245785641 114
-0.4461511940197112 -0.03762263135711542 115
-0.4388368740890231 -0.0397291646765859 116
-0.4310889416034696 -0.04176828531132177 117
-0.4229149721711252 -0.04373681056399173 118
-0.4143230128991975 -0.04563163952092595 119
-0.405321573268171 -0.04744980321902499 120
-0.3959194049907897 -0.04918845848681223 121
-0.3861259222971374 -0.05084490061137709 122
-0.3759507035815067 -0.05241666205087075 123
-0.3654037101472235 -0.0539014386056382 124
-0.3544955082674286 -0.05529720556041208 125
-0.3432366682293163 -0.05660216816489496 126
-0.3316384649256172 -0.05781478941098261 127
-0.3197122782950294 -0.0589338205011617 128
-0.3074697936408053 -0.05995831735498253 129
-0.294923201076719 -0.06088760712314677 130
-0.2820847957625118 -0.06172130516694706 131
-0.2689673790646389 -0.06245937806664312 132
-0.2555838568719507 -0.06310205061765468 133
-0.2419475400735737 -0.06364983059027059 134
-0.2280717454924522 -0.06410356570299595 135
-0.2139702938894319 -0.06446432491310262 136
-0.199657111594898 -0.06473349538388422 137
-0.1851463290973522 -0.06491270075159991 138
-0.1704523805046101 -0.06500376938480293 139
-0.1555897048111612 -0.06500880960940116 140
-0.1405731444410544 -0.0649301227398789 141
-0.1254174444514297 -0.06477016181311543 142
-0.1101376531696933 -0.06453156460133014 143
-0.09474882223920833 -0.06421715884780448 144
-0.07926630430479109 -0.06382982705095971 145
-0.06370535481887313 -0.06337261343008897 146
-0.04808133078937232 -0.06284865044553729 147
-0.03240989040018327 -0.06226113531126643 148
-0.01670629207064706 -0.0616132822206777 149
-0.0009861960789469548 -0.0609084083694563 150
0.01473473782030543 -0.06014980095785653 151
0.03044114965228362 -0.05934076242033164 152
0.0461173793133276 -0.05848459995408985 153
0.06174786685907185 -0.05758461250310311 154
0.07731725336183382 -0.0566440425109629 155
0.09281008060725771 -0.05566609068211232 156
0.1082110898269545 -0.05465399120690653 157
0.123504924711103 -0.05361083655178277 158
0.1386764287448963 -0.05253973267213655 159
0.1537108474468948 -0.05144367252260246 160
0.1685931263813504 -0.05032564382209322 161
0.1833084112565776 -0.04918862778152586 162
0.1978424515290379 -0.04803539611676834 163
0.2121805942727778 -0.04686885354140338 164
0.2263088895966634 -0.04569173701311304 165
0.2402132869266949 -0.0445068217382466 166
0.2538800380865184 -0.04331674818019791 167
0.2672955932986019 -0.04212425027913469 168
0.2804466050237654 -0.04093193548550556 169
0.2933202251231048 -0.0397424499713932 170
0.3059037071877257 -0.03855834166935147 171
0.3181846035413739 -0.03738223373699479 172
0.3301506668263822 -0.03621673282546496 173
0.341790151877744 -0.03506432433190662 174
0.3530915108821306 -0.03392764712110001 175
0.3640434991219554 -0.03280916532096213 176
0.3746355698532534 -0.03171146525934098 177
0.3848569775841888 -0.03063705978426461 178
0.3946975767315432 -0.0295884722152049 179
0.4041478223188117 -0.02856819634916984 180
0.413198270575927 -0.02757865773906936 181
0.4218398764502315 -0.02662235890811465 182
0.4300642973828629 -0.02570166561889482 183
0.4378631905357204 -0.02481895963156208 184
0.4452289144824491 -0.0239765479362037 185
0.4521541294089813 -0.02317664777309784 186
0.4586320966140822 -0.02242141786447553 187
0.4646562780467003 -0.021712981428989 188
0.4702207394039302 -0.02105325219024141 189
0.4753201461518647 -0.02044416234206132 190
0.4799490664769499 -0.01988748735664391 191
0.4841031726041265 -0.01938478094053692 192
0.4877783372165415 -0.0189375722950339 193
0.4909708363570922 -0.01854720163224272 194
0.493677649562493 -0.01821481511237625 195
0.4958960575785958 -0.01794149224232003 196
0.4976235462517985 -0.01772802206421847 197
0.4988588041061828 -0.01757505068806652 198
0.4996004221500524 -0.01748308103016499 199
8 8 200
-8 8 201
-8 -8 202
8 -8 203
0.4851240889676695 -0.01511994216024154 204
0.4703946627090652 -0.01282445694270567 205
0.4556597067819882 -0.01056479176655019 206
0.4409194409331374 -0.008339992586764527 207
0.426174088781635 -0.006149161254953107 208
0.4114238569522055 -0.003991427982909032 209
0.3966689390667772 -0.001865960149311017 210
0.3819094895371276 0.0002277919965682037 211
0.3671456837253565 0.002290593342458015 212
0.3523776415573673 0.004322859007426406 213
0.3376054986184815 0.006325105026624551 214
0.3228293698228807 0.008297715119053979 215
0.3080493463581946 0.01024092431543642 216
0.2932655116380479 0.01215493902526544 217
0.2784779451684653 0.01403987777167592 218
0.2636867063102365 0.01589580767743167 219
0.2488918457025999 0.01772262901377137 220
0.2340934007718862 0.019520180675887 221
0.2192913990726401 0.02128820587658726 222
0.2044858619815427 0.02302637376361309 223
0.189676799177246 0.02473424361906949 224
0.1748642077444212 0.02641123205451619 225
0.1600480854757304 0.02805673406554221 226
0.1452284174400889 0.02966998963513931 227
0.1304051814632908 0.03125012016792893 228
0.1155783523559883 0.03279617094896792 229
0.1007478974288398 0.03430704379291993 230
0.08591378380792296 0.03578155956367114 231
0.07107597135934508 0.03721837447716461 232
0.05623441830382191 0.03861601628260386 233
0.04138908527457322 0.03997291657218193 234
0.02653993216298076 0.04128734699724923 235
0.01168692040891129 0.04255742710965139 236
-0.00316998354724732 0.04378112976621732 237
-0.01803080698439163 0.0449562678159393 238
-0.03289556815798005 0.04608049129224695 239
-0.04776427700772318 0.04715122864092272 240
-0.06263692572536284 0.04816575946520345 241
-0.07751349031793479 0.04912113132516951 242
-0.09239392758595458 0.05001415053824672 243
-0.1072781662508611 0.05084137226981538 244
-0.1221661007890964 0.05159914519606399 245
-0.1370575912985074 0.05228344876416816 246
-0.1519524504658956 0.0528899742433193 247
-0.1668504359586233 0.05341406891647931 248
-0.1817512400309682 0.05385064069722777 249
-0.1966544778876548 0.05419411915299496 250
-0.2115596670941696 0.05443846522600788 251
-0.2264662104841479 0.05457700568423305 252
-0.2413733730755404 0.05460235490803028 253
-0.2562802409789004 0.05450634272566527 254
-0.2711856890759788 0.05427977151514603 255
-0.2860883208981824 0.05391231122968973 256
-0.3009863931587732 0.05339214380908719 257
-0.3158777124248578 0.05270567016502466 258
-0.3307595062669792 0.05183706143611077 259
-0.3456281868276078 0.05076756188086182 260
-0.3604790717413727 0.04947459355606459 261
-0.3753059025569188 0.04793045945921986 262
-0.3901000613715228 0.04610012183000971 263
-0.4048493392555416 0.04393838804291823 264
-0.4195355784782461 0.04138422694427676 265
-0.4341303042917762 0.03835196228067372 266
-0.4485852237235519 0.03471351872140861 267
-0.4628093550854245 0.03026206823609541 268
-0.4766020350891637 0.0246248729610189 269
-0.4893939773536715 0.01702128929842933 270
-0.4988277870037265 0.005706962204899533 271
-0.4976968611348363 -0.008639515389044354 272
-0.487469904717482 -0.01933028044651442 273
-0.4746270556279507 -0.02686194192265597 274
-0.4609090652230021 -0.03268207921288867 275
-0.446781314857901 -0.03743187971047933 276
-0.4324216288577074 -0.04143031029444043 277
-0.4179149889610099 -0.04485965627845261 278
-0.4033082520764711 -0.04783520827921421 279
-0.3886299056925808 -0.05043542928171067 280
-0.3738985100080804 -0.05271660721358669 281
-0.359126863609341 -0.05472110568811929 282
-0.3443241365866614 -0.05648179912080929 283
-0.3294971208153701 -0.05802494997672709 284
-0.3146509902886327 -0.05937205407856232 285
-0.2997897572507453 -0.06054105612927813 286
-0.2849165937188038 -0.0615471468935247 287
-0.2700340442385333 -0.06240345103365511 288
-0.2551441703029451 -0.06312136567860858 289
-0.2402486517376405 -0.06371088229446122 290
-0.2253488801423483 -0.06418092890595277 291
-0.2104460039836185 -0.06453946002338252 292
-0.1955409792839772 -0.06479368588328074 293
-0.1806346040248151 -0.06495011020330492 294
-0.1657275445031549 -0.06501464382343834 295
-0.1508203594588866 -0.06499273808126427 296
-0.1359135144353407 -0.06488937190877762 297
-0.121007398841121 -0.06470910769289719 298
-0.1061023375561241 -0.06445618365157574 299
-0.09119859933203464 -0.06413453411200379 300
-0.07629640827896705 -0.0637477513823085 301
-0.06139594665418668 -0.06329921713944521 302
-0.04649736410768111 -0.06279206572044449 303
-0.03160078454184097 -0.06222912433018812 304
-0.001905025086134713 -0.06095099890718023 305
0.01289403947506554 -0.06024128237776473 306
0.02769084797758043 -0.05948598002028736 307
0.04248537034944061 -0.05868713986953156 308
0.05727758150343341 -0.05784658219466875 309
0.07206746301208297 -0.05696597342537264 310
0.08685499959827127 -0.05604682501179641 311
0.1016401838639049 -0.05509057874741045 312
0.1164230076378528 -0.054098509275967 313
0.1312034642211259 -0.05307177083612245 314
0.1459815477704355 -0.05201141497613136 315
0.1607572492479423 -0.05091836482444639 316
0.1755305604818806 -0.04979347848700415 317
0.1903014693824276 -0.0486374639464088 318
0.2050699580013158 -0.04745092604889393 319
0.2198360066755094 -0.0462344105435594 320
0.2345995925544714 -0.04498834897958883 321
0.2493606795620165 -0.04371303948930186 322
0.2641192348059352 -0.04240874398040442 323
0.2788752107309972 -0.04107559641720832 324
0.2936285605447826 -0.03971369431458946 325
0.3083792175907114 -0.03832292154903284 326
0.3231271156799663 -0.03690318961710876 327
0.3378721750919111 -0.03545428515967507 328
0.3526143186683269 -0.0339759912420684 329
0.3673534384662283 -0.03246785943165207 330
0.3820894246469899 -0.03092942088755992 331
0.3968221728556392 -0.0293602594551313 332
0.4115515301761681 -0.02775959200659002 333
0.4262773702102989 -0.02612688293366783 334
0.4409995290757774 -0.02446131425615322 335
0.4557178327111827 -0.02276201163361876 336
0.4704320998178937 -0.02102809933705833 337
0.4851421326883747 -0.01925860659926177 338
7.466666666668147 8 339
6.933333333336295 8 340
6.400000000004441 8 341
5.866666666672588 8 342
5.333333333340736 8 343
4.800000000008884 8 344
4.266666666677033 8 345
3.733333333345181 8 346
3.200000000013328 8 347
2.666666666681474 8 348
2.133333333349619 8 349
1.600000000017766 8 350
1.066666666685911 8 351
0.5333333333540571 8 352
2.203037752224191e-11 8 353
-0.5333333333126102 8 354
-1.066666666647423 8 355
-1.599999999982234 8 356
-2.133333333317049 8 357
-2.666666666651862 8 358
-3.199999999986677 8 359
-3.73333333332149 8 360
-4.266666666656304 8 361
-4.799999999991117 8 362
-5.333333333325932 8 363
-5.866666666660745 8 364
-6.399999999995559 8 365
-6.933333333330372 8 366
-7.466666666665187 8 367
-8 7.466666666668147 368
-8 6.933333333336295 369
-8 6.400000000004441 370
-8 5.866666666672588 371
-8 5.333333333340736 372
-8 4.800000000008884 373
-8 4.266666666677033 374
-8 3.733333333345181 375
-8 3.200000000013328 376
-8 2.666666666681474 377
-8 2.133333333349619 378
-8 1.600000000017766 379
-8 1.066666666685911 380
-8 0.5333333333540571 381
-8 2.203037752224191e-11 382
-8 -0.5333333333126102 383
-8 -1.066666666647423 384
-8 -1.599999999982234 385
-8 -2.133333333317049 386
-8 -2.666666666651862 387
-8 -3.199999999986677 388
-8 -3.73333333332149 389
-8 -4.266666666656304 390
-8 -4.799999999991117 391
-8 -5.333333333325932 392
-8 -5.866666666660745 393
-8 -6.399999999995559 394
-8 -6.933333333330372 395
-8 -7.466666666665187 396
-7.466666666668147 -8 397
-6.933333333336295 -8 398
-6.400000000004441 -8 399
-5.866666666672588 -8 400
-5.333333333340736 -8 401
-4.800000000008884 -8 402
-4.266666666677033 -8 403
-3.733333333345181 -8 404
-3.200000000013328 -8 405
-2.666666666681474 -8 406
-2.133333333349619 -8 407
-1.600000000017766 -8 408
-1.066666666685911 -8 409
-0.5333333333540571 -8 410
-2.203037752224191e-11 -8 411
0.5333333333126102 -8 412
1.066666666647423 -8 413
1.599999999982234 -8 414
2.133333333317049 -8 415
2.666666666651862 -8 416
3.199999999986677 -8 417
3.73333333332149 -8 418
4.266666666656304 -8 419
4.799999999991117 -8 420
5.333333333325932 -8 421
5.866666666660745 -8 422
6.399999999995559 -8 423
6.933333333330372 -8 424
7.466666666665187 -8 425
8 -7.466666666668147 426
8 -6.933333333336295 427
8 -6.400000000004441 428
8 -5.866666666672588 429
8 -5.333333333340736 430
8 -4.800000000008884 431
8 -4.266666666677033 432
8 -3.733333333345181 433
8 -3.200000000013328 434
8 -2.666666666681474 435
8 -2.133333333349619 436
8 -1.600000000017766 437
8 -1.066666666685911 438
8 -0.5333333333540571 439
8 -2.203037752224191e-11 440
8 0.5333333333126102 441
8 1.066666666647423 442
8 1.599999999982234 443
8 2.133333333317049 444
8 2.666666666651862 445
8 3.199999999986677 446
8 3.73333333332149 447
8 4.266666666656304 448
8 4.799999999991117 449
8 5.333333333325932 450
8 5.866666666660745 451
8 6.399999999995559 452
8 6.933333333330372 453
8 7.466666666665187 454
-0.2849169061800581 -0.06155213712077048 455
-0.2849172811335633 -0.06155812539346543 456
-0.2849177310777695 -0.06156531132069935 457
-0.284918271010817 -0.06157393443338006 458
-0.2849189189304739 -0.06158428216859692 459
-0.2849196964340623 -0.06159669945085714 460
-0.2849206294383683 -0.06161160018956941 461
-0.2849217490435355 -0.06162948107602414 462
-0.2849230925697362 -0.0616509381397698 463
-0.284924704801177 -0.06167668661626461 464
-0.284926639478906 -0.06170758478805837 465
-0.2849289610921807 -0.06174466259421089 466
-0.2849317470281104 -0.06178915596159391 467
-0.2849350901512261 -0.06184254800245353 468
-0.2849391018989649 -0.06190661845148508 469
-0.2849439159962514 -0.06198350299032294 470
-0.2849496929129953 -0.06207576443692837 471
-0.2849566252130878 -0.06218647817285488 472
-0.284964943973199 -0.06231933465596669 473
-0.2849749264853323 -0.06247876243570088 474
-0.2849869054998924 -0.06267007577138189 475
-0.2850012803173644 -0.06289965177419912 476
-0.2850185300983309 -0.06317514297757978 477
-0.2850392298354906 -0.06350573242163658 478
-0.2850640695200823 -0.06390243975450474 479
-0.2850938771415923 -0.06437848855394653 480
-0.2851296462874044 -0.06494974711327667 481
-0.2851725692623788 -0.06563525738447284 482
-0.2852240768323481 -0.06645786970990826 483
-0.2852858859163113 -0.06744500450043076 484
-0.2853600568170672 -0.06862956624905774 485
-0.2854490618979741 -0.07005104034741014 486
-0.2855558679950626 -0.071756809265433 487
-0.2856840353115686 -0.07380373196706044 488
-0.2858378360913759 -0.07626003920901336 489
-0.2860223970271447 -0.07920760789935688 490
0.2488924535491162 0.0177275919285009 491
0.2488931829649358 0.01773354742617634 492
0.2488940582639193 0.01774069402338686 493
0.2488951086226995 0.01774926994003949 494
0.2488963690532357 0.01775956104002265 495
0.2488978815698792 0.01777191036000244 496
0.2488996965898513 0.01778672954397819 497
0.2489018746138179 0.01780451256474908 498
0.2489044882425779 0.01782585218967416 499
0.2489076245970898 0.01785145973958425 500
0.2489113882225041 0.01788218879947636 501
0.2489159045730012 0.01791906367134689 502
0.2489213241935978 0.01796331351759152 503
0.2489278277383137 0.01801641333308509 504
0.2489356319919727 0.01808013311167736 505
0.2489449970963636 0.01815659684598809 506
0.2489562352216327 0.01824835332716097 507
0.2489697209719556 0.01835846110456842 508
0.248985903872343 0.01849059043745737 509
0.249005323352808 0.0186491456369241 510
0.2490286267293659 0.01883941187628418 511
0.2490565907812354 0.01906773136351627 512
0.2490901476434788 0.01934171474819479 513
0.2491304158781709 0.019670494809809 514
0.2491787377598014 0.02006503088374606 515
0.249236724017758 0.02053847417247053 516
0.249306307527306 0.02110660611893989 517
0.2493898077387635 0.02178836445470313 518
0.2494900079925125 0.02260647445761902 519
0.2496102482970113 0.02358820646111808 520
0.24975453666241 0.02476628486531695 521
0.2499276827008883 0.0261799789503556 522
0.2501354579470623 0.02787641185240198 523
0.2503847882424711 0.02991213133485763 524
0.2506839845969616 0.03235499471380442 525
0.2510430202223503 0.03528643076854056 526
-0.4179160636421211 -0.04486453941888775 527
-0.4179173532594545 -0.0448703991874099 528
-0.4179189008002547 -0.04487743090963649 529
-0.4179207578492148 -0.0448858689763084 530
-0.417922986307967 -0.04489599465631468 531
-0.4179256604584697 -0.04490814547232223 532
-0.4179288694390729 -0.04492272645153128 533
-0.4179327202157966 -0.04494022362658215 534
-0.4179373411478652 -0.04496122023664319 535
-0.4179428862663475 -0.04498641616871643 536
-0.4179495404085262 -0.04501665128720433 537
-0.4179575253791407 -0.0450529334293898 538
-0.4179671073438781 -0.04509647200001237 539
-0.417978605701563 -0.04514871828475945 540
-0.4179924037307848 -0.04521141382645595 541
-0.418008961365851 -0.04528664847649175 542
-0.4180288305279304 -0.0453769300565347 543
-0.4180526735224258 -0.04548526795258626 544
-0.4180812851158201 -0.04561527342784812 545
-0.4181156190278933 -0.04577127999816234 546
-0.4181568197223813 -0.04595848788253942 547
-0.4182062605557668 -0.04618313734379191 548
-0.4182655895558294 -0.04645271669729491 549
-0.4183367843559045 -0.04677621192149849 550
-0.4184222181159946 -0.0471644061905428 551
-0.4185247386281027 -0.04763023931339597 552
-0.4186477632426325 -0.04818923906081977 553
-0.4187953927800683 -0.04886003875772833 554
-0.4189725482249911 -0.04966499839401861 555
-0.4191851347588986 -0.05063094995756694 556
-0.4194402385995876 -0.05179009183382494 557
-0.4197463632084144 -0.05318106208533453 558
-0.4201137127390064 -0.05485022638714605 559
-0.420554532175717 -0.05685322354931986 560
-0.4210835154997696 -0.05925682014392845 561
-0.4217182954886328 -0.06214113605745875 562
0.1896773668575633 0.02473921128844832 563
0.189678048073944 0.02474517249170292 564
0.1896788655336009 0.02475232593560844 565
0.1896798464851891 0.02476091006829506 566
0.189681023627095 0.024771211027519 567
0.1896824361973821 0.02478357217858774 568
0.1896841312817266 0.02479840555987022 569
0.18968616538294 0.02481620561740919 570
0.1896886063043961 0.02483756568645596 571
0.1896915354101434 0.02486319776931209 572
0.1896950503370401 0.02489395626873944 573
0.1896992682493163 0.02493086646805226 574
0.1897043297440476 0.02497515870722765 575
0.1897104035377252 0.02502830939423811 576
0.1897176920901383 0.02509209021865066 577
0.189726438353034 0.02516862720794572 578
0.189736933868509 0.0252604715950998 579
0.1897495284870788 0.02537068485968469 580
0.1897646420293627 0.02550294077718656 581
0.1897827782801033 0.02566164787818881 582
0.189804541780992 0.0258520963993915 583
0.1898306579820585 0.02608063462483473 584
0.1898619974233383 0.02635488049536662 585
0.189899604752874 0.02668397554000487 586
0.1899447335483169 0.02707888959357078 587
0.1899988881028484 0.02755278645784986 588
0.1900638735682861 0.02812146269498477 589
0.1901418561268114 0.02880387417954666 590
0.1902354351970418 0.02962276796102092 591
0.1903477300813182 0.03060544049879004 592
0.19048248394245 0.03178464754411298 593
0.190644188575808 0.03319969599850051 594
0.1908382341358377 0.03489775414376554 595
0.1910710888078733 0.03693542391808358 596
0.1913505144143161 0.03938062764726523 597
0.1916858251420474 0.0423148721222832 598
0.07107644674219978 0.03722335182697565 599
0.07107701720162542 0.0372293246467489 600
0.07107770175293618 0.0372364920304768 601
0.0710785232145091 0.03724509289095027 602
0.07107950896839658 0.03725541392351845 603
0.07108069187306158 0.03726779916260026 604
0.07108211135865958 0.03728266144949843 605
0.07108381474137718 0.03730049619377623 606
0.07108585880063828 0.03732189788690959 607
0.07108831167175161 0.03734757991866963 608
0.07109125511708762 0.03737839835678167 609
0.07109478725149082 0.03741538048251612 610
0.07109902581277466 0.03745975903339746 611
0.07110411208631529 0.03751301329445508 612
0.07111021561456402 0.03757691840772421 613
0.0711175398484625 0.03765360454364717 614
0.07112632892914068 0.03774562790675472 615
0.0711368758259545 0.03785605594248378 616
0.07114953210213107 0.03798856958535865 617
0.07116471963354297 0.0381475859568085 618
0.07118294467123724 0.03833840560254832 619
0.07120481471647036 0.0385673891774361 620
0.07123105877075012 0.03884216946730144 621
0.07126255163588582 0.03917190581513984 622
0.07130034307404866 0.03956758943254592 623
0.07134569279984407 0.04004240977343323 624
0.07140011247079857 0.04061219418249799 625
0.07146541607594396 0.04129593547337571 626
0.07154378040211844 0.04211642502242897 627
0.0716378175935278 0.04310101248129287 628
0.07175066222321903 0.04428251743192957 629
0.07188607577884852 0.0457003233726936 630
0.0720485720456039 0.04740169050161044 631
0.07224356756571036 0.04944333105631064 632
0.07247756218983811 0.05189329972195089 633
0.07275835573879141 0.05483326212071919 634
0.234093998758277 0.01952514478832293 635
0.2340947163419459 0.01953110172324603 636
0.2340955774423486 0.01953825004515375 637
0.2340966107628319 0.01954682803144302 638
0.2340978507474118 0.01955712161499015 639
0.2340993387289076 0.0195694739152467 640
0.2341011243067027 0.01958429667555456 641
0.2341032670000567 0.01960208398792399 642
0.2341058382320816 0.0196234287627673 643
0.2341089237105114 0.01964904249257928 644
0.2341126262846272 0.01967977896835366 645
0.2341170693735662 0.01971666273928291 646
0.234122401080293 0.01976092326439801 647
0.2341287991283651 0.01981403589453614 648
0.2341364767860516 0.01987777105070188 649
0.2341456899752755 0.01995425323810078 650
0.2341567458023441 0.02004603186297945 651
0.2341700127948264 0.02015616621283386 652
0.2341859331858052 0.02028832743265916 653
0.2342050376549798 0.02044692089644951 654
0.2342279630179893 0.02063723305299793 655
0.2342554734536006 0.02086560764085604 656
0.2342884859763343 0.02113965714628576 657
0.2343281010036147 0.02146851655280143 658
0.2343756390363511 0.02186314784062024 659
0.2344326846756349 0.0223367053860028 660
0.2345011394427754 0.02290497444046189 661
0.234583285163344 0.02358689730581278 662
0.2346818600280263 0.02440520474423386 663
0.2348001498656451 0.02538717367033915 664
0.2349420976707876 0.0265655363816655 665
0.2351124350369586 0.02797957163525712 666
0.2353168398763639 0.02967641393956706 667
0.2355621256836502 0.03171262470473899 668
0.2358564686523938 0.03415607762294531 669
0.236209680214886 0.03708822112479289 670
0.1452289530116684 0.02967496086869682 671
0.1452295956975639 0.02968092634896581 672
0.1452303669206383 0.02968808492528862 673
0.1452312923883277 0.02969667521687598 674
0.145232402949555 0.02970698356678081 675
0.1452337356230277 0.02971935358666662 676
0.145235334831195 0.02973419761052958 677
0.1452372538809957 0.02975201043916513 678
0.1452395567407566 0.02977338583352779 679
0.1452423201724696 0.02979903630676299 680
0.1452456362905252 0.02982981687464522 681
0.145249615632192 0.02986675355610391 682
0.1452543908421921 0.02991107757385433 683
0.1452601210941923 0.02996426639515483 684
0.1452669973965924 0.03002809298071544 685
0.1452752489594726 0.03010468488338816 686
0.1452851508349289 0.03019659516659543 687
0.1452970330854764 0.03030688750644416 688
0.1453112917861334 0.03043923831426263 689
0.1453284022269218 0.03059805928364479 690
0.1453489347558678 0.03078864444690339 691
0.1453735737906031 0.0310173466428137 692
0.1454031406322855 0.03129178927790608 693
0.1454386208423043 0.03162112044001694 694
0.1454811970943269 0.03201631783454996 695
0.145532288596754 0.03249055470798959 696
0.1455935983996665 0.03305963895611715 697
0.1456671701631615 0.03374254005387022 698
0.1457554562793555 0.0345620213711739 699
0.1458613996187883 0.03554539895193831 700
0.1459885316261077 0.03672545204885561 701
0.146141090034891 0.03814151576515637 702
0.1463241601254309 0.03984079222471728 703
0.1465438442340788 0.04187992397619037 704
0.1468074651644563 0.04432688207795808 705
0.1471238102809092 0.04726323180007934 706
0.3671463705103051 0.002295545950501698 707
0.3671471946522434 0.002301489080154117 708
0.3671481836225695 0.00230862083573702 709
0.3671493703869607 0.002317178942436504 710
0.3671507945042302 0.002327448670475885 711
0.3671525034449535 0.002339772344123141 712
0.3671545541738215 0.00235456075249985 713
0.3671570150484631 0.002372306842551899 714
0.367159968098033 0.002393602150614359 715
0.367163511757517 0.00241915652028931 716
0.3671677641488977 0.002449821763899252 717
0.3671728670185546 0.002486620056231183 718
0.3671789904621428 0.002530778007029499 719
0.3671863385944487 0.002583767547987478 720
0.3671951563532157 0.002647354997137054 721
0.3672057376637362 0.002723659936116544 722
0.3672184352363607 0.002815225862891933 723
0.3672336723235102 0.002925104975022399 724
0.3672519568280896 0.003056959909578959 725
0.3672738982335848 0.00321518583104683 726
0.3673002279201791 0.003405056936808276 727
0.3673318235440922 0.00363290226372201 728
0.367369738292788 0.003906316656018492 729
0.3674152359912229 0.00423441392677427 730
0.3674698332293448 0.004628130651681204 731
0.3675353499150911 0.005100590721569525 732
0.3676139699379866 0.005667542805435509 733
0.3677083139654613 0.006347885306074691 734
0.3678215267984308 0.007164296306841707 735
0.3679573821979943 0.00814398950776213 736
0.3681204086774705 0.009319621348866635 737
0.3683160404528419 0.01073037955819204 738
0.3685507985832876 0.01242328940938253 739
0.3688325083398225 0.01445478123081111 740
0.3691705600476643 0.01689257141652542 741
0.3695762220970745 0.01981791963938258 742
0.2044864399214048 0.02303134024984742 743
0.2044871334492394 0.02303730003332861 744
0.2044879656826408 0.02304445177350605 745
0.2044889643627225 0.02305303386171897 746
0.2044901627788206 0.02306333236757448 747
0.2044916008781383 0.02307569057460108 748
0.2044933265973195 0.02309052042303301 749
0.204495397460337 0.02310831624115132 750
0.2044978824959579 0.0231296712228933 751
0.2045008645387031 0.02315529720098367 752
0.2045044429899973 0.02318604837469212 753
0.2045087371315503 0.02322294978314226 754
0.2045138901014139 0.02326723147328242 755
0.2045200736652502 0.02332036950145061 756
0.2045274939418538 0.02338413513525245 757
0.2045363982737782 0.02346065389581465 758
0.2045470834720874 0.02355247640848929 759
0.2045599057100584 0.02366266342369886 760
0.2045752923956237 0.02379488784195035 761
0.204593756418302 0.02395355714385213 762
0.2046159132455159 0.02414396030613427 763
0.2046425014381727 0.02437244410087283 764
0.2046744072693608 0.02464662465455911 765
0.2047126942667865 0.02497564131898264 766
0.2047586386636974 0.02537046131629088 767
0.2048137719399904 0.02584424531306077 768
0.204879931871542 0.02641278610918463 769
0.204959323789404 0.02709503506453327 770
0.2050545940908384 0.02791373381095164 771
0.2051689184525596 0.02889617230665368 772
0.2053061076866251 0.03007509850149612 773
0.2054707347675037 0.03148980993530706 774
0.205668287264558 0.03318746365588018 775
0.2059053502610232 0.03522464812056793 776
0.2061898258567814 0.03766926947819323 777
0.2065311965716913 0.04060281510734359 778
-0.4467827832930749 -0.03743665921862765 779
-0.4467845454152837 -0.03744239462840564 780
-0.4467866599619342 -0.03744927712013922 781
-0.4467891974179148 -0.03745753611021952 782
-0.4467922423650915 -0.03746744689831588 783
-0.4467958963017036 -0.03747933984403152 784
-0.4468002810256381 -0.03749361137889028 785
-0.4468055426943594 -0.03751073722072078 786
-0.4468118566968251 -0.0375312882309174 787
-0.4468194334997839 -0.03755594944315334 788
-0.4468285256633344 -0.03758554289783646 789
-0.446839436259595 -0.0376210550434562 790
-0.4468525289751079 -0.0376636696181999 791
-0.4468682402337232 -0.03771480710789234 792
-0.4468870937440616 -0.03777617209552327 793
-0.4469097179564677 -0.03784981008068038 794
-0.446936867011355 -0.0379381756628689 795
-0.4469694458772197 -0.03804421436149514 796
-0.4470085405162574 -0.03817146079984662 797
-0.4470554540831027 -0.03832415652586841 798
-0.447111750363317 -0.03850739139709455 799
-0.4471793058995742 -0.03872727324256591 800
-0.4472603725430828 -0.03899113145713155 801
-0.4473576525152931 -0.03930776131461031 802
-0.4474743884819455 -0.03968771714358484 803
-0.4476144716419284 -0.04014366413835425 804
-0.4477825714339078 -0.04069080053207756 805
-0.4479842911842831 -0.04134736420454553 806
-0.4482263548847335 -0.0421352406115071 807
-0.448516831325274 -0.04308069229986097 808
-0.4488654030539225 -0.04421523432588562 809
-0.4492836891283009 -0.0455766847571152 810
-0.4497856324175548 -0.0472104252745907 811
-0.4503879643646595 -0.0491709138955613 812
-0.4511107627011852 -0.05152350024072601 813
-0.451978120705016 -0.05434660385492367 814
0.2192919871004178 0.02129317117852497 815
0.2192926927337511 0.02129912954085022 816
0.219293539493751 0.02130627957564053 817
0.2192945556057509 0.02131485961738889 818
0.2192957749401508 0.02132515566748693 819
0.2192972381414306 0.02133751092760457 820
0.2192989939829664 0.02135233723974575 821
0.2193011009928094 0.02137012881431516 822
0.2193036294046209 0.02139147870379845 823
0.2193066634987948 0.0214170985711784 824
0.2193103044118035 0.02144784241203434 825
0.2193146735074138 0.02148473502106146 826
0.2193199164221463 0.02152900615189401 827
0.2193262079198253 0.02158213150889307 828
0.21933375771704 0.02164588193729195 829
0.2193428174736977 0.0217223824513706 830
0.2193536891816869 0.02181418306826498 831
0.219366735231274 0.02192434380853823 832
0.2193823904907785 0.02205653669686614 833
0.2194011768021839 0.02221516816285963 834
0.2194237203758704 0.02240552592205181 835
0.2194507726642941 0.02263395523308243 836
0.2194832354104027 0.02290807040631918 837
0.2195221907057329 0.02323700861420327 838
0.2195689370601291 0.02363173446366418 839
0.2196250326854047 0.02410540548301728 840
0.2196923474357353 0.024673810706241 841
0.2197731251361321 0.02535589697410946 842
0.2198700583766082 0.02617440049555161 843
0.2199863782651795 0.02715660472128219 844
0.2201259621314651 0.02833524979215889 845
0.2202934627710078 0.02974962387721092 846
0.220494463538459 0.03144687277927337 847
0.2207356644594005 0.0334835714617483 848
0.2210251055645303 0.03592760988071821 849
0.2213724348906861 0.03886045598348212 850
0.1600486320096127 0.02806170410585547 851
0.1600492878502715 0.02806766815423138 852
0.1600500748590621 0.02807482501228248 853
0.1600510192696108 0.02808341324194379 854
0.1600521525622693 0.02809371911753737 855
0.1600535125134594 0.02810608616824967 856
0.1600551444548876 0.02812092662910442 857
0.1600571027846013 0.02813873518213012 858
0.1600594527802579 0.02816010544576097 859
0.1600622727750458 0.02818574976211798 860
0.1600656567687912 0.0282165229417464 861
0.1600697175612857 0.0282534507573005 862
0.1600745905122791 0.02829776413596542 863
0.1600804380534712 0.02835094019036332 864
0.1600874551029018 0.0284147514556408 865
0.1600958755622184 0.02849132497397378 866
0.1601059801133983 0.02858321319597336 867
0.1601181055748143 0.02869347906237285 868
0.1601326561285134 0.02882579810205223 869
0.1601501167929524 0.0289845809496675 870
0.1601710695902792 0.02917512036680582 871
0.1601962129470713 0.02940376766737181 872
0.1602263849752218 0.02967814442805099 873
0.1602625914090024 0.03000739654086601 874
0.1603060391295392 0.03040249907624403 875
0.1603581763941833 0.03087662211869765 876
0.1604207411117563 0.031445569769642 877
0.1604958187728438 0.03212830695077522 878
0.1605859119661489 0.03294759156813509 879
0.1606940237981149 0.03393073310896692 880
0.1608237579964742 0.03511050295796513 881
0.1609794390345053 0.03652622677676298 882
0.1611662562801426 0.03822509535932039 883
0.1613904369749074 0.04026373765838929 884
0.1616594538086252 0.04271010841727196 885
0.1619822740090865 0.04564575332793118 886
0.1748647649659159 0.02641620090792575 887
0.1748654336317097 0.02642216353201723 888
0.1748662360306621 0.02642931868092701 889
0.1748671989094051 0.02643790485961874 890
0.1748683543638967 0.02644820827404882 891
0.1748697409092866 0.02646057237136491 892
0.1748714047637544 0.02647540928814422 893
0.1748734013891158 0.0264932135882794 894
0.1748757973395495 0.0265145787484416 895
0.17487867248007 0.02654021694063625 896
0.1748821226486945 0.02657098277126983 897
0.174886262851044 0.02660790176803013 898
0.1748912310938633 0.02665220456414248 899
0.1748971929852465 0.02670536791947731 900
0.1749043472549064 0.0267691639458791 901
0.1749129323784982 0.02684571917756125 902
0.1749232345268084 0.02693758545557983 903
0.1749355971047805 0.02704782498920212 904
0.1749504321983472 0.02718011242954887 905
0.1749682343106272 0.02733885735796498 906
0.1749895968453632 0.02752935127206431 907
0.1750152318870463 0.02775794396898349 908
0.1750459939370662 0.02803225520528652 909
0.17508290839709 0.02836142868885016 910
0.1751272057491185 0.02875643686912652 911
0.1751803625715527 0.02923044668545815 912
0.1752441507584738 0.02979925846505611 913
0.1753206965827791 0.03048183260057366 914
0.1754125515719455 0.03130092156319472 915
0.1755227775589451 0.03228382831833999 916
0.1756550487433447 0.03346331642451432 917
0.1758137741646242 0.03487870215192351 918
0.1760042446701595 0.03657716502481455 919
0.176232809276802 0.03861532047228378 920
0.1765070868047729 0.04106110700924687 921
0.1768362198383381 0.04399605085360257 922
0.3378726689901427 -0.03545926070633216 923
0.3378732616680206 -0.03546523136232066 924
0.3378739728814741 -0.03547239614950686 925
0.3378748263376183 -0.0354809938941303 926
0.3378758504849914 -0.03549131118767843 927
0.337877079461839 -0.03550369193993618 928
0.3378785542340563 -0.03551854884264549 929
0.3378803239607169 -0.03553637712589666 930
0.3378824476327096 -0.03555777106579806 931
0.337884996039101 -0.03558344379367974 932
0.3378880541267705 -0.03561425106713775 933
0.337891723831974 -0.03565121979528738 934
0.3378961274782182 -0.03569558226906692 935
0.3379014118537113 -0.03574881723760237 936
0.3379077531043029 -0.03581269919984491 937
0.3379153626050129 -0.03588935755453597 938
0.3379244940058648 -0.03598134758016523 939
0.3379354516868872 -0.03609173561092035 940
0.337948600904114 -0.03622420124782649 941
0.3379643799647862 -0.03638316001211386 942
0.3379833148375929 -0.03657391052925869 943
0.3380060366849608 -0.0368028111498325 944
0.3380333029018023 -0.03707749189452107 945
0.3380660223620122 -0.03740710878814735 946
0.3381052857142641 -0.03780264906049889 947
0.3381524017369663 -0.03827729738732074 948
0.3382089409642089 -0.03884687537950696 949
0.3382767880369 -0.03953036897013042 950
0.3383582045241295 -0.04035056127887857 951
0.3384559043088047 -0.04133479204937635 952
0.3385731440504151 -0.04251586897397369 953
0.3387138317403474 -0.0439331612834905 954
0.3388826569682663 -0.04563391205491067 955
0.3390852472417689 -0.04767481298061488 956
0.3393283555699721 -0.05012389409145992 957
0.3396200855638159 -0.05306279142447397 958
-0.04649718469500687 -0.06279706250051693 959
-0.04649696939979778 -0.06280305863660386 960
-0.04649671104554688 -0.06281025399990817 961
-0.0464964010204458 -0.06281888843587334 962
-0.0464960289903245 -0.06282924975903155 963
-0.04649558255417895 -0.0628416833468214 964
-0.04649504683080428 -0.06285660365216922 965
-0.04649440396275468 -0.06287450801858661 966
-0.04649363252109515 -0.06289599325828747 967
-0.04649270679110373 -0.06292177554592851 968
-0.04649159591511401 -0.06295271429109775 969
-0.04649026286392635 -0.06298984078530084 970
-0.04648866320250117 -0.06303439257834455 971
-0.04648674360879094 -0.06308785472999701 972
-0.04648444009633867 -0.06315200931197995 973
-0.04648167588139595 -0.06322899481035947 974
-0.04647835882346468 -0.06332137740841491 975
-0.04647437835394715 -0.06343223652608143 976
-0.04646960179052613 -0.06356526746728126 977
-0.0464638699144209 -0.06372490459672106 978
-0.04645699166309462 -0.06391646915204881 979
-0.04644873776150308 -0.06414634661844211 980
-0.04643883307959324 -0.06442219957811408 981
-0.04642694746130143 -0.06475322312972044 982
-0.04641268471935125 -0.06515045139164806 983
-0.04639556942901105 -0.06562712530596122 984
-0.0463750310806028 -0.066199134003137 985
-0.04635038506251291 -0.06688554443974795 986
-0.04632080984080503 -0.06770923696368107 987
-0.04628531957475557 -0.06869766799240083 988
-0.04624273125549623 -0.06988378522686453 989
-0.04619162527238502 -0.07130712590822098 990
-0.04613029809265156 -0.07301513472584872 991
-0.04605670547697142 -0.07506474530700201 992
-0.04596839433815524 -0.07752427800438594 993
-0.04586242097157583 -0.08047571724124668 994
-0.2104461068332603 -0.06454445896546572 995
-0.2104462302528304 -0.06455045769596557 996
-0.2104463783563146 -0.06455765617256537 997
-0.2104465560804955 -0.06456629434448515 998
-0.2104467693495127 -0.06457666015078886 999
-0.2104470252723334 -0.06458909911835334 1000
-0.2104473323797181 -0.06460402587943069 1001
-0.2104477009085798 -0.06462193799272353 1002
-0.2104481431432139 -0.06464343252867492 1003
-0.2104486738247747 -0.06466922597181661 1004
-0.2104493106426477 -0.06470017810358662 1005
-0.2104500748240954 -0.06473732066171065 1006
-0.2104509918418325 -0.06478189173145947 1007
-0.2104520922631171 -0.06483537701515805 1008
-0.2104534127686586 -0.06489955935559637 1009
-0.2104549973753084 -0.06497657816412233 1010
-0.2104568989032881 -0.0650690007343535 1011
-0.2104591807368638 -0.06517990781863088 1012
-0.2104619189371547 -0.06531299631976376 1013
-0.2104652047775037 -0.06547270252112321 1014
-0.2104691477859225 -0.06566434996275454 1015
-0.2104738793960251 -0.06589432689271214 1016
-0.2104795573281482 -0.06617029920866127 1017
-0.210486370846696 -0.06650146598780021 1018
-0.2104945470689532 -0.06689886612276695 1019
-0.210504358535662 -0.06737574628472703 1020
-0.2105161322957124 -0.06794800247907914 1021
-0.210530260807773 -0.06863470991230167 1022
-0.2105472150222457 -0.06945875883216869 1023
-0.2105675600796129 -0.07044761753600912 1024
-0.2105919741484536 -0.07163424798061764 1025
-0.2106212710310624 -0.07305820451414786 1026
-0.2106564272901929 -0.07476695235438413 1027
-0.2106986148011496 -0.07681744976266765 1028
-0.2107492398142976 -0.07927804665260788 1029
-0.2108099898300752 -0.08223076292053613 1030
-0.06139578643041063 -0.06330421457162 1031
-0.06139559416187938 -0.06331021149022974 1032
-0.06139536343964187 -0.06331740779256144 1033
-0.06139508657295687 -0.06332604335535946 1034
-0.06139475433293486 -0.06333640603071711 1035
-0.06139435564490846 -0.06334884124114626 1036
-0.06139387721927677 -0.06336376349366127 1037
-0.06139330310851874 -0.06338167019667926 1038
-0.06139261417560911 -0.06340315824030085 1039
-0.06139178745611755 -0.06342894389264676 1040
-0.06139079539272768 -0.06345988667546187 1041
-0.06138960491665984 -0.06349701801483999 1042
-0.06138817634537842 -0.06354157562209373 1043
-0.06138646205984073 -0.06359504475079822 1044
-0.06138440491719549 -0.06365920770524361 1045
-0.06138193634602121 -0.06373620325057808 1046
-0.06137897406061207 -0.06382859790497943 1047
-0.06137541931812111 -0.06393947149026107 1048
-0.06137115362713195 -0.06407251979259902 1049
-0.06136603479794496 -0.06423217775540456 1050
-0.06135989220292057 -0.06442376731077122 1051
-0.0613525210888913 -0.06465367477721121 1052
-0.06134367575205619 -0.0649295637369392 1053
-0.06133306134785405 -0.06526063048861279 1054
-0.06132032406281147 -0.06565791059062108 1055
-0.06130503932076039 -0.06613464671303104 1056
-0.06128669763029908 -0.066706730059923 1057
-0.06126468760174553 -0.06739323007619334 1058
-0.06123827556748125 -0.06821703009571775 1059
-0.06120658112636412 -0.06920559011914705 1060
-0.06116854779702356 -0.0703918621472622 1061
-0.0611229078018149 -0.07181538858100038 1062
-0.06106813980756449 -0.07352362030148621 1063
-0.06100241821446401 -0.07557349836606919 1064
-0.06092355230274343 -0.07803335204356877 1065
-0.06082891320867874 -0.08098517645656828 1066
-0.1072779003820719 0.05084636519619046 1067
-0.1072775813395249 0.05085235670784054 1068
-0.1072771984884684 0.05085954652182065 1069
-0.1072767390672006 0.05086817429859678 1070
-0.1072761877616793 0.05087852763072814 1071
-0.1072755261950537 0.05089095162928577 1072
-0.107274732315103 0.05090586042755492 1073
-0.1072737796591622 0.0509237509854779 1074
-0.1072726364720332 0.05094521965498548 1075
-0.1072712646474784 0.05097098205839458 1076
-0.1072696184580126 0.05100189694248549 1077
-0.1072676430306537 0.05103899480339459 1078
-0.107265272517823 0.05108351223648551 1079
-0.1072624279024262 0.05113693315619461 1080
-0.10725901436395 0.05120103825984552 1081
-0.1072549181177785 0.05127796438422663 1082
-0.1072500026223728 0.05137027573348395 1083
-0.1072441040278859 0.05148104935259275 1084
-0.1072370257145016 0.0516139776955233 1085
-0.1072285317384405 0.05177349170703995 1086
-0.1072183389671672 0.05196490852085994 1087
-0.1072061076416392 0.05219460869744393 1088
-0.1071914300510056 0.05247024890934471 1089
-0.1071738169422452 0.05280101716362565 1090
-0.1071526812117328 0.05319793906876279 1091
-0.1071273183351179 0.05367424535492734 1092
-0.1070968828831801 0.05424581289832481 1093
-0.1070603603408547 0.05493169395040177 1094
-0.1070165332900642 0.05575475121289412 1095
-0.1069639408291155 0.05674241992788494 1096
-0.1069008298759772 0.05792762238587394 1097
-0.1068250967322112 0.05934986533546072 1098
-0.106734216959692 0.06105655687496486 1099
-0.1066251612326689 0.06310458672236983 1100
-0.1064942943602413 0.0655622225392558 1101
-0.1063372541133281 0.06851138551951895 1102
0.2050703634570951 -0.0474559095823403 1103
0.2050708500040302 -0.04746188982247593 1104
0.2050714338603523 -0.0474690661106387 1105
0.2050721344879388 -0.04747767765643403 1106
0.2050729752410427 -0.04748801151138842 1107
0.2050739841447674 -0.04750041213733368 1108
0.2050751948292369 -0.04751529288846801 1109
0.2050766476506004 -0.04753314978982918 1110
0.2050783910362366 -0.04755457807146261 1111
0.205080483099 -0.04758029200942271 1112
0.2050829935743161 -0.04761114873497484 1113
0.2050860061446954 -0.04764817680563738 1114
0.2050896212291506 -0.04769261049043245 1115
0.2050939593304968 -0.04774593091218652 1116
0.2050991650521123 -0.0478099154182914 1117
0.2051054119180508 -0.04788669682561727 1118
0.2051129081571771 -0.0479788345144083 1119
0.2051219036441286 -0.04808939974095754 1120
0.2051326982284704 -0.04822207801281664 1121
0.2051456517296805 -0.04838129193904755 1122
0.2051611959311327 -0.04857234865052464 1123
0.2051798489728754 -0.04880161670429715 1124
0.2052022326229666 -0.04907673836882415 1125
0.205229093003076 -0.04940688436625657 1126
0.2052613254592073 -0.04980305956317547 1127
0.2053000044065648 -0.05027846979947814 1128
0.2053464191433938 -0.05084896208304136 1129
0.2054021168275887 -0.0515335528233172 1130
0.2054689540486225 -0.05235506171164823 1131
0.2055491587138631 -0.05334087237764545 1132
0.2056454043121519 -0.05452384517684213 1133
0.2057608990300983 -0.05594341253587814 1134
0.2058994926916341 -0.05764689336672135 1135
0.206065805085477 -0.0596910703637332 1136
0.2062653799580885 -0.06214408276014742 1137
0.2065048698052223 -0.06508769763584449 1138
0.4998484774838584 -0.01744746802015511 1139
0.499849416276819 -0.01744154191960102 1140
0.4998505428283718 -0.01743443059893612 1141
0.499851894690235 -0.01742589701413823 1142
0.4998535169244709 -0.01741565671238077 1143
0.499855463605554 -0.01740336835027182 1144
0.4998577996228537 -0.01738862231574108 1145
0.4998606028436134 -0.01737092707430419 1146
0.499863966708525 -0.01734969278457992 1147
0.4998680033464188 -0.0173242116369108 1148
0.4998728473118915 -0.01729363425970785 1149
0.4998786600704587 -0.01725694140706431 1150
0.4998856353807394 -0.01721290998389207 1151
0.4998940057530762 -0.01716007227608537 1152
0.4999040501998804 -0.01709666702671734 1153
0.4999161035360453 -0.0170205807274757 1154
0.4999305675394433 -0.01692927716838574 1155
0.4999479243435209 -0.01681971289747778 1156
0.499968752508414 -0.01668823577238822 1157
0.4999937463062857 -0.01653046322228076 1158
0.5000237388637317 -0.01634113616215181 1159
0.500059729932667 -0.01611394368999706 1160
0.5001029192153893 -0.01584131272341137 1161
0.5001547463546561 -0.01551415556350853 1162
0.5002169389217761 -0.01512156697162513 1163
0.5002915700023203 -0.01465046066136505 1164
0.5003811272989732 -0.01408513308905295 1165
0.5004885960549568 -0.01340674000227844 1166
0.5006175585621371 -0.01259266829814902 1167
0.5007723135707535 -0.01161578225319371 1168
0.500958019581093 -0.01044351899924735 1169
0.5011808667935005 -0.009036803094511714 1170
0.5014482834483895 -0.007348744008828951 1171
0.5017691834342564 -0.005323073106009634 1172
0.5021542634172965 -0.002892268022626454 1173
0.5026163593969447 2.469807743335842e-05 1174
0.4998506576453125 -0.01744837857688477 1175
0.4998542126320179 -0.01744354514440629 1176
0.4998584786160645 -0.01743774502543211 1177
0.4998635977969203 -0.01743078488266308 1178
0.4998697408139473 -0.01742243271134026 1179
0.4998771124343798 -0.01741241010575287 1180
0.4998859583788987 -0.017400382979048 1181
0.4998965735123213 -0.01738595042700217 1182
0.4999093116724285 -0.01736863136454716 1183
0.4999245974645572 -0.01734784848960115 1184
0.4999429404151116 -0.01732290903966594 1185
0.4999649519557769 -0.01729298169974369 1186
0.4999913658045752 -0.01725706889183698 1187
0.5000230624231332 -0.01721397352234894 1188
0.5000610983654028 -0.01716225907896328 1189
0.5001067414961263 -0.0171002017469005 1190
0.5001615132529945 -0.01702573294842516 1191
0.5002272393612364 -0.01693637039025475 1192
0.5003061106911266 -0.01682913532045026 1193
0.5004007562869949 -0.01670045323668487 1194
0.5005143310020368 -0.0165460347361664 1195
0.5006506206600871 -0.01636073253554424 1196
0.5008141682497474 -0.01613836989479765 1197
0.50101042535734 -0.01587153472590174 1198
0.5012459338864509 -0.01555133252322664 1199
0.501528544121384 -0.01516708988001653 1200
0.5018676764033038 -0.0147059987081644 1201
0.5022746351416075 -0.01415268930194184 1202
0.5027629856275719 -0.01348871801447476 1203
0.5033490062107293 -0.01269195246951427 1204
0.5040522309105181 -0.01173583381556169 1205
0.5048961005502647 -0.01058849143081859 1206
0.5059087441179606 -0.009211680569126865 1207
0.5071239163991956 -0.007559507535096797 1208
0.5085821231366777 -0.005576899894260717 1209
0.5103319712216562 -0.003197770725257421 1210
0.4998521763164637 -0.01745018850933047 1211
0.4998575537085507 -0.01744752699578681 1212
0.4998640065790551 -0.01744433317953442 1213
0.4998717500236603 -0.01744050060003155 1214
0.4998810421571865 -0.01743590150462811 1215
0.4998921927174181 -0.01743038259014398 1216
0.4999055733896959 -0.01742375989276303 1217
0.4999216301964293 -0.01741581265590589 1218
0.4999408983645094 -0.01740627597167731 1219
0.4999640201662055 -0.01739483195060303 1220
0.4999917663282408 -0.01738109912531388 1221
0.5000250617226831 -0.01736461973496691 1222
0.500065016196014 -0.01734484446655054 1223
0.500112961564011 -0.0173211141444509 1224
0.5001704960056075 -0.01729263775793132 1225
0.5002395373355232 -0.01725846609410784 1226
0.5003223869314219 -0.01721746009751966 1227
0.5004218064465006 -0.01716825290161384 1228
0.500541109864595 -0.01710920426652686 1229
0.5006842739663081 -0.01703834590442248 1230
0.500856070888364 -0.01695331586989723 1231
0.501062227194831 -0.01685127982846692 1232
0.5013096147625914 -0.01672883657875055 1233
0.5016064798439039 -0.01658190467909092 1234
0.5019627179414788 -0.01640558639949935 1235
0.5023902036585689 -0.01619400446398947 1236
0.5029031865190768 -0.01594010614137761 1237
0.5035187659516864 -0.01563542815424339 1238
0.5042574612708179 -0.01526981456968231 1239
0.5051438956537758 -0.01483107826820903 1240
0.5062076169133252 -0.01430459470644108 1241
0.5074840824247844 -0.01367281443231955 1242
0.5090158410385355 -0.01291467810337371 1243
0.5108539513750369 -0.0120049145086387 1244
0.5130596837788384 -0.01091319819495669 1245
0.5157065626634003 -0.009603138618538275 1246
0.4998526943952037 -0.01745249368002758 1247
0.4998586934817786 -0.01745259837132046 1248
0.4998658923856685 -0.01745272400087193 1249
0.4998745310703364 -0.01745287475633368 1250
0.4998848974919378 -0.01745305566288778 1251
0.4998973371978595 -0.01745327275075271 1252
0.4999122648449655 -0.01745353325619061 1253
0.4999301780214929 -0.0174538458627161 1254
0.4999516738333256 -0.01745422099054669 1255
0.4999774688075249 -0.01745467114394339 1256
0.500008422776564 -0.01745521132801944 1257
0.500045567539411 -0.0174558595489107 1258
0.5000901412548273 -0.0174566374139802 1259
0.5001436297133269 -0.01745757085206361 1260
0.5002078158635265 -0.0174586909777637 1261
0.500284839243766 -0.01746003512860381 1262
0.5003772673000533 -0.01746164810961194 1263
0.5004881809675982 -0.01746358368682169 1264
0.5006212773686519 -0.0174659063794734 1265
0.5007809930499165 -0.01746869361065545 1266
0.500972651867434 -0.0174720382880739 1267
0.5012026424484549 -0.01747605190097605 1268
0.50147863114568 -0.01748086823645863 1269
0.5018098175823502 -0.01748664783903772 1270
0.5022072413063545 -0.01749358336213263 1271
0.5026841497751595 -0.01750190598984653 1272
0.5032564399377256 -0.0175118931431032 1273
0.5039431881328049 -0.0175238777270112 1274
0.5047672859669 -0.01753825922770081 1275
0.5057562033678142 -0.01755551702852834 1276
0.5069429042489112 -0.01757622638952138 1277
0.5083669453062276 -0.01760107762271302 1278
0.5100757945750074 -0.017630899102543 1279
0.512126413697543 -0.01766668487833896 1280
0.5145871566445858 -0.01770962780929412 1281
0.517540048181037 -0.01776115932644031 1282
0.4998520962004035 -0.01745477937040571 1283
0.4998573774532182 -0.01745762689015234 1284
0.4998637149565958 -0.01746104391384831 1285
0.4998713199606489 -0.01746514434228346 1286
0.4998804459655127 -0.01747006485640565 1287
0.4998913971713492 -0.01747596947335228 1288
0.499904538618353 -0.01748305501368822 1289
0.4999203083547576 -0.01749155766209137 1290
0.4999392320384431 -0.01750176084017514 1291
0.4999619404588657 -0.01751400465387565 1292
0.4999891905633728 -0.01752869723031628 1293
0.5000218906887813 -0.01754632832204503 1294
0.5000611308392715 -0.01756748563211953 1295
0.5001082190198598 -0.01759287440420894 1296
0.5001647248365657 -0.01762334093071622 1297
0.5002325318166129 -0.01765990076252495 1298
0.5003139001926694 -0.01770377256069544 1299
0.5004115422439372 -0.01775641871850002 1300
0.5005287127054587 -0.01781959410786552 1301
0.5006693172592844 -0.01789540457510412 1302
0.5008380427238753 -0.01798637713579044 1303
0.5010405132813843 -0.01809554420861402 1304
0.5012834779503952 -0.01822654469600232 1305
0.5015750355532081 -0.01838374528086827 1306
0.5019249046765838 -0.01857238598270742 1307
0.5023447476246344 -0.0187987548249144 1308
0.5028485591622953 -0.01907039743556278 1309
0.5034531330074884 -0.01939636856834083 1310
0.5041786216217201 -0.01978753392767449 1311
0.505049207958798 -0.02025693235887488 1312
0.5060939115632916 -0.02082021047631535 1313
0.507347555888684 -0.02149614421724391 1314
0.5088519290791547 -0.02230726470635818 1315
0.5106571769077196 -0.02328060929329532 1316
0.5128234743019975 -0.02444862279761988 1317
0.515423031175131 -0.02585023900280934 1318
0.499850515302203 -0.01745653521162955 1319
0.4998538994771771 -0.0174614897408448 1320
0.499857960487146 -0.01746743517590309 1321
0.4998628336991087 -0.01747456969797304 1322
0.4998686815534639 -0.01748313112445699 1323
0.4998756989786902 -0.01749340483623772 1324
0.4998841198889618 -0.0175057332903746 1325
0.4998942249812876 -0.01752052743533886 1326
0.4999063510920786 -0.01753828040929597 1327
0.4999209024250278 -0.0175595839780445 1328
0.4999383640245669 -0.01758514826054273 1329
0.4999593179440138 -0.01761582539954061 1330
0.49998446264735 -0.01765263796633807 1331
0.5000146362913535 -0.01769681304649502 1332
0.5000508446641576 -0.01774982314268336 1333
0.5000942947115227 -0.01781343525810937 1334
0.5001464347683607 -0.01788976979662057 1335
0.5002090028365663 -0.01798137124283403 1336
0.5002840845184131 -0.01809129297829017 1337
0.5003741825366292 -0.01822319906083754 1338
0.5004823001584885 -0.01838148635989438 1339
0.5006120413047197 -0.01857143111876259 1340
0.5007677306801971 -0.01879936482940445 1341
0.50095455793077 -0.01907288528217467 1342
0.5011787506314576 -0.01940110982549894 1343
0.5014477818722826 -0.01979497927748807 1344
0.5017706193612725 -0.02026762261987501 1345
0.5021580243480606 -0.02083479463073935 1346
0.5026229103322062 -0.02151540104377656 1347
0.5031807735131809 -0.02233212873942121 1348
0.5038502093303505 -0.02331220197419479 1349
0.5046535323109542 -0.02448828985592308 1350
0.5056175198876784 -0.02589959531399703 1351
0.5067743049797477 -0.02759316186368577 1352
0.5081624470902307 -0.02962544172331226 1353
0.5098282176228104 -0.03206417755486404 1354
0.4998483046973077 -0.01745736914419317 1355
0.4998490361464075 -0.01746332439248475 1356
0.4998499138853272 -0.01747047069043466 1357
0.4998509671720309 -0.01747904624797454 1358
0.4998522311160754 -0.0174893369170224 1359
0.4998537478489286 -0.01750168571987984 1360
0.4998555679283526 -0.01751650428330876 1361
0.4998577520236613 -0.01753428655942346 1362
0.4998603729380318 -0.0175556252907611 1363
0.4998635180352763 -0.01758123176836628 1364
0.4998672921519698 -0.01761195954149249 1365
0.4998718210920021 -0.01764883286924394 1366
0.4998772558200407 -0.01769308086254568 1367
0.4998837774936871 -0.01774617845450777 1368
0.4998916035020627 -0.01780989556486227 1369
0.4999009947121135 -0.01788635609728768 1370
0.4999122641641743 -0.01797810873619817 1371
0.4999257875066475 -0.01808821190289076 1372
0.4999420155176151 -0.01822033570292186 1373
0.4999614891307764 -0.01837888426295918 1374
0.4999848574665699 -0.01856914253500397 1375
0.5000128994695221 -0.01879745246145772 1376
0.5000465498730647 -0.01907142437320222 1377
0.500086930357316 -0.01940019066729561 1378
0.5001353869384174 -0.01979471022020769 1379
0.500193534835739 -0.02026813368370218 1380
0.5002633123125251 -0.02083624183989556 1381
0.5003470452846683 -0.02151797162732763 1382
0.5004475248512402 -0.02233604737224611 1383
0.5005681003311265 -0.02331773826614828 1384
0.5007127909069901 -0.02449576733883089 1385
0.5008864195980263 -0.02590940222605002 1386
0.5010947740272698 -0.02760576409071298 1387
0.501344799342362 -0.02964139832830852 1388
0.5016448297204725 -0.03208415941342318 1389
0.5020048661742054 -0.03501547271556077 1390
0.4851248651248208 -0.01511500276958312 1391
0.4851257965134023 -0.01510907550079301 1392
0.4851269141797002 -0.01510196277824488 1393
0.4851282553792576 -0.01509342751118713 1394
0.4851298648187265 -0.01508318519071782 1395
0.4851317961460892 -0.01507089440615466 1396
0.4851341137389244 -0.01505614546467886 1397
0.4851368948503267 -0.0150384467349079 1398
0.4851402321840094 -0.01501720825918275 1399
0.4851442369844287 -0.01499172208831257 1400
0.4851490427449318 -0.01496113868326835 1401
0.4851548096575355 -0.01492443859721529 1402
0.4851617299526599 -0.01488039849395162 1403
0.4851700343068093 -0.01482755037003522 1404
0.4851799995317886 -0.01476413262133553 1405
0.4851919578017637 -0.0146880313228959 1406
0.4852063077257338 -0.01459670976476835 1407
0.4852235276344979 -0.01448712389501529 1408
0.4852441915250149 -0.01435562085131162 1409
0.4852689881936353 -0.01419781719886721 1410
0.4852987441959797 -0.01400845281593393 1411
0.4853344513987931 -0.01378121555641398 1412
0.4853773000421691 -0.01350853084499004 1413
0.4854287184142202 -0.01318130919128132 1414
0.4854904204606816 -0.01278864320683086 1415
0.4855644629164353 -0.0123174440254903 1416
0.4856533138633398 -0.01175200500788163 1417
0.4857599349996252 -0.01107347818675122 1418
0.4858878803631676 -0.01025924600139474 1419
0.4860414147994185 -0.009282167378966954 1420
0.4862256561229196 -0.008109673032053615 1421
0.4864467457111208 -0.006702679815757607 1422
0.4867120532169624 -0.005014287956202399 1423
0.4870304222239722 -0.002988217724736147 1424
0.4874124650323841 -0.0005569334469766474 1425
0.4878709164024783 0.002360607686334752 1426
0.4261748180813567 -0.006144214728705723 1427
0.4261756932410226 -0.006138278897208862 1428
0.4261767434326217 -0.00613115589941263 1429
0.4261780036625407 -0.00612260830205715 1430
0.4261795159384434 -0.006112351185230575 1431
0.4261813306695267 -0.006100042645038685 1432
0.4261835083468266 -0.006085272396808417 1433
0.4261861215595865 -0.006067548098932095 1434
0.4261892574148984 -0.006046278941480509 1435
0.4261930204412727 -0.006020755952538605 1436
0.4261975360729219 -0.005990128365808322 1437
0.4262029548309009 -0.005953375261731981 1438
0.4262094573404756 -0.005909271536840372 1439
0.4262172603519654 -0.005856347066970441 1440
0.4262266239657531 -0.005792837703126524 1441
0.4262378603022983 -0.005716626466513824 1442
0.4262513439061525 -0.005625172982578584 1443
0.4262675242307776 -0.005515428801856296 1444
0.4262869406203277 -0.00538373578498955 1445
0.4263102402877879 -0.005225704164749454 1446
0.4263381998887401 -0.00503606622046134 1447
0.4263717514098827 -0.004808500687315603 1448
0.4264120132352539 -0.004535422047540719 1449
0.4264603274256992 -0.004207727679810857 1450
0.4265183044542336 -0.003814494438535023 1451
0.426587876888475 -0.003342614549004023 1452
0.4266713638095646 -0.002776358681566823 1453
0.4267715481148721 -0.002096851640642182 1454
0.4268917692812411 -0.001281443191532614 1455
0.4270360346808839 -0.0003029530526011317 1456
0.4272091531604553 0.0008712351141166473 1457
0.427416895335941 0.002280260914177982 1458
0.4276661859465238 0.003971091874251581 1459
0.4279653346792232 0.006000089026339902 1460
0.4283243131584624 0.008434885608845887 1461
0.4287550873335494 0.01135664150785307 1462
-0.01803042132911617 0.04496125292075349 1463
-0.01802995854278562 0.04496723504653052 1464
-0.01802940319918896 0.04497441359746297 1465
-0.01802873678687296 0.04498302785858189 1466
-0.01802793709209376 0.04499336497192461 1467
-0.01802697745835873 0.04500576950793587 1468
-0.01802582589787669 0.04502065495114937 1469
-0.01802444402529824 0.04503851748300559 1470
-0.0180227857782041 0.04505995252123304 1471
-0.01802079588169113 0.04508567456710598 1472
-0.01801840800587557 0.04511654102215352 1473
-0.01801554255489689 0.04515358076821056 1474
-0.01801210401372249 0.045198028463479 1475
-0.0180079777643132 0.04525136569780114 1476
-0.01800302626502205 0.0453153703789877 1477
-0.01799708446587267 0.04539217599641157 1478
-0.01798995430689342 0.04548434273732022 1479
-0.01798139811611832 0.04559494282641061 1480
-0.01797113068718819 0.04572766293331906 1481
-0.01795880977247204 0.04588692706160921 1482
-0.01794402467481266 0.04607804401555739 1483
-0.01792628255762141 0.0463073843602952 1484
-0.0179049920169919 0.04658259277398057 1485
-0.0178794433682365 0.04691284287040302 1486
-0.01784878498973001 0.04730914298610996 1487
-0.01781199493552222 0.04778470312495829 1488
-0.01776784687047287 0.04835537529157629 1489
-0.01771486919241366 0.04904018189151788 1490
-0.01765129597874261 0.04986194981144779 1491
-0.01757500812233734 0.05084807131536368 1492
-0.01748346269465102 0.05203141712006275 1493
-0.01737360818142744 0.05345143208570165 1494
-0.01724178276555914 0.05515545004446831 1495
-0.01708359226651718 0.05720027159498831 1496
-0.01689376366766682 0.0596540574556123 1497
-0.0166659693490464 0.06259860048836109 1498
0.2636873239468432 0.01590076938328974 1499
0.2636880651107714 0.01590672343031942 1500
0.2636889545074851 0.01591386828675504 1501
0.2636900217835416 0.01592244211447778 1502
0.2636913025148093 0.01593273070774508 1503
0.2636928393923306 0.01594507701966583 1504
0.2636946836453562 0.01595989259397073 1505
0.2636968967489869 0.01597767128313661 1506
0.2636995524733437 0.01599900571013567 1507
0.2637027393425719 0.01602460702253454 1508
0.2637065635856458 0.01605532859741318 1509
0.2637111526773344 0.01609219448726755 1510
0.2637166595873607 0.0161364335550928 1511
0.2637232678793923 0.0161895204364831 1512
0.2637311978298302 0.01625322469415145 1513
0.2637407137703557 0.01632966980335348 1514
0.2637521328989862 0.01642140393439591 1515
0.263765835853343 0.01653148489164682 1516
0.263782279398571 0.01666358204034792 1517
0.2638020116528446 0.01682209861878924 1518
0.263825690357973 0.01701231851291883 1519
0.2638541048041271 0.01724058238587433 1520
0.263888202139512 0.01751449903342093 1521
0.2639291189419738 0.01784319901047685 1522
0.263978219104928 0.01823763898294396 1523
0.2640371393004731 0.01871096694990448 1524
0.2641078435351271 0.01927896051025712 1525
0.264192688616712 0.01996055278268028 1526
0.2642945027146139 0.02077846350958807 1527
0.2644166796320961 0.02175995638187742 1528
0.2645632919330748 0.02293774782862464 1529
0.2647392266942492 0.0243510975647213 1530
0.2649503484076584 0.02604711724803729 1531
0.2652036944637496 0.02808234086801649 1532
0.2655077097310589 0.03052460921199152 1533
0.2658725280518301 0.03345533122476156 1534
0.1459819110995415 -0.05201640175785514 1535
0.1459823470944689 -0.05202238589592369 1536
0.1459828702883816 -0.05202956686160594 1537
0.1459834981210769 -0.05203818402042464 1538
0.1459842515203113 -0.05204852461100708 1539
0.1459851555993926 -0.052060933319706 1540
0.1459862404942901 -0.05207582377014471 1541
0.1459875423681672 -0.05209369231067117 1542
0.1459891046168196 -0.05211513455930291 1543
0.1459909793152025 -0.05214086525766101 1544
0.145993228953262 -0.05217174209569072 1545
0.1459959285189334 -0.05220879430132638 1546
0.1459991679977391 -0.05225325694808916 1547
0.1460030553723059 -0.0523066121242045 1548
0.146007720221786 -0.05237063833554292 1549
0.1460133180411623 -0.05244746978914901 1550
0.1460200354244137 -0.05253966753347633 1551
0.1460280962843155 -0.0526503048266691 1552
0.1460377693161976 -0.05278306957850044 1553
0.1460493769544561 -0.05294238728069803 1554
0.1460633061203662 -0.05313356852333515 1555
0.1460800211194585 -0.0533629860144997 1556
0.1461000791183692 -0.05363828700389715 1557
0.1461241487170621 -0.05396864819117409 1558
0.1461530322354935 -0.05436508161590642 1559
0.1461876924576112 -0.05484080172558522 1560
0.1462292847241524 -0.05541166585719977 1561
0.1462791954440019 -0.05609670281513723 1562
0.1463390883078212 -0.0569187471646622 1563
0.1464109597444045 -0.05790520038409215 1564
0.1464972054683044 -0.05908894424740809 1565
0.1466007003369842 -0.06050943688338722 1566
0.1467248941794001 -0.06221402804656218 1567
0.1468739267902991 -0.06425953744237212 1568
0.147052765923378 -0.06671414871734405 1569
0.1472673728830725 -0.06965968224731037 1570
0.4114245752894325 -0.003986479852794721 1571
0.4114254372941051 -0.003980542096657548 1572
0.4114264716997121 -0.003973416789292941 1573
0.4114277129864406 -0.003964866420455413 1574
0.4114292025305147 -0.003954605977850379 1575
0.4114309899834037 -0.003942293446724338 1576
0.4114331349268704 -0.003927518409373088 1577
0.4114357088590306 -0.003909788364551589 1578
0.4114387975776227 -0.00388851231076579 1579
0.4114425040399333 -0.003862981046222831 1580
0.4114469517947059 -0.003832343528771281 1581
0.4114522891004331 -0.00379557850782942 1582
0.4114586938673058 -0.003751460482699188 1583
0.4114663795875529 -0.003698518852542908 1584
0.4114756024518496 -0.003634988896355373 1585
0.4114866698890055 -0.003558752948930331 1586
0.4114999508135926 -0.00346726981202028 1587
0.4115158879230971 -0.00335749004772822 1588
0.4115350124545026 -0.003225754330577747 1589
0.4115579618921891 -0.003067671469997179 1590
0.4115855012174129 -0.002877972037300499 1591
0.4116185484076816 -0.002650332718064482 1592
0.4116582050360039 -0.002377165534981261 1593
0.4117057929899907 -0.002049364915281396 1594
0.4117628985347749 -0.001656004171641559 1595
0.4118314251885158 -0.001183971279273755 1596
0.411913657173005 -0.0006175318084323889 1597
0.4120123355543921 6.219555657725057e-05 1598
0.4121307496120565 0.0008778683945888169 1599
0.4122728464812538 0.001856675800202697 1600
0.4124433627242906 0.003031244686939352 1601
0.4126479822159347 0.00444072735102334 1602
0.4128935256059077 0.006132106547924124 1603
0.4131881776738753 0.008161761584205063 1604
0.4135417601554364 0.01059734762774219 1605
0.4139660591333096 0.01352005087998675 1606
-0.4341314228197685 0.03835683556448758 1607
-0.4341327650533593 0.03836268350506421 1608
-0.4341343757336682 0.03836970103375616 1609
-0.4341363085500389 0.03837812206818651 1610
-0.4341386279296838 0.03838822730950293 1611
-0.4341414111852576 0.03840035359908263 1612
-0.4341447510919462 0.03841490514657827 1613
-0.4341487589799725 0.03843236700357303 1614
-0.4341535684456042 0.03845332123196676 1615
-0.4341593398043621 0.03847846630603922 1616
-0.4341662654348715 0.03850864039492617 1617
-0.4341745761914829 0.03854484930159052 1618
-0.4341845490994166 0.03858829998958774 1619
-0.4341965165889369 0.0386404408151844 1620
-0.4342108775763614 0.0387030098059004 1621
-0.4342281107612708 0.03877809259475959 1622
-0.434248790583162 0.03886819194139062 1623
-0.4342736063694315 0.03897631115734786 1624
-0.4343033853129549 0.03910605421649654 1625
-0.4343391200451829 0.03926174588747496 1626
-0.4343820017238565 0.03944857589264907 1627
-0.434433459738265 0.03967277189885799 1628
-0.434495209355555 0.0399418071063087 1629
-0.4345693088963031 0.04026464935524956 1630
-0.4346582283452008 0.04065206005397858 1631
-0.434764931683878 0.04111695289245342 1632
-0.4348929756902907 0.04167482429862321 1633
-0.4350466284979859 0.04234426998602697 1634
-0.4352310118672202 0.04314760481091147 1635
-0.4354522719103013 0.04411160660077287 1636
-0.4357177839619987 0.04526840874860656 1637
-0.4360363984240355 0.04665657132600699 1638
-0.4364187357784797 0.0483223664188875 1639
-0.4368775406038127 0.05032132053034411 1640
-0.4374281063942123 0.05272006546409205 1641
-0.4380887853426919 0.05559855938458956 1642
0.4557184119882411 -0.02276697796406382 1643
0.4557191071207112 -0.0227729375605979 1644
0.4557199412796753 -0.0227800890764388 1645
0.4557209422704322 -0.02278867089544788 1646
0.4557221434593406 -0.02279896907825877 1647
0.4557235848860305 -0.02281132689763184 1648
0.4557253145980585 -0.02282615628087952 1649
0.4557273902524921 -0.02284395154077674 1650
0.4557298810378124 -0.02286530585265341 1651
0.4557328699801967 -0.0228909310269054 1652
0.4557364567110579 -0.0229216812360078 1653
0.4557407607880914 -0.02295858148693068 1654
0.4557459256805316 -0.02300286178803812 1655
0.4557521235514597 -0.02305599814936707 1656
0.4557595609965736 -0.0231197617829618 1657
0.4557684859307101 -0.02319627814327547 1658
0.455779195851674 -0.02328809777565188 1659
0.4557920477568306 -0.02339828133450357 1660
0.4558074700430186 -0.0235305016051256 1661
0.4558259767864443 -0.02368916592987204 1662
0.455848184878555 -0.02387956311956776 1663
0.4558748345890878 -0.02410803974720262 1664
0.4559068142417272 -0.02438221170036447 1665
0.4559451898248946 -0.02471121804415867 1666
0.4559912405246954 -0.02510602565671172 1667
0.4560465013644563 -0.02557979479177538 1668
0.4561128143721694 -0.02614831775385178 1669
0.4561923899814252 -0.02683054530834345 1670
0.4562878807125321 -0.02764921837373345 1671
0.4564024695898604 -0.02863162605220146 1672
0.4565399762426544 -0.02981051526636307 1673
0.4567049842260071 -0.031225182323357 1674
0.4569029938060303 -0.03292278279174971 1675
0.4571406053020583 -0.03495990335382097 1676
0.4574257390972918 -0.03740444802830648 1677
0.4577678996515721 -0.04033790163768908 1678
-0.2700343083605308 -0.06240844405273883 1679
-0.2700346253069278 -0.06241443567563931 1680
-0.2700350056426042 -0.06242162562311986 1681
-0.270035462045416 -0.06243025356009654 1682
-0.27003600972879 -0.06244060708446855 1683
-0.2700366669488389 -0.06245303131371496 1684
-0.2700374556128975 -0.06246794038881065 1685
-0.270038402009768 -0.06248583127892548 1686
-0.2700395376860124 -0.06250730034706328 1687
-0.2700409004975057 -0.06253306322882864 1688
-0.2700425358712978 -0.06256397868694706 1689
-0.2700444983198482 -0.06260107723668917 1690
-0.2700468532581087 -0.06264559549637971 1691
-0.2700496791840213 -0.06269901740800836 1692
-0.2700530702951164 -0.06276312370196273 1693
-0.2700571396284306 -0.06284005125470797 1694
-0.2700620228284076 -0.06293236431800227 1695
-0.2700678826683799 -0.06304313999395542 1696
-0.2700749144763468 -0.0631760708050992 1697
-0.270083352645907 -0.06333558777847174 1698
-0.2700934784493793 -0.06352700814651879 1699
-0.270105629413546 -0.06375671258817525 1700
-0.2701202105705461 -0.064032357918163 1701
-0.2701377079589462 -0.06436313231414831 1702
-0.2701587048250263 -0.06476006158933068 1703
-0.2701839010643224 -0.0652363767195495 1704
-0.2702141365514778 -0.06580795487581211 1705
-0.2702504191360642 -0.06649384866332722 1706
-0.270293958237568 -0.06731692120834537 1707
-0.2703462051593724 -0.06830460826236714 1708
-0.2704089014655378 -0.06948983272719328 1709
-0.2704841370329362 -0.07091210208498464 1710
-0.2705744197138143 -0.07261882531433426 1711
-0.270682758930868 -0.07466689318955382 1712
-0.2708127659913325 -0.07712457463981727 1713
-0.2709687744638898 -0.08007379238013343 1714
0.1164233482538371 -0.05410349766055032 1715
0.1164237569930184 -0.05410948372205032 1716
0.1164242474800358 -0.05411666699585031 1717
0.1164248360644568 -0.05412528692441031 1718
0.116425542365762 -0.0541356308386823 1719
0.1164263899273281 -0.0541480435358087 1720
0.1164274070012076 -0.05416293877236036 1721
0.1164286274898629 -0.05418081305622237 1722
0.1164300920762493 -0.05420226219685677 1723
0.1164318495799129 -0.05422800116561805 1724
0.1164339585843093 -0.0542588879281316 1725
0.116436489389585 -0.05429595204314785 1726
0.1164395263559157 -0.05434042898116734 1727
0.1164431707155127 -0.05439380130679074 1728
0.116447543947029 -0.05445784809753883 1729
0.1164527918248486 -0.05453470424643652 1730
0.1164590892782321 -0.05462693162511376 1731
0.1164666462222924 -0.05473760447952644 1732
0.1164757145551646 -0.05487041190482166 1733
0.1164865965546114 -0.05502978081517592 1734
0.1164996549539474 -0.05522102350760103 1735
0.1165153250331507 -0.05545051473851117 1736
0.1165341291281946 -0.05572590421560333 1737
0.1165566940422474 -0.05605637158811393 1738
0.1165837719391106 -0.05645293243512665 1739
0.1166162654153466 -0.05692880545154191 1740
0.1166552575868297 -0.05749985307124023 1741
0.1167020481926094 -0.0581851102148782 1742
0.1167581969195451 -0.05900741878724377 1743
0.1168255753918679 -0.05999418907408245 1744
0.1169064295586553 -0.06117831341828887 1745
0.1170034545588001 -0.06259926263133658 1746
0.1171198845589739 -0.06430440168699382 1747
0.1172596005591825 -0.06635056855378252 1748
0.1174272597594328 -0.06880596879392895 1749
0.1176284507997332 -0.07175244908210467 1750
-0.3146514124083588 -0.05937703622819244 1751
-0.3146519189520302 -0.05938301480774857 1752
-0.3146525268044357 -0.05939018910321593 1753
-0.3146532562273225 -0.05939879825777677 1754
-0.3146541315347866 -0.05940912924324977 1755
-0.3146551819037434 -0.05942152642581737 1756
-0.3146564423464916 -0.05943640304489849 1757
-0.3146579548777896 -0.05945425498779583 1758
-0.3146597699153471 -0.05947567731927265 1759
-0.3146619479604161 -0.05950138411704482 1760
-0.3146645616144988 -0.05953223227437143 1761
-0.3146676979993982 -0.05956925006316337 1762
-0.3146714616612774 -0.05961367140971369 1763
-0.3146759780555324 -0.05966697702557407 1764
-0.3146813977286385 -0.05973094376460654 1765
-0.3146879013363658 -0.05980770385144549 1766
-0.3146957056656385 -0.05989981595565224 1767
-0.3147050708607658 -0.06001035048070034 1768
-0.3147163090949185 -0.06014299191075805 1769
-0.3147297949759018 -0.06030216162682731 1770
-0.3147459780330817 -0.06049316528611041 1771
-0.3147653977016977 -0.06072236967725015 1772
-0.3147887013040368 -0.06099741494661783 1773
-0.3148166656268437 -0.06132746926985903 1774
-0.314850222814212 -0.06172353445774849 1775
-0.3148904914390541 -0.06219881268321584 1776
-0.3149388137888645 -0.06276914655377665 1777
-0.3149968006086369 -0.06345354719844963 1778
-0.3150663847923639 -0.06427482797205721 1779
-0.3151498858128362 -0.06526036490038628 1780
-0.315250087037403 -0.06644300921438119 1781
-0.3153703285068832 -0.06786218239117507 1782
-0.3155146182702594 -0.06956519020332774 1783
-0.3156877659863109 -0.07160879957791093 1784
-0.3158955432455726 -0.07406113082741077 1785
-0.3161448759566867 -0.07700392832681056 1786
0.04138953330336215 0.03997789645874734 1787
0.04139007093790885 0.03998387232262582 1788
0.04139071609936489 0.03999104335928001 1789
0.04139149029311215 0.03999964860326503 1790
0.04139241932560885 0.04000997489604705 1791
0.04139353416460489 0.04002236644738547 1792
0.04139487197140015 0.04003723630899159 1793
0.04139647733955445 0.04005508014291893 1794
0.04139840378133963 0.04007649274363173 1795
0.04140071551148182 0.04010218786448709 1796
0.04140348958765246 0.04013302200951353 1797
0.04140681847905723 0.04017002298354525 1798
0.04141081314874295 0.04021442415238333 1799
0.04141560675236582 0.04026770555498901 1800
0.04142135907671325 0.04033164323811583 1801
0.04142826186593018 0.04040836845786801 1802
0.04143654521299049 0.04050043872157063 1803
0.04144648522946286 0.04061092303801378 1804
0.04145841324922971 0.04074350421774555 1805
0.04147272687294994 0.04090260163342368 1806
0.04148990322141419 0.04109351853223744 1807
0.04151051483957131 0.04132261881081394 1808
0.04153524878135985 0.04159753914510575 1809
0.04156492951150609 0.04192744354625592 1810
0.04160054638768158 0.04232332882763611 1811
0.04164328663909218 0.04279839116529235 1812
0.04169457494078489 0.04336846597047984 1813
0.04175612090281614 0.04405255573670484 1814
0.04182997605725364 0.04487346345617482 1815
0.04191860224257864 0.0458585527195388 1816
0.04202495366496865 0.04704065983557558 1817
0.04215257537183665 0.04845918837481972 1818
0.04230572142007825 0.05016142262191268 1819
0.04248949667796818 0.05220410371842423 1820
0.04271002698743609 0.05465532103423809 1821
0.04297466335879759 0.05759678181321473 1822
0.3376061652427354 0.006330060388579461 1823
0.33760696519184 0.006336006822925354 1824
0.3376079251307656 0.006343142544140425 1825
0.3376090770574762 0.00635170540959851 1826
0.337610459369529 0.006361980848148212 1827
0.3376121181439924 0.006374311374407854 1828
0.3376141086733484 0.006389108005919426 1829
0.3376164973085756 0.006406863963733311 1830
0.3376193636708483 0.006428171113109974 1831
0.3376228033055755 0.006453739692361968 1832
0.3376269308672482 0.006484421987464362 1833
0.3376318839412553 0.006521240741587235 1834
0.3376378276300639 0.006565423246534681 1835
0.3376449600566342 0.006618442252471618 1836
0.3376535189685186 0.006682065059595942 1837
0.3376637896627799 0.006758412428145131 1838
0.3376761144958935 0.006850029270404157 1839
0.3376909042956297 0.006959969481114988 1840
0.3377086520553132 0.007091897733967986 1841
0.3377299493669333 0.007250211637391583 1842
0.3377555061408776 0.007440188321499901 1843
0.3377861742696107 0.007668160342429882 1844
0.3378229760240903 0.007941726767545858 1845
0.3378671381294659 0.008270006477685029 1846
0.3379201326559166 0.008663942129852035 1847
0.3379837260876575 0.009136664912452443 1848
0.3380600382057466 0.009703932251572931 1849
0.3381516127474535 0.01038465305851752 1850
0.3382615021975017 0.01120151802685102 1851
0.3383933695375596 0.01218175598885122 1852
0.338551610345629 0.01335804154325147 1853
0.3387414993153124 0.01476958420853176 1854
0.3389693660789324 0.01646343540686811 1855
0.3392428061952764 0.01849605684487174 1856
0.3395709343348893 0.02093520257047608 1857
0.3399646881024246 0.0238621774412013 1858
-0.1508203385181533 -0.06499773803741264 1859
-0.1508203133892733 -0.0650037379847907 1860
-0.1508202832346173 -0.06501093792164436 1861
-0.1508202470490302 -0.06501957784586876 1862
-0.1508202036263256 -0.06502994575493802 1863
-0.1508201515190801 -0.06504238724582115 1864
-0.1508200889903855 -0.06505731703488091 1865
-0.1508200139559519 -0.06507523278175262 1866
-0.1508199239146317 -0.06509673167799866 1867
-0.1508198158650474 -0.06512253035349391 1868
-0.1508196862055462 -0.06515348876408822 1869
-0.1508195306141449 -0.06519063885680139 1870
-0.1508193439044632 -0.06523521896805719 1871
-0.1508191198528452 -0.06528871510156414 1872
-0.1508188509909036 -0.0653529104617725 1873
-0.1508185283565737 -0.06542994489402253 1874
-0.1508181411953778 -0.06552238621272255 1875
-0.1508176766019428 -0.06563331579516259 1876
-0.1508171190898207 -0.06576643129409063 1877
-0.1508164500752742 -0.06592616989280427 1878
-0.1508156472578184 -0.06611785621126065 1879
-0.1508146838768714 -0.06634787979340831 1880
-0.1508135278197351 -0.06662390809198548 1881
-0.1508121405511715 -0.06695514205027811 1882
-0.1508104758288952 -0.06735262280022926 1883
-0.1508084781621636 -0.06782959970017062 1884
-0.1508060809620857 -0.06840197198010027 1885
-0.1508032043219922 -0.06908881871601585 1886
-0.15079975235388 -0.06991303479911454 1887
-0.1507956099921454 -0.07090209409883297 1888
-0.1507906391580638 -0.07208896525849509 1889
-0.150784674157166 -0.07351321065008963 1890
-0.1507775161560885 -0.07522230512000308 1891
-0.1507689265547956 -0.07727321848389923 1892
-0.1507586190332441 -0.07973431452057458 1893
-0.1507462500073823 -0.08268762976458503 1894
-0.4977014282596813 -0.008641550424830296 1895
-0.4977069088094953 -0.008643992467773427 1896
-0.4977134854692721 -0.008646922919305184 1897
-0.4977213774610043 -0.00865043946114329 1898
-0.497730847851083 -0.00865465931134902 1899
-0.4977422123191773 -0.008659723131595895 1900
-0.4977558496808905 -0.008665799715892144 1901
-0.4977722145149464 -0.008673091617047645 1902
-0.4977918523158134 -0.008681841898434245 1903
-0.4978154176768538 -0.008692342236098164 1904
-0.4978436961101023 -0.008704942641294866 1905
-0.4978776302300005 -0.008720063127530911 1906
-0.4979183511738784 -0.008738207711014166 1907
-0.4979672163065318 -0.008759981211194069 1908
-0.498025854465716 -0.008786109411409953 1909
-0.4980962202567369 -0.008817463251669015 1910
-0.4981806592059621 -0.008855087859979889 1911
-0.4982819859450322 -0.008900237389952938 1912
-0.4984035780319164 -0.008954416825920597 1913
-0.4985494885361774 -0.009019432149081788 1914
-0.4987245811412907 -0.009097450536875216 1915
-0.4989346922674266 -0.00919107260222733 1916
-0.4991868256187896 -0.009303419080649866 1917
-0.4994893856404253 -0.009438234854756911 1918
-0.4998524576663881 -0.009600013783685364 1919
-0.5002881440975435 -0.009794148498399508 1920
-0.50081096781493 -0.01002711015605648 1921
-0.5014383562757937 -0.01030666414524485 1922
-0.5021912224288302 -0.01064212893227089 1923
-0.503094661812474 -0.01104468667670214 1924
-0.5041787890728465 -0.01152775597001963 1925
-0.5054797417852936 -0.01210743912200063 1926
-0.5070408850402301 -0.01280305890437783 1927
-0.5089142569461539 -0.01363780264323046 1928
-0.5111623032332624 -0.01463949512985363 1929
-0.5138599587777927 -0.01584152611380142 1930
-0.2711857885813498 0.05428477052491609 1931
-0.271185907987795 0.05429076933664016 1932
-0.2711860512755292 0.05429796791070904 1933
-0.2711862232208103 0.0543066061995917 1934
-0.2711864295551475 0.0543169721462509 1935
-0.2711866771563523 0.05432941128224193 1936
-0.271186974277798 0.05434433824543117 1937
-0.2711873308235329 0.05436225060125826 1938
-0.2711877586784147 0.05438374542825076 1939
-0.2711882721042728 0.05440953922064177 1940
-0.2711888882153026 0.05444049177151097 1941
-0.2711896275485384 0.05447763483255402 1942
-0.2711905147484213 0.05452220650580568 1943
-0.2711915793882807 0.05457569251370767 1944
-0.2711928569561121 0.05463987572319005 1945
-0.2711943900375098 0.05471689557456892 1946
-0.271196229735187 0.05480931939622356 1947
-0.2711984373723996 0.05492022798220912 1948
-0.2712010865370547 0.0550533182853918 1949
-0.2712042655346409 0.05521302664921102 1950
-0.2712080803317443 0.05540467668579407 1951
-0.2712126580882684 0.05563465672969374 1952
-0.2712181513960973 0.05591063278237334 1953
-0.271224743365492 0.05624180404558887 1954
-0.2712326537287657 0.05663920956144749 1955
-0.2712421461646941 0.05711609618047784 1956
-0.2712535370878081 0.05768836012331426 1957
-0.271267206195545 0.05837507685471797 1958
-0.2712836091248292 0.05919913693240241 1959
-0.2713032926399703 0.06018800902562375 1960
-0.2713269128581395 0.06137465553748935 1961
-0.2713552571199427 0.06279863135172807 1962
-0.2713892702341065 0.06450740232881455 1963
-0.271430085971103 0.06655792750131831 1964
-0.2714790648554988 0.06901855770832283 1965
-0.2715378395167738 0.07197131395672823 1966
-0.09119848057910374 -0.064139532701579 1967
-0.09119833807558664 -0.06414553100906925 1968
-0.09119816707136613 -0.06415272897805756 1969
-0.09119796186630152 -0.06416136654084352 1970
-0.09119771562022398 -0.06417173161618667 1971
-0.09119742012493094 -0.06418416970659846 1972
-0.0911970655305793 -0.06419909541509261 1973
-0.09119664001735732 -0.06421700626528558 1974
-0.09119612940149094 -0.06423849928551714 1975
-0.09119551666245129 -0.06426429090979503 1976
-0.09119478137560372 -0.06429524085892849 1977
-0.09119389903138662 -0.06433238079788864 1978
-0.0911928402183261 -0.06437694872464081 1979
-0.0911915696426535 -0.06443043023674343 1980
-0.09119004495184635 -0.06449460805126657 1981
-0.09118821532287778 -0.06457162142869434 1982
-0.09118601976811551 -0.06466403748160765 1983
-0.09118338510240077 -0.06477493674510364 1984
-0.09118022350354309 -0.06490801586129882 1985
-0.09117642958491387 -0.06506771080073304 1986
-0.09117187688255882 -0.0652593447280541 1987
-0.09116641363973274 -0.06548930544083936 1988
-0.09115985774834144 -0.0657652582961817 1989
-0.0911519906786719 -0.06609640172259248 1990
-0.09114255019506844 -0.06649377383428544 1991
-0.09113122161474428 -0.06697062036831698 1992
-0.09111762731835531 -0.06754283620915483 1993
-0.09110131416268853 -0.06822949521816024 1994
-0.0910817383758884 -0.06905348602896674 1995
-0.09105824743172825 -0.07004227500193455 1996
-0.09103005829873605 -0.07122882176949591 1997
-0.09099623133914542 -0.07265267789056953 1998
-0.09095563898763667 -0.07436130523585791 1999
-0.09090692816582617 -0.07641165805020393 2000
-0.09084847517965355 -0.07887208142741917 2001
-0.09077833159624643 -0.08182458948007745 2002
0.01168733866553681 0.04256240958507985 2003
0.01168784057348742 0.042568388555594 2004
0.01168844286302816 0.04257556332021099 2005
0.01168916561047705 0.04258417303775136 2006
0.01169003290741572 0.04259450469879982 2007
0.01169107366374211 0.04260690269205797 2008
0.01169232257133379 0.04262178028396774 2009
0.01169382126044381 0.04263963339425948 2010
0.01169561968737582 0.04266105712660955 2011
0.01169777779969424 0.04268676560542965 2012
0.01170036753447635 0.04271761578001376 2013
0.01170347521621487 0.04275463598951469 2014
0.0117072044343011 0.04279906024091581 2015
0.01171167949600458 0.04285236934259717 2016
0.01171704957004875 0.04291634026461478 2017
0.01172349365890175 0.04299310537103592 2018
0.01173122656552536 0.04308522349874128 2019
0.01174050605347368 0.04319576525198773 2020
0.01175164143901168 0.04332841535588346 2021
0.01176500390165727 0.04348759548055833 2022
0.01178103885683197 0.04367861163016818 2023
0.01180028080304162 0.0439078310097 2024
0.0118233711384932 0.04418289426513818 2025
0.0118510795410351 0.044512970171664 2026
0.01188432962408537 0.04490906125949498 2027
0.0119242297237457 0.04538437056489216 2028
0.0119721098433381 0.04595474173136878 2029
0.01202956598684897 0.04663918713114071 2030
0.01209851335906202 0.04746052161086704 2031
0.01218125020571768 0.04844612298653863 2032
0.01228053442170447 0.04962884463734454 2033
0.01239967548088862 0.05104811061831163 2034
0.0125426447519096 0.05275122979547214 2035
0.01271420787713478 0.05479497280806475 2036
0.01292008362740499 0.05724746442317589 2037
0.01316713452772924 0.06019045436130925 2038
0.4409201814808233 -0.008335047731951198 2039
0.4409210701380464 -0.008329113906175203 2040
0.4409221365267141 -0.008321993315244009 2041
0.4409234161931153 -0.008313448606126577 2042
0.4409249517927968 -0.008303194955185658 2043
0.4409267945124146 -0.008290890574056554 2044
0.440929005775956 -0.008276125316701632 2045
0.4409316592922056 -0.008258407007875723 2046
0.4409348435117051 -0.008237145037284635 2047
0.4409386645751046 -0.008211630672575326 2048
0.4409432498511839 -0.008181013434924158 2049
0.4409487521824791 -0.008144272749742755 2050
0.4409553549800333 -0.008100183927525073 2051
0.4409632783370984 -0.008047277340863851 2052
0.4409727863655765 -0.007983789436870389 2053
0.4409841959997503 -0.007907603952078231 2054
0.4409978875607587 -0.007816181370327644 2055
0.4410143174339689 -0.007706474272226938 2056
0.4410340332818211 -0.007574825754506091 2057
0.4410576922992437 -0.007416847533241075 2058
0.4410860831201509 -0.007227273667723056 2059
0.4411201521052395 -0.006999785029101433 2060
0.4411610348873458 -0.006726798662755485 2061
0.4412100942258734 -0.006399215023140347 2062
0.4412689654321065 -0.006006114655602183 2063
0.4413396108795863 -0.005534394214556385 2064
0.4414243854165619 -0.004968329685301427 2065
0.4415261148609327 -0.004289052250195479 2066
0.4416481901941777 -0.003473919328068341 2067
0.4417946805940717 -0.002495759821515775 2068
0.4419704690739445 -0.001321968413652696 2069
0.4421814152497918 8.658127578299937e-05 2070
0.4424345506608086 0.001776840903105831 2071
0.4427383131540287 0.003805152455893232 2072
0.4431028281458929 0.006239126319238113 2073
0.4435402461361299 0.009159894955251966 2074
0.1007483981211693 0.03431201866047506 2075
0.1007489989519647 0.03431798850154123 2076
0.1007497199489192 0.03432515231082063 2077
0.1007505851452646 0.03433374888195592 2078
0.100751623380879 0.03434406476731825 2079
0.1007528692636164 0.03435644382975305 2080
0.1007543643229012 0.03437129870467481 2081
0.100756158394043 0.03438912455458093 2082
0.1007583112794131 0.03441051557446827 2083
0.1007608947418573 0.03443618479833308 2084
0.1007639948967903 0.03446698786697085 2085
0.10076771508271 0.03450395154933618 2086
0.1007721793058135 0.03454830796817456 2087
0.1007775363735378 0.03460153567078063 2088
0.1007839648548069 0.03466540891390791 2089
0.1007916790323298 0.03474205680566065 2090
0.1008009360453573 0.03483403427576393 2091
0.1008120444609903 0.03494440723988787 2092
0.1008253745597499 0.03507685479683659 2093
0.1008413706782614 0.03523579186517507 2094
0.1008605660204753 0.03542651634718124 2095
0.1008836004311319 0.03565538572558864 2096
0.1009112417239198 0.03593002897967752 2097
0.1009444112752653 0.03625960088458418 2098
0.1009842147368799 0.03665508717047217 2099
0.1010319788908174 0.03712967071353775 2100
0.1010892958755424 0.03769917096521646 2101
0.1011580762572125 0.0383825712672309 2102
0.1012406127152165 0.03920265162964824 2103
0.1013396564648213 0.04018674806454904 2104
0.1014585089643472 0.04136766378643 2105
0.1016011319637782 0.04278476265268715 2106
0.1017722795630953 0.04448528129219573 2107
0.1019776566822759 0.04652590365960604 2108
0.1022241092252927 0.0489746505004984 2109
0.1025198522769128 0.05191314670956923 2110
0.3820899489843386 -0.03093439331858959 2111
0.3820905781891569 -0.0309403602358252 2112
0.382091333234939 -0.03094752053650792 2113
0.3820922392898774 -0.03095611289732719 2114
0.3820933265558036 -0.03096642373031031 2115
0.3820946312749149 -0.03097879672989006 2116
0.3820961969378486 -0.03099364432938576 2117
0.382098075733369 -0.03101146144878059 2118
0.3821003302879934 -0.0310328419920544 2119
0.3821030357535427 -0.03105849864398296 2120
0.382106282312202 -0.03108928662629724 2121
0.382110178182593 -0.03112623220507437 2122
0.3821148532270622 -0.03117056689960693 2123
0.3821204632804253 -0.031223768533046 2124
0.382127195344461 -0.03128761049317288 2125
0.3821352738213039 -0.03136422084532514 2126
0.3821449679935154 -0.03145615326790786 2127
0.3821566010001691 -0.03156647217500711 2128
0.3821705606081536 -0.03169885486352622 2129
0.3821873121377349 -0.03185771408974915 2130
0.3822074139732326 -0.03204834516121666 2131
0.3822315361758298 -0.03227710244697768 2132
0.3822604828189464 -0.0325516111898909 2133
0.3822952187906863 -0.03288102168138677 2134
0.3823369019567743 -0.03327631427118181 2135
0.3823869217560797 -0.03375066537893585 2136
0.3824469455152464 -0.0343198867082407 2137
0.3825189740262463 -0.03500295230340653 2138
0.3826054082394462 -0.03582263101760552 2139
0.3827091292952861 -0.03680624547464431 2140
0.382833594562294 -0.03798658282309086 2141
0.3829829528827035 -0.03940298764122671 2142
0.3831621828671948 -0.04110267342298973 2143
0.3833772588485844 -0.04314229636110536 2144
0.383635350026252 -0.04558984388684412 2145
0.383945059439453 -0.04852690091773063 2146
0.08591427208158847 0.03578653566544136 2147
0.08591485800998709 0.03579250698756562 2148
0.08591556112406543 0.03579967257411473 2149
0.08591640486095944 0.03580827127797367 2150
0.08591741734523226 0.0358185897226044 2151
0.08591863232635963 0.03583097185616126 2152
0.08592009030371248 0.0358458304164295 2153
0.08592183987653589 0.03586366068875139 2154
0.08592393936392399 0.03588505701553767 2155
0.08592645874878971 0.03591073260768118 2156
0.08592948201062857 0.03594154331825342 2157
0.08593310992483522 0.03597851617094008 2158
0.08593746342188317 0.03602288359416409 2159
0.08594268761834073 0.0360761245020329 2160
0.0859489566540898 0.03614001359147547 2161
0.08595647949698869 0.03621668049880655 2162
0.08596550690846734 0.03630868078760385 2163
0.08597633980224173 0.03641908113416061 2164
0.08598933927477101 0.03655156155002873 2165
0.08600493864180613 0.03671053804907046 2166
0.08602365788224828 0.03690130984792055 2167
0.08604612097077885 0.03713023600654064 2168
0.08607307667701554 0.03740494739688476 2169
0.08610542352449958 0.0377346010652977 2170
0.08614423974148042 0.03813018546739323 2171
0.08619081920185742 0.03860488674990787 2172
0.08624671455430982 0.03917452828892543 2173
0.08631378897725271 0.03985809813574651 2174
0.08639427828478419 0.0406783819519318 2175
0.08649086545382194 0.04166272253135415 2176
0.08660677005666725 0.04284393122666097 2177
0.08674585558008162 0.04426138166102915 2178
0.08691275820817887 0.04596232218227097 2179
0.08711304136189557 0.04800345080776115 2180
0.0873533811463556 0.05045280515834937 2181
0.08764178888770764 0.05339203037905523 2182
-0.256280294969176 0.05451134243416179 2183
-0.2562803597575067 0.05451734208435761 2184
-0.2562804375035035 0.05452454166459259 2185
-0.2562805307986997 0.05453318116087457 2186
-0.2562806427529352 0.05454354855641295 2187
-0.2562807770980177 0.054555989431059 2188
-0.2562809383121167 0.05457091848063426 2189
-0.2562811317690356 0.05458883334012458 2190
-0.2562813639173382 0.05461033117151296 2191
-0.2562816424953013 0.05463612856917902 2192
-0.2562819767888571 0.05466708544637829 2193
-0.256282377941124 0.0547042336990174 2194
-0.2562828593238443 0.05474881160218435 2195
-0.2562834369831087 0.05480230508598468 2196
-0.2562841301742259 0.05486649726654508 2197
-0.2562849620035666 0.05494352788321755 2198
-0.2562859601987754 0.05503596462322453 2199
-0.256287158033026 0.0551468887112329 2200
-0.2562885954341267 0.05527999761684294 2201
-0.2562903203154476 0.05543972830357499 2202
-0.2562923901730326 0.05563140512765345 2203
-0.2562948740021346 0.0558614173165476 2204
-0.256297854597057 0.05613743194322058 2205
-0.2563014313109639 0.05646864949522816 2206
-0.2563057233676522 0.05686611055763725 2207
-0.2563108738356781 0.05734306383252816 2208
-0.2563170543973092 0.05791540776239727 2209
-0.2563244710712665 0.05860222047824018 2210
-0.2563333710800154 0.05942639573725168 2211
-0.2563440510905139 0.06041540604806547 2212
-0.2563568671031122 0.06160221842104203 2213
-0.2563722463182302 0.0630263932686139 2214
-0.2563907013763717 0.06473540308570014 2215
-0.2564128474461415 0.06678621486620363 2216
-0.2564394227298654 0.06924718900280782 2217
-0.2564713130703339 0.07220035796673285 2218
-0.4746293028598488 -0.02686640845921083 2219
-0.4746319995381266 -0.02687176830307667 2220
-0.4746352355520599 -0.02687820011571568 2221
-0.4746391187687799 -0.02688591829088249 2222
-0.4746437786288439 -0.02689518010108265 2223
-0.4746493704609207 -0.02690629427332285 2224
-0.4746560806594129 -0.0269196312800111 2225
-0.4746641328976035 -0.02693563568803699 2226
-0.4746737955834322 -0.02695484097766805 2227
-0.4746853908064266 -0.02697788732522534 2228
-0.47469930507402 -0.02700554294229408 2229
-0.474716002195132 -0.02703872968277657 2230
-0.4747360387404664 -0.02707855377135555 2231
-0.4747600825948677 -0.02712634267765033 2232
-0.4747889352201493 -0.02718368936520407 2233
-0.4748235583704871 -0.02725250539026855 2234
-0.4748651061508926 -0.02733508462034593 2235
-0.474914963487379 -0.02743417969643879 2236
-0.4749747922911629 -0.02755309378775022 2237
-0.4750465868557035 -0.02769579069732394 2238
-0.4751327403331522 -0.02786702698881239 2239
-0.4752361245060907 -0.02807251053859854 2240
-0.4753601855136169 -0.02831909079834193 2241
-0.4755090587226482 -0.02861498711003398 2242
-0.4756877065734859 -0.02897006268406445 2243
-0.4759020839944911 -0.02939615337290101 2244
-0.4761593368996973 -0.02990746219950488 2245
-0.4764680403859448 -0.03052103279142953 2246
-0.4768384845694418 -0.0312573175017391 2247
-0.4772830175896381 -0.03214085915411059 2248
-0.4778164572138738 -0.03320110913695638 2249
-0.4784565847629565 -0.03447340911637133 2250
-0.4792247378218559 -0.03600016909166927 2251
-0.4801465214925351 -0.0378322810620268 2252
-0.4812526618973502 -0.04003081542645583 2253
-0.4825800303831282 -0.04266905666377066 2254
0.4410000968215569 -0.02446628191805092 2255
0.4410007781164923 -0.02447224311232817 2256
0.4410015956704147 -0.02447939654546086 2257
0.4410025767351217 -0.02448798066522009 2258
0.44100375401277 -0.02449828160893116 2259
0.441005166745948 -0.02451064274138445 2260
0.4410068620257616 -0.0245254761003284 2261
0.4410088963615379 -0.02454327613106114 2262
0.4410113375644695 -0.02456463616794043 2263
0.4410142670079874 -0.02459026821219557 2264
0.4410177823402089 -0.02462102666530174 2265
0.4410220007388747 -0.02465793680902914 2266
0.4410270628172736 -0.02470222898150203 2267
0.4410331373113522 -0.0247553795884695 2268
0.4410404267042467 -0.02481916031683045 2269
0.44104917397572 -0.0248956971908636 2270
0.441059670701488 -0.02498754143970338 2271
0.4410722667724096 -0.02509775453831111 2272
0.4410873820575156 -0.02523001025664039 2273
0.4411055203996427 -0.02538871711863553 2274
0.4411272864101952 -0.02557916535302969 2275
0.4411534056228582 -0.02580770323430269 2276
0.4411847486780539 -0.02608194869183029 2277
0.4412223603442886 -0.0264110432408634 2278
0.4412674943437704 -0.02680595669970314 2279
0.4413216551431484 -0.02727985285031083 2280
0.4413866481024021 -0.02784852823104005 2281
0.4414646396535065 -0.02853093868791512 2282
0.4415582295148318 -0.0293498312361652 2283
0.4416705373484222 -0.0303325022940653 2284
0.4418053067487306 -0.03151170756354541 2285
0.4419670300291007 -0.03292675388692155 2286
0.4421610979655448 -0.03462480947497291 2287
0.4423939794892778 -0.03666247618063456 2288
0.4426734373177573 -0.03910767622742853 2289
0.4430087867119328 -0.0420419162835813 2290
-0.151952260786677 0.05289497064420334 2291
-0.1519520331716147 0.05290096632526419 2292
-0.15195176003354 0.05290816114253721 2293
-0.1519514322678503 0.05291679492326483 2294
-0.1519510389490226 0.05292715546013797 2295
-0.1519505669664294 0.05293958810438575 2296
-0.1519500005873176 0.05295450727748308 2297
-0.1519493209323834 0.05297241028519988 2298
-0.1519485053464625 0.05299389389446003 2299
-0.1519475266433572 0.05301967422557222 2300
-0.151946352199631 0.05305061062290684 2301
-0.1519449428671595 0.05308773429970839 2302
-0.1519432516681936 0.05313228271187025 2303
-0.1519412222294347 0.05318574080646448 2304
-0.1519387869029239 0.05324989051997756 2305
-0.151935864511111 0.05332687017619325 2306
-0.1519323576409355 0.05341924576365208 2307
-0.1519281493967249 0.05353009646860267 2308
-0.1519230995036721 0.05366311731454339 2309
-0.1519170396320089 0.05382274232967224 2310
-0.151909767786013 0.05401429234782687 2311
-0.1519010415708178 0.05424415236961243 2312
-0.1518905701125837 0.05451998439575509 2313
-0.1518780043627027 0.05485098282712629 2314
-0.1518629254628455 0.05524818094477173 2315
-0.151844830783017 0.05572481868594625 2316
-0.1518231171672227 0.05629678397535569 2317
-0.1517970608282695 0.056983142322647 2318
-0.1517657932215257 0.05780677233939658 2319
-0.1517282720934331 0.05879512835949608 2320
-0.151683246739722 0.05998115558361548 2321
-0.1516292163152687 0.06140438825255875 2322
-0.1515643798059248 0.06311226745529068 2323
-0.151486575994712 0.065161722498569 2324
-0.1513932114212568 0.06762106855050297 2325
-0.1512811739331104 0.07057228381282374 2326
-0.03160058689893552 -0.06223412042238922 2327
-0.03160034972744899 -0.06224011573303055 2328
-0.03160006512166514 -0.06224731010580014 2329
-0.03159972359472453 -0.06225594335312365 2330
-0.03159931376239579 -0.06226630324991186 2331
-0.0315988219636013 -0.0622787351260577 2332
-0.03159823180504792 -0.06229365337743272 2333
-0.03159752361478387 -0.06231155527908275 2334
-0.03159667378646699 -0.06233303756106277 2335
-0.03159565399248675 -0.06235881629943881 2336
-0.03159443023971045 -0.06238975078549005 2337
-0.0315929617363789 -0.06242687216875153 2338
-0.03159119953238104 -0.06247141782866533 2339
-0.0315890848875836 -0.06252487262056186 2340
-0.03158654731382668 -0.06258901837083772 2341
-0.03158350222531837 -0.06266599327116874 2342
-0.0315798481191084 -0.06275836315156597 2343
-0.03157546319165644 -0.06286920700804263 2344
-0.03157020127871409 -0.06300221963581465 2345
-0.03156388698318326 -0.06316183478914106 2346
-0.03155630982854626 -0.06335337297313275 2347
-0.03154721724298187 -0.06358321879392277 2348
-0.03153630614030461 -0.0638590337788708 2349
-0.03152321281709188 -0.06419001176080844 2350
-0.03150750082923662 -0.0645871853391336 2351
-0.0314886464438103 -0.06506379363312381 2352
-0.03146602118129872 -0.06563572358591205 2353
-0.03143887086628481 -0.06632203952925794 2354
-0.03140629048826813 -0.067145618661273 2355
-0.03136719403464811 -0.06813391361969108 2356
-0.03132027829030409 -0.06931986756979278 2357
-0.03126397939709127 -0.07074301230991481 2358
-0.03119642072523588 -0.07245078599806125 2359
-0.03111535031900941 -0.07450011442383697 2360
-0.03101806583153765 -0.07695930853476785 2361
-0.03090132444657153 -0.07991034146788489 2362
-0.4195365151132961 0.04138913843231839 2363
-0.4195376390753561 0.04139503221796834 2364
-0.4195389878298282 0.04140210476074829 2365
-0.4195406063351946 0.04141059181208422 2366
-0.4195425485416344 0.04142077627368734 2367
-0.4195448791893621 0.04143299762761108 2368
-0.4195476759666353 0.04144766325231957 2369
-0.4195510320993632 0.04146526200196976 2370
-0.4195550594586367 0.04148638050154999 2371
-0.4195598922897649 0.04151172270104626 2372
-0.4195656916871187 0.04154213334044179 2373
-0.4195726509639432 0.04157862610771642 2374
-0.4195810020961326 0.04162241742844597 2375
-0.41959102345476 0.04167496701332144 2376
-0.4196030490851128 0.04173802651517201 2377
-0.4196174798415362 0.04181369791739269 2378
-0.4196347967492443 0.0419045036000575 2379
-0.4196555770384939 0.04201347041925527 2380
-0.4196805133855935 0.0421442306022926 2381
-0.419710437002113 0.04230114282193739 2382
-0.4197463453419364 0.04248943748551114 2383
-0.4197894353497245 0.04271539108179965 2384
-0.4198411433590702 0.04298653539734586 2385
-0.4199031929702851 0.0433119085760013 2386
-0.419977652503743 0.04370235639038783 2387
-0.4200670039438924 0.04417089376765167 2388
-0.4201742256720717 0.04473313862036828 2389
-0.4203028917458869 0.04540783244362821 2390
-0.4204572910344651 0.04621746503154013 2391
-0.4206425701807588 0.04718902413703444 2392
-0.4208649051563115 0.04835489506362759 2393
-0.4211317071269746 0.04975394017553939 2394
-0.4214518694917703 0.05143279430983354 2395
-0.4218360643295252 0.05344741927098652 2396
-0.422297098134831 0.05586496922437009 2397
-0.422850338701198 0.05876602916843039 2398
0.3083796917988969 -0.03832789901089576 2399
0.3083802608487196 -0.03833387196513125 2400
0.3083809437085068 -0.03834103951021384 2401
0.3083817631402515 -0.03834964056431295 2402
0.308382746458345 -0.03835996182923189 2403
0.3083839264400573 -0.03837234734713461 2404
0.3083853424181121 -0.03838720996861788 2405
0.3083870415917778 -0.0384050451143978 2406
0.3083890806001766 -0.03842644728933371 2407
0.3083915274102553 -0.03845212989925679 2408
0.3083944635823496 -0.03848294903116449 2409
0.3083979869888628 -0.03851993198945373 2410
0.3084022150766786 -0.03856431153940082 2411
0.3084072887820577 -0.03861756699933733 2412
0.3084133772285125 -0.03868147355126113 2413
0.3084206833642583 -0.03875816141356971 2414
0.3084294507271533 -0.03885018684833999 2415
0.3084399715626272 -0.03896061737006433 2416
0.3084525965651959 -0.03909313399613354 2417
0.3084677465682784 -0.03925215394741659 2418
0.3084859265719774 -0.03944297788895626 2419
0.3085077425764161 -0.03967196661880385 2420
0.3085339217817427 -0.03994675309462097 2421
0.3085653368281345 -0.0402764968656015 2422
0.3086030348838046 -0.04067218939077814 2423
0.3086482725506089 -0.04114702042099012 2424
0.3087025577507739 -0.04171681765724448 2425
0.308767699990972 -0.04240057434074973 2426
0.3088458706792097 -0.04322108236095602 2427
0.3089396755050949 -0.04420569198520356 2428
0.3090522412961573 -0.04538722353430062 2429
0.309187320245432 -0.04680506139321709 2430
0.3093494149845616 -0.04850646682391685 2431
0.3095439286715173 -0.05054815334075656 2432
0.309777345095864 -0.05299817716096422 2433
0.3100574448050801 -0.05593820574521341 2434
0.1304057057651791 0.03125509260269772 2435
0.1304063349274451 0.03126105952442028 2436
0.1304070899221642 0.03126821983048735 2437
0.1304079959158272 0.03127681219776782 2438
0.1304090831082228 0.03128712303850439 2439
0.1304103877390974 0.03129949604738828 2440
0.1304119532961471 0.03131434365804895 2441
0.1304138319646066 0.03133216079084175 2442
0.1304160863667581 0.03135354135019312 2443
0.1304187916493398 0.03137919802141475 2444
0.130422037988438 0.03140998602688071 2445
0.1304259335953557 0.03144693163343986 2446
0.130430608323657 0.03149126636131084 2447
0.1304362179976185 0.03154446803475602 2448
0.1304429496063723 0.03160831004289023 2449
0.1304510275368769 0.03168492045265129 2450
0.1304607210534824 0.03177685294436456 2451
0.1304723532734091 0.03188717193442048 2452
0.130486311937321 0.03201955472248759 2453
0.1305030623340153 0.03217841406816812 2454
0.1305231628100486 0.03236904528298475 2455
0.1305472833812884 0.03259780274076472 2456
0.1305762280667762 0.03287231169010067 2457
0.1306109616893616 0.03320172242930381 2458
0.130652642036464 0.03359701531634758 2459
0.130702658452987 0.03407136678080011 2460
0.1307626781528145 0.03464058853814314 2461
0.1308347017926076 0.03532365464695478 2462
0.1309211301603592 0.03614333397752875 2463
0.1310248442016612 0.03712694917421751 2464
0.1311493010512235 0.03830728741024401 2465
0.1312986492706984 0.03972369329347583 2466
0.1314778671340682 0.04142338035335401 2467
0.131692928570112 0.04346300482520782 2468
0.1319510022933645 0.04591055419143239 2469
0.1322606907612676 0.04884761343090188 2470
0.3523783181864325 0.004327813013190246 2471
0.3523791301413107 0.004333757820106853 2472
0.3523801044871646 0.004340891588406782 2473
0.3523812737021892 0.004349452110366696 2474
0.3523826767602188 0.004359724736718594 2475
0.3523843604298542 0.004372051888340871 2476
0.3523863808334168 0.004386844470287604 2477
0.3523888053176918 0.004404595568623683 2478
0.352391714698822 0.004425896886626978 2479
0.3523952059561781 0.004451458468230932 2480
0.3523993954650054 0.004482132366155676 2481
0.3524044228755981 0.004518941043665369 2482
0.3524104557683095 0.004563111456677002 2483
0.3524176952395631 0.004616115952290961 2484
0.3524263826050675 0.004679721347027711 2485
0.3524368074436727 0.004756047820711812 2486
0.3524493172499989 0.004847639589132732 2487
0.3524643290175904 0.004957549711237837 2488
0.3524823431387002 0.005089441857763962 2489
0.352503960084032 0.005247712433595314 2490
0.3525299004184301 0.005437637124592935 2491
0.3525610288197077 0.00566554675379008 2492
0.352598382901241 0.005939038308826654 2493
0.3526432077990809 0.006267228174870543 2494
0.3526969976764889 0.00666105601412321 2495
0.3527615455293783 0.00713364942122641 2496
0.3528390029528457 0.007700761509750251 2497
0.3529319518610066 0.00838129601597886 2498
0.3530434905507996 0.009197937423453189 2499
0.3531773369785512 0.01017790711242239 2500
0.3533379526918532 0.01135387073918542 2501
0.3535306915478155 0.01276502709130106 2502
0.3537619781749703 0.01445841471383983 2503
0.3540395221275561 0.01649047986088636 2504
0.354372574870659 0.01892895803734218 2505
0.3547722381623826 0.02185513184908918 2506
-0.2413733848248747 0.05460735489422558 2507
-0.2413733989240758 0.05461335487765993 2508
-0.2413734158431173 0.05462055485778115 2509
-0.2413734361459669 0.05462919483392663 2510
-0.2413734605093865 0.05463956280530119 2511
-0.2413734897454901 0.05465200437095067 2512
-0.2413735248288144 0.05466693424973004 2513
-0.2413735669288035 0.05468485010426529 2514
-0.2413736174487904 0.05470634912970759 2515
-0.2413736780727747 0.05473214796023834 2516
-0.2413737508215559 0.05476310655687525 2517
-0.2413738381200934 0.05480025687283954 2518
-0.2413739428783383 0.05484483725199668 2519
-0.2413740685882322 0.05489833370698526 2520
-0.2413742194401048 0.05496252945297155 2521
-0.2413744004623521 0.05503956434815509 2522
-0.2413746176890487 0.05513200622237535 2523
-0.2413748783610847 0.05524293647143966 2524
-0.2413751911675279 0.05537605277031683 2525
-0.2413755665352597 0.05553579232896944 2526
-0.2413760169765378 0.05572747979935257 2527
-0.2413765575060716 0.05595750476381232 2528
-0.2413772061415122 0.05623353472116402 2529
-0.2413779845040409 0.05656477066998606 2530
-0.2413789185390753 0.05696225380857251 2531
-0.2413800393811166 0.05743923357487626 2532
-0.2413813843915662 0.05801160929444074 2533
-0.2413829984041057 0.05869846015791813 2534
-0.2413849352191531 0.05952268119409099 2535
-0.2413872593972099 0.06051174643749843 2536
-0.2413900484108781 0.06169862472958736 2537
-0.24139339522728 0.06312287868009407 2538
-0.2413974114069622 0.06483198342070212 2539
-0.2414022308225809 0.06688290910943179 2540
-0.2414080141213233 0.06934401993590739 2541
-0.2414149540798142 0.0722973529276781 2542
0.293629024995099 -0.0397186726964454 2543
0.2936295823354788 -0.03972464675467253 2544
0.2936302511439344 -0.03973181562454509 2545
0.2936310537140813 -0.03974041826839215 2546
0.2936320167982574 -0.03975074144100862 2547
0.2936331724992688 -0.0397631292481484 2548
0.2936345593404825 -0.03977799461671613 2549
0.293636223549939 -0.0397958330589974 2550
0.2936382206012867 -0.03981723918973493 2551
0.293640617062904 -0.03984292654661997 2552
0.2936434928168447 -0.03987375137488201 2553
0.2936469437215735 -0.03991074116879646 2554
0.2936510848072481 -0.0399551289214938 2555
0.2936560541100577 -0.0400083942247306 2556
0.2936620172734291 -0.04007231258861477 2557
0.2936691730694749 -0.04014901462527578 2558
0.2936777600247298 -0.04024105706926898 2559
0.2936880643710356 -0.04035150800206082 2560
0.2937004295866027 -0.04048404912141104 2561
0.2937152678452831 -0.04064309846463129 2562
0.2937330737556997 -0.04083395767649561 2563
0.2937544408481996 -0.04106298873073277 2564
0.2937800813591994 -0.04133782599581738 2565
0.2938108499723992 -0.0416676307139189 2566
0.2938477723082389 -0.04206339637564073 2567
0.2938920791112467 -0.04253831516970693 2568
0.2939452472748559 -0.04310821772258636 2569
0.2940090490711871 -0.04379210078604168 2570
0.2940856112267844 -0.04461276046218807 2571
0.2941774858135012 -0.04559755207356372 2572
0.2942877353175614 -0.04677930200721452 2573
0.2944200347224336 -0.04819740192759547 2574
0.2945787940082802 -0.04989912183205261 2575
0.2947693051512962 -0.05194118571740118 2576
0.2949979185229153 -0.05439166237981947 2577
0.2952722545688583 -0.0573322343747214 2578
0.2932661487622535 0.01215989826641169 2579
0.2932669133113002 0.01216584935578719 2580
0.2932678307701562 0.01217299066303779 2581
0.2932689317207835 0.01218156023173851 2582
0.2932702528615362 0.01219184371417937 2583
0.2932718382304394 0.01220418389310841 2584
0.2932737406731233 0.01221899210782326 2585
0.293276023604344 0.01223676196548107 2586
0.2932787631218087 0.01225808579467045 2587
0.2932820505427665 0.0122836743896977 2588
0.2932859954479158 0.0123143807037304 2589
0.2932907293340949 0.01235122828056964 2590
0.2932964099975099 0.01239544537277673 2591
0.2933032267936079 0.01244850588342524 2592
0.2933114069489255 0.01251217849620345 2593
0.2933212231353066 0.01258858563153731 2594
0.2933330025589639 0.01268027419393793 2595
0.2933471378673527 0.01279030046881868 2596
0.2933641002374193 0.01292233199867558 2597
0.2933844550814991 0.01308076983450386 2598
0.2934088808943949 0.01327089523749779 2599
0.2934381918698699 0.01349904572109051 2600
0.2934733650404399 0.01377282630140177 2601
0.2935155728451238 0.01410136299777529 2602
0.2935662222107446 0.01449560703342351 2603
0.2936270014494895 0.01496869987620138 2604
0.2936999365359834 0.01553641128753482 2605
0.2937874586397761 0.01621766498113494 2606
0.2938924851643273 0.01703516941345509 2607
0.2940185169937888 0.01801617473223927 2608
0.2941697551891425 0.01919338111478029 2609
0.294351241023567 0.02060602877382951 2610
0.2945690240248764 0.02230120596468858 2611
0.2948303636264477 0.02433541859371945 2612
0.2951439711483332 0.0267764737485565 2613
0.2955203001745959 0.02970573993436097 2614
0.4851427360049252 -0.01926357006671305 2615
0.4851434599847858 -0.01926952622765459 2616
0.4851443287606184 -0.01927667362078444 2617
0.4851453712916176 -0.01928525049254026 2618
0.4851466223288166 -0.01929554273864724 2619
0.4851481235734553 -0.01930789343397563 2620
0.4851499250670219 -0.01932271426836968 2621
0.4851520868593018 -0.01934049926964255 2622
0.4851546810100376 -0.01936184127116999 2623
0.4851577939909206 -0.01938745167300292 2624
0.4851615295679803 -0.01941818415520243 2625
0.4851660122604518 -0.01945506313384185 2626
0.4851713914914177 -0.01949931790820915 2627
0.4851778465685767 -0.01955242363744991 2628
0.4851855926611676 -0.01961615051253883 2629
0.4851948879722766 -0.01969262276264552 2630
0.4852060423456073 -0.01978438946277356 2631
0.4852194275936043 -0.0198945095029272 2632
0.4852354898912007 -0.02002665355111157 2633
0.4852547646483163 -0.02018522640893282 2634
0.485277894356855 -0.02037551383831831 2635
0.4853056500071016 -0.0206038587535809 2636
0.4853389567873974 -0.02087787265189602 2637
0.4853789249237523 -0.02120668932987415 2638
0.4854268866873783 -0.02160126934344791 2639
0.4854844408037294 -0.02207476535973642 2640
0.4855535057433508 -0.02264296057928264 2641
0.4856363836708965 -0.02332479484273809 2642
0.4857358371839513 -0.02414299595888464 2643
0.485855181399617 -0.0251248372982605 2644
0.4859983944584159 -0.02630304690551153 2645
0.4861702501289746 -0.02771689843421277 2646
0.4863764769336451 -0.02941352026865426 2647
0.4866239490992496 -0.03144946646998403 2648
0.4869209156979749 -0.03389260191157978 2649
0.4872772756164454 -0.03682436444149466 2650
-0.1221658588848778 0.05160413934087056 2651
-0.1221655685998154 0.05161013231463844 2652
-0.1221652202577405 0.05161732388315991 2653
-0.1221648022472507 0.05162595376538566 2654
-0.1221643006346629 0.05163630962405657 2655
-0.1221636986995575 0.05164873665446165 2656
-0.1221629763774311 0.05166364909094776 2657
-0.1221621095908793 0.05168154401473108 2658
-0.1221610694470173 0.05170301792327107 2659
-0.1221598212743828 0.05172878661351905 2660
-0.1221583234672214 0.05175970904181663 2661
-0.1221565260986277 0.05179681595577373 2662
-0.1221543692563154 0.05184134425252226 2663
-0.1221517810455405 0.05189477820862048 2664
-0.1221486751926106 0.05195889895593835 2665
-0.1221449481690948 0.0520358438527198 2666
-0.1221404757408759 0.05212817772885752 2667
-0.1221351088270131 0.0522389783802228 2668
-0.1221286685303778 0.05237193916186113 2669
-0.1221209401744154 0.05253149209982713 2670
-0.1221116661472605 0.05272295562538633 2671
-0.1221005373146747 0.05295271185605737 2672
-0.1220871827155717 0.05322841933286262 2673
-0.1220711571966481 0.05355926830502891 2674
-0.1220519265739398 0.05395628707162847 2675
-0.1220288498266898 0.05443270959154793 2676
-0.1220011577299899 0.05500441661545129 2677
-0.1219679272139499 0.05569046504413533 2678
-0.1219280505947019 0.05651372315855616 2679
-0.1218801986516044 0.05750163289586117 2680
-0.1218227763198873 0.05868712458062717 2681
-0.1217538695218268 0.06010971460234638 2682
-0.1216711813641543 0.06181682262840943 2683
-0.1215719555749472 0.06386535225968509 2684
-0.1214528846278987 0.06632358781721588 2685
-0.1213099994914405 0.06927347048625282 2686
0.367353952506055 -0.03247283293776512 2687
0.3673545693538471 -0.03247880114510078 2688
0.3673553095711976 -0.03248596299390358 2689
0.3673561978320181 -0.03249455721246693 2690
0.3673572637450028 -0.03250487027474295 2691
0.3673585428405843 -0.03251724594947418 2692
0.3673600777552823 -0.03253209675915165 2693
0.3673619196529198 -0.03254991773076462 2694
0.3673641299300848 -0.03257130289670018 2695
0.3673667822626828 -0.03259696509582286 2696
0.3673699650618004 -0.03262775973477006 2697
0.3673737844207415 -0.03266471330150671 2698
0.3673783676514708 -0.03270905758159069 2699
0.367383867528346 -0.03276227071769146 2700
0.3673904673805963 -0.03282612648101239 2701
0.3673983872032966 -0.03290275339699751 2702
0.3674078909905369 -0.03299470569617965 2703
0.3674192955352254 -0.03310504845519822 2704
0.3674329809888515 -0.03323745976602049 2705
0.3674494035332028 -0.03339635333900724 2706
0.3674691105864245 -0.03358702562659131 2707
0.3674927590502904 -0.03381583237169222 2708
0.3675211372069295 -0.0340904004658133 2709
0.3675551909948965 -0.0344198821787586 2710
0.3675960555404568 -0.03481526023429295 2711
0.3676450929951293 -0.03528971390093417 2712
0.3677039379407361 -0.03585905830090365 2713
0.3677745518754644 -0.03654227158086702 2714
0.3678592885971383 -0.03736212751682306 2715
0.367960972663147 -0.0383459546399703 2716
0.3680829935423575 -0.039526547187747 2717
0.36822941859741 -0.04094325824507904 2718
0.3684051286634731 -0.04264331151387748 2719
0.3686159807427488 -0.04468337543643561 2720
0.3688690032378796 -0.04713145214350537 2721
0.3691726302320366 -0.05006914419198909 2722
0.4556604588742882 -0.01055984865445635 2723
0.4556613613850481 -0.01055391691994373 2724
0.4556624443979601 -0.01054679883852858 2725
0.4556637440134544 -0.01053825714083041 2726
0.4556653035520475 -0.01052800710359261 2727
0.4556671749983594 -0.01051570705890724 2728
0.4556694207339336 -0.0105009470052848 2729
0.4556721156166226 -0.01048323494093788 2730
0.4556753494758494 -0.01046198046372156 2731
0.4556792301069216 -0.01043647509106199 2732
0.4556838868642082 -0.0104058686438705 2733
0.4556894749729521 -0.01036914090724071 2734
0.4556961807034448 -0.01032506762328497 2735
0.4557042275800361 -0.01027217968253807 2736
0.4557138838319456 -0.0102087141536418 2737
0.455725471334237 -0.01013255551896627 2738
0.4557393763369867 -0.01004116515735564 2739
0.4557560623402864 -0.00993149672342288 2740
0.455776085544246 -0.009799894602703569 2741
0.4558001133889975 -0.009641972057840394 2742
0.4558289468026993 -0.009452465004004587 2743
0.4558635468991414 -0.009225056539401616 2744
0.455905067014872 -0.008952166381878053 2745
0.4559548911537488 -0.008624698192849774 2746
0.4560146801204008 -0.008231736366015843 2747
0.4560864268803833 -0.007760182173815124 2748
0.4561725229923622 -0.007194317143174261 2749
0.456275838326737 -0.006515279106405225 2750
0.4563998167279866 -0.005700433462282384 2751
0.4565485908094863 -0.004722618689334973 2752
0.4567271197072859 -0.003549240961798081 2753
0.4569413543846453 -0.00214118768875381 2754
0.4571984359974767 -0.0004515237611006865 2755
0.4575069339328743 0.001576072952083065 2756
0.4578771314553515 0.004009189007903565 2757
0.4583213684823241 0.006928928274888163 2758
-0.00190479362036856 -0.06095599354666664 2759
-0.001904515861449176 -0.06096198711405031 2760
-0.001904182550745916 -0.06096917939491073 2761
-0.001903782577902004 -0.06097781013194323 2762
-0.001903302610489309 -0.06098816701638222 2763
-0.001902726649594075 -0.06100059527770902 2764
-0.001902035496519794 -0.06101550919130118 2765
-0.001901206112830657 -0.06103340588761176 2766
-0.001900210852403693 -0.06105488192318447 2767
-0.001899016539891336 -0.06108065316587172 2768
-0.001897583364876507 -0.06111157865709641 2769
-0.001895863554858713 -0.06114868924656604 2770
-0.00189379978283736 -0.06119322195392961 2771
-0.001891323256411736 -0.06124666120276588 2772
-0.001888351424700988 -0.06131078830136941 2773
-0.00188478522664809 -0.06138774081969365 2774
-0.001880505788984612 -0.06148008384168273 2775
-0.001875370463788439 -0.06159089546806963 2776
-0.001869208073553031 -0.06172386941973391 2777
-0.001861813205270541 -0.06188343816173104 2778
-0.001852939363331554 -0.0620749206521276 2779
-0.001842290753004769 -0.06230469964060347 2780
-0.001829512420612627 -0.06258043442677452 2781
-0.001814178421742056 -0.06291131617017978 2782
-0.001795777623097372 -0.06330837426226608 2783
-0.001773696664723751 -0.06378484397276965 2784
-0.001747199514675405 -0.06435660762537394 2785
-0.001715402934617391 -0.06504272400849909 2786
-0.001677247038547773 -0.06586606366824925 2787
-0.001631459963264232 -0.06685407125994945 2788
-0.001576515472923983 -0.0680396803699897 2789
-0.001510582084515684 -0.06946241130203799 2790
-0.001431462018425725 -0.07116968842049594 2791
-0.001336517939117774 -0.07321842096264548 2792
-0.001222585043948233 -0.07567690001322493 2793
-0.001085865569744784 -0.07862707487392026 2794
0.2493611148091684 -0.04371802050926938 2795
0.2493616371057506 -0.0437239977332304 2796
0.2493622638616492 -0.04373117040198363 2797
0.2493630159687276 -0.0437397776044875 2798
0.2493639184972216 -0.04375010624749215 2799
0.2493650015314144 -0.04376250061909773 2800
0.2493663011724458 -0.04377737386502442 2801
0.2493678607416835 -0.04379522176013646 2802
0.2493697322247687 -0.04381663923427089 2803
0.249371978004471 -0.04384234020323222 2804
0.2493746729401137 -0.04387318136598581 2805
0.2493779068628849 -0.04391019076129012 2806
0.2493817875702104 -0.04395460203565529 2807
0.249386444419001 -0.0440078955648935 2808
0.2493920326375497 -0.04407184779997934 2809
0.2493987384998082 -0.04414859048208236 2810
0.2494067855345184 -0.04424068170060599 2811
0.2494164419761705 -0.04435119116283433 2812
0.2494280297061532 -0.04448380251750834 2813
0.2494419349821324 -0.04464293614311716 2814
0.2494586213133073 -0.04483389649384774 2815
0.2494786449107173 -0.04506304891472443 2816
0.2495026732276093 -0.04533803181977646 2817
0.2495315072078797 -0.0456680113058389 2818
0.2495661079842041 -0.04606398668911384 2819
0.2496076289157935 -0.04653915714904375 2820
0.2496574540337007 -0.04710936170095965 2821
0.2497172441751893 -0.04779360716325873 2822
0.2497889923449757 -0.04861470171801762 2823
0.2498750901487193 -0.04960001518372829 2824
0.2499784075132117 -0.0507823913425811 2825
0.2501023883506026 -0.05220124273320446 2826
0.2502511653554716 -0.0539038644019525 2827
0.2504296977613145 -0.05594701040445015 2828
0.2506439366483259 -0.05839878560744732 2829
0.2509010233127396 -0.06134091585104394 2830
-0.3307598311376899 0.05184205087085043 2831
-0.3307602209825428 0.05184803819253802 2832
-0.3307606887963663 0.05185522297856313 2833
-0.3307612501729544 0.05186384472179325 2834
-0.3307619238248602 0.0518741908136694 2835
-0.3307627322071472 0.05188660612392079 2836
-0.3307637022658915 0.05190150449622245 2837
-0.3307648663363847 0.05191938254298445 2838
-0.3307662632209766 0.05194083619909884 2839
-0.3307679394824868 0.05196658058643611 2840
-0.330769950996299 0.05199747385124084 2841
-0.3307723648128738 0.05203454576900651 2842
-0.3307752613927634 0.05207903207032532 2843
-0.330778737288631 0.05213241563190789 2844
-0.3307829083636721 0.05219647590580697 2845
-0.3307879136537214 0.05227334823448587 2846
-0.3307939200017806 0.05236559502890054 2847
-0.3308011276194516 0.05247629118219815 2848
-0.3308097767606568 0.05260912656615529 2849
-0.3308201557301031 0.05276852902690385 2850
-0.3308326104934386 0.05295981197980212 2851
-0.3308475562094412 0.05318935152328005 2852
-0.3308654910686444 0.05346479897545357 2853
-0.3308870128996881 0.05379533591806179 2854
-0.3309128390969407 0.05419198024919165 2855
-0.3309438305336437 0.05466795344654748 2856
-0.3309810202576874 0.05523912128337448 2857
-0.3310256479265398 0.05592452268756688 2858
-0.3310792011291626 0.05674700437259776 2859
-0.33114346497231 0.05773398239463481 2860
-0.331220581584087 0.05891835602107928 2861
-0.3313131215182192 0.06033960437281264 2862
-0.331424169439178 0.06204510239489267 2863
-0.3315574269443284 0.06409170002138871 2864
-0.3317173359505091 0.06654761717318396 2865
-0.3319092267579258 0.06949471775533825 2866
-0.1955410482337356 -0.06479868540785122 2867
-0.1955411309734457 -0.0648046848373358 2868
-0.1955412302610979 -0.06481188415271728 2869
-0.1955413494062804 -0.06482052333117506 2870
-0.1955414923804995 -0.06483089034532441 2871
-0.1955416639495624 -0.06484333076230363 2872
-0.1955418698324378 -0.06485825926267869 2873
-0.1955421168918884 -0.06487617346312874 2874
-0.195542413363229 -0.06489767050366882 2875
-0.1955427691288378 -0.06492346695231692 2876
-0.1955431960475683 -0.06495442269069462 2877
-0.195543708350045 -0.06499156957674788 2878
-0.195544323113017 -0.06503614584001179 2879
-0.1955450608285834 -0.06508963735592847 2880
-0.195545946087263 -0.0651538271750285 2881
-0.1955470083976786 -0.06523085495794853 2882
-0.1955482831701773 -0.06532328829745257 2883
-0.1955498128971757 -0.06543420830485741 2884
-0.1955516485695739 -0.06556731231374321 2885
-0.1955538513764516 -0.0657270371244062 2886
-0.1955564947447049 -0.06591870689720176 2887
-0.1955596667866089 -0.06614871062455643 2888
-0.1955634732368937 -0.06642471509738206 2889
-0.1955680409772354 -0.0667559204647728 2890
-0.1955735222656454 -0.06715336690564169 2891
-0.1955800998117375 -0.06763030263468435 2892
-0.195587992867048 -0.06820262550953556 2893
-0.1955974645334206 -0.06888941295935699 2894
-0.1956088305330677 -0.06971355789914273 2895
-0.1956224697326442 -0.0707025318268856 2896
-0.195638836772136 -0.07188930054017705 2897
-0.1956584772195262 -0.07331342299612678 2898
-0.1956820457563944 -0.07502236994326647 2899
-0.1957103280006363 -0.07707310627983409 2900
-0.1957442666937265 -0.07953398988371524 2901
-0.1957849931254348 -0.0824870502083726 2902
0.3231275996968856 -0.03690816613472873 2903
0.3231281805171887 -0.03691413795587269 2904
0.3231288775015525 -0.03692130414124544 2905
0.323129713882789 -0.03692990356369275 2906
0.3231307175402729 -0.03694022287062951 2907
0.3231319219292535 -0.03695260603895362 2908
0.3231333671960303 -0.03696746584094256 2909
0.3231351015161624 -0.03698529760332928 2910
0.3231371827003209 -0.03700669571819335 2911
0.3231396801213111 -0.03703237345603023 2912
0.3231426770264993 -0.0370631867414345 2913
0.3231462733127253 -0.03710016268391961 2914
0.3231505888561964 -0.03714453381490174 2915
0.3231557675083617 -0.03719777917208031 2916
0.3231619818909601 -0.03726167360069459 2917
0.3231694391500781 -0.03733834691503172 2918
0.3231783878610198 -0.03743035489223627 2919
0.3231891263141498 -0.03754076446488174 2920
0.3232020124579058 -0.0376732559520563 2921
0.3232174758304129 -0.03783224573666578 2922
0.3232360318774216 -0.03802303347819715 2923
0.3232582991338319 -0.03825197876803479 2924
0.3232850198415244 -0.03852671311583996 2925
0.3233170846907553 -0.03885639433320617 2926
0.3233555625098324 -0.03925201179404562 2927
0.3234017358927249 -0.03972675274705295 2928
0.3234571439521959 -0.04029644189066175 2929
0.3235236336235611 -0.04098006886299232 2930
0.3236034212291994 -0.041800421229789 2931
0.3236991663559654 -0.04278484406994501 2932
0.3238140605080844 -0.04396615147813223 2933
0.3239519334906273 -0.04538372036795689 2934
0.3241173810696789 -0.04708480303574648 2935
0.3243159181645407 -0.04912610223709399 2936
0.3245541626783749 -0.051575661278711 2937
0.3248400560949759 -0.05451513212865141 2938
-0.003169581210918261 0.04378611355247661 2939
-0.00316909840732339 0.04379209409598776 2940
-0.003168519043009545 0.04379927074820115 2941
-0.003167823805832931 0.04380788273085721 2942
-0.003166989521220995 0.04381821711004448 2943
-0.003165988379686671 0.0438306183650692 2944
-0.003164787009845482 0.04384549987109887 2945
-0.003163345366036055 0.04386335767833447 2946
-0.003161615393464743 0.0438847870470172 2947
-0.003159539426379169 0.04391050228943646 2948
-0.003157048265876481 0.04394136058033959 2949
-0.003154058873273254 0.04397839052942334 2950
-0.003150471602149381 0.04402282646832383 2951
-0.003146166876800735 0.04407614959500442 2952
-0.003141001206382359 0.04414013734702114 2953
-0.003134802401880308 0.04421692264944119 2954
-0.003127363836477846 0.04430906501234527 2955
-0.003118437557994892 0.04441963584783015 2956
-0.003107726023815348 0.044552320850412 2957
-0.003094872182799894 0.04471154285351023 2958
-0.00307944757358135 0.04490260925722811 2959
-0.003060938042519098 0.04513188894168956 2960
-0.003038726605244394 0.0454070245630433 2961
-0.00301207288051475 0.04573718730866779 2962
-0.002980088410839177 0.04613338260341718 2963
-0.00294170704722849 0.04660881695711645 2964
-0.002895649410895665 0.04717933818155556 2965
-0.002840380247296275 0.0478639636508825 2966
-0.002774057250977007 0.04868551421407483 2967
-0.002694469655393886 0.04967137488990563 2968
-0.002598964540694139 0.05085440770090258 2969
-0.002484358403054445 0.05227404707409893 2970
-0.002346831037886811 0.05397761432193454 2971
-0.00218179819968565 0.05602189501933727 2972
-0.001983758793844257 0.05847503185622056 2973
-0.001746111506834585 0.06141879606048049 2974
-0.10610224125486 -0.06446118272409637 2975
-0.1061021256933431 -0.06446718161112112 2976
-0.1061019870195228 -0.06447438027555083 2977
-0.1061018206109384 -0.06448301867286649 2978
-0.1061016209206372 -0.06449338474964526 2979
-0.1061013812922757 -0.06450582404177981 2980
-0.1061010937382419 -0.06452075119234126 2981
-0.1061007486734014 -0.06453866377301498 2982
-0.1061003345955927 -0.06456015886982347 2983
-0.1060998377022223 -0.06458595298599365 2984
-0.1060992414301778 -0.06461690592539786 2985
-0.1060985259037245 -0.06465404945268291 2986
-0.1060976672719805 -0.06469862168542498 2987
-0.1060966369138876 -0.06475210836471545 2988
-0.1060954004841762 -0.06481629237986403 2989
-0.1060939167685225 -0.06489331319804233 2990
-0.1060921363097381 -0.06498573817985627 2991
-0.1060899997591968 -0.06509664815803301 2992
-0.1060874358985472 -0.0652297401318451 2993
-0.1060843592657677 -0.0653894505004196 2994
-0.1060806673064324 -0.065581102942709 2995
-0.1060762369552299 -0.06581108587345628 2996
-0.106070920533787 -0.06608706539035303 2997
-0.1060645408280554 -0.06641824081062911 2998
-0.1060568851811776 -0.06681565131496042 2999
-0.1060476984049242 -0.06729254392015799 3000
-0.1060366742734201 -0.06786481504639506 3001
-0.1060234453156152 -0.06855154039787957 3002
-0.1060075705662493 -0.06937561081966097 3003
-0.1059885208670102 -0.07036449532579864 3004
-0.1059656612279233 -0.07155115673316385 3005
-0.105938229661019 -0.0729751504220021 3006
-0.1059053117807339 -0.07468394284860801 3007
-0.1058658103243918 -0.07673449376053509 3008
-0.1058184085767812 -0.0791951548548476 3009
-0.1057615264796485 -0.08214794816802259 3010
0.4703954266564574 -0.01281951564890931 3011
0.4703963433933281 -0.01281358609635368 3012
0.4703974434775729 -0.01280647063328692 3013
0.4703987635786666 -0.01279793207760682 3014
0.4704003476999791 -0.01278768581079069 3015
0.4704022486455541 -0.01277539029061134 3016
0.4704045297802442 -0.01276063566639611 3017
0.4704072671418721 -0.01274293011733784 3018
0.4704105519758258 -0.01272168345846792 3019
0.4704144937765701 -0.01269618746782402 3020
0.4704192239374633 -0.01266559227905133 3021
0.4704249001305351 -0.0126288780525241 3022
0.4704317115622213 -0.01258482098069143 3023
0.4704398852802447 -0.01253195249449223 3024
0.4704496937418728 -0.01246851031105318 3025
0.4704614638958265 -0.01239237969092633 3026
0.470475588080571 -0.0123010229467741 3027
0.4704925371022644 -0.01219139485379143 3028
0.4705128759282965 -0.01205984114221222 3029
0.470537282519535 -0.01190197668831717 3030
0.4705665704290211 -0.01171253934364312 3031
0.4706017159204046 -0.01148521453003425 3032
0.4706438905100646 -0.01121242475370361 3033
0.4706945000176567 -0.01088507702210684 3034
0.4707552314267672 -0.01049225974419072 3035
0.4708281091176998 -0.01002087901069137 3036
0.470915562346819 -0.009455222130492155 3037
0.4710205062217619 -0.008776433874253094 3038
0.4711464388716936 -0.00796188796676622 3039
0.4712975580516114 -0.006984432877781974 3040
0.4714789010675129 -0.005811486771000878 3041
0.4716965126865946 -0.004403951442863561 3042
0.4719576466294927 -0.002714909049098784 3043
0.4722710073609704 -0.0006880581765810485 3044
0.4726470402387437 0.001744162870440233 3045
0.4730982796920716 0.00466282812686577 3046
-0.1668502747771055 0.05341906631785586 3047
-0.1668500813592842 0.05342506319950772 3048
-0.1668498492578986 0.05343225945748994 3049
-0.1668495707362359 0.05344089496706862 3050
-0.1668492365102406 0.05345125757856303 3051
-0.1668488354390463 0.05346369271235633 3052
-0.1668483541536131 0.05347861487290828 3053
-0.1668477766110933 0.05349652146557062 3054
-0.1668470835600696 0.05351800937676543 3055
-0.1668462518988411 0.0535437948701992 3056
-0.1668452539053669 0.05357473746231973 3057
-0.1668440563131978 0.05361186857286437 3058
-0.166842619202595 0.05365642590551793 3059
-0.1668408946698715 0.05370989470470219 3060
-0.1668388252306034 0.05377405726372332 3061
-0.1668363419034817 0.05385105233454867 3062
-0.1668333619109356 0.05394344641953909 3063
-0.1668297859198803 0.05405431932152759 3064
-0.1668254947306139 0.0541873668039138 3065
-0.1668203453034943 0.05434702378277725 3066
-0.1668141659909507 0.05453861215741338 3067
-0.1668067508158985 0.05476851820697674 3068
-0.1667978526058357 0.05504440546645278 3069
-0.1667871747537605 0.05537547017782402 3070
-0.1667743613312701 0.05577274783146951 3071
-0.1667589852242817 0.05624948101584409 3072
-0.1667405338958956 0.0568215608370936 3073
-0.1667183923018323 0.05750805662259301 3074
-0.1666918223889564 0.05833185156519229 3075
-0.1666599384935052 0.05932040549631144 3076
-0.1666216778189638 0.06050667021365441 3077
-0.1665757650095142 0.06193018787446598 3078
-0.1665206696381746 0.06363840906743987 3079
-0.1664545551925671 0.06568827449900852 3080
-0.1663752178578381 0.06814811301689092 3081
-0.1662800130561633 0.07109991923834978 3082
0.219836422175409 -0.04623939324963476 3083
0.2198369207752886 -0.04624537249692519 3084
0.2198375190951441 -0.04625254759367371 3085
0.2198382370789706 -0.04626115770977192 3086
0.2198390986595625 -0.04627148984908978 3087
0.2198401325562728 -0.04628388841627121 3088
0.2198413732323251 -0.04629876669688893 3089
0.2198428620435879 -0.0463166206336302 3090
0.2198446486171032 -0.04633804535771972 3091
0.2198467925053216 -0.04636375502662714 3092
0.2198493651711836 -0.04639460662931604 3093
0.2198524523702181 -0.04643162855254273 3094
0.2198561570090595 -0.04647605486041475 3095
0.2198606025756691 -0.04652936642986118 3096
0.2198659372556007 -0.04659334031319689 3097
0.2198723388715186 -0.04667010897319974 3098
0.2198800208106201 -0.04676223136520317 3099
0.2198892391375419 -0.04687277823560728 3100
0.219900301129848 -0.04700543448009221 3101
0.2199135755206154 -0.04716462197347414 3102
0.2199295047895362 -0.04735564696553244 3103
0.2199486199122412 -0.0475848769560024 3104
0.2199715580594872 -0.04785995294456636 3105
0.2199990838361824 -0.04819004413084311 3106
0.2200321147682166 -0.04858615355437521 3107
0.2200717518866576 -0.04906148486261373 3108
0.2201193164287869 -0.04963188243249995 3109
0.2201763938793421 -0.05031635951636342 3110
0.2202448868200083 -0.05113773201699958 3111
0.2203270783488077 -0.05212337901776297 3112
0.220425708183367 -0.05330615541867904 3113
0.2205440639848381 -0.05472548709977833 3114
0.2206860909466035 -0.05642868511709747 3115
0.2208565233007219 -0.05847252273788044 3116
0.221061042125664 -0.06092512788282 3117
0.2213064647155946 -0.06386825405674748 3118
-0.3294976057002859 -0.05802992640984916 3119
-0.3294981875621849 -0.05803589812959564 3120
-0.3294988857964637 -0.05804306419329142 3121
-0.3294997236775982 -0.05805166346972635 3122
-0.3295007291349596 -0.05806198260144827 3123
-0.3295019356837934 -0.05807436555951458 3124
-0.3295033835423939 -0.05808922510919413 3125
-0.3295051209727144 -0.05810705656880961 3126
-0.3295072058890992 -0.05812845432034818 3127
-0.3295097077887608 -0.05815413162219447 3128
-0.3295127100683548 -0.05818494438441001 3129
-0.3295163128038675 -0.05822191969906866 3130
-0.3295206360864828 -0.05826629007665905 3131
-0.3295258240256212 -0.0583195345297675 3132
-0.3295320495525872 -0.05838342787349765 3133
-0.3295395201849465 -0.05846009988597382 3134
-0.3295484849437776 -0.05855210630094524 3135
-0.3295592426543749 -0.05866251399891093 3136
-0.3295721519070917 -0.05879500323646977 3137
-0.3295876430103518 -0.05895399032154038 3138
-0.3296062323342639 -0.0591447748236251 3139
-0.3296285395229586 -0.05937371622612676 3140
-0.3296553081493921 -0.05964844590912877 3141
-0.3296874305011123 -0.05997812152873117 3142
-0.3297259773231765 -0.06037373227225405 3143
-0.3297722335096537 -0.06084846516448151 3144
-0.3298277409334262 -0.06141814463515446 3145
-0.3298943498419533 -0.062101759999962 3146
-0.3299742805321857 -0.06292209843773104 3147
-0.3300701973604647 -0.0639065045630539 3148
-0.3301852975543994 -0.06508779191344133 3149
-0.3303234177871211 -0.06650533673390624 3150
-0.3304891620663871 -0.06820639051846414 3151
-0.3306880552015063 -0.07024765505993362 3152
-0.3309267269636494 -0.072697172509697 3153
-0.3312131330782211 -0.07563659344941304 3154
0.1903018646290751 -0.04864244829993637 3155
0.190302338925052 -0.04864842952416944 3156
0.1903029080802242 -0.04865560699324913 3157
0.190303591066431 -0.04866421995614475 3158
0.190304410649879 -0.0486745555116195 3159
0.1903053941500167 -0.0486869581781892 3160
0.1903065743501819 -0.04870184137807284 3161
0.1903079905903802 -0.04871970121793321 3162
0.1903096900786181 -0.04874113302576565 3163
0.1903117294645037 -0.04876685119516459 3164
0.1903141767275663 -0.0487977129984433 3165
0.1903171134432414 -0.04883474716237776 3166
0.1903206375020516 -0.04887918815909911 3167
0.1903248663726238 -0.04893251735516474 3168
0.1903299410173104 -0.04899651239044348 3169
0.1903360305909344 -0.04907330643277798 3170
0.1903433380792832 -0.04916545928357938 3171
0.1903521070653017 -0.04927604270454106 3172
0.1903626298485239 -0.04940874280969507 3173
0.1903752571883905 -0.04956798293587988 3174
0.1903904099962305 -0.04975907108730165 3175
0.1904085933656385 -0.04998837686900778 3176
0.1904304134089281 -0.05026354380705514 3177
0.1904565974608756 -0.05059374413271197 3178
0.1904880183232126 -0.05098998452350016 3179
0.190525723358017 -0.05146547299244599 3180
0.1905709693997823 -0.05203605915518099 3181
0.1906252646499007 -0.05272076255046299 3182
0.1906904189500427 -0.05354240662480139 3183
0.1907686041102131 -0.05452837951400746 3184
0.1908624263024176 -0.05571154698105476 3185
0.190975012933063 -0.05713134794151151 3186
0.1911101168898375 -0.05883510909405961 3187
0.1912722416379669 -0.06087962247711733 3188
0.1914667913357221 -0.0633330385367866 3189
0.1917002509730285 -0.06627713780838972 3190
-0.1370573747554862 0.05228844407287933 3191
-0.1370571149038607 0.05229443844333274 3192
-0.1370568030819101 0.05230163168787683 3193
-0.1370564288955693 0.05231026358132974 3194
-0.1370559798719605 0.05232062185347324 3195
-0.1370554410436298 0.05233305178004543 3196
-0.1370547944496331 0.05234796769193206 3197
-0.1370540185368369 0.05236586678619602 3198
-0.1370530874414816 0.05238734569931277 3199
-0.1370519701270552 0.05241312039505287 3200
-0.1370506293497435 0.05244405002994099 3201
-0.1370490204169694 0.05248116559180672 3202
-0.1370470896976406 0.05252570426604562 3203
-0.137044772834446 0.05257915067513229 3204
-0.1370419925986124 0.05264328636603629 3205
-0.1370386563156122 0.05272024919512109 3206
-0.1370346527760119 0.05281260459002286 3207
-0.1370298485284915 0.05292343106390497 3208
-0.1370240834314671 0.05305642283256351 3209
-0.1370171653150378 0.05321601295495375 3210
-0.1370088635753226 0.05340752110182205 3211
-0.1369989014876644 0.053637330878064 3212
-0.1369869469824745 0.05391310260955435 3213
-0.1369726015762466 0.05424402868734276 3214
-0.1369553870887733 0.05464113998068885 3215
-0.1369347297038052 0.05511767353270417 3216
-0.1369099408418434 0.05568951379512255 3217
-0.1368801942074894 0.0563757221100246 3218
-0.1368444982462645 0.05719917208790707 3219
-0.1368016630927947 0.05818731206136603 3220
-0.1367502609086309 0.05937308002951678 3221
-0.1366885782876344 0.06079600159129768 3222
-0.1366145591424385 0.06250350746543476 3223
-0.1365257361682035 0.06455251451439925 3224
-0.1364191485991214 0.06701132297315665 3225
-0.136291243516223 0.06996189312366552 3226
-0.3443246908559052 -0.05648676830440474 3227
-0.3443253559789978 -0.05649273132471929 3228
-0.3443261541267089 -0.05649988694909674 3229
-0.3443271119039623 -0.05650847369834969 3230
-0.3443282612366663 -0.05651877779745323 3231
-0.3443296404359111 -0.05653114271637747 3232
-0.3443312954750049 -0.05654598061908656 3233
-0.3443332815219174 -0.05656378610233747 3234
-0.3443356647782124 -0.05658515268223856 3235
-0.3443385246857665 -0.05661079257811988 3236
-0.3443419565748313 -0.05664156045317745 3237
-0.3443460748417091 -0.05667848190324654 3238
-0.3443510167619625 -0.05672278764332944 3239
-0.3443569470662666 -0.05677595453142893 3240
-0.3443640634314314 -0.05683975479714832 3241
-0.3443726030696292 -0.05691631511601158 3242
-0.3443828506354666 -0.05700818749864749 3243
-0.3443951477144716 -0.05711843435781059 3244
-0.3444099042092774 -0.0572507305888063 3245
-0.3444276120030444 -0.05740948606600116 3246
-0.3444488613555649 -0.05759999263863499 3247
-0.3444743605785894 -0.05782860052579559 3248
-0.3445049596462189 -0.0581029299903883 3249
-0.3445416785273742 -0.05843212534789956 3250
-0.3445857411847606 -0.05882715977691307 3251
-0.3446386163736243 -0.05930120109172929 3252
-0.3447020666002607 -0.05987005066950875 3253
-0.3447782068722244 -0.0605526701628441 3254
-0.3448695751985808 -0.06137181355484651 3255
-0.3449792171902085 -0.06235478562524941 3256
-0.3451107875801618 -0.06353435210973289 3257
-0.3452686720481057 -0.06494983189111306 3258
-0.3454581334096384 -0.06664840762876928 3259
-0.3456854870434776 -0.06868669851395673 3260
-0.3459583114040847 -0.07113264757618168 3261
-0.3462857006368132 -0.0740677864508516 3262
-0.1806346411572419 -0.0649551100654213 3263
-0.1806346857161541 -0.06496110989996097 3264
-0.1806347391868487 -0.06496830970140857 3265
-0.1806348033516823 -0.06497694946314568 3266
-0.1806348803494826 -0.06498731717723022 3267
-0.180634972746843 -0.06499975843413167 3268
-0.1806350836236754 -0.0650146879424134 3269
-0.1806352166758743 -0.06503260335235149 3270
-0.180635376338513 -0.06505410184427719 3271
-0.1806355679336794 -0.06507990003458802 3272
-0.1806357978478791 -0.06511085786296104 3273
-0.1806360737449187 -0.06514800725700864 3274
-0.1806364048213662 -0.06519258652986579 3275
-0.1806368021131033 -0.06524608165729434 3276
-0.1806372788631878 -0.06531027581020861 3277
-0.1806378509632892 -0.06538730879370573 3278
-0.1806385374834108 -0.06547974837390229 3279
-0.1806393613075568 -0.06559067587013814 3280
-0.180640349896532 -0.06572378886562118 3281
-0.1806415362033022 -0.06588352446020081 3282
-0.1806429597714265 -0.06607520717369637 3283
-0.1806446680531756 -0.06630522642989105 3284
-0.1806467179912745 -0.06658124953732467 3285
-0.1806491779169933 -0.066912477266245 3286
-0.1806521298278558 -0.0673099505409494 3287
-0.1806556721208907 -0.06778691847059469 3288
-0.1806599228725327 -0.06835927998616903 3289
-0.1806650237745031 -0.06904611380485823 3290
-0.1806711448568675 -0.06987031438728529 3291
-0.1806784901557048 -0.07085935508619774 3292
-0.1806873045143096 -0.07204620392489269 3293
-0.1806978817446353 -0.07347042253132663 3294
-0.1807105744210262 -0.07517948485904737 3295
-0.1807258056326953 -0.07723035965231224 3296
-0.1807440830866982 -0.0796914094042301 3297
-0.1807660160315016 -0.08264466910653151 3298
-0.2264661829044961 0.05458200560816875 3299
-0.2264661498089139 0.05458800551689159 3300
-0.2264661100942152 0.054595205407359 3301
-0.2264660624365769 0.0546038452759199 3302
-0.2264660052474108 0.05461421311819297 3303
-0.2264659366204116 0.05462665452892065 3304
-0.2264658542680124 0.05464158422179387 3305
-0.2264657554451335 0.05465949985324174 3306
-0.2264656368576788 0.05468099861097919 3307
-0.2264654945527331 0.05470679712026411 3308
-0.2264653237867983 0.05473775533140603 3309
-0.2264651188676765 0.05477490518477632 3310
-0.2264648729647304 0.05481948500882068 3311
-0.226464577881195 0.05487298079767391 3312
-0.2264642237809526 0.05493717574429779 3313
-0.2264637988606617 0.05501420968024644 3314
-0.2264632889563126 0.05510665040338482 3315
-0.2264626770710937 0.05521757927115087 3316
-0.226461942808831 0.05535069391247014 3317
-0.2264610616941157 0.05551043148205326 3318
-0.2264600043564574 0.055702116565553 3319
-0.2264587355512675 0.05593213866575269 3320
-0.2264572129850396 0.05620816518599232 3321
-0.2264553859055661 0.05653939701027988 3322
-0.2264531934101979 0.05693687519942495 3323
-0.226450562415756 0.05741384902639902 3324
-0.2264474052224258 0.05798621761876793 3325
-0.2264436165904295 0.0586730599296106 3326
-0.226439070232034 0.05949727070262181 3327
-0.2264336146019593 0.06048632363023526 3328
-0.2264270678458698 0.06167318714337141 3329
-0.2264192117385623 0.06309742335913478 3330
-0.2264097844097933 0.06480650681805084 3331
-0.2263984716152706 0.06685740696875009 3332
-0.2263848962618433 0.0693184871495892 3333
-0.2263686058377305 0.07227178336659612 3334
0.3966696466736365 -0.001861010473308221 3335
0.3966704958018677 -0.001855070862104865 3336
0.3966715147557451 -0.001847943328660838 3337
0.3966727375003979 -0.001839390288528006 3338
0.3966742047939814 -0.001829126640368608 3339
0.3966759655462816 -0.00181681026257733 3340
0.3966780784490418 -0.001802030609227796 3341
0.396680613932354 -0.001784295025208355 3342
0.3966836565123287 -0.001763012324385026 3343
0.3966873076082983 -0.001737473083397032 3344
0.3966916889234618 -0.001706825994211439 3345
0.396696946501658 -0.001670049487188727 3346
0.3967032555954935 -0.001625917678761472 3347
0.3967108265080961 -0.001572959508648767 3348
0.3967199116032192 -0.001509409704513521 3349
0.3967308137173669 -0.001433149939551225 3350
0.3967438962543441 -0.00134163822159647 3351
0.3967595952987168 -0.001231824160050765 3352
0.3967784341519641 -0.001100047286195918 3353
0.3968010407758608 -0.0009419150375701022 3354
0.3968281687245368 -0.000752156339219123 3355
0.3968607222629481 -0.0005244459011979478 3356
0.3968997865090415 -0.0002511933755725377 3357
0.3969466636043537 7.670965517795432e-05 3358
0.3970029161187283 0.0004701932920785448 3359
0.3970704191359778 0.0009423736563592537 3360
0.3971514227566773 0.001508990093496104 3361
0.3972486271015166 0.002188929818060324 3362
0.3973652723153238 0.003004857487537389 3363
0.3975052465718924 0.003983970690909866 3364
0.3976732156797748 0.005158906534956839 3365
0.3978747786092336 0.006568829547813206 3366
0.3981166541245842 0.008260737163240847 3367
0.3984069047430049 0.01029102630175401 3368
0.3987552054851097 0.01272737326796982 3369
0.3991731663756356 0.01565098962742878 3370
0.2788756654579924 -0.04108057569660998 3371
0.2788762111303866 -0.04108655083189198 3372
0.2788768659372597 -0.04109372099423037 3373
0.2788776517055074 -0.04110232518903645 3374
0.2788785946274047 -0.04111265022280374 3375
0.2788797261336813 -0.04112504026332449 3376
0.2788810839412134 -0.04113990831194939 3377
0.2788827133102518 -0.04115774997029927 3378
0.2788846685530979 -0.04117915996031912 3379
0.2788870148445132 -0.04120485194834295 3380
0.2788898303942117 -0.04123568233397154 3381
0.2788932090538497 -0.04127267879672585 3382
0.2788972634454154 -0.04131707455203103 3383
0.2789021287152943 -0.04137034945839723 3384
0.2789079670391489 -0.04143427934603668 3385
0.2789149730277745 -0.04151099521120401 3386
0.2789233802141251 -0.04160305424940482 3387
0.2789334688377459 -0.04171352509524578 3388
0.2789455751860908 -0.04184609011025495 3389
0.2789601028041047 -0.04200516812826594 3390
0.2789775359457214 -0.04219606174987912 3391
0.2789984557156615 -0.04242513409581495 3392
0.2790235594395896 -0.04270002091093793 3393
0.2790536839083032 -0.04302988508908553 3394
0.2790898332707596 -0.04342572210286264 3395
0.2791332125057073 -0.04390072651939516 3396
0.2791852675876445 -0.04447073181923419 3397
0.2792477336859692 -0.04515473817904103 3398
0.2793226930039588 -0.04597554581080925 3399
0.2794126441855463 -0.04696051496893109 3400
0.2795205856034513 -0.04814247795867731 3401
0.2796501153049373 -0.04956083354637277 3402
0.2798055509467205 -0.05126286025160733 3403
0.2799920737168604 -0.05330529229788879 3404
0.2802159010410283 -0.05575621075342656 3405
0.2804844938300297 -0.05869731290007187 3406
0.05623488028601597 0.0386209948941023 3407
0.05623543466464885 0.03862696922790042 3408
0.0562360999190083 0.03863413842845817 3409
0.05623689822423965 0.03864274146912747 3410
0.05623785619051726 0.03865306511793062 3411
0.05623900575005039 0.03866545349649442 3412
0.05624038522149016 0.03868031955077097 3413
0.05624204058721787 0.03869815881590282 3414
0.05624402702609113 0.03871956593406106 3415
0.05624641075273903 0.03874525447585093 3416
0.05624927122471653 0.03877608072599878 3417
0.05625270379108951 0.0388130722261762 3418
0.05625682287073711 0.0388574620263891 3419
0.0562617657663142 0.03891072978664459 3420
0.05626769724100673 0.03897465109895117 3421
0.05627481501063776 0.03905135667371908 3422
0.056283356334195 0.03914340336344056 3423
0.05629360592246368 0.03925385939110633 3424
0.0563059054283861 0.03938640662430526 3425
0.05632066483549301 0.03954546330414398 3426
0.05633837612402129 0.03973633131995043 3427
0.05635962967025523 0.03996537293891819 3428
0.05638513392573596 0.04024022288167949 3429
0.05641573903231283 0.04057004281299305 3430
0.05645246516020509 0.04096582673056932 3431
0.05649653651367578 0.04144076743166086 3432
0.05654942213784062 0.04201069627297069 3433
0.05661288488683843 0.04269461088254249 3434
0.0566890401856358 0.04351530841402866 3435
0.05678042654419265 0.04450014545181205 3436
0.05689009017446086 0.04568194989715213 3437
0.05702168653078272 0.04710011523156022 3438
0.05717960215836895 0.04880191363284993 3439
0.05736910091147242 0.05084407171439758 3440
0.05759649941519659 0.05329466141225476 3441
0.05786937761966558 0.05623536904968338 3442
-0.1657275517241808 -0.06501964381822402 3443
-0.1657275603894118 -0.06502564381196684 3444
-0.165727570787689 -0.0650328438044582 3445
-0.1657275832656217 -0.06504148379544784 3446
-0.1657275982391409 -0.06505185178463543 3447
-0.1657276162073639 -0.06506429337166052 3448
-0.1657276377692316 -0.06507922327609063 3449
-0.1657276636434727 -0.06509713916140676 3450
-0.1657276946925622 -0.06511863822378612 3451
-0.1657277319514695 -0.06514443709864136 3452
-0.1657277766621582 -0.06517539574846763 3453
-0.1657278303149848 -0.06521254612825918 3454
-0.1657278946983766 -0.06525712658400902 3455
-0.1657279719584467 -0.06531062313090882 3456
-0.1657280646705309 -0.0653748189871886 3457
-0.165728175925032 -0.06545185401472432 3458
-0.1657283094304333 -0.06554429604776719 3459
-0.1657284696369148 -0.06565522648741864 3460
-0.1657286618846927 -0.06578834301500038 3461
-0.165728892582026 -0.06594808284809847 3462
-0.1657291694188261 -0.06613977064781616 3463
-0.1657295016229862 -0.0663697960074774 3464
-0.1657299002679783 -0.0666458264390709 3465
-0.1657303786419689 -0.06697706295698308 3466
-0.1657309526907575 -0.06737454677847771 3467
-0.1657316415493038 -0.06785152736427125 3468
-0.1657324681795595 -0.06842390406722351 3469
-0.1657334601358662 -0.06911075611076622 3470
-0.1657346504834344 -0.06993497856301747 3471
-0.1657360789005161 -0.07092404550571897 3472
-0.1657377930010142 -0.07211092583696077 3473
-0.1657398499216119 -0.07353518223445094 3474
-0.1657423182263291 -0.07524428991143914 3475
-0.1657452801919898 -0.07729521912382496 3476
-0.1657488345507827 -0.07975633417868797 3477
-0.1657530997813341 -0.08270967224452357 3478
0.3968227076925722 -0.0293652307677804 3479
0.3968233494968917 -0.02937119634295933 3480
0.3968241196620751 -0.02937835503317404 3481
0.3968250438602953 -0.02938694546143169 3482
0.3968261528981595 -0.02939725397534087 3483
0.3968274837435966 -0.02940962419203189 3484
0.396829080758121 -0.02942446845206112 3485
0.3968309971755503 -0.02944228156409618 3486
0.3968332968764655 -0.02946365729853826 3487
0.3968360565175637 -0.02948930817986876 3488
0.3968393680868815 -0.02952008923746536 3489
0.3968433419700629 -0.02955702650658127 3490
0.3968481106298806 -0.02960135122952037 3491
0.3968538330216618 -0.02965454089704729 3492
0.3968606998917993 -0.02971836849807959 3493
0.3968689401359644 -0.02979496161931835 3494
0.3968788284289623 -0.02988687336480486 3495
0.3968906943805599 -0.02999716745938868 3496
0.396904933522477 -0.03012952037288926 3497
0.3969220204927775 -0.03028834386908996 3498
0.3969425248571382 -0.03047893206453079 3499
0.3969671300943709 -0.03070763789905979 3500
0.3969966563790502 -0.0309820849004946 3501
0.3970320879206654 -0.03131142130221636 3502
0.3970746057706036 -0.03170662498428247 3503
0.3971256271905294 -0.03218086940276181 3504
0.3971868528944403 -0.03274996270493702 3505
0.3972603237391336 -0.03343287466754726 3506
0.3973484887527654 -0.03425236902267956 3507
0.3974542867691236 -0.03523576224883831 3508
0.3975812443887534 -0.03641583412022882 3509
0.3977335935323092 -0.03783192036589743 3510
0.3979164125045762 -0.03953122386069976 3511
0.3981357952712966 -0.04157038805446256 3512
0.3983990545913609 -0.04401738508697791 3513
0.3987149657754382 -0.04695378152599634 3514
0.4262779267200729 -0.02613185186684019 3515
0.4262785945318018 -0.02613781458664702 3516
0.4262793959058764 -0.02614496985041522 3517
0.426280357554766 -0.02615355616693706 3518
0.4262815115334334 -0.02616385974676327 3519
0.4262828963078344 -0.02617622404255472 3520
0.4262845580371155 -0.02619106119750446 3521
0.4262865521122529 -0.02620886578344414 3522
0.4262889450024178 -0.02623023128657177 3523
0.4262918164706156 -0.02625586989032492 3524
0.426295262232453 -0.0262866362148287 3525
0.4262993971466579 -0.02632355580423323 3526
0.4263043590437037 -0.02636785931151867 3527
0.4263103133201587 -0.0264210235202612 3528
0.4263174584519048 -0.02648482057075224 3529
0.42632603261 -0.02656137703134148 3530
0.4263363215997142 -0.02665324478404858 3531
0.4263486683873713 -0.02676348608729709 3532
0.4263634845325599 -0.0268957756511953 3533
0.4263812639067862 -0.02705452312787315 3534
0.4264025991558577 -0.02724502009988658 3535
0.4264282014547435 -0.02747361646630269 3536
0.4264589242134064 -0.02774793210600203 3537
0.426495791523802 -0.02807711087364123 3538
0.4265400322962766 -0.02847212539480827 3539
0.4265931212232462 -0.02894614282020871 3540
0.4266568279356098 -0.02951496373068925 3541
0.426733275990446 -0.0301975488232659 3542
0.4268250136562495 -0.03101665093435788 3543
0.4269350988552136 -0.03199957346766825 3544
0.4270672010939706 -0.03317908050764069 3545
0.427225723780479 -0.03459448895560763 3546
0.4274159510042891 -0.03629297909316794 3547
0.4276442236728611 -0.03833116725824033 3548
0.4279181508751477 -0.04077699305632719 3549
0.4282468635178915 -0.04371198401403142 3550
0.08685531601331292 -0.05605181498990473 3551
0.08685569571136291 -0.0560578029636347 3552
0.0868561513490229 -0.05606498853211066 3553
0.08685669811421488 -0.05607361121428182 3554
0.08685735423244526 -0.05608395843288722 3555
0.08685814157432172 -0.05609637509521368 3556
0.08685908638457346 -0.05611127509000545 3557
0.08686022015687554 -0.05612915508375557 3558
0.08686158068363806 -0.05615061107625571 3559
0.08686321331575307 -0.05617635826725587 3560
0.0868651724742911 -0.05620725489645607 3561
0.08686752346453672 -0.05624433085149632 3562
0.08687034465283146 -0.05628882199754461 3563
0.08687373007878516 -0.05634221137280256 3564
0.08687779258992959 -0.05640627862311209 3565
0.0868826676033029 -0.05648315932348354 3566
0.08688851761935089 -0.05657541616392928 3567
0.08689553763860848 -0.05668612437246416 3568
0.08690396166171757 -0.05681897422270602 3569
0.08691407048944849 -0.05697839404299625 3570
0.08692620108272558 -0.05716969782734453 3571
0.08694075779465811 -0.05739926236856246 3572
0.08695822584897714 -0.05767473981802399 3573
0.08697918751415996 -0.05800531275737782 3574
0.08700434151237936 -0.05840200028460241 3575
0.08703452631024264 -0.05887802531727191 3576
0.08707074806767856 -0.05944925535647532 3577
0.08711421417660169 -0.06013473140351942 3578
0.08716637350730942 -0.06095730265997232 3579
0.08722896470415871 -0.06194438816771582 3580
0.08730407414037786 -0.06312889077700801 3581
0.08739420546384083 -0.06455029390815864 3582
0.08750236305199639 -0.0662559776655394 3583
0.08763215215778307 -0.0683027981743963 3584
0.08778789908472709 -0.07075898278502459 3585
0.08797479539705992 -0.07370640431777853 3586
0.3526148225599524 -0.03398096578659326 3587
0.352615427229903 -0.03398693524002309 3588
0.3526161528338437 -0.03399409858413888 3589
0.3526170235585725 -0.03400269459707783 3590
0.3526180684282471 -0.03401300981260458 3591
0.3526193222718566 -0.03402538807123667 3592
0.3526208268841879 -0.03404024198159517 3593
0.3526226324189856 -0.03405806667402538 3594
0.3526247990607428 -0.03407945630494164 3595
0.3526273990308515 -0.03410512386204114 3596
0.3526305189949819 -0.03413592493056054 3597
0.3526342629519383 -0.03417288621278383 3598
0.3526387557002861 -0.03421723975145177 3599
0.3526441469983034 -0.0342704639978533 3600
0.3526506165559241 -0.03433433309353513 3601
0.3526583800250691 -0.03441097600835333 3602
0.3526676961880429 -0.03450294750613518 3603
0.3526788755836116 -0.03461331330347339 3604
0.352692290858294 -0.03474575226027925 3605
0.3527083891879129 -0.03490467900844627 3606
0.3527277071834556 -0.0350953911062467 3607
0.3527508887781068 -0.03532424562360721 3608
0.3527787066916882 -0.03559887104443983 3609
0.352812088187986 -0.03592842154943898 3610
0.3528521459835433 -0.03632388215543794 3611
0.352900215338212 -0.03679843488263671 3612
0.3529578985638144 -0.03736789815527523 3613
0.3530271184345374 -0.03805125408244145 3614
0.353110182279405 -0.03887128119504091 3615
0.3532098588932461 -0.03985531373016027 3616
0.3533294708298554 -0.0410361527723035 3617
0.3534730051537865 -0.04245315962287537 3618
0.3536452463425039 -0.04415356784356162 3619
0.3538519357689648 -0.04619405770838513 3620
0.3540999630807179 -0.04864264554617332 3621
0.3543975958548216 -0.05158095095151916 3622
0.4115520757354405 -0.02776456215398022 3623
0.4115527304065674 -0.02777052633084846 3624
0.4115535160119196 -0.02777768334309035 3625
0.4115544587383422 -0.02778627175778062 3626
0.4115555900100494 -0.02779657785540894 3627
0.4115569475360981 -0.02780894517256293 3628
0.4115585765673564 -0.02782378595314771 3629
0.4115605314048665 -0.02784159488984945 3630
0.4115628772098785 -0.02786296561389154 3631
0.4115656921758929 -0.02788861048274205 3632
0.4115690701351103 -0.02791938432536265 3633
0.4115731236861711 -0.02795631293650738 3634
0.411577987947444 -0.02800062726988105 3635
0.4115838250609716 -0.02805380446992946 3636
0.4115908295972047 -0.02811761710998755 3637
0.4115992350406844 -0.02819419227805726 3638
0.41160932157286 -0.02828608247974091 3639
0.4116214254114707 -0.02839635072176129 3640
0.4116359500178036 -0.02852867261218575 3641
0.411653379545403 -0.0286874588806951 3642
0.4116742949785224 -0.02887800240290632 3643
0.4116993934982656 -0.02910665462955978 3644
0.4117295117219575 -0.02938103730154393 3645
0.4117656535903877 -0.02971029650792491 3646
0.4118090238325041 -0.03010540755558209 3647
0.4118610681230436 -0.03057954081277071 3648
0.4119235212716911 -0.03114850072139706 3649
0.411998465050068 -0.03183125261174866 3650
0.4120883975841204 -0.03265055488017059 3651
0.4121963166249832 -0.03363371760227691 3652
0.4123258194740186 -0.03481351286880449 3653
0.4124812228928611 -0.03622926718863759 3654
0.4126677069954721 -0.0379281723724373 3655
0.4128914879186052 -0.03996685859299696 3656
0.413160025026365 -0.04241328205766855 3657
0.4134822695556767 -0.04534899021527446 3658
0.01289428663803469 -0.0602462762650749 3659
0.01289458323359767 -0.06025226892984711 3660
0.01289493914827325 -0.06025946012757375 3661
0.01289536624588394 -0.06026808956484572 3662
0.01289587876301678 -0.06027844488957209 3663
0.01289649378357617 -0.06029087127924374 3664
0.01289723180824745 -0.06030578294684971 3665
0.01289811743785299 -0.06032367694797687 3666
0.01289918019337963 -0.06034514974932947 3667
0.0129004555000116 -0.06037091711095259 3668
0.01290198586796997 -0.06040183794490033 3669
0.01290382230952001 -0.06043894294563763 3670
0.01290602603938005 -0.06048346894652237 3671
0.0129086705152121 -0.06053690014758407 3672
0.01291184388621057 -0.06060101758885812 3673
0.01291565193140873 -0.06067795851838696 3674
0.01292022158564652 -0.06077028763382158 3675
0.01292570517073187 -0.06088108257234312 3676
0.01293228547283428 -0.06101403649856896 3677
0.01294018183535718 -0.06117358121003998 3678
0.01294965747038467 -0.06136503486380521 3679
0.01296102823241764 -0.06159477924832347 3680
0.01297467314685721 -0.06187047250974539 3681
0.0129910470441847 -0.06220130442345169 3682
0.01301069572097769 -0.06259830271989925 3683
0.01303427413312927 -0.06307470067563632 3684
0.01306256822771117 -0.06364637822252081 3685
0.01309652114120945 -0.06433239127878221 3686
0.01313726463740738 -0.06515560694629587 3687
0.0131861568328449 -0.06614346574731227 3688
0.01324482746736992 -0.06732889630853194 3689
0.01331523222879995 -0.06875141298199555 3690
0.01339971794251599 -0.07045843299015189 3691
0.01350110079897523 -0.07250685699993949 3692
0.01362276022672632 -0.0749649658116846 3693
0.01376875154002762 -0.07791469638577875 3694
-0.3009865953827388 0.05339713971796024 3695
-0.3009868380514974 0.05340313480860789 3696
-0.3009871292540078 0.05341032891738507 3697
-0.3009874786970202 0.05341896184791769 3698
-0.3009878980286352 0.05342932136455683 3699
-0.3009884012265731 0.0534417527845238 3700
-0.3009890050640986 0.05345667048848417 3701
-0.3009897296691293 0.05347457173323662 3702
-0.3009905991951661 0.05349605322693954 3703
-0.3009916426264102 0.05352183101938306 3704
-0.3009928947439032 0.05355276437031527 3705
-0.3009943972848947 0.05358988439143393 3706
-0.3009962003340846 0.05363442841677633 3707
-0.3009983639931124 0.0536878812471872 3708
-0.3010009603839458 0.05375202464368024 3709
-0.3010040760529458 0.0538289967194719 3710
-0.3010078148557459 0.05392136321042189 3711
-0.301012301419106 0.05403220299956187 3712
-0.3010176852951381 0.05416521074652985 3713
-0.3010241459463767 0.05432482004289142 3714
-0.3010318987278629 0.05451635119852531 3715
-0.3010412020656464 0.05474618858528598 3716
-0.3010523660709866 0.05502199344939879 3717
-0.3010657628773948 0.05535295928633414 3718
-0.3010818390450847 0.05575011829065658 3719
-0.3011011304463126 0.05622670909584351 3720
-0.301124280127786 0.05679861806206781 3721
-0.3011520597455541 0.05748490882153698 3722
-0.3011853952868758 0.05830845773289998 3723
-0.3012253979364619 0.05929671642653558 3724
-0.3012734011159652 0.06048262685889831 3725
-0.3013310049313692 0.06190571937773358 3726
-0.3014001295098539 0.0636134304003359 3727
-0.3014830790040356 0.06566268362745868 3728
-0.3015826183970536 0.06812178750000603 3729
-0.3017020656686752 0.07107271214706283 3730
0.02654036563328539 0.04129232817216033 3731
0.02654088579765095 0.04129830558205366 3732
0.02654150999488962 0.04130547847392565 3733
0.02654225903157603 0.04131408594417203 3734
0.02654315787559971 0.04132441490846769 3735
0.02654423648842814 0.04133680966562249 3736
0.02654553082382224 0.04135168337420824 3737
0.02654708402629518 0.04136953182451115 3738
0.02654894786926269 0.04139094996487463 3739
0.02655118448082372 0.04141665173331082 3740
0.02655386841469694 0.04144749385543424 3741
0.02655708913534481 0.04148450440198235 3742
0.02656095400012225 0.04152891705784007 3743
0.02656559183785518 0.04158221224486935 3744
0.0265711572431347 0.04164616646930448 3745
0.02657783572947012 0.04172291153862662 3746
0.02658584991307263 0.04181500562181321 3747
0.02659546693339564 0.0419255185216371 3748
0.02660700735778325 0.04205813400142578 3749
0.02662085586704838 0.04221727257717219 3750
0.02663747407816654 0.04240823886806789 3751
0.02665741593150833 0.04263739841714272 3752
0.02668134615551848 0.04291238987603253 3753
0.02671006242433065 0.04324237962670029 3754
0.02674452194690527 0.0436383673275016 3755
0.0267858733739948 0.04411355256846318 3756
0.02683549508650224 0.04468377485761707 3757
0.02689504114151117 0.04536804160460174 3758
0.02696649640752189 0.04618916170098335 3759
0.02705224272673475 0.04717450581664127 3760
0.02715513830979018 0.04835691875543079 3761
0.0272786130094567 0.0497758142819782 3762
0.02742678264905652 0.05147848891383509 3763
0.02760458621657631 0.05352169847206337 3764
0.02781795049760005 0.0559735499419373 3765
0.02807398763482854 0.05891577170578602 3766
-0.4324228753273658 -0.04143515243378072 3767
-0.4324243710909558 -0.04144096300098906 3768
-0.4324261660072639 -0.04144793568163908 3769
-0.4324283199068336 -0.0414563028984191 3770
-0.4324309045863171 -0.04146634355855511 3771
-0.4324340062016974 -0.04147839235071834 3772
-0.4324377281401538 -0.04149285090131422 3773
-0.4324421944663014 -0.04151020116202925 3774
-0.4324475540576787 -0.04153102147488731 3775
-0.4324539855673313 -0.04155600585031698 3776
-0.4324617033789144 -0.04158598710083257 3777
-0.4324709647528142 -0.04162196460145129 3778
-0.4324820784014939 -0.04166513760219375 3779
-0.4324954147799095 -0.0417169452030847 3780
-0.4325114184340084 -0.04177911432415384 3781
-0.4325306228189269 -0.04185371726943682 3782
-0.4325536680808292 -0.04194324080377639 3783
-0.4325813223951119 -0.04205066904498386 3784
-0.4326145075722512 -0.04217958293443284 3785
-0.4326543297848183 -0.04233427960177161 3786
-0.4327021164398989 -0.04251991560257813 3787
-0.4327594604259956 -0.04274267880354596 3788
-0.4328282732093115 -0.04300999464470735 3789
-0.4329108485492907 -0.04333077365410102 3790
-0.4330099389572657 -0.04371570846537343 3791
-0.4331288474468358 -0.04417763023890032 3792
-0.4332715376343198 -0.04473193636713258 3793
-0.4334427658593007 -0.0453971037210113 3794
-0.4336482397292777 -0.04619530454566576 3795
-0.4338948083732501 -0.04715314553525112 3796
-0.4341906907460171 -0.04830255472275354 3797
-0.4345457495933374 -0.04968184574775646 3798
-0.4349718202101217 -0.05133699497775995 3799
-0.4354831049502629 -0.05332317405376414 3800
-0.4360966466384324 -0.05570658894496917 3801
-0.4368328966642357 -0.05856668681441521 3802
0.2784785725515563 0.01404483825456139 3803
0.2784793254112656 0.01405079083402396 3804
0.2784802288429167 0.01405793392937905 3805
0.278481312960898 0.01406650564380514 3806
0.2784826139024756 0.01407679170111646 3807
0.2784841750323687 0.01408913496989005 3808
0.2784860483882404 0.01410394689241834 3809
0.2784882964152864 0.0141217211994523 3810
0.2784909940477417 0.01414305036789305 3811
0.278494231206688 0.01416864537002195 3812
0.2784981157974236 0.01419935937257663 3813
0.2785027773063063 0.01423621617564225 3814
0.2785083711169656 0.01428044433932099 3815
0.2785150836897566 0.01433351813573547 3816
0.2785231387771059 0.01439720669143286 3817
0.2785328048819251 0.01447363295826972 3818
0.2785444042077082 0.01456534447847395 3819
0.2785583233986477 0.01467539830271903 3820
0.2785750264277753 0.01480746289181313 3821
0.2785950700627283 0.01496594039872604 3822
0.278619122424672 0.01515611340702154 3823
0.2786479852590043 0.01538432101697613 3824
0.2786826206602032 0.01565817014892165 3825
0.2787241831416418 0.01598678910725627 3826
0.2787740581193681 0.01638113185725781 3827
0.2788339080926397 0.01685434315725966 3828
0.2789057280605656 0.01742219671726189 3829
0.2789919120220767 0.01810362098926455 3830
0.27909533277589 0.01892133011566775 3831
0.279219437680466 0.01990258106735159 3832
0.2793683635659572 0.0210800822093722 3833
0.2795470746285466 0.02249308357979693 3834
0.2797615279036539 0.0241886852243066 3835
0.2800188718337827 0.02622340719771821 3836
0.2803276845499372 0.02866507356581214 3837
0.2806982598093226 0.03159507320752486 3838
0.1155788650440199 0.03280114459461092 3839
0.115579480269658 0.03280711296938253 3840
0.1155802185404236 0.03281427501910845 3841
0.1155811044653423 0.03282286947877956 3842
0.1155821675752448 0.0328331828303849 3843
0.1155834433071278 0.03284555885231129 3844
0.1155849741853874 0.03286041007862298 3845
0.1155868112392989 0.03287823155019699 3846
0.1155890157039927 0.03289961731608581 3847
0.1155916610616252 0.03292528023515239 3848
0.1155948354907843 0.03295607573803229 3849
0.1155986448057752 0.03299303034148817 3850
0.1156032159837643 0.03303737586563522 3851
0.1156087013973512 0.03309059049461169 3852
0.1156152838936554 0.03315444804938345 3853
0.1156231828892205 0.03323107711510956 3854
0.1156326616838987 0.03332303199398089 3855
0.1156440362375124 0.0334333778486265 3856
0.115657685701849 0.03356579287420121 3857
0.1156740650590528 0.03372469090489087 3858
0.1156937202876974 0.03391536854171847 3859
0.1157173065620709 0.03414418170591158 3860
0.1157456100913191 0.03441875750294332 3861
0.1157795743264169 0.0347482484593814 3862
0.1158203314085343 0.03514363760710711 3863
0.1158692399070752 0.03561810458437795 3864
0.1159279301053242 0.03618746495710296 3865
0.1159983583432231 0.03687069740437297 3866
0.1160828722287018 0.03769057634109699 3867
0.1161842888912762 0.03867443106516581 3868
0.1163059888863654 0.03985505673404838 3869
0.1164520288804725 0.04127180753670748 3870
0.1166272768734011 0.0429719084998984 3871
0.1168375744649153 0.0450120296557275 3872
0.1170899315747324 0.04746017504272242 3873
0.1173927601065129 0.05039794950711632 3874
-0.4874730083745061 -0.0193342005629765 3875
-0.4874767327629352 -0.019338904702731 3876
-0.48748120202905 -0.01934454967043639 3877
-0.4874865651483878 -0.01935132363168286 3878
-0.4874930008915931 -0.01935945238517863 3879
-0.4875007237834395 -0.01936920688937355 3880
-0.4875099912536552 -0.01938091229440746 3881
-0.487521112217914 -0.01939495878044815 3882
-0.4875344573750246 -0.01941181456369697 3883
-0.4875504715635573 -0.01943204150359556 3884
-0.4875696885897965 -0.01945631383147387 3885
-0.4875927490212836 -0.01948544062492784 3886
-0.4876204215390681 -0.0195203927770726 3887
-0.4876536285604096 -0.01956233535964632 3888
-0.4876934769860193 -0.01961266645873478 3889
-0.4877412950967509 -0.01967306377764092 3890
-0.4877986768296289 -0.01974554056032831 3891
-0.4878675349090824 -0.01983251269955316 3892
-0.4879501646044267 -0.01993687926662299 3893
-0.4880493202388398 -0.02006211914710678 3894
-0.4881683070001355 -0.02021240700368734 3895
-0.4883110911136904 -0.020392752431584 3896
-0.4884824320499563 -0.02060916694505999 3897
-0.4886880411734754 -0.02086886436123119 3898
-0.4889347721216982 -0.02118050126063662 3899
-0.4892308492595656 -0.02155446553992314 3900
-0.4895861418250065 -0.02200322267506696 3901
-0.4900124929035357 -0.02254173123723955 3902
-0.4905241141977706 -0.02318794151184666 3903
-0.4911380597508525 -0.02396339384137518 3904
-0.4918747944145507 -0.02489393663680942 3905
-0.4927588760109887 -0.0260105879913305 3906
-0.4938197739267142 -0.02735056961675579 3907
-0.4950928514255848 -0.02895854756726614 3908
-0.4966205444242295 -0.03088812110787856 3909
-0.4984537760226032 -0.03320360935661347 3910
-0.07751318028249364 0.0491261217037148 3911
-0.07751280823996425 0.04913211015796914 3912
-0.07751236178892898 0.04913929630307435 3913
-0.07751182604768667 0.0491479196772006 3914
-0.07751118315819588 0.0491582677261521 3915
-0.07751041169080695 0.0491706853848939 3916
-0.07750948592994023 0.04918558657538406 3917
-0.07750837501690015 0.04920346800397225 3918
-0.07750704192125207 0.04922492571827808 3919
-0.07750544220647437 0.04925067497544508 3920
-0.07750352254874113 0.04928157408404547 3921
-0.07750121895946124 0.04931865301436595 3922
-0.07749845465232537 0.04936314773075052 3923
-0.07749513748376234 0.049416541390412 3924
-0.07749115688148668 0.04948061378200579 3925
-0.0774863801587559 0.04955750065191832 3926
-0.07748064809147898 0.04964976489581337 3927
-0.07747376961074666 0.04976048198848743 3928
-0.07746551543386787 0.04989334249969629 3929
-0.07745561042161334 0.05005277511314693 3930
-0.07744372440690789 0.05024409424928769 3931
-0.07742946118926135 0.05047367721265661 3932
-0.0774123453280855 0.05074917676869931 3933
-0.07739180629467449 0.05107977623595056 3934
-0.07736715945458127 0.05147649559665205 3935
-0.07733758324646942 0.05195255882949384 3936
-0.07730209179673518 0.05252383470890399 3937
-0.07725950205705411 0.05320936576419617 3938
-0.0772083943694368 0.05403200303054678 3939
-0.07714706514429605 0.05501916775016752 3940
-0.07707347007412715 0.05620376541371241 3941
-0.07698515598992446 0.05762528260996627 3942
-0.07687917908888124 0.0593311032454709 3943
-0.07675200680762938 0.06137808800807646 3944
-0.07659940007012714 0.06383446972320314 3945
-0.07641627198512445 0.06678212778135514 3946
-0.2551443896741914 -0.06312636086391608 3947
-0.255144652919687 -0.06313235508628509 3948
-0.2551449688142817 -0.06313954815312789 3949
-0.2551453478877954 -0.06314817983333926 3950
-0.2551458027760117 -0.0631585378495929 3951
-0.2551463486418714 -0.06317096746909726 3952
-0.255147003680903 -0.0631858830125025 3953
-0.2551477897277409 -0.06320378166458877 3954
-0.2551487329839464 -0.06322526004709232 3955
-0.255149864891393 -0.06325103410609656 3956
-0.255151223180329 -0.06328196297690165 3957
-0.255152853127052 -0.06331907762186778 3958
-0.2551548090631198 -0.06336361519582712 3959
-0.2551571561864011 -0.06341706028457833 3960
-0.2551599727343385 -0.06348119439107978 3961
-0.2551633525918636 -0.06355815531888152 3962
-0.2551674084208936 -0.06365050843224361 3963
-0.2551722754157297 -0.06376133216827812 3964
-0.2551781158095329 -0.06389432065151952 3965
-0.2551851242820968 -0.06405390683140921 3966
-0.2551935344491735 -0.06424541024727684 3967
-0.2552036266496656 -0.06447521434631799 3968
-0.255215737290256 -0.06475097926516737 3969
-0.2552302700589645 -0.06508189716778663 3970
-0.2552477093814147 -0.06547899865092975 3971
-0.255268636568355 -0.06595552043070148 3972
-0.2552937491926833 -0.06652734656642756 3973
-0.2553238843418772 -0.06721353792929885 3974
-0.25536004652091 -0.06803696756474441 3975
-0.2554034411357494 -0.06902508312727908 3976
-0.2554555146735565 -0.07021082180232067 3977
-0.2555180029189251 -0.0716337082123706 3978
-0.2555929888133675 -0.0733411719044305 3979
-0.2556829718866983 -0.07539012833490238 3980
-0.2557909515746953 -0.07784887605146865 3981
-0.2559205272002916 -0.08079937331134816 3982
-0.4893972182386879 0.01702509674695959 3983
-0.4894011073007075 0.0170296656851959 3984
-0.4894057741751311 0.01703514841107947 3985
-0.4894113744244394 0.01704172768213976 3986
-0.4894180947236094 0.01704962280741211 3987
-0.4894261590826134 0.01705909695773892 3988
-0.4894358363134181 0.0170704659381311 3989
-0.4894474489903838 0.01708410871460171 3990
-0.4894613842027427 0.01710048004636644 3991
-0.4894781064575733 0.01712012564448412 3992
-0.4894981731633701 0.01714370036222534 3993
-0.4895222532103262 0.0171719900235148 3994
-0.4895511492666735 0.01720593761706215 3995
-0.4895858245342904 0.01724667472931898 3996
-0.4896274348554305 0.01729555926402716 3997
-0.4896773672407987 0.01735422070567699 3998
-0.4897372861032406 0.01742461443565678 3999
-0.4898091887381708 0.01750908691163253 4000
-0.489895471900087 0.01761045388280343 4001
-0.4899990116943865 0.01773209424820851 4002
-0.4901232594475459 0.0178780626866946 4003
-0.4902723567513372 0.01805322481287791 4004
-0.4904512735158867 0.01826341936429789 4005
-0.4906659736333462 0.01851565282600185 4006
-0.4909236137742975 0.01881833298004662 4007
-0.4912327819434391 0.01918154916490034 4008
-0.491603783746409 0.0196174085867248 4009
-0.4920489859099729 0.02014043989291415 4010
-0.4925832285062496 0.02076807746034137 4011
-0.4932243196217816 0.02152124254125403 4012
-0.49399362896042 0.02242504063834923 4013
-0.4949168001667861 0.02350959835486347 4014
-0.4960246056144254 0.02481106761468056 4015
-0.4973539721515925 0.02637283072646106 4016
-0.4989492119961931 0.02824694646059767 4017
-0.5008634998097139 0.03049588534156159 4018
0.1312038163603233 -0.05307675842050626 4019
0.1312042389273602 -0.05308274352176683 4020
0.1312047460078044 -0.05308992564327952 4021
0.1312053545043375 -0.05309854418909475 4022
0.1312060847001773 -0.05310888644407303 4023
0.1312069609351849 -0.05312129715004696 4024
0.1312080124171941 -0.05313618999721567 4025
0.1312092741956052 -0.05315406141381813 4026
0.1312107883296984 -0.05317550711374108 4027
0.1312126052906104 -0.05320124195364862 4028
0.1312147856437046 -0.05323212376153767 4029
0.1312174020674178 -0.05326918193100453 4030
0.1312205417758736 -0.05331365173436476 4031
0.1312243094260205 -0.05336701549839704 4032
0.1312288306061968 -0.05343105201523576 4033
0.1312342560224084 -0.05350789583544224 4034
0.1312407665218623 -0.05360010841969001 4035
0.131248579121207 -0.05371076352078734 4036
0.1312579542404207 -0.05384354964210412 4037
0.131269204383477 -0.05400289298768428 4038
0.1312827045551446 -0.05419410500238046 4039
0.1312989047611458 -0.05442355942001587 4040
0.1313183450083472 -0.05469890472117837 4041
0.1313416733049888 -0.05502931908257336 4042
0.1313696672609588 -0.05542581631624736 4043
0.1314032600081228 -0.05590161299665616 4044
0.1314435713047196 -0.05647256901314671 4045
0.1314919448606357 -0.05715771623293538 4046
0.131549993127735 -0.05797989289668178 4047
0.1316196510482543 -0.05896650489317746 4048
0.1317032405528774 -0.06015043928897228 4049
0.1318035479584251 -0.06157116056392606 4050
0.1319239168450823 -0.06327602609387059 4051
0.132068359509071 -0.06532186472980403 4052
0.1322416907058574 -0.06777687109292416 4053
0.1324496881420011 -0.07072287872866831 4054
-0.3591274952790941 -0.05472606562696196 4055
-0.3591282532827978 -0.05473201755357315 4056
-0.3591291628872424 -0.05473915986550659 4057
-0.3591302544125758 -0.05474773063982672 4058
-0.3591315642429759 -0.05475801556901087 4059
-0.359133136039456 -0.05477035748403185 4060
-0.3591350221952321 -0.05478516778205703 4061
-0.3591372855821634 -0.05480294013968724 4062
-0.359140001646481 -0.0548242669688435 4063
-0.3591432609236622 -0.05484985916383101 4064
-0.3591471720562796 -0.05488056979781602 4065
-0.3591518654154204 -0.05491742255859803 4066
-0.3591574974463894 -0.05496164587153644 4067
-0.3591642558835522 -0.05501471384706254 4068
-0.3591723660081476 -0.05507839541769386 4069
-0.3591820981576621 -0.05515481330245144 4070
-0.3591937767370794 -0.05524651476416053 4071
-0.3592077910323802 -0.05535655651821145 4072
-0.3592246081867411 -0.05548860662307255 4073
-0.3592447887719743 -0.05564706674890586 4074
-0.3592690054742541 -0.05583721889990584 4075
-0.3592980655169898 -0.05606540148110582 4076
-0.3593329375682727 -0.05633922057854579 4077
-0.3593747840298122 -0.05666780349547376 4078
-0.3594249997836595 -0.05706210299578731 4079
-0.3594852586882764 -0.05753526239616358 4080
-0.3595575693738166 -0.05810305367661511 4081
-0.3596443421964649 -0.05878440321315694 4082
-0.3597484695836428 -0.05960202265700713 4083
-0.3598734224482563 -0.06058316598962737 4084
-0.3600233658857924 -0.06176053798877165 4085
-0.3602032980108358 -0.06317338438774478 4086
-0.3604192165608879 -0.06486880006651255 4087
-0.3606783188209505 -0.06690329888103386 4088
-0.3609892415330255 -0.06934469745845945 4089
-0.3613623487875155 -0.07227437575137013 4090
0.1607576234663607 -0.05092335080083777 4091
0.1607580725284628 -0.05092933397250742 4092
0.1607586114029853 -0.05093651377851099 4093
0.1607592580524123 -0.05094512954571529 4094
0.1607600340317246 -0.05095546846636044 4095
0.1607609652068995 -0.05096787517113462 4096
0.1607620826171093 -0.05098276321686365 4097
0.1607634235093611 -0.05100062887173847 4098
0.1607650325800632 -0.05102206765758826 4099
0.1607669634649058 -0.051047794200608 4100
0.1607692805267169 -0.0510786660522317 4101
0.1607720610008902 -0.05111571227418013 4102
0.1607753975698982 -0.05116016774051826 4103
0.1607794014527077 -0.051213514300124 4104
0.1607842061120792 -0.0512775301716509 4105
0.160789971703325 -0.05135434921748317 4106
0.1607968904128199 -0.0514465320724819 4107
0.1608051928642138 -0.05155715149848037 4108
0.1608151558058865 -0.05168989480967854 4109
0.1608271113358937 -0.05184918678311635 4110
0.1608414579719023 -0.05204033715124171 4111
0.1608586739351127 -0.05226971759299215 4112
0.1608793330909652 -0.05254497412309267 4113
0.1609041240779882 -0.0528752819592133 4114
0.1609338732624157 -0.05327165136255806 4115
0.1609695722837288 -0.05374729464657176 4116
0.1610124111093044 -0.05431806658738821 4117
0.1610638176999953 -0.05500299291636794 4118
0.1611255056088242 -0.05582490451114362 4119
0.161199531099419 -0.05681119842487444 4120
0.1612883616881328 -0.05799475112135143 4121
0.1613949583945892 -0.0594150143571238 4122
0.161522874442337 -0.06111933024005066 4123
0.1616763736996343 -0.06316450929956288 4124
0.1618605728083911 -0.06561872417097755 4125
0.1620816117388993 -0.06856378201667516 4126
-0.3901007306377289 0.04610507683583669 4127
-0.3901015337571762 0.04611102284282907 4128
-0.3901024975005129 0.04611815805121992 4129
-0.390103653992517 0.04612672030128894 4130
-0.3901050417829219 0.04613699500137177 4131
-0.3901067071314078 0.04614932464147116 4132
-0.3901087055495909 0.04616412020959043 4133
-0.3901111036514106 0.04618187489133355 4134
-0.3901139813735942 0.0462031805094253 4135
-0.3901174346402146 0.0462287472511354 4136
-0.390121578560159 0.04625942734118751 4137
-0.3901265512640923 0.04629624344925005 4138
-0.3901325185088123 0.0463404227789251 4139
-0.3901396792024763 0.04639343797453516 4140
-0.3901482720348731 0.04645705620926724 4141
-0.3901585834337492 0.04653339809094572 4142
-0.3901709571124005 0.0466250083489599 4143
-0.3901858055267822 0.04673494065857692 4144
-0.3902036236240401 0.04686685943011734 4145
-0.3902250053407496 0.04702516195596584 4146
-0.3902506634008011 0.04721512498698405 4147
-0.3902814530728628 0.0474430806242059 4148
-0.3903184006793369 0.04771662738887211 4149
-0.3903627378071057 0.04804488350647158 4150
-0.3904159423604284 0.04843879084759093 4151
-0.3904797878244156 0.04891147965693415 4152
-0.3905564023812002 0.04947870622814602 4153
-0.3906483398493418 0.05015937811360026 4154
-0.3907586648111117 0.05097618437614534 4155
-0.3908910547652355 0.05195635189119945 4156
-0.3910499227101841 0.05313255290926438 4157
-0.3912405642441225 0.0545439941309423 4158
-0.3914693340848484 0.05623772359695579 4159
-0.3917438578937196 0.05827019895617198 4160
-0.3920732864643651 0.06070916938723142 4161
-0.3924686007491396 0.06363593390450273 4162
-0.375306468265778 0.04793542735349074 4163
-0.3753071471164089 0.04794138882661579 4164
-0.3753079617371662 0.04794854259436586 4165
-0.3753089392820749 0.04795712711566594 4166
-0.3753101123359653 0.04796742854122604 4167
-0.3753115200006338 0.04797979025189815 4168
-0.375313209198236 0.04799462430470468 4169
-0.3753152362353586 0.04801242516807253 4170
-0.3753176686799057 0.04803378620411395 4171
-0.3753205876133623 0.04805941944736365 4172
-0.3753240903335102 0.04809017933926328 4173
-0.3753282935976877 0.04812709120954285 4174
-0.3753333375147007 0.04817138545387833 4175
-0.3753393902151163 0.0482245385470809 4176
-0.375346653455615 0.04828832225892399 4177
-0.3753553693442134 0.04836486271313569 4178
-0.3753658284105315 0.04845671125818973 4179
-0.3753783792901132 0.04856692951225459 4180
-0.3753934403456113 0.04869919141713241 4181
-0.375411513612209 0.04885790570298581 4182
-0.3754332015321262 0.04904836284600988 4183
-0.3754592270360269 0.04927691141763876 4184
-0.3754904576407077 0.04955116970359342 4185
-0.3755279343663247 0.04988027964673901 4186
-0.3755729064370651 0.05027521157851372 4187
-0.3756268729219535 0.05074912989664337 4188
-0.3756916327038197 0.05131783187839895 4189
-0.3757693444420591 0.05200027425650566 4190
-0.3758625985279463 0.05281920511023369 4191
-0.375974503431011 0.05380192213470734 4192
-0.3761087893146886 0.05498118256407571 4193
-0.3762699323751018 0.05639629507931776 4194
-0.3764633040475976 0.05809443009760822 4195
-0.3766953500545925 0.06013219211955678 4196
-0.3769738052629865 0.06257750654589503 4197
-0.3773079515130592 0.06551188385750095 4198
-0.06263659531464109 0.0481707485361345 4199
-0.06263619882177501 0.04817673542125175 4200
-0.06263572303033571 0.04818391968339245 4201
-0.06263515208060855 0.04819254079796129 4202
-0.06263446694093595 0.04820288613544389 4203
-0.06263364477332883 0.04821530054042302 4204
-0.0626326581722003 0.04823019782639797 4205
-0.06263147425084606 0.04824807456956792 4206
-0.06263005354522097 0.04826952666137185 4207
-0.06262834869847085 0.04829526917153657 4208
-0.06262630288237073 0.04832616018373424 4209
-0.06262384790305056 0.04836322939837144 4210
-0.06262090192786637 0.04840771245593608 4211
-0.06261736675764534 0.04846109212501364 4212
-0.06261312455338011 0.04852514772790672 4213
-0.06260803390826182 0.04860201445137841 4214
-0.06260192513411988 0.04869425451954445 4215
-0.06259459460514956 0.04880494260134369 4216
-0.06258579797038516 0.04893776829950278 4217
-0.06257524200866789 0.04909715913729368 4218
-0.06256257485460717 0.04928842814264277 4219
-0.06254737426973429 0.04951795094906167 4220
-0.06252913356788685 0.04979337831676436 4221
-0.06250724472566992 0.05012389115800758 4222
-0.0624809781150096 0.05052050656749944 4223
-0.06244945818221721 0.05099644505888969 4224
-0.06241163426286635 0.05156757124855797 4225
-0.06236624555964532 0.05225292267615991 4226
-0.06231177911578008 0.05307534438928225 4227
-0.06224641938314179 0.05406225044502905 4228
-0.06216798770397584 0.05524653771192521 4229
-0.0620738696889767 0.05666768243220061 4230
-0.06196092807097774 0.05837305609653107 4231
-0.06182539812937898 0.06041950449372763 4232
-0.06166276219946047 0.0628752425703635 4233
-0.06146759908355826 0.06582212826232656 4234
-0.2115596027937654 0.05444346481253658 4235
-0.2115595256332804 0.05444946431637103 4236
-0.2115594330406984 0.05445666372097237 4237
-0.2115593219295999 0.05446530300649397 4238
-0.2115591885962818 0.0544756701491199 4239
-0.2115590285963 0.05448811072027101 4240
-0.2115588365963219 0.05450303940565234 4241
-0.2115586061963481 0.05452095382810994 4242
-0.2115583297163796 0.05454245113505906 4243
-0.2115579979404174 0.054568247903398 4244
-0.2115575998092628 0.05459920402540473 4245
-0.2115571220518773 0.0546363513718128 4246
-0.2115565487430146 0.0546809281875025 4247
-0.2115558607723794 0.05473442036633012 4248
-0.2115550352076171 0.05479861098092328 4249
-0.2115540445299025 0.05487563971843507 4250
-0.2115528557166448 0.05496807420344921 4251
-0.2115514291407357 0.05507899558546619 4252
-0.2115497172496447 0.05521210124388656 4253
-0.2115476629803355 0.055371828033991 4254
-0.2115451978571645 0.05556350018211633 4255
-0.2115422397093593 0.05579350675986673 4256
-0.211538689931993 0.05606951465316721 4257
-0.2115344301991535 0.05640072412512778 4258
-0.2115293185197461 0.05679817549148047 4259
-0.2115231845044572 0.05727511713110369 4260
-0.2115158236861105 0.05784744709865156 4261
-0.2115069907040945 0.058534243059709 4262
-0.2114963911256753 0.05935839821297793 4263
-0.2114836716315723 0.06034738439690065 4264
-0.2114684082386486 0.06153416781760791 4265
-0.2114500921671402 0.06295830792245662 4266
-0.2114281128813301 0.06466727604827507 4267
-0.211401737738358 0.06671803779925721 4268
-0.2113700875667915 0.06917895190043578 4269
-0.2113321073609117 0.07213204882185006 4270
-0.0328952000089319 0.04608547772045543 4271
-0.03289475823007412 0.04609146143430561 4272
-0.03289422809544477 0.04609864189092582 4273
-0.03289359193388957 0.04610725843887008 4274
-0.03289282854002332 0.04611759829640319 4275
-0.03289191246738382 0.04613000612544292 4276
-0.03289081318021642 0.04614489552029059 4277
-0.03288949403561554 0.0461627627941078 4278
-0.03288791106209449 0.04618420352268846 4279
-0.03288601149386922 0.04620993239698525 4280
-0.0328837320119989 0.04624080704614138 4281
-0.03288099663375452 0.04627785662512875 4282
-0.03287771417986126 0.0463223161199136 4283
-0.03287377523518935 0.04637566751365541 4284
-0.03286904850158306 0.04643968918614558 4285
-0.0328633764212555 0.04651651519313378 4286
-0.03285656992486245 0.04660870640151963 4287
-0.03284840212919077 0.04671933585158265 4288
-0.03283860077438476 0.04685209119165827 4289
-0.03282683914861755 0.04701139759974902 4290
-0.03281272519769689 0.04720256528945791 4291
-0.03279578845659211 0.04743196651710858 4292
-0.03277546436726637 0.04770724799028939 4293
-0.03275107546007548 0.04803758575810637 4294
-0.03272180877144641 0.04843399107948673 4295
-0.03268668874509153 0.04890967746514317 4296
-0.03264454471346567 0.0494805011279309 4297
-0.03259397187551465 0.05016548952327617 4298
-0.03253328446997341 0.05098747559769049 4299
-0.03246045958332393 0.05197385888698768 4300
-0.03237306971934455 0.05315751883414431 4301
-0.03226820188256931 0.05457791077073226 4302
-0.032142360478439 0.05628238109463781 4303
-0.03199135079348264 0.05832774548332446 4304
-0.031810139171535 0.06078218274974845 4305
-0.03159268522519783 0.06372750746945723 4306
-0.4048501298968304 0.04394332513582321 4307
-0.404851078666377 0.0439492496473092 4308
-0.4048522171898328 0.04395635906109237 4309
-0.4048535834179799 0.04396489035763217 4310
-0.4048552228917564 0.04397512791347995 4311
-0.4048571902602882 0.04398741298049727 4312
-0.4048595511025264 0.04400215506091806 4313
-0.4048623841132121 0.04401984555742301 4314
-0.404865783726035 0.04404107415322894 4315
-0.4048698632614225 0.04406654846819606 4316
-0.4048747587038876 0.04409711764615661 4317
-0.4048806332348456 0.04413380065970926 4318
-0.4048876826719952 0.04417782027597245 4319
-0.4048961419965748 0.04423064381548827 4320
-0.4049062931860702 0.04429403206290727 4321
-0.4049184746134648 0.04437009795981006 4322
-0.4049330923263382 0.0444613770360934 4323
-0.4049506335817864 0.04457091192763341 4324
-0.4049716830883242 0.04470235379748144 4325
-0.4049969424961695 0.04486008404129906 4326
-0.4050272537855839 0.0450493603338802 4327
-0.4050636273328812 0.04527649188497757 4328
-0.4051072755896379 0.04554904974629442 4329
-0.405159653497746 0.04587611917987464 4330
-0.4052225069874757 0.04626860250017091 4331
-0.4052979311751513 0.04673958248452642 4332
-0.4053884402003621 0.04730475846575304 4333
-0.4054970510306151 0.04798296964322499 4334
-0.4056273840269186 0.04879682305619132 4335
-0.4057837836224828 0.04977344715175092 4336
-0.4059714631371599 0.05094539606642243 4337
-0.4061966785547723 0.05235173476402825 4338
-0.4064669370559073 0.05403934120115524 4339
-0.4067912472572693 0.05606446892570763 4340
-0.4071804194989036 0.05849462219517049 4341
-0.4076474261888648 0.06141080611852591 4342
-0.4628110481046565 0.03026677288123401 4343
-0.4628130797277348 0.03027241845540033 4344
-0.4628155176754289 0.03027919314439991 4345
-0.4628184432126617 0.0302873227711994 4346
-0.4628219538573412 0.0302970783233588 4347
-0.4628261666309565 0.03030878498595008 4348
-0.4628312219592949 0.03032283298105961 4349
-0.462837288353301 0.03033969057519105 4350
-0.4628445680261083 0.03035991968814877 4351
-0.462853303633477 0.03038419462369804 4352
-0.4628637863623195 0.03041332454635717 4353
-0.4628763656369305 0.03044828045354812 4354
-0.4628914607664637 0.03049022754217726 4355
-0.4629095749219035 0.03054056404853223 4356
-0.4629313119084313 0.03060096785615819 4357
-0.4629573962922647 0.03067345242530934 4358
-0.4629886975528647 0.03076043390829073 4359
-0.4630262590655848 0.03086481168786839 4360
-0.4630713328808488 0.03099006502336159 4361
-0.4631254214591656 0.03114036902595342 4362
-0.4631903277531458 0.03132073382906362 4363
-0.4632682153059221 0.03153717159279586 4364
-0.4633616803692536 0.03179689690927455 4365
-0.4634738384452514 0.03210856728904897 4366
-0.4636084281364488 0.03248257174477828 4367
-0.4637699357658857 0.03293137709165345 4368
-0.4639637449212098 0.03346994350790367 4369
-0.4641963159075989 0.03411622320740391 4370
-0.4644754010912658 0.03489175884680421 4371
-0.464810303311666 0.03582240161408456 4372
-0.4652121859761463 0.036939172934821 4373
-0.4656944451735227 0.03827929851970471 4374
-0.4662731562103743 0.03988744922156517 4375
-0.4669676094545963 0.04181723006379771 4376
-0.4678009533476626 0.04413296707447677 4377
-0.4688009660193422 0.04691185148729164 4378
-0.2253490191924585 -0.06418592697208547 4379
-0.2253491860525908 -0.06419192465144472 4380
-0.2253493862847496 -0.0641991218666758 4381
-0.2253496265633401 -0.0642077585249531 4382
-0.2253499148976487 -0.06421812251488587 4383
-0.225350260898819 -0.06423055930280519 4384
-0.2253506761002234 -0.06424548344830837 4385
-0.2253511743419086 -0.06426339242291219 4386
-0.225351772231931 -0.06428488319243678 4387
-0.2253524896999577 -0.06431067211586627 4388
-0.2253533506615898 -0.06434161882398168 4389
-0.2253543838155484 -0.06437875487372016 4390
-0.2253556236002986 -0.06442331813340635 4391
-0.225357111341999 -0.06447679404502976 4392
-0.2253588966320393 -0.06454096513897785 4393
-0.2253610389800878 -0.06461797045171556 4394
-0.2253636097977459 -0.06471037682700083 4395
-0.2253666947789357 -0.06482126447734314 4396
-0.2253703967563634 -0.06495432965775391 4397
-0.2253748391292766 -0.06511400787424684 4398
-0.2253801699767726 -0.06530562173403837 4399
-0.2253865669937677 -0.06553555836578819 4400
-0.2253942434141618 -0.06581148232388796 4401
-0.2254034551186347 -0.0661425910736077 4402
-0.2254145091640022 -0.06653992157327139 4403
-0.2254277740184432 -0.06701671817286781 4404
-0.2254436918437725 -0.06758887409238351 4405
-0.2254627932341676 -0.06827546119580237 4406
-0.2254857149026417 -0.06909936571990498 4407
-0.2255132209048106 -0.07008805114882813 4408
-0.2255462281074133 -0.0712744736635359 4409
-0.2255858367505365 -0.07269818068118522 4410
-0.2256333671222844 -0.07440662910236441 4411
-0.2256904035683819 -0.07645676720777944 4412
-0.2257588473036988 -0.07891693293427748 4413
-0.2258409797860791 -0.08186913180607512 4414
-0.2997901221656663 -0.06054604279520843 4415
-0.2997905600635714 -0.0605520267943248 4416
-0.2997910855410576 -0.06055920759326443 4417
-0.299791716114041 -0.060567824551992 4418
-0.2997924728016211 -0.06057816490246508 4419
-0.2997933808267172 -0.06059057332303278 4420
-0.2997944704568326 -0.06060546342771401 4421
-0.299795778012971 -0.06062333155333149 4422
-0.2997973470803372 -0.06064477330407247 4423
-0.2997992299611765 -0.06067050340496164 4424
-0.2998014894181837 -0.06070137952602864 4425
-0.2998042007665923 -0.06073843087130906 4426
-0.2998074543846827 -0.06078289248564555 4427
-0.2998113587263911 -0.06083624642284934 4428
-0.2998160439364412 -0.06090027114749388 4429
-0.2998216661885014 -0.06097710081706734 4430
-0.2998284128909736 -0.06106929642055548 4431
-0.2998365089339402 -0.06117993114474126 4432
-0.2998462241855002 -0.06131269281376419 4433
-0.2998578824873721 -0.06147200681659171 4434
-0.2998718724496184 -0.06166318361998473 4435
-0.2998886604043139 -0.06189259578405636 4436
-0.2999088059499487 -0.0621678903809423 4437
-0.2999329806047103 -0.06249824389720544 4438
-0.2999619901904242 -0.06289466811672122 4439
-0.299996801693281 -0.06337037718014013 4440
-0.3000385754967091 -0.06394122805624285 4441
-0.3000887040608228 -0.06462624910756609 4442
-0.3001488583377593 -0.06544827436915399 4443
-0.300221043470083 -0.06643470468305945 4444
-0.3003076656288716 -0.06761842105974603 4445
-0.3004116122194178 -0.06903888071176992 4446
-0.3005363481280733 -0.07074343229419858 4447
-0.3006860312184598 -0.07278889419311298 4448
-0.3008656509269237 -0.07524344847181025 4449
-0.3010811945770803 -0.07818891360624697 4450
-0.4766042627725338 0.02462934927946182 4451
-0.4766069359925779 0.02463472086159333 4452
-0.4766101438566309 0.02464116676015114 4453
-0.4766139932934945 0.02464890183842051 4454
-0.4766186126177308 0.02465818393234375 4455
-0.4766241558068144 0.02466932244505165 4456
-0.4766308076337146 0.02468268866030112 4457
-0.4766387898259949 0.02469872811860049 4458
-0.4766483684567314 0.02471797546855973 4459
-0.476659862813615 0.02474107228851082 4460
-0.4766736560418754 0.02476878847245213 4461
-0.4766902079157879 0.0248020478931817 4462
-0.4767100701644829 0.02484195919805719 4463
-0.4767339048629168 0.02488985276390776 4464
-0.4767625065010376 0.02494732504292846 4465
-0.4767968284667825 0.0250162917777533 4466
-0.4768380148256764 0.0250990518595431 4467
-0.4768874384563491 0.02519836395769087 4468
-0.4769467468131562 0.02531753847546818 4469
-0.4770179168413249 0.02546054789680096 4470
-0.4771033208751273 0.0256321592024003 4471
-0.4772058057156902 0.02583809276911951 4472
-0.4773287875243656 0.02608521304918255 4473
-0.4774763656947761 0.02638175738525821 4474
-0.4776534594992687 0.02673761058854899 4475
-0.4778659720646599 0.02716463443249793 4476
-0.4781209871431292 0.02767706304523666 4477
-0.4784270052372924 0.02829197738052314 4478
-0.4787942269502883 0.02902987458286692 4479
-0.4792348930058834 0.02991535122567944 4480
-0.4797636922725975 0.03097792319705447 4481
-0.4803982513926544 0.03225300956270451 4482
-0.4811597223367227 0.03378311320148455 4483
-0.4820734874696045 0.03561923756802061 4484
-0.4831700056290629 0.03782258680786388 4485
-0.4844858274204129 0.04046660589567579 4486
-0.1817511091349325 0.05385563898355689 4487
-0.1817509520596896 0.05386163692715182 4488
-0.1817507635693982 0.05386883445946575 4489
-0.1817505373810485 0.05387747149824246 4490
-0.1817502659550289 0.05388783594477452 4491
-0.1817499402438053 0.05390027328061299 4492
-0.1817495493903371 0.05391519808361915 4493
-0.1817490803661751 0.05393310784722655 4494
-0.1817485175371808 0.05395459956355542 4495
-0.1817478421423876 0.05398038962315007 4496
-0.1817470316686358 0.05401133769466365 4497
-0.1817460591001336 0.05404847538047994 4498
-0.181744892017931 0.05409304060345949 4499
-0.1817434915192879 0.05414651887103495 4500
-0.1817418109209162 0.0542106927921255 4501
-0.18173979420287 0.05428770149743417 4502
-0.1817373741412147 0.05438011194380456 4503
-0.1817344700672283 0.05449100447944905 4504
-0.1817309851784446 0.05462407552222242 4505
-0.1817268033119042 0.05478376077355046 4506
-0.1817217850720557 0.05497538307514412 4507
-0.1817157631842375 0.0552053298370565 4508
-0.1817085369188557 0.05548126595135137 4509
-0.1816998654003975 0.05581238928850521 4510
-0.1816894595782476 0.05620973729308981 4511
-0.1816769725916678 0.05668655489859134 4512
-0.181661988207772 0.05725873602519317 4513
-0.1816440069470971 0.05794535337711537 4514
-0.1816224294342872 0.05876929419942201 4515
-0.1815965364189153 0.05975802318618997 4516
-0.181565464800469 0.06094449797031153 4517
-0.1815281788583335 0.0623682677112574 4518
-0.1814834357277708 0.06407679140039244 4519
-0.1814297439710956 0.06612701982735449 4520
-0.1813653138630854 0.06858729393970896 4521
-0.1812879977334732 0.0715396228745343 4522
0.04248564693956945 -0.05869213221346008 4523
0.04248597884772407 -0.0586981230261743 4524
0.0424863771375096 -0.05870531200143137 4525
0.04248685508525225 -0.05871393877173985 4526
0.04248742862254341 -0.05872429089611002 4527
0.04248811686729282 -0.05873671344535424 4528
0.0424889427609921 -0.0587516205044473 4529
0.04248993383343125 -0.05876950897535897 4530
0.04249112312035822 -0.05879097514045297 4531
0.04249255026467058 -0.05881673453856577 4532
0.04249426283784542 -0.05884764581630113 4533
0.04249631792565523 -0.05888473934958357 4534
0.042498784031027 -0.05892925158952249 4535
0.04250174335747312 -0.05898266627744919 4536
0.04250529454920846 -0.05904676390296124 4537
0.04250955597929088 -0.0591236810535757 4538
0.04251466969538977 -0.05921598163431304 4539
0.04252080615470845 -0.05932674233119786 4540
0.04252816990589087 -0.05945965516745964 4541
0.04253700640730976 -0.05961915057097378 4542
0.04254761020901243 -0.05981054505519074 4543
0.04256033477105564 -0.0600402184362511 4544
0.04257560424550749 -0.06031582649352352 4545
0.04259392761484971 -0.06064655616225044 4546
0.04261591565806037 -0.06104343176472273 4547
0.04264230130991317 -0.06151968248768949 4548
0.04267396409213653 -0.06209118335524959 4549
0.04271195943080455 -0.06277698439632172 4550
0.04275755383720618 -0.06359994564560827 4551
0.04281226712488814 -0.06458749914475213 4552
0.0428779230701065 -0.06577256334372476 4553
0.04295671020436852 -0.06719464038249193 4554
0.04305125476548294 -0.06890113282901253 4555
0.04316470823882025 -0.07094892376483723 4556
0.04330085240682503 -0.07340627288782689 4557
0.04346422540843075 -0.07635509183541447 4558
0.2346000179752622 -0.04499333084843002 4559
0.2346005284802111 -0.04499930909103944 4560
0.2346011410861498 -0.04500648298217075 4561
0.2346018762132763 -0.04501509165152831 4562
0.2346027583658281 -0.0450254220547574 4563
0.2346038169488902 -0.04503781853863229 4564
0.2346050872485647 -0.04505269431928217 4565
0.2346066116081741 -0.04507054525606202 4566
0.2346084408397055 -0.04509196638019785 4567
0.2346106359175431 -0.04511767172916083 4568
0.2346132700109482 -0.04514851814791642 4569
0.2346164309230343 -0.04518553385042313 4570
0.2346202240175377 -0.04522995269343117 4571
0.2346247757309418 -0.04528325530504082 4572
0.2346302377870266 -0.04534721843897241 4573
0.2346367922543284 -0.0454239741996903 4574
0.2346446576150906 -0.04551608111255179 4575
0.2346540960480052 -0.04562660940798556 4576
0.2346654221675028 -0.04575924336250609 4577
0.2346790135108999 -0.04591840410793073 4578
0.2346953231229764 -0.04610939700244029 4579
0.2347148946574681 -0.04633858847585177 4580
0.2347383804988583 -0.04661361824394555 4581
0.2347665635085264 -0.04694365396565808 4582
0.2348003831201282 -0.04733969683171311 4583
0.2348409666540504 -0.04781494827097915 4584
0.2348896668947569 -0.0483852499980984 4585
0.2349481071836048 -0.0490696120706415 4586
0.2350182355302223 -0.04989084655769321 4587
0.2351023895461633 -0.05087632794215528 4588
0.2352033743652924 -0.05205890560350975 4589
0.2353245561482474 -0.05347799879713512 4590
0.2354699742877934 -0.05518091062948557 4591
0.2356444760552486 -0.0572244048283061 4592
0.2358538781761948 -0.05967659786689074 4593
0.2361051607213303 -0.06261922951319229 4594
-0.1359134669333512 -0.06489437168312863 4595
-0.1359134099309639 -0.06490037141234985 4596
-0.1359133415280991 -0.06490757108741529 4597
-0.1359132594446613 -0.06491621069749384 4598
-0.135913160944536 -0.06492657822958808 4599
-0.1359130427443857 -0.06493901926810118 4600
-0.1359129009042052 -0.06495394851431691 4601
-0.1359127306959887 -0.06497186360977578 4602
-0.1359125264461289 -0.0649933617243264 4603
-0.1359122813462971 -0.06501915946178717 4604
-0.1359119872264989 -0.06505011674674009 4605
-0.1359116342827411 -0.0650872654886836 4606
-0.1359112107502318 -0.06513184397901579 4607
-0.1359107025112206 -0.06518533816741444 4608
-0.1359100926244071 -0.06524953119349282 4609
-0.135909360760231 -0.06532656282478687 4610
-0.1359084825232196 -0.06541900078233971 4611
-0.1359074286388059 -0.06552992633140314 4612
-0.1359061639775096 -0.06566303699027926 4613
-0.1359046463839539 -0.06582276978093059 4614
-0.1359028252716871 -0.06601444912971219 4615
-0.135900639936967 -0.06624446434825011 4616
-0.1358980175353028 -0.06652048261049562 4617
-0.1358948706533058 -0.06685170452519022 4618
-0.1358910943949094 -0.06724917082282375 4619
-0.1358865628848337 -0.067726130379984 4620
-0.1358811250727429 -0.06829848184857627 4621
-0.1358745996982338 -0.06898530361088701 4622
-0.135866769248823 -0.0698094897256599 4623
-0.1358573727095301 -0.07079851306338736 4624
-0.1358460968623785 -0.07198534106866031 4625
-0.1358325658457966 -0.07340953467498786 4626
-0.1358163286258984 -0.07511856700258092 4627
-0.1357968439620205 -0.07716940579569258 4628
-0.1357734623653671 -0.07963041234742659 4629
-0.1357454044493829 -0.08258362020950738 4630
0.175530945325223 -0.04979846365456421 4631
0.1755314071372339 -0.04980444585563628 4632
0.1755319613116469 -0.04981162449692276 4633
0.1755326263209425 -0.04982023886646653 4634
0.1755334243320973 -0.04983057610991906 4635
0.175534381945483 -0.0498429808020621 4636
0.1755355310815458 -0.04985786643263374 4637
0.1755369100448212 -0.04987572918931972 4638
0.1755385648007517 -0.04989716449734289 4639
0.1755405505078683 -0.04992288686697069 4640
0.1755429333564082 -0.04995375371052405 4641
0.1755457927746561 -0.04999079392278809 4642
0.1755492240765535 -0.05003524217750493 4643
0.1755533416388305 -0.05008858008316514 4644
0.1755582827135628 -0.05015258556995739 4645
0.1755642120032417 -0.05022939215410809 4646
0.1755713271508562 -0.05032156005508893 4647
0.1755798653279937 -0.05043216153626594 4648
0.1755901111405587 -0.05056488331367836 4649
0.1756024061156367 -0.05072414944657326 4650
0.1756171600857303 -0.05091526880604714 4651
0.1756348648498426 -0.05114461203741578 4652
0.1756561105667773 -0.05141982391505817 4653
0.175681605427099 -0.05175007816822903 4654
0.1757121992594851 -0.05214638327203406 4655
0.1757489118583484 -0.05262194939660009 4656
0.1757929669769843 -0.05319262874607934 4657
0.1758458331193474 -0.05387744396545443 4658
0.1759092724901831 -0.05469922222870453 4659
0.175985399735186 -0.05568535614460467 4660
0.1760767524291894 -0.05686871684368483 4661
0.1761863756619935 -0.05828874968258102 4662
0.1763179235413585 -0.05999278908925644 4663
0.1764757809965964 -0.06203763637726695 4664
0.176665209942882 -0.06449145312287957 4665
0.1768925246784246 -0.06743603321761471 4666
0.0572778718922246 -0.05785157375498091 4667
0.05727822035877403 -0.0578575636273555 4668
0.05727863851863334 -0.05786475147420501 4669
0.05727914031046451 -0.05787337689042443 4670
0.05727974246066192 -0.05788372738988774 4671
0.05728046504089881 -0.05789614798924369 4672
0.05728133213718307 -0.05791105270847084 4673
0.05728237265272419 -0.05792893837154343 4674
0.05728362127137353 -0.05795040116723052 4675
0.05728511961375275 -0.05797615652205504 4676
0.0572869176246078 -0.05800706294784446 4677
0.05728907523763387 -0.05804415065879177 4678
0.05729166437326514 -0.05808865591192853 4679
0.05729477133602268 -0.05814206221569265 4680
0.05729849969133171 -0.0582061497802096 4681
0.05730297371770256 -0.05828305485762993 4682
0.05730834254934758 -0.05837534095053432 4683
0.0573147851473216 -0.0584860842620196 4684
0.05732251626489043 -0.05861897623580194 4685
0.05733179360597301 -0.05877844660434074 4686
0.05734292641527212 -0.05896981104658729 4687
0.05735628578643105 -0.05919944837728316 4688
0.05737231703182177 -0.05947501317411821 4689
0.05739155452629062 -0.05980569093032027 4690
0.05741463951965325 -0.06020250423776273 4691
0.05744234151168841 -0.06067868020669369 4692
0.05747558390213059 -0.06125009136941084 4693
0.05751547477066121 -0.06193578476467142 4694
0.05756334381289796 -0.06275861683898412 4695
0.05762078666358206 -0.06374601532815935 4696
0.05768971808440298 -0.06493089351516963 4697
0.05777243578938808 -0.06635274733958198 4698
0.0578716970353702 -0.06805897192887678 4699
0.05799081053054874 -0.07010644143603055 4700
0.058133746724763 -0.07256340484461507 4701
0.0583052701578201 -0.0755117609349165 4702
0.4704326909376885 -0.02103306427184019 4703
0.4704334002814424 -0.02103902219357843 4704
0.470434251493947 -0.0210461716996643 4705
0.4704352729489525 -0.02105475110696736 4706
0.4704364986949591 -0.02106504639573103 4707
0.470437969590167 -0.02107740074224743 4708
0.4704397346644165 -0.02109222595806711 4709
0.4704418527535159 -0.02111001621705072 4710
0.4704443944604352 -0.02113136452783106 4711
0.4704474445087384 -0.02115698250076747 4712
0.4704511045667022 -0.02118772406829116 4713
0.4704554966362587 -0.02122461394931959 4714
0.4704607671197266 -0.0212688818065537 4715
0.470467091699888 -0.02132200323523463 4716
0.4704746811960818 -0.02138574894965176 4717
0.4704837885915142 -0.0214622438069523 4718
0.4704947174660332 -0.02155403763571296 4719
0.4705078321154559 -0.02166419023022574 4720
0.4705235696947633 -0.02179637334364109 4721
0.470542454789932 -0.0219549930797395 4722
0.4705651169041346 -0.02214533676305759 4723
0.4705923114411776 -0.0223737491830393 4724
0.4706249448856292 -0.02264784408701736 4725
0.4706641050189712 -0.02297675797179103 4726
0.4707110971789815 -0.02337145463351943 4727
0.4707674877709939 -0.02384509062759351 4728
0.4708351564814088 -0.02441345382048241 4729
0.4709163589339067 -0.02509548965194908 4730
0.4710138018769042 -0.02591393264970909 4731
0.4711307334085011 -0.02689606424702111 4732
0.4712710512464174 -0.02807462216379553 4733
0.4714394326519171 -0.02948889166392482 4734
0.4716414903385165 -0.03118601506407998 4735
0.471883959562436 -0.03322256314426618 4736
0.4721749226311393 -0.03566642084048961 4737
0.4725240783135833 -0.03859905007595772 4738
0.07206776666318615 -0.0569709641964561 4739
0.07206813104450997 -0.05697695312175625 4740
0.07206856830209857 -0.05698413983211644 4741
0.07206909301120486 -0.05699276388454867 4742
0.07206972266213242 -0.05700311274746734 4743
0.0720704782432455 -0.05701553138296974 4744
0.07207138494058118 -0.05703043374557262 4745
0.07207247297738402 -0.05704831658069609 4746
0.07207377862154742 -0.05706977598284424 4747
0.07207534539454348 -0.05709552726542202 4748
0.07207722552213877 -0.05712642880451537 4749
0.07207948167525312 -0.05716351065142738 4750
0.07208218905899032 -0.05720800886772179 4751
0.07208543791947498 -0.05726140672727508 4752
0.07208933655205656 -0.05732548415873904 4753
0.07209401491115447 -0.05740237707649578 4754
0.07209962894207195 -0.05749464857780387 4755
0.07210636577917293 -0.05760537437937358 4756
0.07211444998369411 -0.05773824534125723 4757
0.07212415102911951 -0.05789769049551761 4758
0.07213579228363 -0.05808902468063008 4759
0.0721497617890426 -0.05831862570276503 4760
0.07216652519553771 -0.05859414692932697 4761
0.07218664128333184 -0.0589247724012013 4762
0.0722107805886848 -0.0593215229674505 4763
0.07223974775510834 -0.05979762364694954 4764
0.07227450835481659 -0.06036894446234838 4765
0.0723162210744665 -0.06105452944082699 4766
0.0723662763380464 -0.06187723141500132 4767
0.07242634265434227 -0.06286447378401053 4768
0.07249842223389731 -0.06404916462682156 4769
0.07258491772936336 -0.06547079363819482 4770
0.07268871232392263 -0.06717674845184271 4771
0.07281326583739374 -0.06922389422822019 4772
0.07296273005355908 -0.07168046915987317 4773
0.07314208711295747 -0.07462835907785673 4774
0.02769111018058504 -0.05949097314051267 4775
0.02769142482419057 -0.05949696488478303 4776
0.02769180239651721 -0.05950415497790747 4777
0.02769225548330917 -0.05951278308965681 4778
0.02769279918745952 -0.05952313682375601 4779
0.02769345163243995 -0.05953556130467504 4780
0.02769423456641646 -0.05955047068177789 4781
0.02769517408718827 -0.0595683619343013 4782
0.02769630151211444 -0.0595898314373294 4783
0.02769765442202585 -0.05961559484096311 4784
0.02769927791391955 -0.05964651092532357 4785
0.02770122610419198 -0.05968361022655612 4786
0.02770356393251889 -0.05972812938803518 4787
0.02770636932651119 -0.05978155238181005 4788
0.02770973579930195 -0.0598456599743399 4789
0.02771377556665086 -0.05992258908537571 4790
0.02771862328746955 -0.0600149040186187 4791
0.02772444055245198 -0.06012568193851027 4792
0.0277314212704309 -0.06025861544238016 4793
0.0277397981320056 -0.06041813564702403 4794
0.02774985036589524 -0.06060955989259667 4795
0.02776191304656281 -0.06083926898728384 4796
0.0277763882633639 -0.06111491990090844 4797
0.02779375852352519 -0.06144570099725797 4798
0.02781460283571876 -0.0618426383128774 4799
0.02783961601035103 -0.06231896309162072 4800
0.02786963181990975 -0.06289055282611269 4801
0.02790565079138022 -0.06357646050750307 4802
0.02794887355714479 -0.06439954972517152 4803
0.02800074087606227 -0.06538725678637367 4804
0.02806298165876324 -0.06657250525981623 4805
0.02813767059800441 -0.06799480342794731 4806
0.02822729732509381 -0.06970156122970461 4807
0.02833484939760109 -0.07174967059181336 4808
0.02846391188460983 -0.07420740182634387 4809
0.02861878686902032 -0.07715667930778047 4810
0.3819101866339855 0.0002327431637003731 4811
0.381911023150215 0.0002386845642589762 4812
0.3819120269696904 0.0002458142449293001 4813
0.3819132315530609 0.0002543698617336886 4814
0.3819146770531055 0.0002646366018989549 4815
0.381916411653159 0.0002769566900972745 4816
0.3819184931732232 0.0002917407959352579 4817
0.3819209909973003 0.0003094817229408381 4818
0.3819239883861927 0.0003307708353475343 4819
0.3819275852528636 0.0003563177702355696 4820
0.3819319014928688 0.0003869740921012122 4821
0.381937080980875 0.0004237616783399832 4822
0.3819432963664824 0.0004679067818265083 4823
0.3819507548292113 0.0005208809060103386 4824
0.3819597049844859 0.0005844498550309348 4825
0.3819704451708155 0.0006607325938556503 4826
0.381983333394411 0.000752271880445309 4827
0.3819987992627257 0.0008621190243528992 4828
0.3820173583047032 0.0009939355970420077 4829
0.3820396291550763 0.001152115484268938 4830
0.3820663541755239 0.001341931348941254 4831
0.3820984242000611 0.001569710386548033 4832
0.3821369082295057 0.001843045231676169 4833
0.3821830890648393 0.002171047045829931 4834
0.3822385060672396 0.002564649222814445 4835
0.3823050064701199 0.003036971835195862 4836
0.3823848069535764 0.003603758970053563 4837
0.382480567533724 0.004283903531882805 4838
0.3825954802299013 0.005100077006077894 4839
0.3827333754653139 0.006079485175112001 4840
0.3828988497478091 0.00725477497795293 4841
0.3830974188868033 0.008665122741362044 4842
0.3833357018535964 0.01035754005745298 4843
0.3836216414137481 0.0123884408367621 4844
0.3839647688859301 0.01482552177193305 4845
0.3843765218525486 0.01775001889413819 4846
-0.240248829532169 -0.06371587913237189 4847
-0.2402490428856033 -0.06372187533786472 4848
-0.2402492989097244 -0.0637290707844561 4849
-0.2402496061386697 -0.06373770532036575 4850
-0.240249974813404 -0.06374806676345735 4851
-0.2402504172230853 -0.06376050049516725 4852
-0.2402509481147027 -0.06377542097321914 4853
-0.2402515851846437 -0.0637933255468814 4854
-0.2402523496685729 -0.06381481103527613 4855
-0.2402532670492879 -0.06384059362134979 4856
-0.240254367906146 -0.06387153272463818 4857
-0.2402556889343756 -0.06390865964858426 4858
-0.2402572741682511 -0.06395321195731955 4859
-0.2402591764489018 -0.06400667472780189 4860
-0.2402614591856826 -0.06407083005238071 4861
-0.2402641984698196 -0.0641478164418753 4862
-0.2402674856107839 -0.06424020010926879 4863
-0.2402714301799411 -0.06435106051014099 4864
-0.2402761636629298 -0.06448409299118762 4865
-0.2402818438425162 -0.06464373196844359 4866
-0.2402886600580199 -0.06483529874115074 4867
-0.2402968395166243 -0.06506517886839933 4868
-0.2403066548669495 -0.06534103502109763 4869
-0.2403184332873399 -0.06567206240433558 4870
-0.2403325673918083 -0.06606929526422115 4871
-0.2403495283171704 -0.06654597469608381 4872
-0.240369881427605 -0.06711799001431901 4873
-0.2403943051601264 -0.06780440839620125 4874
-0.2404236136391521 -0.06862811045445993 4875
-0.2404587838139829 -0.06961655292437036 4876
-0.24050098802378 -0.07080268388826287 4877
-0.2405516330755364 -0.07222604104493388 4878
-0.2406124071376441 -0.0739340696329391 4879
-0.2406853360121734 -0.07598370393854535 4880
-0.2407728506616085 -0.07844326510527286 4881
-0.2408778682409306 -0.08139473850534587 4882
-0.315877973072889 0.05271066336666327 4883
-0.3158782858505264 0.05271665520862961 4884
-0.3158786611836912 0.05272384541898922 4885
-0.3158791115834891 0.05273247367142074 4886
-0.3158796520632466 0.05274282757433856 4887
-0.3158803006389555 0.05275525225783996 4888
-0.3158810789298062 0.05277016187804163 4889
-0.3158820128788271 0.05278805342228363 4890
-0.3158831336176521 0.05280952327537404 4891
-0.3158844785042421 0.05283528709908254 4892
-0.3158860923681501 0.05286620368753272 4893
-0.3158880290048398 0.05290330359367294 4894
-0.3158903529688674 0.05294782348104121 4895
-0.3158931417257004 0.05300124734588314 4896
-0.3158964882339002 0.05306535598369344 4897
-0.3159005040437398 0.05314228634906581 4898
-0.3159053230155474 0.05323460278751265 4899
-0.3159111057817164 0.05334538251364886 4900
-0.3159180451011193 0.05347831818501231 4901
-0.3159263722844028 0.05363784099064846 4902
-0.315936364904343 0.05382926835741183 4903
-0.3159483560482712 0.05405898119752788 4904
-0.315962745420985 0.05433463660566713 4905
-0.3159800126682417 0.05466542309543423 4906
-0.3160007333649496 0.05506236688315476 4907
-0.3160255982009991 0.05553869942841939 4908
-0.3160554360042586 0.05611029848273695 4909
-0.3160912413681699 0.05679621734791802 4910
-0.3161342078048635 0.05761931998613531 4911
-0.3161857675288958 0.05860704315199605 4912
-0.3162476391977346 0.05979231095102894 4913
-0.3163218852003412 0.06121463230986841 4914
-0.316410980403469 0.06292141794047577 4915
-0.3165178946472224 0.06496956069720461 4916
-0.3166461917397265 0.0674273320052792 4917
-0.3168001482507314 0.07037665757496872 4918
-0.3456285828513673 0.05077254617270539 4919
-0.3456290580798786 0.05077852732291768 4920
-0.3456296283540923 0.05078570470317243 4921
-0.3456303126831487 0.05079431755947813 4922
-0.3456311338780164 0.05080465298704497 4923
-0.3456321193118576 0.05081705550012517 4924
-0.3456333018324669 0.05083193851582141 4925
-0.3456347208571983 0.05084979813465691 4926
-0.3456364236868758 0.0508712296772595 4927
-0.3456384670824889 0.05089694752838262 4928
-0.3456409191572246 0.05092780894973035 4929
-0.3456438616469074 0.05096484265534763 4930
-0.3456473926345268 0.05100928310208837 4931
-0.3456516298196701 0.05106261163817726 4932
-0.345656714441842 0.05112660588148392 4933
-0.3456628159884483 0.05120339897345192 4934
-0.3456701378443759 0.05129555068381352 4935
-0.345678924071489 0.05140613273624743 4936
-0.3456894675440248 0.05153883119916813 4937
-0.3457021197110676 0.05169806935467296 4938
-0.3457173023115191 0.05188915514127877 4939
-0.3457355214320608 0.05211845808520573 4940
-0.3457573843767109 0.05239362161791809 4941
-0.345783619910291 0.05272381785717292 4942
-0.3458151025505871 0.05312005334427872 4943
-0.3458528817189424 0.05359553592880567 4944
-0.3458982167209688 0.05416611503023802 4945
-0.3459526187234005 0.05485080995195683 4946
-0.3460179011263185 0.05567244385801941 4947
-0.3460962400098201 0.05665840454529451 4948
-0.3461902466700221 0.05784155737002462 4949
-0.3463030546622644 0.05926134075970075 4950
-0.3464384242529552 0.06096508082731211 4951
-0.3466008677617841 0.06300956890844575 4952
-0.3467957999723789 0.0654629546058061 4953
-0.3470297186250926 0.06840701744263854 4954
0.3080499932546661 0.01024588229132937 4955
0.308050769530432 0.01025183186240091 4956
0.308051701061351 0.01025897134768677 4957
0.3080528188984538 0.01026753873002979 4958
0.3080541603029772 0.01027781958884142 4959
0.3080557699884053 0.01029015661941537 4960
0.3080577016109189 0.01030496105610412 4961
0.3080600195579353 0.01032272638013061 4962
0.308062801094355 0.0103440447689624 4963
0.3080661389380587 0.01036962683556056 4964
0.308070144350503 0.01040032531547834 4965
0.3080749508454362 0.01043716349137968 4966
0.3080807186393562 0.01048136930246128 4967
0.30808763999206 0.01053441627575921 4968
0.3080959456153046 0.01059807264371672 4969
0.3081059123631981 0.01067446028526574 4970
0.3081178724606704 0.01076612545512455 4971
0.3081322245776371 0.01087612365895513 4972
0.3081494471179971 0.01100812150355183 4973
0.3081701141664292 0.01116651891706787 4974
0.3081949146245477 0.01135659581328712 4975
0.3082246751742898 0.01158468808875021 4976
0.3082603878339804 0.01185839881930592 4977
0.3083032430256091 0.01218685169597278 4978
0.3083546692555635 0.012580995147973 4979
0.3084163807315089 0.01305396729037327 4980
0.3084904345026433 0.0136215338612536 4981
0.3085792990280046 0.01430261374630999 4982
0.3086859364584381 0.01511990960837765 4983
0.3088139013749583 0.01610066464285886 4984
0.3089674592747826 0.0172775706842363 4985
0.3091517287545718 0.01868985793388923 4986
0.3093728521303187 0.02038460263347274 4987
0.3096382001812151 0.02241829627297296 4988
0.3099566178422908 0.02485872864037322 4989
0.3103387190355816 0.02778724748125354 4990
0.2641196798125441 -0.04241372413794389 4991
0.2641202138204749 -0.04241970032699126 4992
0.2641208546299918 -0.0424268717538481 4993
0.2641216236014121 -0.04243547746607632 4994
0.2641225463671164 -0.04244580432075017 4995
0.2641236536859616 -0.04245819654635879 4996
0.2641249824685759 -0.04247306721708914 4997
0.264126577007713 -0.04249091202196556 4998
0.2641284904546775 -0.04251232578781726 4999
0.2641307865910349 -0.04253802230683931 5000
0.2641335419546639 -0.04256885812966576 5001
0.2641368483910185 -0.0426058611170575 5002
0.2641408161146442 -0.04265026470192759 5003
0.2641455773829949 -0.0427035490037717 5004
0.2641512909050159 -0.04276749016598463 5005
0.264158147131441 -0.04284421956064015 5006
0.2641663746031511 -0.04293629483422676 5007
0.2641762475692032 -0.04304678516253071 5008
0.2641880951284657 -0.04317937355649545 5009
0.2642023121995808 -0.04333847962925312 5010
0.264219372684919 -0.04352940691656234 5011
0.2642398452673246 -0.0437585196613334 5012
0.2642644123662115 -0.04403345495505867 5013
0.2642938928848758 -0.04436337730752899 5014
0.2643292695072728 -0.04475928413049338 5015
0.2643717214541493 -0.04523437231805065 5016
0.2644226637904011 -0.04580447814311937 5017
0.2644837945939033 -0.04648860513320183 5018
0.2645571515581058 -0.0473095575213008 5019
0.2646451799151489 -0.04829470038701954 5020
0.2647508139436006 -0.04947687182588204 5021
0.2648775747777426 -0.05089547755251704 5022
0.2650296877787131 -0.05259780442447904 5023
0.2652122233798776 -0.05464059667083344 5024
0.265431266101275 -0.05709194736645871 5025
0.265694117366952 -0.06003356820120904 5026
0.3228300265462479 0.008302671802866668 5027
0.3228308146142886 0.008308619823441894 5028
0.3228317602959374 0.008315757448132165 5029
0.3228328951139159 0.008324322597760491 5030
0.3228342568954901 0.008334600777314483 5031
0.3228358910333792 0.008346934592779272 5032
0.3228378519988461 0.008361735171337018 5033
0.3228402051574064 0.008379495865606315 5034
0.3228430289476787 0.008400808698729471 5035
0.3228464174960055 0.008426384098477258 5036
0.3228504837539977 0.008457074578174602 5037
0.3228553632635883 0.008493903153811414 5038
0.3228612186750969 0.00853809744457559 5039
0.3228682451689074 0.008591130593492601 5040
0.3228766769614799 0.008654770372193013 5041
0.322886795112567 0.008731138106633509 5042
0.3228989368938714 0.008822779387962103 5043
0.3229135070314368 0.008932748925556417 5044
0.3229309911965152 0.009064712370669593 5045
0.3229519721946092 0.009223068504805405 5046
0.3229771493923222 0.009413095865768379 5047
0.3230073620295776 0.009641128698923945 5048
0.3230436171942843 0.009914768098710627 5049
0.3230871233919321 0.01024313537845465 5050
0.3231393308291096 0.01063717611414747 5051
0.3232019797537226 0.01111002499697885 5052
0.3232771584632582 0.01167744365637652 5053
0.3233673729147009 0.01235834604765371 5054
0.3234756302564321 0.01317542891718635 5055
0.3236055390665096 0.01415592836062551 5056
0.3237614296386026 0.01533252769275251 5057
0.3239484983251142 0.0167444468913049 5058
0.3241729807489281 0.01843874992956777 5059
0.3244423596575047 0.02047191357548322 5060
0.3247656143477967 0.02291170995058176 5061
0.3251535199761471 0.0258394656007 5062
-0.4485865804964479 0.03471833111866037 5063
-0.448588208623923 0.03472410599536249 5064
-0.4485901623768932 0.03473103584740503 5065
-0.4485925068804574 0.03473935166985608 5066
-0.4485953202847345 0.03474933065679734 5067
-0.4485986963698669 0.03476130544112685 5068
-0.4486027476720259 0.03477567518232227 5069
-0.4486076092346167 0.03479291887175676 5070
-0.4486134431097256 0.03481361129907816 5071
-0.4486204437598563 0.03483844221186383 5072
-0.4486288445400131 0.03486823930720664 5073
-0.4486389254762013 0.03490399582161802 5074
-0.4486510225996271 0.03494690363891166 5075
-0.4486655391477381 0.03499839301966404 5076
-0.4486829590054713 0.03506018027656689 5077
-0.4487038628347512 0.03513432498485031 5078
-0.4487289474298869 0.03522329863479041 5079
-0.4487590489440499 0.03533006701471855 5080
-0.4487951707610455 0.0354581890706323 5081
-0.4488385169414402 0.0356119355377288 5082
-0.4488905323579138 0.03579643129824461 5083
-0.4489529508576821 0.03601782621086357 5084
-0.4490278530574041 0.03628350010600633 5085
-0.4491177356970704 0.03660230878017763 5086
-0.4492255948646701 0.0369848791891832 5087
-0.4493550258657897 0.03744396367998989 5088
-0.4495103430671332 0.03799486506895791 5089
-0.4496967237087454 0.03865594673571954 5090
-0.4499203804786801 0.03944924473583349 5091
-0.4501887686026017 0.04040120233597023 5092
-0.4505108343513076 0.04154355145613432 5093
-0.4508973132497547 0.04291437040033122 5094
-0.4513610879278912 0.04455935313336751 5095
-0.451917617541655 0.04653333241301105 5096
-0.4525854530781716 0.04890210754858331 5097
-0.4533868557219915 0.05174463771127001 5098
-0.2860884696320647 0.05391730901702337 5099
-0.2860886481127234 0.05392330636182373 5100
-0.2860888622895139 0.05393050317558417 5101
-0.2860891193016625 0.0539391393520967 5102
-0.2860894277162408 0.05394950276391172 5103
-0.2860897978137348 0.05396193885808976 5104
-0.2860902419307275 0.0539768621711034 5105
-0.2860907748711188 0.05399477014671977 5106
-0.2860914143995884 0.05401625971745942 5107
-0.2860921818337518 0.05404204720234699 5108
-0.286093102754748 0.05407299218421208 5109
-0.2860942078599434 0.05411012616245019 5110
-0.2860955339861779 0.05415468693633591 5111
-0.2860971253376593 0.05420815986499879 5112
-0.2860990349594369 0.05427232737939423 5113
-0.2861013265055702 0.05434932839666878 5114
-0.28610407636093 0.05444172961739822 5115
-0.2861073761873618 0.05455261108227356 5116
-0.28611133597908 0.05468566884012396 5117
-0.2861160877291417 0.05484533814954444 5118
-0.2861217898292159 0.05503694132084901 5119
-0.2861286323493049 0.05526686512641451 5120
-0.2861368433734116 0.0555427736930931 5121
-0.2861466966023397 0.05587386397310741 5122
-0.2861585204770535 0.05627117230912459 5123
-0.28617270912671 0.05674794231234519 5124
-0.2861897355062978 0.05732006631620992 5125
-0.2862101671618031 0.0580066151208476 5126
-0.2862346851484096 0.05883047368641281 5127
-0.2862641067323373 0.05981910396509106 5128
-0.2862994126330505 0.06100546029950497 5129
-0.2863417797139064 0.06242908790080165 5130
-0.2863926202109335 0.06413744102235767 5131
-0.286453628807366 0.0661874647682249 5132
-0.286526839123085 0.06864749326326557 5133
-0.2866146915019477 0.07159952745731436 5134
-0.1210073262540717 -0.06471410716598144 5135
-0.1210072391496125 -0.06472010653368257 5136
-0.1210071346242616 -0.0647273057749239 5137
-0.1210070091938404 -0.06473594486441352 5138
-0.121006858677335 -0.06474631177180104 5139
-0.1210066780575286 -0.06475875206066607 5140
-0.1210064613137608 -0.06477368040730412 5141
-0.1210062012212395 -0.06479159442326977 5142
-0.121005889110214 -0.06481309124242855 5143
-0.1210055145769833 -0.06483888742541909 5144
-0.1210050651371064 -0.06486984284500773 5145
-0.1210045258092543 -0.0649069893485141 5146
-0.1210038786158316 -0.06495156515272175 5147
-0.1210031019837245 -0.06500505611777092 5148
-0.1210021700251959 -0.06506924527582994 5149
-0.1210010516749616 -0.06514627226550075 5150
-0.1209997096546805 -0.06523870465310573 5151
-0.1209980992303431 -0.0653496235182317 5152
-0.1209961667211382 -0.06548272615638287 5153
-0.1209938477100924 -0.06564244932216427 5154
-0.1209910648968374 -0.06583411712110195 5155
-0.1209877255209315 -0.06606411847982717 5156
-0.1209837182698443 -0.06634012011029743 5157
-0.1209789095685397 -0.06667132206686173 5158
-0.1209731391269741 -0.06706876441473891 5159
-0.1209662145970955 -0.06754569523219152 5160
-0.1209579051612411 -0.06811801221313464 5161
-0.1209479338382158 -0.06880479259026641 5162
-0.1209359682505855 -0.06962892904282451 5163
-0.1209216095454292 -0.07061789278589424 5164
-0.1209043790992415 -0.0718046492775779 5165
-0.1208837025638164 -0.07322875706759832 5166
-0.1208588907213062 -0.0749376864156228 5167
-0.1208291165102939 -0.0769884016332522 5168
-0.1207933874570792 -0.07944925989440746 5169
-0.1207505125932216 -0.08240228980779378 5170
-0.36047954734792 0.04947957088450585 5171
-0.3604801180757767 0.04948554367863536 5172
-0.3604808029492049 0.04949271103159077 5173
-0.3604816247973186 0.04950131185513727 5174
-0.3604826110150551 0.04951163284339306 5175
-0.3604837944763389 0.04952401802930002 5176
-0.3604852146298794 0.04953888025238836 5177
-0.360486918814128 0.04955671492009437 5178
-0.3604889638352264 0.04957811652134159 5179
-0.3604914178605445 0.04960379844283824 5180
-0.3604943626909262 0.04963461674863424 5181
-0.3604978964873842 0.04967159871558942 5182
-0.3605021370431338 0.04971597707593565 5183
-0.3605072257100333 0.04976923110835112 5184
-0.3605133321103127 0.04983313594724968 5185
-0.360520659790648 0.04990982175392795 5186
-0.3605294530070504 0.05000184472194188 5187
-0.3605400048667332 0.0501122722835586 5188
-0.3605526670983527 0.05024478535749866 5189
-0.3605678617762959 0.05040380104622673 5190
-0.3605860953898279 0.05059461987270041 5191
-0.3606079757260662 0.05082360246446883 5192
-0.3606342321295523 0.05109838157459094 5193
-0.3606657398137355 0.05142811650673747 5194
-0.3607035490347553 0.0518237984253133 5195
-0.3607489200999792 0.05229861672760431 5196
-0.3608033653782478 0.05286839869035351 5197
-0.3608686997121701 0.05355213704565255 5198
-0.3609471009128769 0.0543726230720114 5199
-0.361041182353725 0.05535720630364202 5200
-0.3611540800827427 0.05653870618159876 5201
-0.3612895573575641 0.05795650603514685 5202
-0.3614521300873497 0.05965786585940456 5203
-0.3616472173630924 0.06169949764851381 5204
-0.3618813220939835 0.06414945579544491 5205
-0.362162247771053 0.06708940557176224 5206
-0.4988325483693417 0.005708488441276672 5207
-0.4988382620080798 0.005710319924929237 5208
-0.4988451183745657 0.005712517705312316 5209
-0.4988533460143487 0.00571515504177201 5210
-0.4988632191820882 0.005718319845523644 5211
-0.4988750669833757 0.005722117610025603 5212
-0.4988892843449207 0.005726674927427956 5213
-0.4989063451787746 0.005732143708310778 5214
-0.4989268181793994 0.005738706245370166 5215
-0.4989513857801491 0.00574658128984143 5216
-0.4989808669010488 0.005756031343206947 5217
-0.4990162442461284 0.005767371407245567 5218
-0.4990586970602239 0.005780979484091913 5219
-0.4991096404371386 0.005797309176307526 5220
-0.4991707724894361 0.005816904806966263 5221
-0.4992441309521932 0.005840419563756747 5222
-0.4993321611075016 0.005868637271905328 5223
-0.4994377972938718 0.005902498521683624 5224
-0.499564560717516 0.005943132021417581 5225
-0.499716676825889 0.005991892221098328 5226
-0.4998992161559367 0.006050404460715225 5227
-0.5001182633519938 0.006120619148255502 5228
-0.5003811199872624 0.006204876773303834 5229
-0.5006965479495847 0.006305985923361832 5230
-0.5010750615043715 0.006427316903431429 5231
-0.5015292777701157 0.006572914079514946 5232
-0.5020743372890086 0.006747630690815166 5233
-0.5027284087116802 0.006957290624375431 5234
-0.5035132944188861 0.007208882544647749 5235
-0.5044551572675332 0.00751079284897453 5236
-0.5055853926859096 0.007873085214166667 5237
-0.5069416751879614 0.008307836052397231 5238
-0.5085692141904236 0.008829537058273908 5239
-0.5105222609933782 0.009455578265325922 5240
-0.5128659171569236 0.01020682771378834 5241
-0.5156783045531782 0.01110832705194324 5242
-0.0477639272522589 0.04715621639303316 5243
-0.04776350754570176 0.04716220169556569 5244
-0.04776300389783319 0.04716938405860473 5245
-0.04776239952039091 0.04717800289425157 5246
-0.04776167426746017 0.04718834549702777 5247
-0.04776080396394328 0.04720075662035923 5248
-0.04775975959972302 0.04721564996835697 5249
-0.04775850636265871 0.04723352198595426 5250
-0.04775700247818152 0.047254968407071 5251
-0.04775519781680891 0.0472807041124111 5252
-0.04775303222316177 0.04731158695881922 5253
-0.04775043351078521 0.04734864637450896 5254
-0.04774731505593333 0.04739311767333665 5255
-0.04774357291011107 0.04744648323192988 5256
-0.04773908233512436 0.04751052190224175 5257
-0.04773369364514032 0.04758736830661599 5258
-0.04772722721715946 0.04767958399186509 5259
-0.04771946750358243 0.047790242814164 5260
-0.04771015584728999 0.04792303340092269 5261
-0.04769898185973907 0.04808238210503313 5262
-0.04768557307467797 0.04827360054996566 5263
-0.04766948253260464 0.04850306268388468 5264
-0.04765017388211665 0.04877841724458751 5265
-0.04762700350153106 0.04910884271743091 5266
-0.04759919904482835 0.04950535328484299 5267
-0.0475658336967851 0.04998116596573748 5268
-0.0475257952791332 0.05055214118281088 5269
-0.04747774917795092 0.05123731144329895 5270
-0.04742009385653218 0.05205951575588463 5271
-0.04735090747082969 0.05304616093098746 5272
-0.04726788380798671 0.05423013514111085 5273
-0.04716825541257513 0.05565090419325892 5274
-0.04704870133808124 0.0573558270558366 5275
-0.04690523644868857 0.05940173449092981 5276
-0.04673307858141736 0.06185682341304166 5277
-0.04652648914069191 0.06480293011957589 5278
-0.196654379223718 0.05419911817944293 5279
-0.1966542608269938 0.05420511701118051 5280
-0.1966541187509248 0.05421231560926559 5281
-0.1966539482596419 0.05422095392696769 5282
-0.1966537436701025 0.05423131990821022 5283
-0.1966534981626553 0.05424375908570125 5284
-0.1966532035537185 0.05425868609869049 5285
-0.1966528500229945 0.05427659851427757 5286
-0.1966524257861256 0.05429809341298206 5287
-0.1966519167018829 0.05432388729142747 5288
-0.1966513058007917 0.05435483994556194 5289
-0.1966505727194823 0.05439198313052332 5290
-0.196649693021911 0.05443655495247696 5291
-0.1966486373848254 0.05449004113882135 5292
-0.1966473706203227 0.0545542245624346 5293
-0.1966458505029194 0.0546312446707705 5294
-0.1966440263620355 0.05472366880077359 5295
-0.1966418373929749 0.0548345777567773 5296
-0.1966392106301021 0.05496766850398174 5297
-0.1966360585146547 0.05512737740062707 5298
-0.1966322759761178 0.05531902807660147 5299
-0.1966277369298736 0.05554900888777075 5300
-0.1966222900743806 0.05582498586117389 5301
-0.1966157538477889 0.05615615822925765 5302
-0.1966079103758789 0.05655356507095816 5303
-0.1965984982095869 0.05703045328099878 5304
-0.1965872036100365 0.05760271913304753 5305
-0.1965736500905761 0.05828943815550602 5306
-0.1965573858672235 0.05911350098245621 5307
-0.1965378687992004 0.06010237637479643 5308
-0.1965144483175727 0.0612890268456047 5309
-0.1964863437396195 0.06271300741057463 5310
-0.1964526182460756 0.06442178408853855 5311
-0.1964121476538229 0.06647231610209524 5312
-0.1963635829431197 0.06893295451836326 5313
-0.1963053052902759 0.0718857206178849 5314
-0.09239363903889826 0.05001914220536265 5315
-0.09239329278243069 0.05002513220590177 5316
-0.09239287727466959 0.05003232020654871 5317
-0.09239237866535628 0.05004094580732505 5318
-0.0923917803341803 0.05005129652825665 5319
-0.09239106233676914 0.05006371739337457 5320
-0.09239020073987574 0.05007862243151608 5321
-0.09238916682360365 0.05009650847728588 5322
-0.09238792612407716 0.05011797173220964 5323
-0.09238643728464536 0.05014372763811816 5324
-0.09238465067732721 0.05017463472520838 5325
-0.09238250674854541 0.05021172322971665 5326
-0.09237993403400727 0.05025622943512657 5327
-0.09237684677656148 0.05030963688161847 5328
-0.09237314206762655 0.05037372581740876 5329
-0.09236869641690464 0.0504506325403571 5330
-0.09236336163603832 0.05054292060789511 5331
-0.09235695989899877 0.05065366628894072 5332
-0.09234927781455129 0.05078656110619546 5333
-0.09234005931321432 0.05094603488690114 5334
-0.09232899711160995 0.05113740342374795 5335
-0.09231572246968471 0.05136704566796413 5336
-0.09229979289937443 0.05164261636102355 5337
-0.09228067741500208 0.05197330119269485 5338
-0.09225773883375527 0.05237012299070041 5339
-0.0922302125362591 0.05284630914830708 5340
-0.09219718097926367 0.05341773253743509 5341
-0.09215754311086918 0.05410344060438869 5342
-0.09210997766879579 0.05492629028473302 5343
-0.09205289913830772 0.05591370990114621 5344
-0.09198440490172204 0.05709861344084204 5345
-0.09190221181781921 0.05852049768847704 5346
-0.09180358011713582 0.06022675878563904 5347
-0.09168522207631577 0.06227427210223344 5348
-0.09154319242733169 0.06473128808214672 5349
-0.0913727568485508 0.06767970725804265 5350
0.1016405125843877 -0.05509556792999322 5351
0.1016409070489671 -0.05510155494909254 5352
0.1016413804064623 -0.05510873937201173 5353
0.1016419484354565 -0.05511736067951475 5354
0.1016426300702497 -0.05512770624851838 5355
0.1016434480320014 -0.05514012093132274 5356
0.1016444295861035 -0.05515501855068795 5357
0.101645607451026 -0.05517289569392622 5358
0.101647020888933 -0.05519434826581215 5359
0.1016487170144214 -0.05522009135207525 5360
0.1016507523650075 -0.05525098305559098 5361
0.1016531947857108 -0.05528805309980985 5362
0.1016561256905547 -0.0553325371528725 5363
0.1016596427763675 -0.05538591801654767 5364
0.1016638632793428 -0.05544997505295789 5365
0.1016689278829132 -0.05552684349665014 5366
0.1016750054071976 -0.05561908562908085 5367
0.1016822984363389 -0.0557297761879977 5368
0.1016910500713085 -0.05586260485869791 5369
0.101701552033272 -0.05602199926353817 5370
0.1017141543876282 -0.05621327254934648 5371
0.1017292772128557 -0.05644280049231645 5372
0.1017474246031286 -0.05671823402388042 5373
0.1017692014714561 -0.05704875426175718 5374
0.1017953337134491 -0.05744537854720929 5375
0.1018266924038408 -0.05792132768975183 5376
0.1018643228323108 -0.05849246666080287 5377
0.1019094793464747 -0.05917783342606412 5378
0.1019636671634715 -0.06000027354437763 5379
0.1020286925438676 -0.06098720168635383 5380
0.1021067230003429 -0.06217151545672527 5381
0.1022003595481133 -0.063592691981171 5382
0.1023127234054377 -0.06529810381050588 5383
0.1024475600342271 -0.06734459800570772 5384
0.1026093639887743 -0.06980039103994995 5385
0.102803528734231 -0.07274734268104061 5386
-0.07629626824412429 -0.06375274942094808 5387
-0.07629610020231299 -0.06375874706731559 5388
-0.07629589855213942 -0.06376594424295659 5389
-0.07629565657193113 -0.06377458085372581 5390
-0.0762953661956812 -0.06378494478664885 5391
-0.07629501774418126 -0.06379738150615652 5392
-0.07629459960238136 -0.0638123055695657 5393
-0.07629409783222146 -0.06383021444565673 5394
-0.07629349570802958 -0.06385170509696597 5395
-0.07629277315899934 -0.06387749387853706 5396
-0.07629190610016304 -0.06390844041642235 5397
-0.07629086562955947 -0.06394557626188471 5398
-0.0762896170648352 -0.06399013927643954 5399
-0.07628811878716607 -0.06404361489390534 5400
-0.07628632085396313 -0.0641077856348643 5401
-0.07628416333411958 -0.06418479052401505 5402
-0.07628157431030733 -0.06427719639099594 5403
-0.07627846748173263 -0.06438808343137302 5404
-0.07627473928744298 -0.06452114787982551 5405
-0.07627026545429541 -0.0646808252179685 5406
-0.07626489685451833 -0.06487243802374008 5407
-0.07625845453478583 -0.06510237339066599 5408
-0.07625072375110682 -0.06537829583097708 5409
-0.07624144681069202 -0.06570940275935039 5410
-0.07623031448219426 -0.06610673107339836 5411
-0.07621695568799694 -0.06658352505025592 5412
-0.07620092513496016 -0.06715567782248498 5413
-0.07618168847131603 -0.06784226114915987 5414
-0.07615860447494306 -0.06866616114116973 5415
-0.07613090367929551 -0.06965484113158157 5416
-0.07609766272451846 -0.07084125712007577 5417
-0.07605777357878597 -0.07226495630626882 5418
-0.076009906603907 -0.07397339532970047 5419
-0.07595246623405223 -0.07602352215781845 5420
-0.07588353779022651 -0.07848367435156003 5421
-0.07580082365763564 -0.08143585698404993 5422
-0.3886307246533667 -0.05044036175606246 5423
-0.3886317074063099 -0.05044628072528461 5424
-0.3886328867098416 -0.0504533834883512 5425
-0.3886343018740797 -0.05046190680403109 5426
-0.3886360000711654 -0.05047213478284698 5427
-0.3886380379076683 -0.05048440835742603 5428
-0.3886404833114717 -0.0504991366469209 5429
-0.3886434177960358 -0.05051681059431473 5430
-0.3886469391775128 -0.05053801933118734 5431
-0.3886511648352851 -0.05056346981543447 5432
-0.3886562356246119 -0.05059401039653103 5433
-0.388662320571804 -0.05063065909384689 5434
-0.3886696225084346 -0.05067463753062593 5435
-0.3886783848323913 -0.05072741165476078 5436
-0.3886888996211393 -0.05079074060372259 5437
-0.3887015173676369 -0.05086673534247677 5438
-0.388716658663434 -0.05095792902898179 5439
-0.3887348282183906 -0.05106736145278781 5440
-0.3887566316843385 -0.05119868036135503 5441
-0.388782795843476 -0.05135626305163569 5442
-0.3888141928344409 -0.0515453622799725 5443
-0.3888518692235989 -0.05177228135397666 5444
-0.3888970808905884 -0.05204458424278165 5445
-0.3889513348909759 -0.05237134770934764 5446
-0.3890164396914408 -0.05276346386922683 5447
-0.3890945654519988 -0.05323400326108185 5448
-0.3891883163646683 -0.05379865053130789 5449
-0.3893008174598717 -0.05447622725557912 5450
-0.3894358187741158 -0.05528931932470461 5451
-0.3895978203512087 -0.05626502980765519 5452
-0.3897922222437202 -0.05743588238719589 5453
-0.3900255045147341 -0.05884090548264473 5454
-0.3903054432399506 -0.06052693319718334 5455
-0.3906413697102106 -0.06255016645462966 5456
-0.3910444814745224 -0.06497804636356526 5457
-0.3915282155916967 -0.06789150225428797 5458
-0.4609108405474379 -0.03268675342117965 5459
-0.4609129709367609 -0.03269236247112883 5460
-0.4609155274039485 -0.03269909333106785 5461
-0.4609185951645737 -0.03270717036299467 5462
-0.4609222764773239 -0.03271686280130685 5463
-0.460926694052624 -0.03272849372728147 5464
-0.4609319951429843 -0.03274245083845102 5465
-0.4609383564514166 -0.03275919937185447 5466
-0.4609459900215353 -0.03277929761193861 5467
-0.4609551503056778 -0.03280341550003958 5468
-0.4609661426466488 -0.03283235696576075 5469
-0.460979333455814 -0.03286708672462615 5470
-0.4609951624268122 -0.03290876243526462 5471
-0.4610141571920101 -0.0329587732880308 5472
-0.4610369509102475 -0.03301878631135021 5473
-0.4610643033721324 -0.0330908019393335 5474
-0.4610971263263943 -0.03317722069291345 5475
-0.4611365138715086 -0.03328092319720939 5476
-0.4611837789256458 -0.03340536620236451 5477
-0.4612404969906104 -0.03355469780855067 5478
-0.4613085586685678 -0.03373389573597405 5479
-0.4613902326821169 -0.03394893324888211 5480
-0.4614882414983757 -0.03420697826437179 5481
-0.4616058520778862 -0.03451663228295939 5482
-0.461746984773299 -0.03488821710526452 5483
-0.4619163440077941 -0.03533411889203068 5484
-0.4621195750891884 -0.03586920103615006 5485
-0.4623634523868615 -0.03651129960909332 5486
-0.4626561051440692 -0.03728181789662523 5487
-0.4630072884527185 -0.03820643984166353 5488
-0.4634287084230976 -0.03931598617570949 5489
-0.4639344123875526 -0.04064744177656463 5490
-0.4645412571448986 -0.0422451884975908 5491
-0.4652694708537137 -0.04416248456282221 5492
-0.4661433273042919 -0.04646323984109991 5493
-0.4671919550449857 -0.04922414617503314 5494
-0.3738992290061708 -0.05272155524771613 5495
-0.3739000918038792 -0.05272749288867145 5496
-0.3739011271611293 -0.05273461805781784 5497
-0.3739023695898294 -0.05274316826079351 5498
-0.3739038605042695 -0.05275342850436431 5499
-0.3739056496015977 -0.05276574079664927 5500
-0.3739077965183915 -0.05278051554739123 5501
-0.3739103728185441 -0.05279824524828158 5502
-0.3739134643787271 -0.05281952088934999 5503
-0.3739171742509468 -0.05284505165863209 5504
-0.3739216260976105 -0.05287568858177061 5505
-0.3739269683136068 -0.05291245288953682 5506
-0.3739333789728024 -0.0529565700588563 5507
-0.3739410717638372 -0.05300951066203966 5508
-0.3739503031130789 -0.05307303938585968 5509
-0.3739613807321689 -0.05314927385444372 5510
-0.3739746738750769 -0.05324075521674456 5511
-0.3739906256465665 -0.05335053285150557 5512
-0.3740097677723541 -0.05348226601321879 5513
-0.3740327383232993 -0.05364034580727465 5514
-0.3740603029844333 -0.05383004156014168 5515
-0.3740933805777942 -0.05405767646358212 5516
-0.3741330736898273 -0.05433083834771064 5517
-0.3741807054242671 -0.05465863260866487 5518
-0.3742378635055947 -0.05505198572180994 5519
-0.3743064532031879 -0.05552400945758403 5520
-0.3743887608402998 -0.05609043794051293 5521
-0.374487530004834 -0.05677015212002762 5522
-0.3746060530022751 -0.05758580913544524 5523
-0.3747482805992044 -0.05856459755394639 5524
-0.3749189537155195 -0.05973914365614777 5525
-0.3751237614550977 -0.06114859897878942 5526
-0.3753695307425914 -0.0628399453659594 5527
-0.375664453887584 -0.06486956103056338 5528
-0.376018361661575 -0.06730509982808816 5529
-0.3764430509903643 -0.07022774638511789 5530
-0.4033091875721049 -0.04784011998440886 5531
-0.4033103101668655 -0.04784601403064244 5532
-0.4033116572805782 -0.04785308688612273 5533
-0.4033132738170334 -0.04786157431269908 5534
-0.4033152136607796 -0.0478717592245907 5535
-0.4033175414732751 -0.04788398111886065 5536
-0.4033203348482697 -0.04789864739198458 5537
-0.4033236868982633 -0.04791624691973331 5538
-0.4033277093582555 -0.04793736635303177 5539
-0.4033325363102462 -0.04796270967298993 5540
-0.4033383286526351 -0.04799312165693972 5541
-0.4033452794635017 -0.04802961603767947 5542
-0.4033536204365416 -0.04807340929456717 5543
-0.4033636296041895 -0.04812596120283241 5544
-0.403375640605367 -0.04818902349275069 5545
-0.40339005380678 -0.04826469824065264 5546
-0.4034073496484756 -0.04835550793813497 5547
-0.4034281046585103 -0.04846447957511377 5548
-0.4034530106705519 -0.04859524553948833 5549
-0.4034828978850019 -0.0487521646967378 5550
-0.4035187625423419 -0.04894046768543717 5551
-0.4035618001311498 -0.04916643127187641 5552
-0.4036134452377194 -0.04943758757560349 5553
-0.4036754193656029 -0.049762975140076 5554
-0.4037497883190631 -0.050153440217443 5555
-0.4038390310632153 -0.0506219983102834 5556
-0.4039461223561979 -0.0511842680216919 5557
-0.4040746319077771 -0.05185899167538208 5558
-0.4042288433696721 -0.0526686600598103 5559
-0.4044138971239461 -0.05364026212112416 5560
-0.4046359616290749 -0.0548061845947008 5561
-0.4049024390352294 -0.05620529156299277 5562
-0.4052222119226149 -0.05788421992494312 5563
-0.4056059393874775 -0.05989893395928356 5564
-0.4060664123453126 -0.06231659080049207 5565
-0.4066189798947147 -0.06521777900994229 5566
-0.01670607708251627 -0.06161827759654981 5567
-0.01670581909675933 -0.06162427204759634 5568
-0.01670550951385099 -0.06163146538885217 5569
-0.01670513801436099 -0.06164009739835917 5570
-0.01670469221497299 -0.06165045580976757 5571
-0.0167041572557074 -0.06166288590345765 5572
-0.01670351530458868 -0.06167780201588574 5573
-0.01670274496324622 -0.06169570135079946 5574
-0.01670182055363527 -0.06171718055269591 5575
-0.01670071126210212 -0.06174295559497166 5576
-0.01669938011226235 -0.06177388564570256 5577
-0.01669778273245462 -0.06181100170657964 5578
-0.01669586587668535 -0.06185554097963213 5579
-0.01669356564976222 -0.06190898810729512 5580
-0.01669080537745446 -0.06197312466049072 5581
-0.01668749305068516 -0.06205008852432543 5582
-0.016683518258562 -0.06214244516092707 5583
-0.0166787485080142 -0.06225327312484906 5584
-0.01667302480735684 -0.06238626668155543 5585
-0.01666615636656801 -0.06254585894960309 5586
-0.01665791423762141 -0.06273736967126027 5587
-0.0166480236828855 -0.06296718253724888 5588
-0.0166361550172024 -0.06324295797643523 5589
-0.01662191261838268 -0.06357388850345884 5590
-0.01660482173979902 -0.06397100513588717 5591
-0.01658431268549863 -0.06444754509480118 5592
-0.01655970182033816 -0.06501939304549798 5593
-0.01653016878214559 -0.06570561058633413 5594
-0.01649472913631451 -0.06652907163533753 5595
-0.01645220156131722 -0.06751722489414159 5596
-0.01640116847132047 -0.06870300880470648 5597
-0.01633992876332436 -0.07012594949738435 5598
-0.01626644111372904 -0.07183347832859778 5599
-0.01617825593421465 -0.0738825129260539 5600
-0.01607243371879738 -0.07634135444300123 5601
-0.01594544706029665 -0.07929196426333805 5602
3.701964412788506 -2.949485400385974 5603
-0.1073971836149742 -4.017810123061262 5604
4.147642867105691 0.8588556868159687 5605
1.76169112494578 3.00380076432669 5606
-1.844073307731776 3.441403228167956 5607
-3.099835489592503 -2.336211479676315 5608
1.362145739232855 -2.210487923112226 5609
2.412601301109191 -0.5237228196759928 5610
-0.6893837918735554 -2.064816604615126 5611
1.870519351693086 1.132645492294033 5612
0.1611851596640945 1.948415932078484 5613
-1.313598358047987 1.363329079167215 5614
-2.334684422612482 -0.138100555596564 5615
0.353371502392987 -1.333653802842492 5616
-0.6156174357221755 -1.052334632819039 5617
-0.3521521224511845 1.074794249711201 5618
0.6775782018116696 1.007170790022846 5619
0.7545835489595707 -0.7132903959809999 5620
1.161623897654075 -0.1922343640706253 5621
0.9746652392702226 0.3805175725991117 5622
0.1226076063085123 -0.7154379870377214 5623
-0.3696390742748752 -0.5828078520966364 5624
-0.9661849766173839 -0.4327268727144719 5625
-0.8345562535360517 0.6101862581876381 5626
-0.3507205995412704 0.5604119101504563 5627
0.2027160803250771 0.6166830691196674 5628
0.5574418314521986 0.3975791563059818 5629
0.791726047560372 -0.280249495268946 5630
0.4328105562807238 -0.4371982221933984 5631
-3.633476728156539 1.877482159689551 5632
0.1160322001496457 -0.3924035512965584 5633
-0.1531547784933093 -0.3530512698417181 5634
-0.06328009763743277 0.3974581476461022 5635
-0.6040678717813628 -0.3505456346980461 5636
0.2002263016208487 0.3253153976274872 5637
-0.6012948277423593 0.3470353760556829 5638
0.7294250521624275 0.1751804787834375 5639
-0.3555510286591354 0.313814946363888 5640
-1.893629203364334 -1.366442632417121 5641
-4.948243471820406 -0.4447454536470586 5642
0.7199543037621092 -0.07754045357412419 5643
0.5827011591262657 -0.2305226338859451 5644
-0.3633835666533055 -0.2906475202782649 5645
0.2904919413385056 -0.2766615073309084 5646
-1.014019474360259 0.05782661235984921 5647
4.848099807476422 3.909699176742844 5648
0.3928199860772983 0.2336524265996138 5649
-0.02648087738122115 3.898591216362709 5650
-1.749502579105904 0.5983500152378598 5651
-4.618553390787674 4.843502275594747 5652
2.009557849091816 -4.216971189870041 5653
-0.1847412474453324 0.2519660524040415 5654
1.656770947365052 -0.9644627407565386 5655
-0.02800400680614477 0.2256398931160995 5656
-0.01617711461276851 -0.2548571970577894 5657
0.1370252966673679 -0.2267763544488794 5658
2.625197153897488 -1.911218276764802 5659
4.174387098486857 -1.064333175483242 5660
-2.763223068402312 -5.134670701321304 5661
0.5691001368587605 0.1483598917741956 5662
-0.4893302332424776 0.2118979323659925 5663
-0.6644260579883835 0.1367748981827796 5664
-1.757624507937072 -3.476006026498434 5665
0.5995111346291347 -0.1160541930469881 5666
0.4226325324103047 -0.195938411972452 5667
0.108361543235011 0.1910581043717809 5668
0.2393749190696529 0.1748432883230926 5669
-0.934983132330816 2.599539553499347 5670
3.229751539570902 2.152762306298534 5671
2.034577517815862 5.594945817040164 5672
1.776766494840343 0.3293334346297942 5673
-0.7780183251934158 -0.123618866787397 5674
0.298780286698921 -2.369978886425836 5675
-0.1417645829203927 -0.2143016743365498 5676
-5.23816047616725 -4.046805958171358 5677
4.250190199997959 -5.435483917337494 5678
1.166474320599216 1.862596240575088 5679
-1.418316562079063 5.692358727122349 5680
-0.4915987403073617 -0.1990310088052228 5681
0.6375945728039684 0.01347749774980371 5682
-0.2985850996503002 0.1981122323022865 5683
-0.2521885818062994 -0.1964851782289167 5684
-2.045436969385087 2.28276314043291 5685
1.056819641973927 -1.363898237677857 5686
2.916851358540279 0.5692067896121131 5687
0.9892538980831838 -3.382342254334734 5688
0.5038861175482308 -0.1343823320592234 5689
5.830407672316975 -2.450456804846578 5690
-0.2069874239422165 -0.9677003543845228 5691
0.1523600673040514 1.136463421508859 5692
-0.07385668189646075 0.7197082479343362 5693
-0.6426359632588343 1.82770531728815 5694
0.8414943071416142 -5.916699020154887 5695
5.98696991137211 -0.08538721626841969 5696
0.9843289261813064 0.03804898201248404 5697
0.4563553192087594 0.1308138062525099 5698
0.3466608374323115 0.1304819320663146 5699
-0.2716822388972125 -1.595496761800411 5700
0.2203678238909342 -0.1681248613318782 5701
-5.713686172530396 2.79593425432172 5702
5.871198859407523 2.081589379384206 5703
-0.7161878767446723 -0.6999480493540045 5704
3.125696348757634 3.783353883169811 5705
-2.240842489329935 1.392813805664972 5706
0.3229257697028496 -0.1566906843760297 5707
-3.565929740094405 3.53301991156507 5708
-0.3493383744365951 -0.1711362533253661 5709
1.797299794927924 -0.3352306970955546 5710
0.7264894631374625 2.804828843034969 5711
-1.640182936566629 -0.2437846479254026 5712
-1.295279939855678 -1.046558221641131 5713
-3.098356546345921 -1.092360317169084 5714
3.841812411169971 5.557206607010001 5715
0.04250203206300276 -0.1744223839711034 5716
-0.1232372200277086 0.1721521091043564 5717
-0.9719345551054828 -5.617514414442843 5718
-0.8857326116640762 1.127909951080867 5719
1.039028272438322 -0.5267402253467663 5720
-0.3966500626726467 0.1646478507127381 5721
-0.4823736750287959 -3.080448397420315 5722
-3.242288778651624 0.6923839645138945 5723
-4.968809544095329 -2.282561627590271 5724
-0.1053742090599177 -0.6232671422993254 5725
0.5829133011940666 -0.0411151780462213 5726
2.208345336760849 -3.056550365609033 5727
1.277478724745217 0.9243780788115816 5728
-0.5478274574443667 0.1260739348619525 5729
-0.06564905321646929 -0.1697706924189201 5730
0.4204483462892595 -0.7709309578661714 5731
-0.2187758472979348 0.1574262883460379 5732
0.02822072256842952 0.150846779147414 5733
0.2574523794356882 5.568232438578705 5734
0.5377664242495247 0.07333705111300398 5735
-2.611090030035311 4.731012024435295 5736
-0.6613021119863897 -0.01225339275694367 5737
-1.700849637432688 -2.425930052413864 5738
0.6462012910489492 -0.435755080443173 5739
2.116179171557724 2.132315637033104 5740
2.613753402729521 -5.848024424662504 5741
5.980642740381038 5.724537618944499 5742
-0.574672371348779 0.8177754713885329 5743
5.154764476522729 -3.930843895813773 5744
-0.8636178571152445 0.3102462563056882 5745
0.528985495863616 1.551972640668871 5746
-5.173238666356055 1.211397582191111 5747
0.1180357177491176 -0.1504728824668448 5748
-4.613467315723588 -5.907141012293351 5749
-0.2309842609293301 0.4043374137865882 5750
-0.1017817697793996 2.757925882934926 5751
-0.04874991061911544 0.1422337823953269 5752
1.391312160041632 0.159984373030543 5753
1.326877799791428 4.292023616899223 5754
-1.301449742215224 0.8462635352436639 5755
-1.351709957828768 0.4162602628213143 5756
0.1637626291077537 0.1295934500111637 5757
-3.148312607824014 -3.771309916927605 5758
3.475666207293195 -0.3079346276255517 5759
-0.9877524949492462 -1.537942341836982 5760
4.575546151806568 2.094865476648196 5761
0.6869796909581622 -1.848707989013831 5762
-0.1348126870522996 1.539779304915478 5763
-0.5403139134948406 -0.1214469215043492 5764
-1.097219762967705 4.47132704166653 5765
1.670237273102024 -1.605536971582659 5766
0.0656358725057668 0.3173472789023918 5767
0.3652286450357214 0.4156772745714667 5768
0.4896315178181073 0.6707783552816893 5769
-0.4642260070925142 0.1261050252027861 5770
3.438927478867642 -4.294640279275734 5771
0.6262661616164004 -1.073390926005918 5772
2.714726378523474 1.420898871050206 5773
6.149822187704034 -5.406887533979801 5774
1.120482224741211 -0.9360604684866117 5775
0.2529517926577007 -0.5530934919820253 5776
-1.24734590599599 2.009280145951006 5777
0.9924169029690627 1.389350988971011 5778
0.9418654212194828 -4.547587187748977 5779
3.150005844357316 -1.098799687362575 5780
0.1221161233741395 -1.057313119960261 5781
-3.575328266943247 6.215354295778894 5782
-0.1912846164467601 -0.1550990400974609 5783
-0.01779001834301457 -0.3898596820877839 5784
-0.5878687049181959 0.5823989259174012 5785
0.4002514968686715 -0.1242062789510511 5786
0.5534348265790755 0.02787418166427649 5787
2.30012943355934 -1.278349142184399 5788
0.8427698855160947 0.7044461563306046 5789
-0.9345024522745232 3.530569589711454 5790
-0.4133155922701461 -0.1367827910717912 5791
-6.35551793236751 -1.262328539437878 5792
-6.409380545239768 0.1055455473866015 5793
-6.111087329082473 6.111087329083831 5794
0.04658931251030746 -0.5441778094911648 5795
0.5252135863155829 -0.08106071226097654 5796
0.1652962831916672 -1.799848919806296 5797
-2.745027089260908 2.9458262201011 5798
-0.314915786150368 0.8184612241192382 5799
0.2820222562657058 0.1021555310106252 5800
3.606291351560907 -1.946748258762171 5801
0.08746422946416769 0.1185815079821095 5802
1.393897895314163 -0.4550788268178513 5803
2.436679177534097 0.1492247164170803 5804
2.018884772917392 -2.242642960651562 5805
-0.2997344989306012 -0.4371022741180597 5806
0.4751716931150646 0.06749535720451162 5807
-0.4646899361836038 0.4398298037086907 5808
-6.301326466485206 -5.506006900285625 5809
-6.349015604989269 -2.914351850910267 5810
-0.1274964356704281 -0.1446392016931559 5811
6.352095483386327 3.589066403141445 5812
-0.3276272538488155 0.1359055452434137 5813
-6.291615958120353 4.315330794964813 5814
0.08964657465023411 0.4853026982112099 5815
-3.84623890473722 -0.2839654430952737 5816
0.897309698655564 -0.1339685196119216 5817
-1.160338632594764 -4.479502788400762 5818
4.731688403647672 -1.945449021927447 5819
0.4138340145951875 0.07479794374689763 5820
4.907989444972118 -0.04842343805744951 5821
5.286560213671884 1.030567356381456 5822
0.2233968292016837 0.09679011891200354 5823
-0.5533200746263213 1.43544782516514 5824
-4.132336203363486 -1.371714498304826 5825
0.1732748432038414 -0.1270143470402252 5826
0.2637024182288152 -0.1218449785932336 5827
-0.4541680407612119 -0.416163519665659 5828
2.612633971760554 2.824704070902664 5829
0.9866460958646681 -0.3098607661966218 5830
-4.522326673372464 2.782652140253544 5831
0.4771448668012403 -0.3131714198738194 5832
-0.4591820485722146 -0.8176111558850294 5833
0.3024712674032169 -3.084332013893248 5834
-1.736266093844975 1.098720602440724 5835
3.471605617878026 1.188513490812603 5836
-0.005864873682863733 -0.1382017351358946 5837
1.314011434159817 0.5302975718266266 5838
-2.483719651056217 0.6977515432070696 5839
0.6934930137197874 -0.1911882717567187 5840
3.886580459237313 2.95777818031268 5841
-0.09315374205658741 0.9846871698722595 5842
0.1302927277803336 0.8578403820416318 5843
-2.812332746143361 1.978981320479031 5844
-1.392379564127983 -0.5694371675643563 5845
-1.974687787787508 -0.7582057649160485 5846
-1.748434196609279 1.747355415924045 5847
-6.538797407176554 1.579950468650052 5848
0.2593696392864852 -0.4054642659531644 5849
0.8855960242722858 -2.727785904887427 5850
-1.026693001156828 -2.623294022479004 5851
-1.043725666568735 -0.7971607336074272 5852
-4.022505602474223 -2.961988021060237 5853
6.54598950624421 -3.780263295467384 5854
-2.187490180090234 -6.496574883195025 5855
-0.2976417846422067 -0.1391583166705077 5856
-1.268387261034813 -0.2319000783713572 5857
-0.2681850533654579 -0.7682378443063338 5858
-0.1235116346050149 -1.254900861195048 5859
5.231403787780467 -0.9947527081421041 5860
6.598305300967249 -1.281982281131883 5861
0.4741412436964037 -0.09280110288494045 5862
0.05717620053728132 -5.168260171775192 5863
6.579238748056426 1.055832567868425 5864
2.21692515417973 3.874948324350579 5865
2.248629268186396 0.6758607039880042 5866
-0.2663792390157065 0.1262512876826876 5867
-0.172139228671903 0.1274593656008658 5868
-0.245686131386691 -0.3022392401889951 5869
0.6925955360989278 2.0208201040072 5870
-0.05840215265586655 -0.8132724912826401 5871
0.1942828608519802 -0.3164884900627856 5872
-1.57463028841018 2.779059819343091 5873
0.7637574178279604 0.0527899215851937 5874
1.475951102220863 -0.1383263649222692 5875
-0.2937116685165995 2.240900186371603 5876
2.823470347883124 4.77504016620541 5877
-3.966087177226099 -4.818430151269248 5878
-0.1239639776741742 0.552301970691729 5879
1.144996379984465 6.623410315212758 5880
-2.377821564420391 -1.997910953358795 5881
-2.420045831526913 -2.823406254861939 5882
2.866335253246656 6.582005087982937 5883
-4.289459397131409 0.6452167162874342 5884
-0.278510304048906 -2.502412473434716 5885
0.8443589911313034 -0.4773496441627842 5886
0.06836939932553461 -0.3015071199643596 5887
0.5010725026623448 0.2245961561577307 5888
0.7840622392733032 0.3693413193874114 5889
5.198654219680603 -6.547241730649007 5890
0.7328979236190281 -1.458258591158698 5891
0.5415691956171993 -0.5965761941099053 5892
-0.477911027610292 6.645322196648097 5893
1.553081283822305 -2.831553847000059 5894
2.918435669914732 -2.648699057194232 5895
0.06879099410318625 -0.1265859106644786 5896
-1.265601923943665 -2.019495125713227 5897
2.911405196752137 -3.564779153926862 5898
-0.9521111736502015 1.494242426630335 5899
-0.5962964096440235 0.2226570645336511 5900
0.3818987125772107 0.9232090765233038 5901
-0.09598276636620909 0.1197761257270844 5902
-0.7289415546277164 0.4711596195108738 5903
0.6203428309633715 0.2759059525690896 5904
1.115147907719648 3.500125811939797 5905
-0.4724967163119579 0.3268281410022358 5906
-0.4586757306153474 -0.1085159031667414 5907
-2.668003845176307 3.842953853148735 5908
3.728182317440583 -6.644054956146495 5909
-0.2312000424783408 -0.1307800412224449 5910
0.3520848090207243 -0.1029414725065107 5911
-0.3738064262870479 0.1156130913068134 5912
-0.5626676451988116 -0.5788049248882092 5913
0.2926715142095236 0.268350578519276 5914
-0.2764077268943716 0.2869172081835378 5915
-0.6063571098091494 -0.2262016008360917 5916
1.729017517797875 -5.172547513488595 5917
-0.8359781104789588 0.8696370632765205 5918
1.313366656884375 2.510652387919447 5919
-0.09398573981961451 0.3009875150234828 5920
4.817390057823979 6.583857130277557 5921
-0.8294715304219427 0.07781688763501431 5922
-0.09736145816030123 -0.2958408343665272 5923
0.3353612834359687 2.48068399918695 5924
-0.187300842504782 -6.719154525547065 5925
-0.2281725563225165 -2.043609469216004 5926
-0.749582677393219 -0.4947135950147373 5927
-2.345116657922077 6.673984692341598 5928
0.3505953096948087 0.07654371985390113 5929
3.62458666317913 0.3711121200225074 5930
-0.1137498945095812 -0.4835016613467606 5931
0.2315832775099252 0.4650699666501677 5932
0.6726934604206656 -0.3089089490245601 5933
-0.6277085239352603 -1.410379652579517 5934
4.707035275845961 -2.974938290179809 5935
0.3868370513923806 -1.023751985524528 5936
-0.005257899306184886 0.1119370617264911 5937
-0.7649083673335154 -0.2892656871705912 5938
-1.082467226781409 0.4749615773448445 5939
-3.072023639372066 -0.272407043160264 5940
5.101619864419987 2.899400556168084 5941
-1.912355395966892 4.239628730863877 5942
-0.3437498203856621 -0.1228943774641483 5943
0.217736106803013 -0.109800294894663 5944
-0.2624720400614128 4.822498145072444 5945
-0.3445609912306709 0.4341216362620534 5946
1.527966453747077 1.503251053736618 5947
-5.062779231233679 3.737663072992067 5948
-0.409023132931927 0.2509409862942956 5949
-0.364933697653561 -1.188030631295899 5950
-0.9546880582167181 -1.100958004316459 5951
-0.8456334249173767 -3.748742963423186 5952
0.5381432204398061 -0.05193236179153275 5953
0.8831253427642984 0.147658653104296 5954
0.3873374708349452 -0.2851320800718357 5955
-6.54810087927449 -4.258500993050359 5956
0.03866294506424227 0.1018641116293899 5957
-3.641128590412509 4.694984881520008 5958
-3.576896264739931 2.705662601774123 5959
-3.360933648487844 -6.157099136819214 5960
-1.435225777602968 -1.509940440358989 5961
-2.107285913096956 -4.383826121371142 5962
-1.680174509739457 0.1748511901662236 5963
-2.913239901993314 1.258609400783653 5964
0.3068563959412148 -0.1010911282394287 5965
1.787237355217874 -6.784108158202511 5966
1.155338991627041 0.2195251633399675 5967
0.447587773274714 1.234694344611246 5968
0.1958101993346704 1.46081143844605 5969
2.029647570839878 -0.7330753161982538 5970
-4.818646597445056 6.133499909553519 5971
0.9843971347884704 0.9877721262631771 5972
-0.7355952536156983 0.281609007273614 5973
2.907816592559291 -0.1535667268428499 5974
0.2886380200572373 3.288339058026076 5975
1.192057233482933 0.0152288945605997 5976
0.4506989454190433 0.3360809695167545 5977
0.5049182539626343 -0.2209999283429304 5978
1.703252125784909 0.736871432949623 5979
3.923685091038438 4.516481508577852 5980
4.984492070827398 5.145187861507282 5981
6.579451288581335 -6.756964657906532 5982
0.1300015156280608 0.1013926303169695 5983
-2.490772033961059 -1.115794681481427 5984
1.11027770466116 -1.80491859489275 5985
-0.6229837533852631 1.074784168637176 5986
0.1866078193270637 0.2347910721910268 5987
0.04377247866829974 0.2211427835069699 5988
-1.313883282242647 0.09024627603280723 5989
-0.2411801751624049 0.6780267922984138 5990
1.712159317783747 -3.537967996721113 5991
-0.4113023432505214 -0.2132868753379742 5992
-0.4660802070554917 -0.2950123197896251 5993
-0.5601239687042968 0.0604471894435037 5994
-0.5826938216749965 -0.005705832931168229 5995
-0.0518047364214072 -0.1259986963922101 5996
-0.2352401166646787 -0.5581925059451115 5997
4.152680750352286 -0.1258044531649133 5998
0.6801469852352874 0.5713760742755543 5999
-0.1424231092408218 1.275004221114995 6000
2.65596506041343 -4.88694678933574 6001
-1.019334669435554 -0.1852860142587363 6002
-0.5432887140788876 3.040333716412033 6003
-5.668171344889746 -6.695242199016586 6004
4.144036221657682 -3.686080922727955 6005
0.5221206449377879 4.544526758494916 6006
0.2117916222082513 -0.2426030615067252 6007
0.5179499524343922 0.02948645030863855 6008
0.5478220616952554 -0.006670341838991454 6009
-2.133716478801782 0.3095276559010865 6010
-1.081999153851098 0.7605310029158983 6011
1.397537772897813 -1.206435423444822 6012
0.4279008071299643 -0.08909459122861892 6013
-0.4607232198946441 0.6847932430202566 6014
3.869812417822983 1.826302528982184 6015
0.2562947640449337 -0.8675261232846605 6016
-0.4914069515426241 0.08994601085778289 6017
2.181656735375684 -1.769431690201432 6018
1.157342049496553 -0.3736975404487382 6019
-0.2184525782925037 0.1151781353003322 6020
0.6142181213974113 0.09605276671507423 6021
-2.156771891959084 2.85782288989536 6022
6.696984325070393 4.852354450177133 6023
0.09446074901783302 -1.510703516919474 6024
1.286171433259819 -0.6905859756006942 6025
6.637697902281113 6.770221388571088 6026
-4.499350322599868 1.845043848747436 6027
2.031203781098984 -0.006195052400904135 6028
0.8782745945859669 -0.9524662073764982 6029
-3.932923599071122 -2.139822847877887 6030
-5.169696860990364 -1.343072524859378 6031
0.2792234578671202 -0.2052042040141427 6032
-0.424473366675762 0.1037676992740241 6033
-0.6523785330928671 -0.1239911289836968 6034
-6.795657347610497 3.257925876998939 6035
1.18439872381469 5.268919703698334 6036
-0.01369602605856987 -0.1974363625204358 6037
0.4032074025234574 -0.5663570918823531 6038
0.4653835360147001 -3.729599032862668 6039
0.4546704222035697 -0.1461365681669149 6040
0.17443760912614 0.08483427330749452 6041
-0.2031307247570525 -0.2551694519539311 6042
0.06228901967940252 0.6524405394433718 6043
-0.2722209239485368 1.889053644204898 6044
-1.806369163073009 -1.891623891254545 6045
0.3513204159704853 -0.2249626181411422 6046
-1.080399412801251 0.2689679829179097 6047
0.8679657203757138 -2.273920513911456 6048
6.726071904603945 2.566737862459437 6049
-1.702570621127734 -5.233984776324744 6050
-0.8674358634181831 2.189634754915434 6051
2.182891858094455 1.589397590269031 6052
5.76016135128115 4.425034383447312 6053
1.08173909149331 0.6079057352051521 6054
5.252006612690105 -4.928574391386475 6055
0.4405527708570529 -1.636807376640273 6056
-2.433303819236455 5.741548926767995 6057
0.09593734568608622 -0.8943811311065186 6058
0.5762967363475837 -0.330202429725698 6059
-2.803230294575405 0.1785959621031411 6060
1.00012116714175 -0.7369052546007715 6061
1.663108163588303 1.964072460531366 6062
0.3099481671467995 0.07232382060374205 6063
0.1329315826027577 0.400728626278372 6064
-0.2397315242878582 0.22260855161544 6065
-0.3097507175101996 -0.2375982166126533 6066
-0.1732116962372251 0.3372881061902142 6067
0.06852698469629415 -0.2332787289914377 6068
0.1288933654332914 -0.1117374351012684 6069
0.3291978698542813 -0.354707353758379 6070
-0.08390151732168538 -0.2309654114700521 6071
0.3153581347250282 0.1977292276098014 6072
-0.6883288931179858 0.7032721231761812 6073
6.873444400918993 -2.307704561887236 6074
-0.5723562689389232 -1.765695693994822 6075
-4.077591828745056 -3.915118714178874 6076
-0.01310291050525068 0.3032519000065079 6077
-1.163282017594028 3.074070628057076 6078
4.1796011026144 -2.355563686714963 6079
0.7994993435032043 -0.159185190915818 6080
0.1468697723079568 -0.4956044855438531 6081
0.3122017109349347 -0.7010416371333831 6082
4.62284479953703 1.390080876485437 6083
-0.924500787436721 -0.6330957728348541 6084
0.7654377988503334 1.302835331899353 6085
0.3694166692248792 0.5805575457863242 6086
0.3379303910823979 0.764758209185638 6087
2.044603405023901 4.607910426112598 6088
-2.230454733572154 1.876779596938344 6089
2.956165903963997 -0.6668696841022828 6090
-0.1544535759582555 -0.118288525980325 6091
-0.09945629246784207 -0.122548045158783 6092
-2.513569770308137 -0.6112096971761923 6093
-1.166036257677896 1.1159897559626 6094
-0.8083772073483585 -0.9146926737408901 6095
0.6208931475972637 -0.8770032403598111 6096
-2.997629398039524 -1.702570931595468 6097
1.908399687409757 -1.298785820691153 6098
-0.09399747224183266 0.2331555393836821 6099
4.252386241998422 -4.563208183906108 6100
-3.140741387519721 -3.044313484255288 6101
-4.866071147804236 -5.094717225700585 6102
-2.127163508687337 0.8287536333233616 6103
-0.5808845577424602 0.4639358048309616 6104
-6.832219487091495 -6.532881931131152 6105
0.8397901469589866 -0.03901044817541008 6106
2.641306525700027 0.9325198072671272 6107
-0.9634828608172078 -3.228578954554068 6108
-0.6122201321152982 5.571632926853072 6109
-4.971627136586759 -3.180490913502344 6110
-2.474697097017456 -3.598489039923633 6111
-0.5495411751684193 -0.06301947878194604 6112
0.02306959191421446 -0.1142842444668905 6113
-3.808209252229907 1.121831403691383 6114
-0.5840557564879304 4.051351559814612 6115
-0.3624073359099568 0.2115294990266881 6116
-5.517313374590923 0.3834953252586133 6117
0.654734066046201 -0.06135852159060166 6118
3.726844646817197 -1.332478424983477 6119
1.049254465877993 -0.08346307873239329 6120
0.170620290718935 -0.1824465903751451 6121
0.8809322732912112 1.706695957466073 6122
0.5653668344361079 -0.1645622949603089 6123
-1.574429687979829 2.339163140240849 6124
-0.05139822337350177 0.1034103874472248 6125
-0.8889411916991287 0.4773307339722777 6126
6.967767958857928 -0.34483863914685 6127
-1.443358036021457 3.932732754954268 6128
3.398269425462287 -5.442076891532249 6129
-1.685468468366945 5.006437767297767 6130
0.1105336089672916 0.2722773335254003 6131
0.2481242423096209 0.07321647446619731 6132
0.7681791322635766 -6.907991909882088 6133
0.5894831214124331 0.0007997848953343068 6134
1.709233414602666 -0.640912384130796 6135
-0.1102586597673945 -3.471765704484916 6136
-3.225906491178069 5.371865222725053 6137
1.25444616212335 -3.997965718343039 6138
-0.9895087315303088 1.819964644344316 6139
-1.626447855904692 -0.8867281105463599 6140
1.668000976881703 0.05900810007413784 6141
-0.1353371973372781 0.111390002839191 6142
-2.603607846159531 2.415901346747317 6143
0.0005953014660178106 -0.671333796512987 6144
-6.894260042985124 5.367562317283454 6145
-0.2951558952152181 0.1118652420844917 6146
2.683384920272117 1.948027711729537 6147
-5.657251459758228 5.133275484373308 6148
-0.03186820708804835 0.5149159321668381 6149
-0.4797138829988765 -0.6890792594913634 6150
-0.1744592246076835 0.1999092880497965 6151
-0.2447613259042598 0.524647643617221 6152
0.5865145932079607 3.771680713085018 6153
-3.614151734957511 -1.544518377522563 6154
2.720588004204594 -6.752704933949628 6155
3.963098624164541 3.70472818680562 6156
0.4410975220730139 0.04841607782361607 6157
-0.5321915845513651 2.654423087890248 6158
0.6879122886139786 -0.5884114877084391 6159
-0.2007535281531866 -0.4386836469587491 6160
-4.268647099528245 4.021349455449168 6161
0.4983984361504505 -0.06651154341713825 6162
0.2899294671467841 0.3656386408290131 6163
-1.17115413193154 -6.576288036906513 6164
0.6582516256598816 0.7385090002362988 6165
1.77608164652172 2.396623812212788 6166
-1.581221896804527 -2.975974741296508 6167
-5.970144131903293 -0.5959123804786336 6168
-4.163275276100979 -7.007922740593331 6169
3.155490271496507 -1.669831279791441 6170
-0.5331010153691382 0.2775967142559892 6171
2.795573431915352 5.668666205938663 6172
-0.2921693124835164 0.3636696878244789 6173
3.266232210280083 2.786391974382628 6174
0.0362938327675813 0.4112434740633006 6175
0.4953427555575601 0.1115776396957936 6176
7.019044495155944 -4.674172280204579 6177
2.617941751918893 -0.9514434427124795 6178
5.488388097614349 -3.165531360721617 6179
-3.712518353339908 -0.9516806766577354 6180
0.09820004002171369 -2.748751598633377 6181
-0.3711694776862813 1.312755804365932 6182
0.0002250450963569202 -0.3176513336812196 6183
0.04711334189762522 -0.4570532129578289 6184
-0.4716740833593395 0.5582929247951304 6185
1.371340115843882 -1.548662218578647 6186
-0.4724500112552432 -4.616648322918647 6187
-0.489964704345726 -0.08220152257281814 6188
4.829266019129115 0.5773887361289538 6189
0.3295375908071754 -0.4862127766911805 6190
-6.931698712892327 6.914316838194603 6191
-0.3425634707934101 0.1047252798831885 6192
-5.315424151630338 1.995464668549701 6193
-1.426774411305336 1.718269821989034 6194
2.173263856119894 -0.329823426511856 6195
1.666390538470131 -2.04611219005852 6196
3.903900812184828 6.526732865622219 6197
0.8635403492291704 -1.214057882860386 6198
-5.466512822801463 6.949292684904927 6199
-4.166978160834573 6.928151874278311 6200
3.568798245265393 -0.8277367567575187 6201
0.3821404407760194 0.05710721010741102 6202
-1.422085570052608 6.605808255262128 6203
1.205007262083841 3.009058036271809 6204
-5.86012586280241 -2.126046270938048 6205
2.25637742690484 -3.659448447414222 6206
-0.3878266636397886 -0.1065657075061328 6207
0.379222845534436 -0.08076324042286515 6208
-0.265785339899665 -0.1146258274025266 6209
-0.204754882648309 -0.1166970598352161 6210
-0.4189359038098525 3.503857870717744 6211
4.206744889128649 -1.720910783918106 6212
0.461709585915686 0.4912829782872347 6213
0.8221725469229488 0.2641519387751121 6214
-6.975756043187436 -0.6213230448903092 6215
2.729160607880027 -1.345856070329897 6216
0.4011907148629373 0.1642937406012082 6217
-6.981941375271131 -2.142299687221136 6218
0.6422093323040371 0.1613916551027414 6219
0.7584469570109054 -0.3947621297192098 6220
2.529046381406845 -2.379189123766879 6221
-0.7040289937302413 -2.471224418658997 6222
0.8950438517546678 2.41212325926336 6223
-1.710561498199107 -0.5484480132433167 6224
-1.995049877423243 -0.3267047847930228 6225
-1.182750731402272 -1.319211453076241 6226
3.19291432564407 0.2234500237882071 6227
0.3770424786111471 -0.1681055158825978 6228
-2.368101791376573 3.329443978557532 6229
-0.3957801074315163 1.659834053260965 6230
2.291243101201719 3.326081135925909 6231
1.713573218392715 3.59205729058235 6232
3.138140934775632 1.59962264389364 6233
-0.3146602922404059 -0.3555106494767779 6234
-0.4536931192148125 0.09026829376150872 6235
-0.07062412661075981 -1.102602422282612 6236
-0.6326197241850962 -0.8608905028476217 6237
-1.632566414469993 1.419979765688878 6238
0.5310190420131451 -0.4326428366966734 6239
0.5303918536285249 0.008586494047104331 6240
0.5384181322713657 -0.02823227377239949 6241
0.84627530877319 0.5176015080445432 6242
-4.107633474639441 5.499619095756283 6243
0.3658589789734099 0.3139997045288599 6244
3.063859584772738 -2.128284011999539 6245
2.119555640999223 0.3238761880645092 6246
-3.282886563938595 0.1999434404526654 6247
5.438067796307857 -1.740511762442718 6248
5.792560825634542 -4.355121848245974 6249
-0.07510781011868076 0.1859589645162496 6250
2.683111990290302 -4.200735422652695 6251
0.09788178789024621 0.08373516635715883 6252
0.08678960131572727 -0.1903734579029112 6253
0.5683659800211525 -0.08321794408646556 6254
2.000066365514213 6.387392926180185 6255
-0.7622412577011886 -1.236417488053141 6256
0.07017051914819106 -1.286903205960092 6257
1.334581848460239 -0.2668969704227559 6258
-0.4080308351377367 0.3796460064622516 6259
-0.7676690563433507 0.1651319016407688 6260
5.177452304583735 1.806224420329325 6261
-1.209423305814966 -0.4361804222765224 6262
2.271767256031326 1.076018522614382 6263
0.2773863306367645 -0.08807703346412929 6264
-0.1528041740565136 -0.2725554411363239 6265
0.1352569786787579 -0.2909626961063346 6266
-0.01616730401057745 0.1785270778002047 6267
1.509018183991419 0.3745050999074464 6268
2.564461964084214 0.4570376116019315 6269
0.4793024640440353 -2.74015292859662 6270
-0.5667387557399318 -0.4613469681075237 6271
-0.3738474293088166 -0.9923420697910819 6272
-0.4421483417789366 0.9278032495134547 6273
3.5899160708022 -3.516764707946718 6274
0.4870290577264186 0.03610805254766607 6275
-0.9120861806827498 -0.05324645798385309 6276
0.1881627129642933 0.1833435925016531 6277
-0.1086921199520827 -0.1835998606601369 6278
-3.230883787503637 -4.573668198227068 6279
0.6899672701289103 0.07190355355782323 6280
0.428694801646105 -4.271080514376121 6281
0.3796498953342595 -2.026641715358699 6282
5.760617958015472 7.015651956258843 6283
0.3084022301661534 6.442625697237167 6284
3.975630456203924 1.316657926107841 6285
0.1889116291174328 -0.09470296542214271 6286
-0.146115222895006 0.4486949073789223 6287
6.900303528927328 5.704027414508744 6288
0.1603192281576827 -0.6032721877008423 6289
-0.3161058082684949 0.252004613478945 6290
-5.986829651178502 0.9872488084594102 6291
0.2011796193245478 0.07053020895999927 6292
1.394192705789417 -0.9145260055087198 6293
1.63837239557791 -2.441452833977284 6294
0.3061216675486104 1.707186663272634 6295
0.03988244731575619 -5.937698891111879 6296
1.308227151140059 1.242988661391 6297
-1.025462498785016 0.9526728718324891 6298
-1.247359804500814 0.6267980862345982 6299
-2.881205156792154 -7.061956494246618 6300
0.09677707342890737 -0.1017656748374905 6301
-0.2585636470784498 0.1740956098477958 6302
3.083607871192847 0.9674619358293386 6303
0.6707705979350747 -0.1265597673993155 6304
0.892102713062194 -0.2438992217266912 6305
0.8675290614249916 -0.3529560889430208 6306
-0.5309837739440605 -0.2659830735229785 6307
0.3856082940939922 0.1049705648379033 6308
-0.4478098490429332 0.1769348013975484 6309
5.935363163500726 2.889653241928812 6310
4.531315787821799 3.22688764873863 6311
-4.348368484174972 -0.6968173246615925 6312
-0.4203236032181225 -0.09564282686139743 6313
-1.425707681202276 1.087613525193989 6314
-4.383068023476151 0.02899094966955482 6315
-0.1278808088726479 -0.1128539381894889 6316
-3.01294354485161 2.442249451752625 6317
-0.08890998266123923 -0.3610490791040119 6318
0.07107112311732586 0.1597214618849488 6319
-0.974972761161725 -2.239702399981438 6320
-0.149682038736267 0.8381465498139762 6321
-0.3911070686166588 -0.4930252336327035 6322
-0.969426458845618 -1.872023391854452 6323
0.1216564604767967 0.1388908171109556 6324
5.421266649133692 0.3163447785951758 6325
0.08931487788523414 -2.124028083470835 6326
-7.123416655964557 0.8705475987693366 6327
-0.8915935950384206 0.1606840964342698 6328
0.4499158336076395 -0.2559350647741201 6329
0.03769549542132136 2.255945412668951 6330
2.786357932036195 0.1793285828310532 6331
-0.02259962680117445 -0.1111051944801097 6332
4.662632379408683 -1.33107729423068 6333
1.163476699632239 0.4177949958406518 6334
0.6901014203748865 -5.275409422062188 6335
1.010202091340682 0.1747183951869804 6336
3.658923936944625 2.413585575136639 6337
-3.144789048430424 7.116029859300385 6338
7.026823323181357 -5.844351648500584 6339
-5.952301860573935 3.609868622517527 6340
-1.540947146789683 -1.214233080685659 6341
5.902093025892901 -0.8219707098750064 6342
0.2635932546576603 -0.3366808392375381 6343
5.481735282713069 3.629278731980943 6344
-1.232828316275879 2.344691292349903 6345
1.627382420218648 -5.985932027237912 6346
-0.02800926441557833 -0.4737020204111848 6347
0.2770178791619533 0.06227205685482879 6348
-7.066299622539452 2.40648843272629 6349
-1.417946457422499 -3.929976973591235 6350
0.1594830931932206 -0.09658944065040079 6351
0.5354112150435872 0.3040053596876117 6352
-0.311842066989304 -0.1095303136837105 6353
0.9239353771236596 5.875880529107222 6354
0.0694619559549404 0.08528255669429211 6355
0.247510932832115 -0.09097899819244921 6356
1.563633219603997 1.030720938225639 6357
-5.761921118490079 -4.78392167560129 6358
0.298747966496455 2.867097783367267 6359
4.743570877202595 -0.6789599384724848 6360
-0.5309348965951561 0.3877244259324339 6361
-2.263797440480844 -1.524258629957888 6362
-0.6908472684654001 0.3632840394963684 6363
1.304492834715117 -0.1077868597040681 6364
-0.07727949131825654 -1.716110107936042 6365
-7.120443086334172 -5.057260736660173 6366
-0.5007391473884615 0.1530922775905126 6367
0.3007630009554833 0.1489894044416494 6368
4.622561193598911 -7.078985552431051 6369
1.542610879702784 -4.511365297610158 6370
-7.095514301686405 -3.508423605169194 6371
0.6982001449371419 -0.009459246603023769 6372
-0.3941659921853418 -0.3564373946600475 6373
0.7999877590594575 0.8879809561985123 6374
-1.590324775803357 0.832046987915839 6375
1.260848709108724 -2.572952893576607 6376
-0.2296199107959084 -0.3711973899027623 6377
0.5473638492975184 -0.1205543999215043 6378
2.253658880717191 2.541234469648291 6379
-1.457610392974579 -0.3927958269190393 6380
1.438759109123434 -1.864235768522555 6381
2.837565970075974 3.31086433515887 6382
0.7159326200962797 3.286825759973911 6383
3.344212755158039 0.684622040024876 6384
-0.709218144530755 1.25784811982387 6385
0.6231683242300172 -0.1662974299610396 6386
-0.2815657126975351 -0.6496400455331093 6387
5.042124394832014 -5.727780494522146 6388
-3.178634138836575 4.090399133287389 6389
0.4049507429550668 -0.3576299136153908 6390
0.05681779162370872 -0.3635469304256689 6391
-0.003658490026805843 0.8336969268478148 6392
-1.104491130713732 5.097170647030319 6393
-0.5821581378678329 2.117100898830591 6394
0.9040344526114481 -1.616583924686007 6395
-4.042536664474509 2.309961893693448 6396
-3.450933142052448 -5.426522055450997 6397
-1.578198495871198 2.017991029045308 6398
-0.1752232188072887 3.153612062550002 6399
2.473149138025684 -0.1913433930630808 6400
-5.353481667456539 -5.771626984957188 6401
-0.1832228605394708 -0.2058434692222804 6402
-1.985260005948827 -0.01290068079627015 6403
-0.4553882177302918 -0.1586713437992689 6404
0.8968182321408928 -0.6294117668825338 6405
-0.2478133815204792 0.1018224990699604 6406
-2.569728044198149 1.615042521053592 6407
-0.303896994879771 -0.1863992807623138 6408
-0.1881132770302941 0.101364540224208 6409
-1.161562896838512 -0.05305891002798098 6410
0.02687009539696966 -0.2185029609396225 6411
0.530208980909662 -0.2713089711273666 6412
4.398019315713322 -6.2233488468234 6413
0.4760308154104954 -1.189957203851432 6414
0.2833661174278945 -0.1613082832940488 6415
-4.225091703494591 3.33101261934198 6416
5.428734445298798 -0.3984340447437457 6417
0.9919986967162082 -0.1901094948788756 6418
-0.2599372789790533 -0.2506562621028062 6419
7.132263883427075 1.746724729579735 6420
-0.3131067856384117 -1.367273143901319 6421
-0.7261168254600849 0.06235996817119177 6422
-2.230022125346951 -5.75716088870008 6423
-2.542107717192712 1.09972530967839 6424
0.1970408128654502 -0.3859107651715576 6425
0.5888516596114211 -0.7283797750279646 6426
-0.4816687946264102 -0.5134210026365308 6427
0.5059765780998295 0.06049576794032976 6428
0.2749706938507983 -1.165050469926621 6429
0.1324635274453902 0.3291003716503107 6430
0.6926245295767444 -3.066380335758844 6431
-1.517762323705028 3.198079674794993 6432
0.06924425659309008 1.659600017685811 6433
-5.715401940868689 -3.366192080428652 6434
-0.7061360713761563 0.5885304734563318 6435
-3.723019174475793 0.5459743053875494 6436
-0.7282361623214582 1.604572409128059 6437
0.862724413609518 0.05320048464020684 6438
0.240818463430623 0.2319715645849806 6439
-0.1556039183002397 -0.1731169892637485 6440
-0.6373767474474714 0.06096799119546892 6441
3.560547686552469 -2.405084043966514 6442
-2.170566087508283 -2.413947306843256 6443
0.05861010856930616 1.298919011297347 6444
-0.04422020686460614 -0.9568376430550921 6445
1.937170900654922 0.5790704743100544 6446
0.03010128173115634 -0.2705725230362901 6447
5.17531195843829 -2.505323304481858 6448
5.97976089851386 0.6875631223403659 6449
1.179145191495079 -3.021536870352894 6450
2.743476580918507 4.195282599343767 6451
0.5182393396571816 0.8200182012216618 6452
2.699553641667761 -3.115616936543995 6453
3.219295151981113 -3.042250639985488 6454
1.037593693495278 0.7993261907728413 6455
0.2492033150353472 0.1275519305952446 6456
-1.183265996644855 1.603923947369803 6457
4.030133733325879 0.3244290834034427 6458
-0.1362627678609429 -0.7253725302933814 6459
4.553670684501875 5.809048108197807 6460
0.1713985388218052 0.7354049309110637 6461
0.2051807098288927 0.1383216132458103 6462
-0.8711063197618509 -0.2186062099127927 6463
-1.495578819704528 0.5772999391226913 6464
0.7196421092456509 0.2681304334891872 6465
-0.2580530591440272 0.9595303138709053 6466
-0.3234460189173793 -0.8789800534717636 6467
-5.395115995383516 4.449011045900265 6468
6.421089441176665 -2.942529928157382 6469
-3.005192405898643 3.4677175670224 6470
-0.3521343274832323 0.6699609686453705 6471
7.164835702071415 4.014037680523408 6472
0.4107758735795467 0.0437852170403088 6473
-0.2910391186963844 0.156133461057646 6474
0.5671360938697293 0.2214307694500217 6475
-4.349695650323686 1.298154162902624 6476
-1.023226383994457 1.284252482495837 6477
2.099028347224546 -1.032253925059826 6478
-7.214390365505307 4.02659383713015 6479
-0.5658951116617339 -1.233887075766579 6480
-0.4632317526179076 0.2637619104626693 6481
0.5116642308965192 -0.05333185546698056 6482
-2.703544008095193 -4.140219398974452 6483
-0.4938231081507191 -2.267435404559789 6484
-1.069862512458375 -0.5582387395130778 6485
0.3349554686864264 0.05266084322833654 6486
0.4960722894394011 0.1654547910276714 6487
0.05367995007762647 -0.1039193505266768 6488
0.4529594817409889 -0.06790140520967461 6489
-0.3551272720701423 0.1701286066515582 6490
-1.459627911841649 -0.0835636897040498 6491
1.836998990189129 1.661872578058579 6492
1.715442205390174 7.149785831180004 6493
5.866363313660416 1.421644074400866 6494
-3.562914999682055 -2.676691132357097 6495
3.889131249185604 -0.4934105623682951 6496
-0.04704475868980747 0.6092359507775034 6497
3.357172474153761 4.329007754681683 6498
1.992063089156674 -2.657492225459341 6499
-0.0805685768036286 0.09411539943451479 6500
0.2264924897637371 0.984110304651705 6501
-0.6910317864634015 0.9259538504839608 6502
-0.5185492317754367 -0.3548692068533629 6503
2.80913561242142 2.410401422962234 6504
-1.198726290562708 -1.694349432890617 6505
-0.3590617104712324 -0.221722174912572 6506
0.3333351290471209 -0.08040206682245782 6507
7.174234376017197 0.5456437244564931 6508
-0.08199834297035892 -3.091664168826664 6509
-3.18756946681069 1.691794941835437 6510
0.3680169820345754 2.167229358307899 6511
1.459629741713957 0.768710679390512 6512
1.315559020393901 0.3180541767612581 6513
-2.63100040293736 -2.382650874006154 6514
-0.2649685212841975 -0.1486876579120913 6515
0.623213653652277 7.130865185144354 6516
0.5585618649594527 1.795492300901337 6517
-0.6924212545240481 -0.1928702810238098 6518
-0.6742017981967792 0.2107935945114719 6519
-0.03894761416720118 -0.5700703345519573 6520
-0.11302092964689 0.09541811451681811 6521
-4.683492829599177 -4.430753665721514 6522
1.070004920602756 -1.144488121951047 6523
4.425663444341259 2.688414873792704 6524
-0.01886185348697129 1.14116663088624 6525
0.009253075304007813 0.08779540882189731 6526
-0.2155831478010564 0.3032115886744137 6527
-0.02402370277594488 0.08981551200081705 6528
0.5782807973530512 0.05724956891900669 6529
5.840655487021198 -7.144152032930262 6530
0.6491122620372294 -0.2457628287041494 6531
7.182893707211964 -3.231767026294772 6532
-0.1759312693638628 -0.8398855570680522 6533
-2.119237518232072 3.788875474156998 6534
-0.3206325519171952 -1.812481032178513 6535
3.446079947977167 4.96225706702536 6536
-0.3904206110514193 0.09060714206130856 6537
1.372845237108116 2.165975552358034 6538
1.497815879271565 -0.7011663754617247 6539
-4.867836553730424 0.4809247006182595 6540
-0.3742086253635705 -0.1392241939235529 6541
-0.5508591617544918 -0.1879946065732072 6542
3.775103201372259 -4.873472785599125 6543
-1.234406155702742 2.728198023702584 6544
-0.2281895163814596 -1.122870276854307 6545
-0.0350194158973411 -0.1553829553576718 6546
-5.10462981083 3.047544538828272 6547
-0.04461027572732219 -0.3001646509673958 6548
-0.1947766409493102 -0.3132438041084716 6549
-0.3112361632798226 -0.5238234494308172 6550
-0.9074238052777701 0.7413968654075451 6551
-0.9897032707906552 0.6190734430203391 6552
6.146624246090536 -1.813173372255592 6553
-4.961789595117622 -7.170577954877804 6554
3.752819254420147 0.888165922735818 6555
0.1498803085903382 0.1675608008711407 6556
3.450291503003458 3.339434377743875 6557
1.621841673872973 -1.34283341154765 6558
-1.702384663717612 -7.200115615946058 6559
-0.5419126062199041 0.2062673094308615 6560
-0.6477361176999943 0.2857054587488976 6561
-2.013477313135432 -3.091018722087582 6562
-0.5774226784667678 0.6998714692582275 6563
-2.901429706398432 -0.6872604976123443 6564
-0.4144240289070245 0.307701471026847 6565
-0.09463817093290267 -0.149876896465323 6566
0.4893579729164849 -0.5142751252673974 6567
-0.6063046388820632 -0.06734733214220742 6568
-0.2242449460033051 -0.1685743236005604 6569
-0.09490183829671989 -1.482801831745395 6570
-1.2847566646285 -0.8166187412937365 6571
0.06235992301388882 0.9910554446226435 6572
-7.168519967665351 -1.381436017824952 6573
-0.7537201823166537 -0.03617233684615399 6574
-0.4035311722272377 0.4928564159093681 6575
-1.853292789262438 2.571250483017322 6576
-2.875627260613343 0.8358337816449311 6577
1.18876241590237 -0.5244768748949384 6578
-0.8016400361937771 0.3964203902222713 6579
-0.8715402203437109 -5.023089824281794 6580
3.376716827268212 7.265204915609718 6581
-0.1955739055135239 1.108195786946132 6582
0.4725020959555463 -0.8865117436957415 6583
-5.473486062344104 -2.716652211059123 6584
2.46994473366 -1.580374110212819 6585
0.7172790900695342 -0.2554380485547558 6586
1.243600321421722 1.549202499741357 6587
-6.053694740543077 2.155420270817475 6588
-0.5910275322500566 -0.7139872427221933 6589
-0.9288534812451485 6.139080481257241 6590
-1.327751148878654 -2.379494750626981 6591
-0.5351834827116024 -3.46654824736219 6592
-0.1327595682700172 0.2134414952063143 6593
-0.1328312909813814 0.263178045223559 6594
0.6644737055345488 0.4525318839367495 6595
0.01328074245260203 -2.42517640411742 6596
2.31175254749634 -0.8403803133429674 6597
0.3195394109439418 0.1056281707200939 6598
-0.1584777458319646 0.09671345631822993 6599
-0.3646542394263569 -0.7217863115554162 6600
-0.05462154739374263 0.2668504345725499 6601
5.938127919747843 -6.175082117729016 6602
-1.947353523290519 1.500274991872142 6603
-0.7210632286292278 -2.828386710570785 6604
0.03936183589199917 -0.1425095773126487 6605
-2.675949175879835 -0.2883065097092727 6606
0.4944675687962729 1.051449682353859 6607
0.6069992156334759 -2.255030457841556 6608
-0.7092767462452464 -0.3899855221446669 6609
-0.8349709695622802 -0.3954156247933012 6610
4.191716179019832 -3.16453639490494 6611
-1.56110953545865 -5.987566196525518 6612
-3.606230017753896 -3.396245519592612 6613
-0.1288121021086009 -0.4186929137336851 6614
-7.190332711599062 6.103912738026534 6615
0.9362139477854394 -0.03659523532685783 6616
-0.4949083981984449 1.204530359269228 6617
3.196041007412951 -6.114898524185365 6618
-2.118654373918749 -1.086911617695987 6619
-4.481925394402307 -1.899743699207975 6620
2.137241414953165 -4.709953695896957 6621
0.5249329346398455 -0.04003828118476378 6622
-0.8157633868671242 -7.289265852286597 6623
-0.1456195700257978 0.1430539006745382 6624
0.009483641374051388 0.2551150642329594 6625
0.565614862405855 0.1035767918860166 6626
4.252243447595415 7.232141826040291 6627
-0.3585229326896403 -0.1008594676155072 6628
1.233627620086617 0.7120239223630913 6629
-0.08879567997952653 2.060821805680231 6630
0.9476536659546566 -1.99660073859395 6631
-1.913589976001708 6.15443385942261 6632
0.9771012716294653 2.112712079802367 6633
-1.828768446770918 7.262358786433742 6634
1.098328409378539 0.09379082251412697 6635
-0.6806454185607149 2.385747421254899 6636
0.655386313143134 -1.266113607731882 6637
0.7969649689503727 0.1258233378926375 6638
0.257849257686168 1.279665195780506 6639
0.1443493953673441 0.07225935673848455 6640
0.3658823191673462 -0.1360705022103492 6641
-1.850883663857275 3.04156910651397 6642
0.4835916213518088 -0.1740482816010909 6643
1.969410392992488 0.8705867472267965 6644
0.3109954609563093 0.5025289898776166 6645
0.591074203641978 -0.5116098158950018 6646
0.1309244059889867 -0.1862337803566082 6647
-2.883732915340514 6.234983807398973 6648
-0.05122711791663787 -0.206071825656867 6649
0.8245883320196145 -3.98860786884783 6650
7.215445637050909 -7.202497844939745 6651
4.528521742275557 4.51526212873665 6652
0.7335490934983324 -0.1403889014680739 6653
0.510259617306745 0.01279553673917316 6654
-0.4292715586442725 0.1438907066959945 6655
3.734784455712045 -0.02422923204897266 6656
0.2328214246387111 -0.2060459434990033 6657
2.35579667997886 -2.10280403570754 6658
-1.012740017885989 7.274667730800893 6659
1.791098303246608 4.084269137241243 6660
1.247795254438766 -4.967965504875213 6661
0.1692239623188917 0.5349326962902862 6662
-1.49123740449486 -1.803524846298382 6663
-0.9963678674495036 0.3750492514213446 6664
-0.06856043214158973 -0.1062246941928792 6665
-0.5994102906732904 0.1615602182440326 6666
0.1519768620224878 -0.1564215730848435 6667
-0.4122016665341235 0.2055874740961544 6668
-0.5730559042592647 -4.124488028423251 6669
-1.004629478631545 3.973634931944552 6670
-4.384421532739823 -2.535668815569872 6671
-6.367619268413758 -7.170760477062292 6672
-0.1817985441721964 0.1624196852590391 6673
-0.5137440782443791 -0.9609824729808769 6674
-0.005481417663003986 -4.508427107541902 6675
0.05258133206602784 0.1302548019899012 6676
-0.1104407084783446 0.359046624738593 6677
-3.347997277684215 -0.6690057635176612 6678
0.2473629187322439 -1.001097769457871 6679
0.8242287058329287 1.110716780965005 6680
0.2423518740867064 -0.2873277253822439 6681
-0.8301004668762351 -0.7664817967051373 6682
0.5984266756737348 5.10930621906862 6683
5.019117279063483 2.373507595272909 6684
-0.668019520608725 -0.2890928794636993 6685
0.5611114981345282 0.5772611483234279 6686
6.460717143435619 1.759701788973765 6687
0.0265604263592342 4.370025003946907 6688
6.523224016577737 0.3185463772791841 6689
4.301365587057437 1.669375946415142 6690
-3.388433723377982 -1.970595235768901 6691
-0.2337783669313928 -0.110150394597789 6692
0.4432005105006545 0.2713233530879645 6693
-0.08110850635919815 0.1496545291874382 6694
-1.092840944119189 -0.323067539554765 6695
-0.3646234227241175 0.26032550938604 6696
1.793287567196257 -3.133138416167097 6697
-0.5079771922860954 0.06061682132168391 6698
-0.7347473950395147 -1.592607741932465 6699
-0.3091210260615963 -0.2893704870387785 6700
-7.185249263429668 0.066126454810501 6701
-1.472593751008779 0.2383390331228091 6702
0.4798076060679328 -0.3847169738482252 6703
-3.201466448877127 2.977606340754255 6704
0.2046689275889816 -0.459149348873176 6705
0.4438307653620294 0.1951214403251393 6706
7.251342636097502 -1.651718530106713 6707
1.018018114328891 3.972794995465451 6708
-2.456478522071401 0.2030191085048721 6709
-0.199202619074454 6.052176288030632 6710
-3.33464131267744 1.117364341554723 6711
0.145420338812339 -0.3488429472254586 6712
0.2051695159727757 -0.1401889294414901 6713
0.235897404062111 -0.1367853425447114 6714
0.9622025966108008 -0.4337933386144854 6715
1.55887473753908 -0.3076184355568136 6716
1.680401426855888 -0.1400255198311218 6717
-0.5991080617465034 0.1064371595629077 6718
0.07844744210385818 -0.1599915345167345 6719
0.3305209480889888 -0.1232890554459729 6720
7.218505383002792 -4.009084509071245 6721
0.03221138838415797 -0.7646813230156679 6722
1.962934612945473 -1.576217802510043 6723
-2.035950254796449 1.147614688938495 6724
0.2061245605141022 0.3896859796450607 6725
-0.4951582174519078 -0.1381733899532629 6726
4.255950481790433 5.113581565782429 6727
0.3562381726334919 0.1758491907675137 6728
-2.050734803522575 -3.881929595047708 6729
0.9274834137609642 0.251744879122678 6730
7.079674145127525 3.288612060809234 6731
-7.256634639536227 -5.815649945978627 6732
0.2937880461963894 -0.1299412361975738 6733
0.3953850829044177 -0.238104454452605 6734
0.05903750373138462 0.2663437826829315 6735
0.727134275981239 -0.4877943351471094 6736
0.3025147945721776 -1.513692340247119 6737
1.44333811789248 1.770942547053729 6738
0.3369537186872505 1.103819964076329 6739
-0.3956899100160581 -0.1761194830593123 6740
1.085672452801435 -0.2621908725540413 6741
4.316104065666716 -0.5437657140609264 6742
0.3632202249776997 -0.4137467504667951 6743
0.6062968136997298 -0.07294835694189307 6744
0.007662091242682038 -0.1695037927173706 6745
-0.423837560735 0.8049843210942499 6746
-0.5792553218216655 -6.167722326793556 6747
0.4075760623465904 -0.06994678980372399 6748
-1.904602432591509 2.00444202430863 6749
2.51194176808305 7.259961628982436 6750
-7.202395813983319 -7.186015226182591 6751
-0.4928077331512701 -1.101524104437468 6752
0.5231763550914085 -1.405317377252113 6753
1.048182815815761 2.707041853900173 6754
-4.120982387028353 -5.471908040992099 6755
0.4255921904072601 -4.778960972924845 6756
1.110876430207857 -0.6492225926317454 6757
0.7433419483128636 1.510853026032769 6758
-0.9546306298280325 -1.303557732473875 6759
5.287836771149272 5.948052320008818 6760
-1.11487857435877 -0.9741786779163319 6761
-0.7827578461421107 -1.079911826066376 6762
-6.191218306831588 7.243489028263602 6763
0.4150082080294363 -0.1581521307666701 6764
-0.2321192497828631 -2.813224009519071 6765
0.4454506434551999 0.08833614531435031 6766
0.6260370503987019 2.31476669725595 6767
0.2213203389869726 -0.7570299516753536 6768
-4.710178455430288 -3.784990383801289 6769
0.7668119284802601 -0.8691851796428848 6770
-2.346700834106501 2.176543886112458 6771
3.383773479573401 6.049705809677915 6772
3.243796538508622 -7.331423251340481 6773
-0.6517279521969419 0.5141597747945704 6774
-0.659792975332554 4.565782143253161 6775
0.4459851877607761 -0.1133776626274493 6776
-0.1976989844018439 -0.6419762155240706 6777
-2.237247935863296 5.147992470866706 6778
0.1471537270357736 0.2110592877734372 6779
1.51092147547571 4.764297178746588 6780
3.822722358674986 -5.87322843218656 6781
0.03509468623072856 0.5670907598497061 6782
-0.01563682318485855 0.1434032689552513 6783
0.1663560317225496 -0.2615887423445505 6784
-0.4122858372217019 -0.2675554128942538 6785
5.588146016832656 5.09043001154094 6786
-4.998449967253034 5.387774782762119 6787
-6.391975555849585 2.740745835341564 6788
0.07671015896045107 -0.6322111913036126 6789
-0.2786829027367628 0.2353147826431544 6790
-0.663116490283077 -0.5339812428558205 6791
-1.562405100305988 -2.118541786089701 6792
-0.1198885950924034 1.745093059186233 6793
-0.349975336061315 0.3725624551381972 6794
2.282537244247779 -5.343689081616308 6795
-4.830428153730956 2.317016477702626 6796
0.08785625999682747 0.2314222586598695 6797
-0.2797438746387855 0.4598596361098684 6798
-0.01009996882957253 0.3660635429441355 6799
-1.875201082845076 0.3558905684380639 6800
-2.02132905917898 0.5920494577662514 6801
-0.4515760484379603 -0.08219060177581552 6802
0.7666567225478965 -0.02317646821499199 6803
4.488417904945389 0.1455957568433157 6804
-0.4606344201776806 -0.5975052400164917 6805
-0.1220431347645386 -0.2521653073691967 6806
-7.250987124649943 1.576461598403904 6807
-2.879580294760029 -5.739158924615648 6808
1.099098924002322 1.165192308246402 6809
2.354686823309168 5.116272422467892 6810
1.396828555931121 -3.311844214783523 6811
-1.152172692055855 0.1216447099799601 6812
0.4644016483544738 -0.6604122682872936 6813
-0.1494455687079322 7.291299128775583 6814
-2.66778772145723 -1.474548106076255 6815
0.31899176515798 -0.1969125305695779 6816
-0.4831859887839469 -1.565820511591438 6817
2.161523344365497 2.93677449924191 6818
-0.1806006955014716 -0.1061730784169549 6819
0.2160022655954827 -0.09082953550835834 6820
5.0569831323035 7.294977512081219 6821
-0.3176582402122078 0.09726535013407525 6822
-0.5393397870019567 0.0890621997206545 6823
-1.288155828527344 3.487051059647778 6824
-5.742021213842024 1.52721301551758 6825
-0.8330889383906218 2.864488554817887 6826
-0.0215774754616142 3.503371002284765 6827
0.02482868020245877 0.1861063010091877 6828
2.512921606865289 -2.767222405233463 6829
1.876394671796708 -1.830965887940312 6830
0.001276921571199139 -0.1045164095425606 6831
7.217428456319906 -0.9503355673137083 6832
4.851839633333784 -4.478823535812346 6833
4.668774625274784 -3.522694929105281 6834
-2.397473009904887 4.280629863473305 6835
0.3408613263703009 0.2455398161865577 6836
-0.1479128297256007 0.6434925443898969 6837
1.485867046879585 3.273040743949501 6838
-1.329940569497133 -3.509805457215269 6839
1.191305797709656 -6.440928387717387 6840
-1.833002055760145 -1.075151118172764 6841
-0.6349915245263535 0.4131506456496034 6842
-0.3219080360597226 0.1678497186481895 6843
0.1772503572109254 -7.308493769141437 6844
-1.666209895682967 -4.646092497099509 6845
0.675136467509776 0.3528146877526587 6846
1.558768497382883 5.969462131015942 6847
-4.702082711049103 -1.087787825311908 6848
0.1067832465275308 -0.2574306161712192 6849
1.33913116010218 0.02795439141553983 6850
7.253905332362253 7.231466161469637 6851
-0.1576146594983233 2.483313068756887 6852
2.465749059313302 2.250116830404826 6853
-1.631179098227431 0.397845066215792 6854
1.714461636403295 0.5217404370734439 6855
-0.5361552318627845 0.0371475519279581 6856
1.328457565651139 -7.337578743350559 6857
-0.2735695432178296 0.09792370011877122 6858
-5.736586098733894 -1.156772945971092 6859
0.05785561263416623 0.7577804677306956 6860
0.3931562127767012 1.406031970985888 6861
0.5331488916661747 -0.009987306730119123 6862
0.989301913497612 4.69043146025558 6863
0.4612219874314361 0.03174846461763173 6864
0.5443537037577858 -3.356232405641824 6865
-1.844956866153854 0.8674641451152275 6866
1.158668676304326 -0.08624197360010341 6867
-0.1544847846159688 -0.5510988403086889 6868
0.2620370583159098 0.8560927258251558 6869
2.736942377726565 -0.4199500898127668 6870
2.185878272769977 -7.276122892692102 6871
0.3364433841905058 -0.2996020391118603 6872
-0.3882697588895354 -5.502539265715023 6873
-0.3640044261395657 0.09257517576039775 6874
4.682645207853986 -2.461110321017405 6875
3.555581063511896 1.576854744728597 6876
-7.270299295721361 -4.207711408525086 6877
-4.026316086359837 1.5587797717733 6878
-3.532221156439265 2.282154747621133 6879
2.164866289272051 -6.299535115324448 6880
-5.905455744196543 -4.051505380271264 6881
-0.7612250513192296 1.427584736692528 6882
-0.2834026006709851 0.5993820675469728 6883
1.857028082785929 -0.811291268450814 6884
3.149042836648047 -0.3871556149236512 6885
0.2599222156435486 -0.2435381099336309 6886
0.1650062465765536 0.2815762485712375 6887
1.269604035039362 -5.552137670906411 6888
0.4552921119388541 0.4262395565159446 6889
-0.04145492875249081 -1.922032140320565 6890
0.2255624217528539 0.06319121136126822 6891
-0.2114327432207928 0.1967781002155925 6892
-3.74899932878215 4.042221643340671 6893
0.6512217735342897 -1.670595523458841 6894
1.919913521583016 -0.5269771320482566 6895
0.2466076574272712 0.2914648607867519 6896
1.145104205663793 -1.574578475691395 6897
-0.2369438327290871 0.1408157551192032 6898
0.4824702688633203 -6.423493089682983 6899
-0.3045326865878218 1.469075827684759 6900
0.5274152678561957 -0.1667374719270233 6901
1.557777543396222 2.742463915596814 6902
-0.2360909835427108 0.3559703546008046 6903
-3.58178007630594 -4.147476782286158 6904
-0.1982259704891274 0.1374344442483919 6905
2.483271498567331 1.680548975189628 6906
-2.201251012180102 -4.920388904993397 6907
0.0380126310487497 0.0829585552401601 6908
-3.116383003950054 4.671867848555345 6909
0.02459181776827341 1.479406339503259 6910
3.189270998630236 -4.754173740978222 6911
-0.454874749440936 -0.2412959452384153 6912
0.3046399132552011 -0.0818882620330767 6913
-0.2850367655942584 -0.1063023429192203 6914
0.1927442381874049 0.1111344104239397 6915
-0.3647789631494323 -0.4160320050900789 6916
-0.04393567076848978 -0.1038112502332971 6917
6.103377871570942 6.38359317129059 6918
0.6287055394300405 1.17538234156464 6919
0.357774153629651 -0.07495443160938449 6920
0.09577152114528716 -0.1309175531628746 6921
-7.303161039184607 -2.814090099164822 6922
0.2453069344779055 -0.6358509707530511 6923
0.38936886045464 1.916562451774615 6924
-0.4994469571382421 0.1274778421619238 6925
-0.6045124061334726 -0.1479421211188337 6926
4.566329312862889 0.9500550926474028 6927
-0.8277047557601016 1.009030230004427 6928
-0.4051267380018455 0.1286213790242672 6929
0.6325483096573252 -0.0281771969739661 6930
1.496224113999863 0.02905755624545083 6931
0.30338982751945 0.6601098073930637 6932
0.07638056662920693 -0.0981721287594623 6933
-0.5135321580446183 0.496985709032896 6934
3.211429722988294 -3.901098365894935 6935
-0.4121959059426836 0.6324202097078429 6936
-0.055635127358338 0.3365652268958587 6937
0.1175402744068832 -0.4645011550937201 6938
-0.8101987229331477 -1.414561778884521 6939
6.373953573821876 4.260577445525787 6940
0.118734977732203 0.07489177390631552 6941
-2.069102561818145 4.67561918087728 6942
0.4931319478863679 -0.09510194314728618 6943
-1.713206867376235 -1.617084014320778 6944
0.5411028327773901 0.0430243050404118 6945
0.3691416095993039 4.126503087570136 6946
-0.4715815801670606 -1.991508139212777 6947
1.872684505593644 0.1281067148539998 6948
0.2768350382092684 -0.4749050164463009 6949
3.931365750919984 -4.169322667730257 6950
1.895250132758143 -1.048374439888519 6951
-4.801262199743804 4.258952900597165 6952
0.4788945683102828 -0.1242870140515892 6953
0.678116947532468 0.2218212311843464 6954
1.053440980623476 0.2928176019965016 6955
5.903279816606227 -3.695340758624445 6956
-6.167719698029037 -6.19983888097798 6957
1.254818354214725 0.1396616752388713 6958
-0.2532884514364915 -0.4862224483728192 6959
4.118241946467156 2.21256393293583 6960
-2.704364938067949 -3.190499131959776 6961
0.5670919038240951 -0.02832283128333998 6962
5.154208563348021 4.402430757157292 6963
0.2064079279204953 -0.2003525023972453 6964
-1.262032549171147 0.2543068008185387 6965
-4.014621262433556 2.884948026319826 6966
-0.328676752074585 -0.1504967777505381 6967
-0.1391033938426548 -0.3203920923258123 6968
-2.860199792408957 -2.739755605238035 6969
1.678240808720806 -3.956755709922283 6970
-0.3329600100047996 -0.09952476866150231 6971
0.3639264088076307 0.04760603067328831 6972
5.556057236744415 2.46108164844656 6973
0.3202444129912714 -0.5954412363012735 6974
-1.837707740067819 3.79037381934586 6975
0.6058002521502799 -0.282028830620644 6976
-0.2186318498284677 0.09627848649700328 6977
3.050853687737897 1.347897078737078 6978
1.669245127229184 1.290759931090501 6979
0.1735913245455791 -0.2209411686451935 6980
0.877154067225784 -0.7955312179654823 6981
7.241663111751045 -6.454255784000478 6982
-2.567545866048138 7.374998436083095 6983
-5.569222193812839 5.978119219890672 6984
-0.1576187338381137 0.4041929889882048 6985
0.5803793850994875 1.367259318004271 6986
0.890016005821651 -1.407783257795113 6987
-0.8114767543463869 0.5101670770517459 6988
-0.8060813920568363 1.963359057533905 6989
-6.382526587418451 -3.602435546626699 6990
2.643474211080433 3.748042851210595 6991
0.5313179096052915 -1.031900192060251 6992
-4.216339830690476 6.12281446722727 6993
-1.668986337863038 -0.03007191422901228 6994
-0.867558503865999 -0.5112605154300548 6995
1.399401577837769 3.816800717102125 6996
-0.3161670258810147 0.300765078900094 6997
0.7932728013748658 -0.09141866859218857 6998
-1.565573050122071 4.532259415125218 6999
5.717497193016065 -1.317198790458837 7000
-0.3397008268501686 -3.799911117686599 7001
6.309550566687382 -4.728202147693673 7002
2.415063070897573 1.347044864822429 7003
1.558297173476783 0.2274993550512925 7004
-0.4225444733467646 0.08328875086041863 7005
0.749081840280073 -0.3158615217670769 7006
-0.3712306304358053 2.878677494078216 7007
-5.373747211117562 -1.910592338846993 7008
-0.8624330717754378 3.195924290071014 7009
0.4123555616292696 0.1108604175343929 7010
-0.0895588439573542 5.30051201863062 7011
0.7840161166099089 -2.51677312660235 7012
6.524839604776525 -0.4743114195953957 7013
-0.5642826808998173 0.936703873336595 7014
-0.960745019685082 -0.8824018034260936 7015
0.8055754130078426 -0.578461990302778 7016
-1.937433816785316 -2.707337881105361 7017
0.4743953993911807 -0.06318881453039657 7018
-2.247733519121344 2.523676106061913 7019
-0.358418462353103 0.142056133147585 7020
-2.748613634143693 -2.025679165330676 7021
-0.1124336961419254 0.1426511084792236 7022
-5.023154353852389 -6.478474732179804 7023
5.090205655539387 -7.256890160675647 7024
-0.06909249276682281 0.1241194145237934 7025
7.244136540139747 1.159782340586025 7026
-3.987737123821552 -6.304590962137373 7027
0.2545397170592211 -0.179803283214011 7028
0.7550130523184616 -0.2034169173450346 7029
1.143899066937696 -0.7939835609719817 7030
0.4615058747439932 -0.205203112001866 7031
-0.2260096046341524 0.2611385533500368 7032
-4.034535011539974 0.1424606277509007 7033
4.614964370819021 -4.97271888607574 7034
0.3432959947236136 -0.7933720883763954 7035
-2.186516176542934 -0.5378091892441841 7036
-0.6877035212247038 0.8189002467979331 7037
-0.07575057152835384 -0.1356900050318678 7038
-0.07457643398268181 -0.424328063808085 7039
7.26796699122101 5.289078850170023 7040
0.01969291485459363 0.1237646653181051 7041
3.365217392275078 -1.392954713303566 7042
-3.51649809010136 1.469968003394624 7043
-0.176132618346561 0.735970961852186 7044
-2.740030019029272 -6.377221588203059 7045
7.265307118682243 6.354908830595465 7046
3.285441177715324 -0.7041887412498866 7047
0.3970897874158318 -1.847783379849561 7048
-7.359925607320205 4.757192981113704 7049
-0.04753569499819187 -0.3521554871457735 7050
1.537089679355981 0.5945191929254556 7051
-0.03078377905506364 0.1209623301424422 7052
-0.4499395465243174 0.2318220578321594 7053
2.648924798781921 -0.006727212228279272 7054
0.2520189631893238 0.1078753626511204 7055
-0.8143809347300334 0.7178549778522154 7056
5.052887192265756 3.439648629863133 7057
-4.315510358183255 4.656449185446059 7058
-0.5138368714106469 0.6348871949071198 7059
1.246109901258637 -1.08547857681808 7060
-0.05550089432011945 -0.2617546416138175 7061
-5.32561625778716 -0.8401988721417538 7062
-3.531158764858616 -0.2249157305156622 7063
0.2349540952129855 -3.453174956575575 7064
0.9487635426904727 -0.5484462411968016 7065
-5.494816525224563 -0.2228531446393905 7066
-6.308958616435249 5.01506516295001 7067
-2.746526957700199 0.4767117239361054 7068
-0.1617941782805569 -0.1487952599660406 7069
4.484122378941394 -4.071174267096515 7070
1.961600636779385 1.396410355920363 7071
-0.1998555396491942 0.4822334217746558 7072
-0.5043146327331189 -0.06211398153395845 7073
0.1653229376496826 4.841806939100304 7074
4.46953581929524 0.5402369793617046 7075
0.1727088157161797 0.06899568761204074 7076
-3.532335480878009 -7.353689403947806 7077
0.8586730658851521 0.3650017821095873 7078
1.933124283654049 -0.1137448673099512 7079
-2.013588097908337 -1.703852944461568 7080
-0.2273874428420037 -0.2133615219770454 7081
0.09521511260323137 -0.3450404807350455 7082
0.08095379454090698 0.3725324411436846 7083
0.5370191626842533 -0.2099413596697464 7084
1.135558304112694 -2.037340315232518 7085
-6.432815294482402 -4.883499966467019 7086
-2.055688969123126 -2.139049203014002 7087
0.1502105950730199 -0.1221589286065035 7088
-1.525040121648332 1.287187748900373 7089
-4.701445666190221 0.9519417164705443 7090
-0.5322140381317995 -0.7749714467742971 7091
0.305021798506226 -0.2353017837316918 7092
-0.1684196031445511 0.2991995440806301 7093
-3.650033466195235 3.186934709350175 7094
0.6348234363042962 -0.3659671654263893 7095
2.291482298186779 -0.05942845253627649 7096
1.078140618484979 -0.3841395410392495 7097
0.4019544811544286 -0.09481143483489768 7098
2.919923673539311 -5.360672297649804 7099
0.8371776006239786 -0.2167288914724126 7100
-0.6553756282745734 -0.6112756313156102 7101
-1.132436373002145 1.439444924378407 7102
6.378954818234528 7.274331203721042 7103
-0.8188299513797453 0.2539986276622607 7104
0.05921195638470424 -0.2046883354729457 7105
1.122228034714716 -2.359060458853601 7106
0.7825663059549609 0.4926597292505098 7107
-0.07984524970150253 0.4694224408367202 7108
-0.1747417493113061 -0.235018661203464 7109
0.6152345571312614 2.635039663840589 7110
0.9956999784457281 0.5036774918584671 7111
-0.4820065926094996 1.045971971468651 7112
-4.842895208864334 7.417834973277282 7113
-0.8651702044712727 1.283561697363256 7114
0.4978101578372939 0.01727203026070889 7115
-0.9318010852103671 -0.3022154386207714 7116
0.1053156432784977 2.575635446003252 7117
1.073623205899999 -0.002358300714427935 7118
-0.7773190604913616 -0.6039080599794171 7119
-0.04519905772431901 0.1753984574212195 7120
-0.5129678881264665 -2.690598936626725 7121
2.215367413828003 -0.5682743718768273 7122
3.310058066089672 -2.747266191871039 7123
-0.4808582178027981 1.960244925698015 7124
4.157387728080384 -1.379244284876604 7125
-3.191247241984232 2.033782675262896 7126
-1.18216275672325 -3.035126006063459 7127
0.2823670031112068 0.2040250939882385 7128
-0.5505726859043902 -0.003657849584180012 7129
-1.457794807996895 2.552935797406046 7130
2.245403407549184 -2.505532296288476 7131
0.7020829860279344 -2.113348437562977 7132
-0.4586004768211926 0.3844122969244649 7133
-1.178811768730794 1.811881506630499 7134
-0.2005617083270498 0.5875128089147513 7135
-0.1648378530938003 -2.271718554367258 7136
0.4070607301523059 -0.5099822589299381 7137
2.318110417097611 5.932088569016599 7138
-0.5241810804469177 0.3306547789311666 7139
3.465236764957701 1.961294543508934 7140
0.3778606170801415 -0.1078237395058153 7141
0.3811701703443109 -0.9317915698224982 7142
-0.8115169573298004 -1.792026046136979 7143
0.5378449487342966 0.1865337511521774 7144
6.293715893490761 5.05042136526232 7145
-1.358248210704038 -1.27113676153149 7146
6.412279491424323 2.39634287524392 7147
5.575341548357065 -5.41893441530292 7148
-2.613205110886457 -4.61827629101107 7149
2.394369641298125 0.402333356621067 7150
0.7095492551261451 0.1352155440665886 7151
-2.725486609616653 5.206491171118305 7152
2.682382351380713 -0.7031153198423938 7153
-1.177498912192452 0.4096568042006561 7154
0.4338813048502423 -0.06642513925238566 7155
-1.361612893949999 -2.690295069030836 7156
-5.548441860266136 -7.368813978763083 7157
4.382126505141957 4.17545907178935 7158
-0.3329086022819596 0.5074864758010674 7159
-0.3237932389129725 1.224564455700363 7160
2.816970252875802 1.760222760408766 7161
0.04091891137646095 -1.169517866997596 7162
0.6394097260201558 -0.6507655706982542 7163
-2.289618986912055 -0.8492076796185402 7164
0.5371165825625541 0.1079287564382368 7165
0.3916194487558947 0.4983697845594747 7166
-0.5220481769886802 -0.04261652124825892 7167
0.2097282435304713 -1.388912610847753 7168
1.193674860069385 -1.292562399192288 7169
-0.5769081042969364 1.58509002707258 7170
2.196212912708851 -1.493437892107965 7171
3.190627355482171 -0.1090023334784406 7172
0.1412322727072901 0.4707458279878243 7173
1.300615498171443 -0.4223928959198416 7174
-7.384784243261684 2.890192187204047 7175
0.8111362175180934 -1.088802214766595 7176
0.6063917728091933 0.1947192861907669 7177
-0.2107127155030191 -0.142316546695418 7178
0.3166299500450375 -5.520096652457771 7179
-1.861437462519583 -0.1821328605941515 7180
-3.178646997409422 -1.499589369301245 7181
7.427500555236088 -5.26373808857622 7182
-0.01790425382714547 0.4355530848606337 7183
-1.050800990369566 2.048412561361424 7184
-0.9816101992674282 0.2580916219640718 7185
1.008066122037464 -0.8989678697269334 7186
-6.430264706022682 -0.7894961749567718 7187
2.325389241719166 4.280118229925829 7188
-3.989345681712567 -1.733960112333186 7189
-6.417474212341069 -2.021427401438156 7190
-2.332292031496559 -7.284686102888479 7191
-1.148611944679228 0.8765510880086549 7192
-0.4751937369112957 0.07213409146157168 7193
0.3063583341226465 0.05388378750929058 7194
-0.4438953729107991 -1.365039365612207 7195
-0.177716143547018 -0.1368852461058402 7196
0.1270942294052847 -0.09564679800568693 7197
-0.07910325747002236 -0.6842615561339995 7198
-0.2958328987334284 -1.256148038478194 7199
0.0920761625915868 -3.752372059062451 7200
4.027594316552925 -2.089303930172652 7201
0.1827627777105457 -0.1596650636234441 7202
-3.093703343659096 0.3685460292545825 7203
0.528318216513558 3.051801774233995 7204
-0.4566223494087119 -0.3638808851663416 7205
0.3810320689881699 3.637447674168818 7206
-3.890032441319938 7.25803469783849 7207
0.5834721669870091 0.4883159727165003 7208
-1.301987612031376 -0.0482430195947398 7209
6.445954979995635 -7.319216138773667 7210
0.1181440795493483 -0.5661999278793899 7211
0.382087322730024 0.08119288607641814 7212
0.1008029276968592 -0.2237218745391726 7213
3.648292625874328 4.01669120915873 7214
-0.1513740208381516 0.1660372141843228 7215
-0.6998351128172625 -0.07155590304000188 7216
2.883593329425589 -1.700461243067651 7217
5.129617922320886 -1.577696590962289 7218
0.4665979984504602 0.5974719218513288 7219
1.58244741749597 -1.162756184121517 7220
0.2231413864724515 0.2059135353259658 7221
2.787280753524793 -2.243094880994944 7222
0.9352300470164466 0.6427134242313627 7223
0.5644587861847327 -0.05820069652883172 7224
-1.907866628562053 5.572821996353375 7225
0.1290483343263312 -0.8239394831061443 7226
2.935250924745313 -0.9681438935535308 7227
-0.6366595631223587 -0.422973362614349 7228
0.4337308159661856 -0.2981532142848883 7229
-0.5862313543490923 5.097443934723719 7230
-1.209783675661887 -0.6895831207447262 7231
-0.07857603117339176 -0.1940738888366819 7232
-0.280503531457475 -0.2161152404685825 7233
-1.475126614495292 1.56757479354794 7234
-4.3065645863927 -3.45786250250776 7235
0.1544663572775298 0.104407143426003 7236
3.879024720436833 0.5966044931734032 7237
4.057875825208035 -2.763909157726185 7238
2.054085827013338 1.78060565546643 7239
0.2761572451258083 0.4374311505882071 7240
-2.323216897956059 1.046548345562297 7241
-1.825870848202588 -4.117288609686311 7242
-0.8675977355371385 -4.218484382477755 7243
-1.015835763024721 1.122109871467019 7244
-6.463905251905649 3.800132835916191 7245
0.8276969626273902 -3.723754362443576 7246
5.211018041914545 1.401225437811707 7247
-3.696684862503993 5.027253180796389 7248
-5.004037000099974 1.638903507109561 7249
-0.7438644998947448 -0.8166180602711501 7250
0.0965294566504087 0.1454211689300368 7251
-0.9357358520726536 0.850409202453997 7252
0.3997628846691811 0.6669256715101133 7253
0.4311699611198848 0.7778602601002089 7254
0.579382011093546 0.6607163697983851 7255
-0.5870428088201995 0.2931523119730363 7256
0.2295901050085594 0.5223076112107412 7257
-0.1016707878545923 0.1968437763726605 7258
0.5184915995502757 0.1472720634573448 7259
0.6369873292179302 0.8801546659602363 7260
0.8001189204927965 0.2173351604998622 7261
3.847878092312809 -0.9753176865632144 7262
0.1481334279533089 0.5997578131394168 7263
0.07930763092419441 0.1940348885741759 7264
4.520978239583945 -0.2581652080045312 7265
2.070188117753809 -2.029747330370673 7266
-0.6773109487361261 3.790099416837509 7267
-0.1112162528193584 -0.2176171260934932 7268
0.1088889234271866 0.1092528904512754 7269
1.159081565763324 2.301347639657261 7270
-0.7900729235052029 -0.2144138791160168 7271
-0.9068589321204171 1.673032278515484 7272
-1.104631670208583 -1.143621477465449 7273
6.432005174245091 -2.356338447033075 7274
0.04286033212786118 2.991449320069072 7275
0.02451710082115127 -0.4134365408745438 7276
-3.515308754306763 -1.153439667717274 7277
0.6101358298611651 0.1239045822065148 7278
0.6098203078099774 0.03798775703360138 7279
1.626444339171016 -0.5219680579023578 7280
0.6390545844465967 -0.08992286252610755 7281
-2.504464771266373 2.828409845187071 7282
0.005783102052554091 0.2164731840412306 7283
-0.5296643689807821 -0.08760593420647497 7284
0.8564972732469031 -1.856127857348905 7285
-0.06427526272270095 0.2209195212886602 7286
3.252409478485363 0.4448438743714014 7287
2.446031294730294 0.7613749842029481 7288
-1.333099243208561 1.218975520529749 7289
2.981194801218408 3.007937135822931 7290
3.486819026075473 0.03075668856797067 7291
1.160017729533475 -0.2738112410107865 7292
0.5240912681287687 -0.3483331506242452 7293
-2.323096520650694 0.5761712628092468 7294
-0.01044072956750711 -1.382752189308449 7295
-2.711885732161591 -1.002872211389626 7296
-4.692614898950318 3.396030839819081 7297
-0.6986321500199056 -0.9657285002657194 7298
3.851620510651538 -1.676273707883375 7299
-4.955594539430623 0.009841758210297364 7300
-0.7186458399326903 1.13301809454175 7301
0.5884098491470645 0.3549413779791163 7302
-2.851447634971583 4.255714640652482 7303
-0.4626060348200752 -5.07049124628298 7304
1.164025151755058 7.219940057722495 7305
-1.054949492062688 -0.0411805284801256 7306
0.06713061852489903 0.1059090496661245 7307
-6.520228723085306 0.7956380584032026 7308
0.3117905524144976 -0.4117623395096256 7309
0.6881414347082209 -0.9520133019671078 7310
1.107181736300616 0.9331868412592912 7311
-0.1942908137371155 -0.5016697378050771 7312
-4.853584151394389 6.640592322245478 7313
-3.598517398089677 0.914058558470615 7314
-1.019511818647665 2.322622696272897 7315
-0.5838672002198029 -0.09419103165983354 7316
1.90894382706834 2.720912923328958 7317
2.394802912576683 -3.981056237539077 7318
-0.2658479088376723 0.2071962990554181 7319
1.012426050429121 1.584211942686558 7320
1.281869227345921 -3.730010379505716 7321
0.02884988849170304 0.2961186129536855 7322
1.925786589443609 3.307630832970655 7323
-0.6473417261381031 0.6376271640840403 7324
-0.5970570752644262 -0.2984921477303044 7325
3.950940045347114 -7.509000877947017 7326
-3.497003027020825 -2.298749640274794 7327
0.3105762482691384 0.3195360658639295 7328
0.3470968847014887 -0.1816705956057719 7329
-0.2470654303204622 4.359025818528067 7330
-0.3977822452736751 -0.6614497046856693 7331
0.7337502897561605 0.6717728138341352 7332
2.114246410853927 -5.799568936428032 7333
-0.1122329634405181 -0.1028907746777754 7334
-0.5480473093502692 0.1661440324331442 7335
0.3774984397757327 -0.3357351574532133 7336
1.899722884085751 2.179190558284171 7337
-7.27521018772361 7.345050454250925 7338
-0.1459282117132408 -0.1036136720980737 7339
-0.6052013174939517 3.364368174620507 7340
-1.841685271718595 1.316376943777761 7341
0.7566219931832819 4.204167365002489 7342
0.3994588717217609 0.3644032516625886 7343
7.40769365294727 2.209296183309131 7344
-2.023550264200321 1.699317728087635 7345
-1.405389987859037 2.243746448348769 7346
1.991232126784214 -3.771338120803561 7347
0.93914246736093 -1.092833590932577 7348
-2.154401334415238 -3.414903293712802 7349
0.08634062244811523 0.4344259438994446 7350
-2.169775775272634 3.229588048714794 7351
4.380321394859457 -2.032348894732565 7352
2.580989252726689 -1.157781735713843 7353
0.6801434109244661 -0.787473836913815 7354
-0.05294242632705594 0.08106432091691347 7355
-1.466188759903697 -0.7826662462535189 7356
0.9879979874896503 -0.6047152872974075 7357
4.770028982533171 1.799126833751168 7358
0.1401363562278809 -0.4246334359287363 7359
-0.4019763080545524 0.4368041850161907 7360
-5.894880697191136 0.07240978717851121 7361
0.5435546904323761 0.9796267661941713 7362
1.741566882773544 0.9867591783466263 7363
2.161953780076818 -3.346059019783926 7364
6.721050250134777 -5.213363261308865 7365
0.4782796341386852 0.09526255132727017 7366
0.5787126248604324 -0.1344082452103398 7367
2.785348498455058 0.7297328733524965 7368
-0.08708886998081071 -0.1016150742266586 7369
-2.58601542396301 1.881629151693275 7370
-0.9396236090184115 0.5456130652264266 7371
0.3736757301629392 -0.2037749433802962 7372
-5.325782257811802 2.70683435420947 7373
0.9506989947346496 0.1286487106700319 7374
4.10577568976538 6.046779284029792 7375
-0.02821246989400377 -0.1331004624698723 7376
-2.872131760969709 2.698909484582852 7377
1.854597597152637 5.080665256623291 7378
0.2594421780057971 -0.1451923420946724 7379
0.2410610981090751 -0.1138563130052659 7380
2.798671754337721 1.110720741933807 7381
0.4921976874130026 -0.2567738108653022 7382
-2.558982913857938 -1.716665832153263 7383
0.3622415940379892 -0.6716736081613225 7384
0.3321790003316926 0.07339289239765491 7385
0.5299093094284797 -0.8152211423002478 7386
-0.3308898491274727 -0.2023254937516865 7387
1.081483583233123 -0.1617292204643302 7388
-1.10636947885892 0.5883469660186699 7389
0.8672240080500164 1.921220749341746 7390
4.136175765415976 3.302777671168479 7391
3.31600525163611 5.552646235197276 7392
0.5231425573168732 -0.1180414388302558 7393
3.070753204978728 -1.432851606004262 7394
6.611426208667578 3.227125485681828 7395
-0.3072694667941541 3.90036924829077 7396
-5.498377505569404 0.8133730081035141 7397
0.7060379988817328 -0.3775816530467356 7398
7.466993241916886 4.500329357571363 7399
0.1828821493077646 -1.646378816319361 7400
0.03192839467027628 -0.09686918226544963 7401
0.8766858424203466 1.249901632767851 7402
-0.3298931659521193 0.1998710589039222 7403
-4.585806403578875 -2.89593605764525 7404
-0.3771220548455269 0.1857154783032963 7405
-1.814529555351619 -0.3807189756175156 7406
-0.3059885115443288 0.1276059457180856 7407
5.638216103988477 -5.030697653975602 7408
0.5981794788227575 -0.1959850535781075 7409
0.8096915001828623 0.009324185140579647 7410
-0.4024111858775018 -0.08361571943934917 7411
-0.4329797158767308 -0.1187850862710009 7412
0.2198832387668771 -0.3551977562891996 7413
0.6438905829768906 0.04917756033017347 7414
5.259796065804259 -4.316214526169915 7415
-0.4472039887572846 -0.1965165948016252 7416
-0.1309200367045058 0.09017701644465453 7417
6.758991202899785 -1.785691716006094 7418
0.9553427127489043 3.095066141319766 7419
5.080462019625331 -3.256819858379479 7420
1.453819262779844 5.537612389343675 7421
-0.5975512697070577 0.03437688698531445 7422
0.07884513975647309 -0.5005198935001772 7423
-0.7202828687126583 -3.086358893677582 7424
0.2609703782228963 0.0519561806381957 7425
7.398335556520373 -2.696994844438379 7426
0.3796983682744666 0.1438827788357833 7427
0.05393799689723969 -0.9891247247400463 7428
1.343153527507132 -0.5810235507717267 7429
0.1694386715656359 -0.08296356834603061 7430
0.01746874972687049 -0.1361258445063077 7431
-0.1905485218341555 1.417714828438905 7432
0.08260524641022482 0.0712809782728832 7433
-0.09482737168322758 -0.5381128567486242 7434
0.1575918706271184 -1.199745244726377 7435
0.4226748860657614 -0.1338159815074899 7436
0.3356131818957509 -0.2673074835958887 7437
-0.02766526344033927 -0.2216154483876114 7438
0.2587047579886075 -0.07645489767223698 7439
-0.2476274966893979 0.7507980170849787 7440
-0.2717481711559484 -0.3930605042604774 7441
-0.3949597724036553 -0.3149998457146266 7442
-1.371780180949824 2.949628562319574 7443
-1.305412033044314 1.015802232690771 7444
0.6450086904715266 0.11324190556448 7445
4.265520525517631 1.073630671948923 7446
2.400341537626852 -4.467784103822998 7447
-1.389481404062451 0.701746668327039 7448
0.9805664981123727 -0.08398823183602845 7449
0.2004306998384061 -0.5489733369438231 7450
3.410971425501321 -1.121498754014678 7451
0.5158296709683576 0.07921539717438908 7452
0.5469337139827664 -0.07429061796935066 7453
-0.4579829223573224 2.391314738177054 7454
0.0386753593056688 0.4824188699250003 7455
-5.508324983913196 -5.253767999201148 7456
4.351709970772827 3.589717759350089 7457
0.0325296126152349 1.830329732005526 7458
0.2739118860768972 -2.606744317730612 7459
3.841961958050149 -3.256737280341835 7460
-3.981403370525891 -2.578259012952188 7461
3.319972576878585 -1.951586499663309 7462
0.4599496486326767 -2.528592329965996 7463
0.000463423263485364 -0.2882471407598762 7464
-1.470824745402135 0.07831294264221847 7465
2.448219012809518 1.893867682968833 7466
2.188316467385741 0.1682215167945247 7467
6.452155599233416 -5.903468672529605 7468
0.3264940470927787 1.551896351539825 7469
0.01104964057894687 -0.5076880570859138 7470
0.1969193765694718 -0.2725360944607735 7471
-3.073801054714491 -0.006509008615910269 7472
-0.4222860585604573 -0.5430145076667262 7473
0.3952570667638156 0.03231524018803997 7474
0.4239104094757259 0.02986898164324459 7475
-0.8356369543542698 -0.02449794458356984 7476
-0.9336693194308578 0.0374080295106554 7477
-4.434550486587041 -5.052485838547213 7478
-0.2887836603764696 -0.5838521566465802 7479
-0.5828307581128852 1.290543100622082 7480
3.134577744767738 2.476029177138546 7481
5.916201879400423 -2.939847607544812 7482
-3.615224184175372 5.713214585112896 7483
5.220123269845467 -2.089172701080591 7484
-3.547976142045618 -6.754645358383242 7485
0.7928811603048288 -0.3460005544105701 7486
-1.577061230318024 3.472545915671168 7487
3.424214500897407 -1.682322221058567 7488
0.1909310816921825 -0.9241994847681176 7489
-5.323173289397818 -4.614448476923225 7490
1.489446805825508 2.357128813760855 7491
2.424145866531069 -1.810494550435546 7492
-0.9212314717299541 -2.058031812605855 7493
-2.805069112726992 2.284386304294595 7494
-1.206761358934487 1.281636181758566 7495
-0.424756419043028 -0.1640553609065966 7496
0.180270719754808 -0.6985635741221792 7497
0.73061365364161 0.09285354911976876 7498
0.01322033975304408 -0.8547260248180493 7499
0.4950167947093256 -0.05153725042507944 7500
-0.47535553107352 0.1623745293341452 7501
1.556908393755102 -2.236241877708217 7502
4.902324373030574 0.861509370883307 7503
-1.309641242631221 -4.877492757455696 7504
-5.409319239150451 3.418042379857444 7505
-4.727476085687663 -1.605231575257067 7506
-0.7954599134686794 0.3146589269947659 7507
-2.2225350461364 0.09328768027523866 7508
-3.763147677610716 -1.272866733517505 7509
0.01474852575992809 -0.6055848046201466 7510
5.339796443821907 5.448687847156014 7511
-3.163541397757712 -2.692450409657522 7512
-0.4999965493242574 0.2508335215701381 7513
2.942883855643363 -1.909522670678081 7514
0.1987793171328334 -0.1227422637162641 7515
0.2409409760342195 0.3284173755929915 7516
-3.727062715499516 6.741614868766142 7517
0.07271261695721991 -0.4098548059824071 7518
-0.1948568104309453 -0.3957348835119565 7519
-2.758260316808236 3.296703659259182 7520
-2.547660510828448 1.341410824905004 7521
-6.419447500532813 5.552039940886131 7522
-0.285500345531669 -0.1625962125846348 7523
-1.148370400327541 -1.514931932704645 7524
-1.417441340448488 4.154148334095044 7525
0.2938762280815032 -3.987336854663718 7526
0.4245387551571643 0.1390703905814806 7527
-1.154697551553294 -0.2281642503224513 7528
-6.341028304329852 6.663852214753264 7529
-0.6402269180834665 -0.18090196224384 7530
0.3576862598872964 0.1071728230670653 7531
0.1186047816587455 0.1647333886012888 7532
0.838927034122152 -0.1185337543124263 7533
-5.838904269400118 4.143207232896559 7534
-0.2058874969237648 0.2290722930700049 7535
-0.1321979606724464 0.3213508595962837 7536
-0.04363815911509294 -0.1797525298873621 7537
-4.23575385909235 -0.3178256731662166 7538
-0.7062315621853665 2.692744311750116 7539
0.330183753389737 -0.1017152446131376 7540
-0.1727512663136842 -1.850142897749995 7541
5.687077520031125 3.189996669388532 7542
-3.734400596472792 0.02733064857437897 7543
-4.05309970472578 -1.002087209858692 7544
-0.346591761588712 0.9132240901058524 7545
-0.4030710625057414 1.433667050177618 7546
-0.2947234322736708 0.08429563370815454 7547
-0.3005055807986416 -3.277966854926468 7548
-7.495808820196064 -6.683284209076285 7549
-0.01171536255112656 0.6748047237141472 7550
5.176378402527972 0.6216494705965944 7551
-0.3264988356537037 2.057130122308362 7552
6.573981976788838 -4.290508918008254 7553
-2.564784304459264 -0.08093698108374484 7554
0.2036549475373018 0.2647912252896776 7555
-0.3765763055465997 -0.09057869037166896 7556
-3.169684921624367 -5.038219513650325 7557
-5.783703514935535 -1.716454676957734 7558
1.624190109846273 -0.793151407430861 7559
5.047154043828948 0.2870705062387913 7560
-2.370727772362938 -0.4092191752272779 7561
-3.989671803765008 0.8229860692099505 7562
0.02748723836498872 0.3411771651714704 7563
4.766060383015152 2.895709714503008 7564
-0.7711091139712198 -2.304553662934808 7565
-0.1643987885493038 0.2285942015593799 7566
-2.891109651330608 1.609133657799805 7567
-1.511837809406456 -1.023438713628787 7568
0.8671968739651996 -0.2959755928651153 7569
-0.1053203785424955 -0.8808638904417802 7570
0.267011386541371 0.08164916407473961 7571
4.559016885831616 -1.011785800529972 7572
0.3406075445420641 0.3630141579509986 7573
-0.2669039617778579 -0.3418409936977373 7574
-7.416515410778605 5.602747958027853 7575
-0.3704445277665311 -0.8067978757754245 7576
-0.48344217133327 1.775211316176593 7577
-5.205625855283678 4.938675003720967 7578
-6.536125412134065 2.095361198076917 7579
1.26890083719005 -0.8182857290994222 7580
-1.297297909017529 -5.332477925396079 7581
-0.7186018187041229 0.1202815400535649 7582
3.656612917005673 -3.823387676022632 7583
-0.5866620055710814 0.3934735448328325 7584
2.319727226302986 -1.020973735711781 7585
2.76975221265675 -7.390660753787441 7586
-7.469886265633775 6.593555435535423 7587
5.041302624598718 -0.4231214782534709 7588
-1.534433125730982 -0.5250447536237837 7589
-3.040722253652269 -3.49279332408546 7590
3.821865423274723 -5.297615189503686 7591
0.7763173344129912 0.5800284850454593 7592
-1.179480070558481 0.515631771550316 7593
-3.912467159321888 -0.6436582123658078 7594
1.274172965744883 -1.708254429054864 7595
-0.283044250914004 1.655245259847032 7596
-1.314242358785312 4.721367170183968 7597
-5.857973496858742 4.676563727306905 7598
-7.43001766053384 3.606613365285649 7599
-0.07449906305522061 -0.3236990585780605 7600
1.357354923482581 1.080510481363468 7601
-1.044080413817489 0.167487746391293 7602
-1.024589507299898 5.533202844181967 7603
5.962827343879665 3.882076421553252 7604
1.427261556078621 -2.40461323093787 7605
7.454052076779872 2.87271434251188 7606
0.2230638869805817 -2.02943515321584 7607
1.003649530370867 -0.02198885490944207 7608
0.03356679668809959 -0.3051182108127067 7609
0.4591845895519232 5.991273980876874 7610
0.6298923264606796 1.638522649284273 7611
-0.007954253287050702 0.07823547204244009 7612
-4.896528187610784 -2.73254358505167 7613
-0.1285595606738617 -0.1712595086757467 7614
0.01575251295765212 -0.3719837194984383 7615
0.4154328494586775 -0.1066526660164976 7616
-2.882298660154439 5.734470949992876 7617
-0.4922321679198328 -0.2414270700707463 7618
2.441350168382425 -3.229562304592549 7619
-0.5609445240848521 0.02317174085690085 7620
0.8257686851950851 5.418934582456692 7621
-1.596201289271222 1.660137260474346 7622
-3.948316748563086 1.890043644934989 7623
-0.2158676482116917 -0.1019051328515785 7624
-0.1228756314119767 -1.018308016262164 7625
0.5694906424817955 -0.4001173111301826 7626
1.119277173683868 -0.4674392876759 7627
-3.929240567230257 3.68117087411657 7628
0.2927472278353253 -0.1115879014028149 7629
-7.477025358219316 -1.851336382907288 7630
-0.05846350837952866 -0.1503078242220803 7631
-0.09794162483102503 0.08453012556496538 7632
-0.5167919069727582 0.7541052540394311 7633
0.2757432683293147 0.1314193665555572 7634
3.875306497088382 -2.507238761106468 7635
1.772609776204047 -2.254636531493181 7636
0.5676478221770926 0.009524117756206337 7637
-6.262177406247508 -0.3037751856119947 7638
5.253075905676863 -0.03950860465303153 7639
0.2497047991820335 0.7238051672446199 7640
0.8407151752704979 -7.561070056580563 7641
1.463245374808679 -1.369999605121833 7642
4.102604782179718 2.522150173748667 7643
-0.5438136229666469 -0.8675153398188028 7644
0.6802522389573965 0.02643559716714549 7645
0.1448004277907106 0.2495189752446362 7646
0.5084090455969154 0.3577332536000047 7647
1.437176236517303 0.9169340736402376 7648
-0.2349601813208179 0.1822983480076913 7649
-0.3827817093198989 0.1403615675323512 7650
-0.5214749391901711 -0.4131920165871382 7651
1.654605231468168 -1.829478516850112 7652
-1.782799616398524 2.254998906309758 7653
1.507001292033445 2.985796314033926 7654
-0.2513942832391595 -0.1017697238206893 7655
2.825281049912622 -6.360270470548327 7656
0.303467484183246 -0.309234807571218 7657
0.470170481810169 -0.5833310052493498 7658
0.1303093601727889 -0.1320162214413668 7659
-3.741030190003429 -5.855663714751007 7660
-4.921284170109105 -5.597280446132142 7661
-2.136311245926661 -1.321152743363563 7662
-0.6517516978799651 0.3344367250076962 7663
0.1960591511845885 2.142474748556425 7664
-0.2685093516180678 0.327923957862343 7665
0.3899211314780951 -0.06655481893398926 7666
1.190131970919623 0.5447963974992038 7667
-0.2787860542676265 -1.040034458769975 7668
2.957770442446253 5.320449633312585 7669
0.287347421732968 -2.864494254840745 7670
-0.5156744203323299 -0.1711611919822865 7671
-1.909322470073823 -0.5546822281538012 7672
-1.202764344241215 0.7519495054567411 7673
-4.470758489417613 -7.451174757501311 7674
0.2426449258101928 0.05530345948889087 7675
-0.9493813337912529 -0.5351277955170586 7676
-0.3573115901824729 -0.3357345659011413 7677
-2.338712782974727 1.612894513380605 7678
-2.474196032427916 -0.8619554898728886 7679
-0.3248042669437151 0.1141721826611978 7680
-4.44751362127514 2.242067091253325 7681
-0.3977487993597599 0.7317714348383465 7682
0.8360990327381237 3.579401447434402 7683
0.4489527901187598 -0.09108935595046865 7684
-0.216211122162787 -0.2861406585370784 7685
-6.113598656773329 3.053324608153401 7686
2.451584573009267 1.127768813881478 7687
2.640816298524883 0.2992496694131584 7688
0.9192295994610062 -2.96705560456143 7689
-3.999729699964552 -4.354990658812383 7690
-0.2764674454178046 0.4112164720794248 7691
-5.858310318175158 0.5465107800191152 7692
-1.084342315416276 -0.4461742633501347 7693
-1.064749882282501 3.308647239279205 7694
0.04456042490712703 0.170640194731306 7695
-2.132715131776512 2.080327475260371 7696
0.5771358239115451 0.03398840269070575 7697
2.057536396750574 2.345055624555013 7698
0.4446593995506039 -0.1849786902261169 7699
0.3998976538816024 0.275257380800125 7700
0.6359259361785449 -0.202878556468468 7701
-0.5187096371106407 0.4393678297612201 7702
-0.1733251403030113 0.08814978554893545 7703
-5.253350271122136 -3.568240478277286 7704
-0.3520082846042916 -0.1464472359979132 7705
0.179522866295219 0.1566147222934907 7706
1.98088684503214 -0.2996964381644778 7707
2.969413933270055 1.98594141979133 7708
0.04169978870517743 -0.1236457787544888 7709
-4.772047863208824 1.33193007636197 7710
-0.2344554846841001 -0.6970856907918082 7711
7.430387546615749 -0.01343010962169225 7712
1.37773496661947 0.4081034588231346 7713
2.564543465772473 3.156704731528834 7714
0.5385369625018551 -1.782607094619383 7715
5.370374372532412 6.586467985611174 7716
0.8966134810823063 0.8144347362270782 7717
7.486804073241095 -4.493501188777767 7718
-0.05149866171864264 1.363796099790293 7719
0.2008328992637361 -0.08159176912554368 7720
-1.441863364638113 0.9277975769703031 7721
0.8243940838599173 -0.4095632110197405 7722
5.489131374155507 1.551102009571054 7723
1.227515258235029 1.392947319730587 7724
-1.416394355913001 -0.2290491789262926 7725
-2.399734424484337 6.184553132556174 7726
0.5216845946108905 3.451893110698886e-05 7727
-4.397286436129948 -6.578910588463327 7728
-0.3405705264967005 0.0847901237701396 7729
-1.140328969696742 2.176557855619479 7730
-0.6597761452157264 -1.166068147814441 7731
-0.2004681241631184 -0.1799672409336334 7732
-0.8662978778609178 -0.1312322866782767 7733
-3.006587223257767 3.810450990973072 7734
2.173318651995537 1.260031584609501 7735
1.428759233586451 -3.080395973768784 7736
1.656571690107303 4.439538505931629 7737
-6.757376216994445 4.69425058050355 7738
0.2629208472368209 -2.179636855633809 7739
-0.09742923117925663 -2.615575678326281 7740
1.810311489955079 -1.46513752475992 7741
-1.416332013991546 5.281531637470869 7742
-0.3906951108911848 0.3399198749972007 7743
-4.273696290084521 5.04884559723396 7744
-3.629926093031767 -0.5162968389282332 7745
-5.942973032533745 -2.654458618483031 7746
3.01121335279666 0.3575295275178971 7747
2.101994921669905 -1.239443096355873 7748
1.426134980305238 0.2652000244818018 7749
2.602369567906075 -3.71199822116475 7750
0.662171580066265 -0.5029949448168455 7751
0.4502410750595154 0.163298827941683 7752
-0.7764534992034133 0.6436933559491255 7753
0.01900051997117229 -0.1987889565360032 7754
4.152059983749834 -4.970669430037912 7755
-0.465775383790169 -0.06919956853951008 7756
-5.66482622939201 6.435409105367326 7757
0.05851692942362448 -0.1578397453013052 7758
2.15315659363322 0.8717122647012012 7759
0.9636635975987161 -2.517593482675997 7760
-0.8938141934151613 0.9468038114530053 7761
-1.06702774863238 -6.070281145948702 7762
3.03464296360559 0.03601437196763846 7763
0.3303757375812362 0.1576143762806384 7764
-1.406983996380746 -3.190598411254619 7765
0.4897172753591477 0.2702401577007219 7766
1.238670788758604 -0.2296464915435384 7767
-0.3256225355234646 0.339141734422393 7768
-7.471750406459369 -0.8960047081083589 7769
0.06367105776977183 -0.2681075114821052 7770
-0.4335608200722772 -0.07758429417121007 7771
-7.479355827280081 -0.3255196301599837 7772
-0.1095261915707082 0.4056764986443712 7773
0.2895711802253934 -0.07373477887101516 7774
1.450056392567787 -0.3302980819540413 7775
-6.733971705588328 7.453315897253239 7776
0.1722684265576293 0.353222119099132 7777
0.442621239084691 0.03135123877378949 7778
-0.8074810934155394 1.809648460151863 7779
-0.07439653642323114 0.7969302831598375 7780
2.389268211193982 6.785840434571325 7781
-0.4393224250478492 0.0761940189957972 7782
-0.8111561669592653 -3.478623698612934 7783
-0.4728627634118014 0.1042816721732368 7784
7.416307335942414 -2.144797373631799 7785
1.121500396162667 -2.789780360840497 7786
0.271564243435962 0.1612166295449597 7787
-2.307366417760949 3.0164827457479 7788
-0.9826567993758177 0.4822772221117571 7789
2.53360921168059 2.507957328372081 7790
-0.5136920367489118 -0.6344477208062935 7791
-0.3664591791526784 -0.1172888606840498 7792
2.428652869902133 4.755127112289529 7793
-0.665834181534386 -0.7631583266840548 7794
3.108130841037323 -4.420858553118785 7795
0.3150911897208162 -0.5450435999510672 7796
2.900646413390237 2.701327871247603 7797
1.514534813157199 -1.683706834242071 7798
1.917262078065475 0.2964850821949033 7799
3.339339622655131 0.9689333057420292 7800
0.2893652623347418 0.07881346868934541 7801
0.384515325648555 -1.136721336627307 7802
4.565826388103644 -1.682079042655259 7803
-1.628089939703266 -2.711697641163718 7804
-6.565665366588863 -2.47256840584648 7805
2.773387879856561 0.4037732712795659 7806
3.595481976143325 2.73068583888223 7807
3.167281773182755 -2.472926035726011 7808
0.9232758223654277 -0.3064876169114182 7809
1.213689640122864 -4.317276646975023 7810
1.487615218784073 1.221370322324608 7811
3.264782873588596 -6.584508114355426 7812
-0.4262637170443082 -0.7608998890708272 7813
0.3899463085825895 -0.1479563940189962 7814
-0.04815684505940394 -0.6227179123636186 7815
-0.3431961386233341 -0.2532378740242319 7816
5.433582874151123 -3.602593716540633 7817
0.6851862090286579 -0.08915608707944496 7818
-1.428137636110345 1.911952097306538 7819
0.3057090319226995 0.5947322215082647 7820
0.5021755141408487 0.03077700907594676 7821
1.298446253389837 2.762845439454888 7822
0.1118940288128369 -0.08693036584669099 7823
-4.601511876042137 5.66408671180146 7824
-0.02344514738591048 6.801424790728297 7825
0.08167250636872489 0.09876077154114103 7826
0.1179370517450514 0.2228568724655886 7827
-0.3931395926808857 0.2264209197892488 7828
-0.154260047472342 0.1142389710014353 7829
3.160929577428413 0.7860307517734413 7830
-2.380006622168276 -3.126720422001656 7831
0.6678979442644528 -0.0297815473671494 7832
0.2165163380078123 0.1649994042625965 7833
1.213315484598215 -1.443583648982309 7834
-0.3997988489931499 -0.917423480245064 7835
-1.398418096767044 6.146296094795776 7836
-3.086193291316282 -4.150439917503027 7837
-0.1151410395535522 0.1132400646104323 7838
0.1854739745005262 0.0583337249697212 7839
-0.09912060155090907 0.1765985970021654 7840
-6.73754734524587 -5.824381797548437 7841
0.3003018494223034 0.2298537741782308 7842
0.1087331481709584 -0.1737623572923894 7843
-0.01817147036170493 -0.1758647665437217 7844
-0.4327449159487336 0.3451079721823657 7845
-0.1873658811885792 0.5450414334988436 7846
-0.02643219722644953 -0.7427568401309429 7847
-0.4598853486023038 0.4981140719051721 7848
-0.4865085269071753 -2.480289562798396 7849
2.110331458033241 3.571287910450642 7850
-0.8651450481729688 4.226774210381219 7851
-0.6348935249546712 0.200952565279511 7852
-0.2329504331584169 0.08746426140985721 7853
3.596366866535158 -0.5476725192510781 7854
4.718384700868246 -6.623834777174895 7855
-0.4132172809626664 0.5575563098038819 7856
0.527007167741864 -0.02456039246724619 7857
0.6349612914059095 -0.1247404826404186 7858
0.2263102204309686 0.1269979267949912 7859
-3.305398123741988 1.409177401160586 7860
2.728423341334638 -0.2145418365849934 7861
0.4823224613253572 0.01919463657847289 7862
2.361082599373272 -0.3522365256296595 7863
6.740363350406141 -0.810484573204744 7864
5.528322949605816 -0.7369925382490244 7865
-0.2039034914593208 0.08744844633408526 7866
-0.5081262647543497 -0.3082770136148283 7867
-0.2513585267663013 -0.4413807616943151 7868
-0.1944321517515767 0.3773218170063113 7869
0.2301709109670159 -0.07925660560798789 7870
-0.1531170997675828 -0.4539500318330874 7871
-0.4468343864268379 0.1107179582964359 7872
-2.801797111650701 -3.791113954169577 7873
-0.564191985390035 0.5194325027883379 7874
-0.4943764947682462 0.2927337832051392 7875
1.189655239222312 1.052873592179748 7876
3.246863897991096 -3.427779636334147 7877
-1.314928094316125 -0.3456488211821449 7878
-6.648884320812257 6.185254932133873 7879
-5.697934649253298 7.46857601369121 7880
-0.9228088992137097 4.740489419130867 7881
-1.697094045646185 -6.459240025091121 7882
0.1371311198864096 0.1213183156892413 7883
-0.1643020476791119 -0.102796803029123 7884
-0.6086868375308954 -1.935211588925434 7885
-0.08555996586906502 0.5113395764380517 7886
5.434451529655163 -6.096936356178233 7887
0.05202863480006668 0.07275453105900868 7888
5.796341386585452 0.3060081351900739 7889
-0.9013602336919639 -2.453872464897828 7890
-0.1952052122027915 -1.413352379337394 7891
0.2372852872712624 -1.27420180552998 7892
-0.08970578912197893 -0.2616578886642481 7893
0.7728896502415716 0.7751518993912497 7894
3.746368504236441 1.15914779352599 7895
3.972656657154838 1.014413517539378 7896
0.003801054467375403 0.1572673381531451 7897
-1.769275657996504 -0.7320530532783353 7898
5.502990279360521 -2.727533260170926 7899
-0.9638564380609802 -0.7212353398520142 7900
-0.3715909307377768 -0.1929185682947909 7901
-0.01031082141362425 -0.438057035895411 7902
0.141467436378635 -0.08523375329846238 7903
-1.709513839975386 -3.816190431047366 7904
0.4840228106861192 3.431178803671877 7905
-1.857365571138353 0.1705469949863222 7906
7.456467969396537 5.743567618156724 7907
0.4553524967940091 0.06492429641535705 7908
-1.489788220156379 0.4097661111380559 7909
-0.2349096645390774 2.609692709756275 7910
-0.01063298394029242 0.9354681624261232 7911
0.8387102497671948 1.392210568602145 7912
6.358433243038212 5.996051647350535 7913
1.824146708107985 -2.901152178328726 7914
1.041261148958914 -1.017382286401759 7915
-0.9482473159919117 -2.957542295419917 7916
-0.2471210715039812 -4.276696276004647 7917
-3.45996289892541 0.4449093515511484 7918
2.225006408234668 -6.780195850651635 7919
-0.2834705558354523 -0.1241134076136949 7920
2.123311029891685 -0.1420203207633642 7921
-0.80612988733074 -4.53987178804908 7922
0.1034269361711933 0.3063235015923343 7923
6.157043398441023 -1.387385196019643 7924
-2.944920344554221 -1.33692138666973 7925
-0.2576051121128745 0.1476447882044423 7926
0.7992556442274581 6.313275626122678 7927
1.463909974326159 -1.056588346626007 7928
-0.2973372557497055 0.5460978565581764 7929
1.802596924020268 -4.797541472719016 7930
-0.02356738524872313 0.2571009453387321 7931
-1.376270522785291 0.5350444152660849 7932
-0.7226679329672272 -0.1413738077604081 7933
0.8835329069091552 -0.1857820150156352 7934
-0.1838632352973049 -0.2812405617345809 7935
-2.50687368472735 0.4478845601028159 7936
4.032438444955623 -0.7714273692671549 7937
-0.6567879767999225 -6.621367607526711 7938
0.2355590816980929 -0.499625215003113 7939
-0.117617449274584 -0.1291210101142193 7940
4.259790785532749 -6.655969105461101 7941
-0.393700793446 0.2770269093041273 7942
-0.4072467907500743 -1.688733790351524 7943
-0.2439951511238375 0.8718690132218244 7944
-1.646735152592342 -1.43198279616063 7945
-0.1379553155436457 -0.1303977192100863 7946
0.2918998486362842 -0.3720529499845249 7947
0.2900508155012054 0.04622374732532948 7948
4.566605904197679 -5.797945058290527 7949
-2.164968578887932 -1.898843808308649 7950
5.254303222041119 3.972732758142067 7951
0.09940411599029393 0.5522258491629782 7952
-2.306225049171525 0.8197705233847149 7953
-0.403608586476228 0.07740611417417058 7954
-0.4071680457908556 0.09619019530998431 7955
-2.116259342100843 -5.328561571458097 7956
-0.7749707367353778 0.7948669102170663 7957
-1.930082446537579 2.822666301163756 7958
-0.9314380844974175 -1.69530986310174 7959
-0.02703927879696551 -1.273515348101384 7960
7.426896982660954 -0.5222592277467281 7961
-0.3228358080941858 -0.1280629752407059 7962
0.01626347654807931 -0.0948710726794343 7963
2.874142045584389 0.9301158852257936 7964
-3.238611733265777 6.57355412329124 7965
-0.1401536034409512 -1.178287385100315 7966
0.3756597503255695 0.8364475362968703 7967
-3.489432584342089 -3.034536779301538 7968
0.02240711103360587 0.07428879317852145 7969
-0.102421645392912 0.2653357556591525 7970
-0.6779878501002161 0.08607059762571434 7971
1.472789022489828 -2.056596091177783 7972
0.5279683115634671 -0.6793109634277642 7973
0.7934949171695577 2.199710616689994 7974
-0.1975357096254211 -0.1048261720699483 7975
0.7261266325353063 0.02291508635958856 7976
3.351404878118576 1.42406168369919 7977
0.3181093785303742 -0.07018330921442528 7978
4.936046146504388 -5.29948150056021 7979
-3.06045590668209 1.043535738818315 7980
1.62631290404725 6.713960597095381 7981
-3.044005957822228 -1.995982453517976 7982
-0.82871993230682 0.1313322393846601 7983
2.941117855771532 -2.950413512136626 7984
-1.587689995815116 1.009123101340263 7985
-0.2443869521857524 -0.1535537909004683 7986
-1.743276702662128 -5.636711684003441 7987
3.421839676867387 6.509161934916458 7988
2.762597588646843 6.107611787571708 7989
-0.8412145372252835 -0.3155508828178603 7990
0.9603801519996429 -0.2449916608212119 7991
-4.638873143202295 3.844170542111639 7992
2.911564495802728 -3.934747208171317 7993
0.3729833383924966 -0.06603940877757164 7994
0.0109457607679777 -0.2439261231273931 7995
0.4887037433150139 0.1359220365070937 7996
0.6976456300254675 -0.6563509398345378 7997
0.4249359406166183 -0.2284758384004583 7998
0.006340386878918284 -0.1204440414946271 7999
-0.0140017357814599 0.7497584278184432 8000
-0.8960034570328002 -0.9790283966865811 8001
0.686624094619337 -2.852212646509472 8002
1.621734721003707 1.665538992699684 8003
2.765393731287664 -1.085110093929343 8004
-0.6373756986212351 0.7549269577538095 8005
3.392489066663247 2.361114550104742 8006
-1.343812936174448 -0.4651457715993145 8007
0.5424234799058767 -0.09757139520414518 8008
-0.4420726983124173 -0.4717246248678114 8009
0.379085415306821 0.03636996038114615 8010
1.013389288565942 1.783584118896473 8011
-1.277966990930187 -7.518361123001082 8012
6.915472114197964 -2.826485541828824 8013
3.76769066012646 -2.196401912337854 8014
0.8779364482093943 -0.07177161706153413 8015
6.799394147866291 2.131062287534357 8016
5.576374683962908 0.6660764474393264 8017
-0.8766584322518085 0.38549592162228 8018
0.1536617367305562 -0.204681343973067 8019
-1.152952877802964 -3.765874209877785 8020
0.5259403769843727 -0.06489970544236409 8021
-2.119658990311018 -0.1536737107742049 8022
3.886005699344242 4.925160285666266 8023
-0.4085820587629228 -0.1141684026292367 8024
-0.06957905303061748 0.08036225710389436 8025
0.7322324807278093 -4.915350373008381 8026
-0.2281266035407523 -0.333700998686628 8027
-0.25236320420741 -0.8343879099563314 8028
0.4025250860871719 -1.443136267399689 8029
0.5258553643170305 0.4523365521307268 8030
4.538032229987421 -2.666994318169797 8031
0.9052501290711108 0.4420328724466605 8032
5.78823517116335 -0.4320114369621214 8033
-3.698173218317142 -1.821205497197365 8034
-2.116077335763078 3.469429873833732 8035
7.460678575355701 3.626395983669136 8036
-0.7314981323475962 0.2207452877734267 8037
5.542342319761896 7.511132473711602 8038
-0.504099986744699 0.8704164710345352 8039
-0.6751174827066764 0.03514852632581128 8040
-0.3123970479676496 0.2233565245507054 8041
0.3663488750713392 -0.2536726958006926 8042
-0.1673279387677721 0.9278075125835077 8043
3.624243287994007 0.6166356285859415 8044
0.4853676201218344 -0.4603734144078445 8045
6.12065421564049 4.559589544878001 8046
-5.071717327925541 0.8534902941791908 8047
0.3191881413369447 0.04183273812507937 8048
1.057012250214271 0.4238456319611684 8049
0.7786754935847305 -1.318817999372461 8050
0.4531463394910511 1.648944409102356 8051
-0.2699114680796512 -0.09768291062082518 8052
0.3463528667149477 0.2081466093003972 8053
-0.5614546558233788 0.2435394724801743 8054
1.117016527603961 3.245807071628853 8055
-5.62097377888314 2.345917420953303 8056
0.6928296433431984 -0.05081618728563228 8057
-0.4015087637961903 -1.466855935000993 8058
-0.6707283363950757 0.4656980412100613 8059
-0.2643011330088736 -7.509503313972301 8060
2.602995608865868 3.471854923634619 8061
3.618512875959973 3.630930422434164 8062
-0.3548486255979363 0.1221671076545607 8063
-3.129073307377557 2.717370469278955 8064
4.332456292775107 6.486407614385377 8065
6.166818979206795 -3.314550920849145 8066
0.02013834328086622 0.1043132984823662 8067
0.30603528151537 -0.1709725792872389 8068
-0.03656361441114215 0.07846889026890626 8069
5.95660020579729 3.47909594749702 8070
0.06199856942971642 -0.6961429236909759 8071
-0.02269044929245676 -0.09427063987947271 8072
3.819115075214865 0.2147601940451204 8073
0.1420175194108314 0.9486957120759565 8074
-0.1646609826320307 0.1466295238518782 8075
-0.1992090329803868 0.1188657724016513 8076
0.2298739293253932 0.07774350120222752 8077
-0.08314195499182597 0.8861227674505865 8078
-1.775170543530804 -2.14567222606096 8079
0.7212022156378373 -1.170910493560932 8080
-0.1790561049181856 -4.828512580499321 8081
-0.3392551581140696 -0.47756583122227 8082
-0.9018724463522312 6.579025698970974 8083
0.001221069447713578 -0.2148830740160924 8084
2.947187705880863 -3.250431949985262 8085
5.696627837250895 -6.628449458659267 8086
-0.4230081240561979 0.1686987039344114 8087
0.5614548530659971 -1.566542509950425 8088
0.9235023163329146 0.02977355817630758 8089
0.5516800346441085 -0.04072981263030537 8090
1.399759132417586 -0.05188187161711164 8091
0.3214430314599124 0.1301064472997823 8092
5.103802588430922 -2.887176293681776 8093
-6.889981531388194 -3.020309570682741 8094
1.179252237820787 2.065789988795826 8095
0.1569478275988238 0.06081206510507134 8096
-0.2376464996198903 0.1191137701265556 8097
0.1940627844778484 0.0908655235590093 8098
0.1942379441949389 1.59866270004872 8099
0.1715143235143317 -0.1103024842821204 8100
-0.2519942489116881 1.305065933242877 8101
-0.1631692078114113 -0.1996578176030716 8102
0.06523902891924105 -0.1792099626020155 8103
3.809443299713718 7.457113141395762 8104
-3.543348300951279 -4.83941280314072 8105
0.2588314665462255 -0.1038808408324619 8106
0.247614599898131 5.15407017813399 8107
0.5309007403084433 0.7404570794450867 8108
-0.2848355507443266 0.1248662233548272 8109
-0.5773277665951854 -0.4028920658861324 8110
0.1099549295651178 -0.1180553092563841 8111
-1.730106034206314 -3.180422430502499 8112
0.258749187845811 -6.835996021505884 8113
0.7774473353756166 -1.584584382954379 8114
-0.309791148635816 -0.09257274575859538 8115
0.7654793334396227 1.006618859948394 8116
0.1696192043826423 1.770497706262679 8117
-0.2857381662637793 0.1768653208987706 8118
-4.51919583233072 0.383992548577399 8119
3.150554236026714 3.436451756500815 8120
1.252299257103675 -0.3368294790971301 8121
2.778269969164057 -2.457486331945588 8122
-7.457422689945638 0.5057744360619159 8123
-0.177836001406591 -0.1790313671237013 8124
3.770411134620782 -4.461038591154675 8125
1.552950230971045 -1.503730503032771 8126
0.8647906097595355 0.2141574796085272 8127
2.95553882133671 7.540594926171143 8128
-3.704103810906058 -3.776144605629854 8129
3.135170866752228 -0.8180751559697341 8130
2.3944424698897 5.498886401595899 8131
4.893040010824504 -6.169514543939702 8132
1.488106821152816 -2.629302421932095 8133
3.516238053384964 -3.179624257410577 8134
1.767069618561068 -1.197581946480327 8135
-0.3247892177024972 0.7442045232176514 8136
-2.421157231620962 -3.917554727512018 8137
-1.750187341909028 1.56570063656814 8138
-0.05687677549677784 -0.2334577660214638 8139
1.785710086853927 -0.02219757794740132 8140
1.882208206185606 -4.506198803901034 8141
-0.230727357195067 -1.712587453377685 8142
2.048252033094149 1.062020366221887 8143
0.5596173876242329 0.04437243899868374 8144
1.117352678861701 0.7182462461346004 8145
0.08267294297342094 -0.1156985629602039 8146
4.592889776035291 5.358689839774212 8147
0.1042259839592549 -0.3092202911538579 8148
-1.682712237980545 4.029484589635178 8149
-5.882514667783165 5.622621837452779 8150
0.153546968882026 1.241554125907316 8151
-0.5831139778084145 -0.04547970999724263 8152
-0.5240726573772873 -0.2158732410777709 8153
0.8114326911016733 0.07352453665112793 8154
0.3523749175992105 -0.161090400537177 8155
-0.5555950906294234 -0.3151815780664325 8156
-0.08775218314152061 -0.1751063363681607 8157
0.1657424530037026 -0.2884317185345767 8158
0.3831293007647247 0.1957085864479537 8159
-1.052243000244061 1.682086229515135 8160
-1.478936399844741 -4.270823219932306 8161
-0.484312583067267 -0.05877028292060664 8162
-0.3828791229345912 -0.2550264120683454 8163
-4.906453661191803 2.660414483903059 8164
1.197976629435421 0.31707707779539 8165
1.262744758732233 -1.895328937721449 8166
0.4944035613945771 -2.950713697668706 8167
0.77105962012686 -3.30433640211675 8168
-0.03076083277776905 0.1968857351460415 8169
1.011706032682352 -2.193670241599122 8170
1.363503925609373 1.926200831385901 8171
-0.4306739382308844 0.2752066278121337 8172
-0.9278151350629882 0.6682614393439307 8173
0.4213002249856306 2.656605450264848 8174
-0.1915757011469176 -0.3537985563980404 8175
-0.7460127238260237 0.5361227372963769 8176
-1.58098098425772 1.828327746190117 8177
-4.392768478283562 7.488654895130028 8178
-4.612463803894343 -0.2829217146479812 8179
-1.866353373316759 6.784848050758522 8180
-0.5759404942904525 0.1890469969599008 8181
1.259018051598567 -0.9611459293549789 8182
0.5348860331226606 -1.934186302423965 8183
-0.4866391358851188 -0.1101892841405745 8184
0.1362305893462225 -0.2568714877402471 8185
1.701307893786614 1.472145815026415 8186
-6.119853909383171 1.407551393612529 8187
0.8422722706230764 2.621020002659017 8188
0.4714520482327747 0.0484417721491535 8189
-7.401878764078271 2.028556691084028 8190
0.2304962628613403 -0.09694434944174486 8191
0.02367088839774793 -0.1560617763361446 8192
1.219315880633088 -0.1352421570823652 8193
0.6051167495514224 -0.5755799474568418 8194
-0.7235089849825241 -0.5698437496564412 8195
0.5248778150842561 -0.239225212135062 8196
0.3269710137467399 1.007529469195787 8197
0.6294991853161964 0.3921251656729511 8198
0.9589880586163657 1.119298939678637 8199
-0.01445594625817294 -1.588808072807873 8200
-5.484248145321745 3.875048230879915 8201
-1.113315242353785 3.706777811573004 8202
0.09831228292722949 0.06815085554923059 8203
-1.106477831883238 -2.419860552118112 8204
-0.09059033806027633 -2.139852115668799 8205
0.2020183427050268 -0.1013787095161905 8206
0.571080014590629 -0.1086597649562939 8207
-1.712139183579784 1.267450800203715 8208
-7.519213585728515 -4.579087791005104 8209
-4.692497913711078 -0.7454720211761825 8210
0.5324583304495401 0.2479581688914857 8211
0.5720798608365969 0.2690553454072838 8212
2.103966667726533 0.5314749515904214 8213
3.070658346119951 4.118430749370522 8214
5.733598810032519 1.027864562218856 8215
0.4592429228178717 -1.309280906626888 8216
5.758312737290348 -2.025077841342335 8217
-2.707052943725941 -0.5373319539243639 8218
5.454415965456059 2.112915121148984 8219
-0.6547937094943659 -1.284584986010522 8220
-5.348181499360183 -2.314011589652423 8221
4.685039453593912 2.372492438626348 8222
4.888482864535506 -0.9911791541312276 8223
-1.090148522872793 2.534521492935292 8224
-0.1235058392035493 -0.3485679580057523 8225
-0.3930173519219635 0.1100523917894162 8226
2.983215508427119 4.451861547804689 8227
-0.6497450828204769 1.965525019794725 8228
-0.342935167603239 -0.6348470669542128 8229
-0.1280755782857164 -0.09674772401772773 8230
1.68333388266884 0.1945647805765682 8231
0.633633964525588 0.2313846464875869 8232
0.7274362518396731 1.821710159412562 8233
0.2125812003938763 -1.093156975718567 8234
1.766687597699738 -0.484295392235973 8235
-0.7748361856211036 0.09753786290419625 8236
5.3433304502041 -1.330803287247558 8237
-0.1713612378581794 0.1086270983133692 8238
2.677224494228143 -3.387382581542783 8239
-1.011115522905895 2.768775569419572 8240
-6.806101699216399 -7.438828886548574 8241
-1.255057705765365 -0.5696435233411358 8242
7.58504616605254 -6.096284898451271 8243
0.5305772350912645 -0.1432408844357706 8244
-0.1267979341951108 2.19708937916658 8245
-0.5127498186038424 0.1978538649082604 8246
3.337413086162741 -2.27471907900536 8247
4.254849258123695 2.986689218736001 8248
0.5697859191330055 -0.2656340467093914 8249
-0.1439378701275668 -0.6637838065361261 8250
-0.6072662251527566 -0.9468859763464899 8251
-2.802875390188138 6.773495895907738 8252
0.8219746606269177 0.4364966681032315 8253
-0.1003700794391734 1.080862902175784 8254
-0.1256485745535599 1.892873963920544 8255
0.9902542668686439 -1.229998029115785 8256
-0.6154227369110746 1.181113882282935 8257
0.02806712300245502 -1.078906147560034 8258
-6.744826222487081 1.189176550838806 8259
-2.836845967951917 -0.06957913204293535 8260
-2.402019683646524 -2.270579656197729 8261
-1.32660119695623 1.541709853794405 8262
-1.156303285302755 -1.874336286465552 8263
0.3010487425206554 0.1179694998953366 8264
0.654960670037514 6.729113406499505 8265
-6.762968740755007 -0.1532151759272214 8266
0.402900192179903 0.05985728048435356 8267
1.663347427840796 -5.591830633114081 8268
6.751251883935083 5.267411499594777 8269
6.157992828584193 1.050301976464302 8270
2.254522784454593 -2.770011225868723 8271
-0.3164658872763596 0.3980594846180882 8272
0.6602590738030182 -0.1673075465485984 8273
-3.300739696862132 3.263768671154291 8274
-7.474432805159363 -5.370718484089146 8275
-2.786473607304804 1.055429630077193 8276
4.003339945976591 4.140166325393255 8277
-2.492474608545676 -6.8152690420143 8278
-0.08171705690330783 -0.1176785338614164 8279
-0.4221230020295805 3.233824058994509 8280
1.855324135965901 1.862956079685559 8281
0.1060531343632824 -4.222605185549287 8282
-0.3551221670267793 -0.3760598372304318 8283
0.6183085283249304 -4.56089505668377 8284
3.410709798200868 0.2682352960637561 8285
-2.444612041856531 3.62940860043049 8286
1.91737711942972 3.788122802012821 8287
0.7055393002240071 -0.4312574925518506 8288
0.893208462576812 -0.4248278671988316 8289
0.4150737527288136 -0.2640022821017134 8290
0.4793198526051037 -5.984779502131701 8291
3.705720179262895 -0.281992474390849 8292
-0.1226981315845219 -0.1968382911797835 8293
-2.637777790453306 0.885446527727885 8294
0.209794607172378 0.05716463217503184 8295
0.5343379817319993 0.0244683430422711 8296
1.723645875306607 -2.658042898069386 8297
0.4865580494118416 -0.07613856685856903 8298
-1.138190540013503 1.00036860786693 8299
0.4289035234480731 0.2323040691342297 8300
-0.619768755520728 -0.02244945629874743 8301
-0.2893504837052404 -0.2634647126541138 8302
-0.4743612725203529 0.1869542139376135 8303
0.590208358809666 -0.963926977111915 8304
1.866811214221438 -2.451915863394387 8305
3.804036000338415 1.5653615178911 8306
-5.372676712069579 -3.136955421185946 8307
1.972987535976591 -0.9010182098542252 8308
-0.4105677102843786 -0.4084466349760438 8309
1.382301097505272 -0.7542571781179022 8310
1.017997009519354 0.1040344358042398 8311
0.877072676437388 -0.004662009658018236 8312
0.291414381193398 0.1768854345415901 8313
0.1983028061246982 -0.1763692174327105 8314
5.61243724487171 -0.05549806480701142 8315
-1.652402958136085 2.552445318677978 8316
3.73915061050077 2.105347100754003 8317
1.277141445038826 0.4232037887174071 8318
4.384042289048206 -1.261526524450529 8319
3.012674142477406 -5.731714893303329 8320
-0.5275894500564541 0.579368842125731 8321
-0.7849980247937087 0.4556222520739736 8322
0.1593391749730824 0.07804066571132964 8323
0.2529991414244883 0.4033398744011028 8324
0.001305755853201125 0.1315468546036714 8325
-6.861819290541329 2.854831525813633 8326
-2.412205549233665 -2.534460055628424 8327
2.424455431734896 0.9440222357928398 8328
0.7761748219428435 -0.4534494661632731 8329
-1.63457464233979 -0.3780712895252017 8330
2.557944153636499 -0.3735292794521646 8331
0.3186249140327296 -0.08705600218450521 8332
0.2321172837604042 -0.3171926589142929 8333
0.04148985567535749 -0.2425208844346131 8334
3.211530538550007 1.879652408803453 8335
-0.7379788356847274 0.4065534981870329 8336
-1.382157211834781 7.553939108939219 8337
0.4086165150656067 0.02702809587580177 8338
2.065414327708954 -0.4504697796771731 8339
0.5861960310627788 -0.02009010993747322 8340
-0.4169265769102498 -0.07684035110787153 8341
-0.2608518052096196 0.08875346994700128 8342
-0.5684196094343463 5.960940567609454 8343
-0.2647924110483887 -0.1726090403657997 8344
1.56841837754903 -3.740206149374523 8345
6.627914042762312 -3.34356901720294 8346
0.05289806158715449 -0.3278424632505072 8347
-3.347233383763348 4.972515737755918 8348
-0.4542523674420214 -0.1337370178909563 8349
-0.04876836961129066 0.3014640510236328 8350
-0.1487495586061647 -0.2407460370797789 8351
0.7503437497602924 0.2263698804540938 8352
-1.192512912448282 -2.213234398763784 8353
-6.753461690234338 -1.128772518668741 8354
-3.006432815220821 7.53641185293246 8355
0.1369280451586092 -2.30116606105197 8356
-6.734918624852408 -1.628269020581108 8357
0.3135285708938802 -1.727415306424328 8358
-0.3414371842214284 0.2369238811453692 8359
0.3302331697981338 0.2813657437853354 8360
-0.3272987256370571 -0.1761234332631854 8361
-2.978195926320125 3.161801719276096 8362
0.1059552511807215 -0.1988300506037193 8363
6.791317233976129 1.423913699168904 8364
0.3877341280024321 -5.072027581213376 8365
-7.486279617284694 -2.437756387667176 8366
-6.741402762927667 -5.374974101213795 8367
0.1792289924211832 -0.3514941031423345 8368
1.226475799498908 -0.04591694306027727 8369
-0.3728705930052766 -0.1628835426493659 8370
-0.4557409469435904 0.07009025838337608 8371
-2.164438979813898 4.089636050837285 8372
-2.560840544973205 2.15387354121879 8373
0.9380383962242788 -0.1814051669255744 8374
-0.2539940442678708 0.2510973104719819 8375
-2.230250827626326 -2.684684006720035 8376
-0.5625340021179991 -0.2260146429265714 8377
-0.1506047992125433 4.122980620471465 8378
-7.534661624950558 1.226141196877668 8379
3.167474993645889 -5.134876512373675 8380
-0.03702711160533877 1.248979736971091 8381
-5.716216734749408 -6.210321638994412 8382
1.524858674595844 5.12036154948867 8383
0.8101498569972613 -0.6537894426504164 8384
0.08822756181423427 -0.08920856769690677 8385
0.5112970849080821 -0.03965146640083972 8386
-0.5343008507514518 -0.5198049407019056 8387
-1.302632156917926 -1.423653532778351 8388
0.1453138522494211 0.1393491147503159 8389
0.0949838070904013 -3.277382155875686 8390
0.3074346655808496 -1.071930889422649 8391
2.572306351606869 -2.124763340653859 8392
0.4241475727804982 0.05716408191056235 8393
1.426607251831896 3.548562053920667 8394
0.5920954803821434 -0.4540614424528218 8395
-0.2539555629450684 -0.1321197607666282 8396
0.1743251380492729 0.6689167187155115 8397
0.1753867120286099 0.2083027123800477 8398
0.255939220741011 7.575922020068867 8399
-0.2217935847561518 -0.1199951376982705 8400
-0.05006111648871363 0.1225875031338514 8401
-0.5540299219845353 -0.03379523897327219 8402
-1.971950144603869 -6.088680366191871 8403
-0.5689400610790597 0.0976144670419944 8404
-3.704495263028467 2.441204292367892 8405
-0.1280941582163916 0.129940561036552 8406
0.09798692902652459 2.771197139129996 8407
-1.108957336215681 0.03370838463445808 8408
-1.21383708769606 0.04596418688199852 8409
0.2044065144334287 0.8034478459278391 8410
-0.391404096005479 -0.1273197183585372 8411
1.60879002548536 0.8510666196416745 8412
1.57751140904981 -0.05488867647152382 8413
0.3492813629614416 -0.1235467401292849 8414
0.05250757224090959 0.09358414240805503 8415
1.64816828209803 2.167494853600915 8416
-6.942684182264783 -4.54301390145759 8417
7.548203520309293 6.729526037259833 8418
-0.1887106418577502 2.93946276196909 8419
-0.3957676227559562 -1.273631833773803 8420
6.116949763181509 -4.027614395168444 8421
5.304107857601139 4.822754090502267 8422
0.101219642834953 -2.98034928801427 8423
2.494327314777984 -0.7401529850630866 8424
0.4893911780850082 0.05493797729166264 8425
-0.3431763788212383 1.758090779679387 8426
0.1758168781144645 0.4320418855577289 8427
-1.617346861520306 0.6770043247442725 8428
1.215781991883243 6.210321495048161 8429
-4.924876914871627 -1.9027320299697 8430
0.4778122078677429 -0.1467985912121807 8431
1.284113158497399 -6.853453812121003 8432
1.236868184349619 -5.955967812058203 8433
2.772260107806179 -4.605056807924162 8434
-0.3614138130485037 -0.5310792915983426 8435
0.07454528146932149 0.138087600879702 8436
1.48613277163212 -4.177040726224606 8437
0.4021168320879426 -0.8420842557633437 8438
-0.5824245589797562 7.49221705176927 8439
0.4941074532491189 0.07501067044331339 8440
2.356908713882807 2.767765318519142 8441
7.580144915509491 0.7800658066854615 8442
6.698962090367438 -0.02880846087647856 8443
-0.7263344504397956 1.021345558242465 8444
0.08955308550911553 0.1726514832205785 8445
-0.6969321305658996 0.1698930641369092 8446
-0.6396920831146696 0.2399975662763515 8447
-0.411472256944428 -2.868278885295406 8448
3.763447404995196 3.324950156022521 8449
0.3959428147563659 -0.1801762405191062 8450
-0.1945794635973539 0.4279599539729437 8451
1.986770605977269 4.316381559028376 8452
-0.7138704793871458 -5.35926055202786 8453
-0.8574874604542735 -1.16829235490552 8454
-0.7784379504903012 0.02830464053997765 8455
-1.151501333222514 -0.861865975806422 8456
2.406392835190835 0.5702872807729342 8457
-3.346684285393934 3.811579713164234 8458
-0.4094819689452716 1.004119264738226 8459
0.7772803272827393 0.3133169278121978 8460
0.5927552242769123 -1.182370014440681 8461
0.3857022605456946 -0.4661661420840517 8462
1.242261870318435 -4.666666635803235 8463
-0.9401930294447914 -0.1555500232507108 8464
-0.6179097176375242 -1.549182436735039 8465
0.6061475654332842 -0.1413628088265496 8466
0.5127123178283387 0.04418333916208601 8467
-0.1991376688681404 0.1748546211291371 8468
6.710005166518635 3.925869564458606 8469
-0.3374412722543933 0.2762995275412017 8470
-0.66473013580721 -0.3493197972713927 8471
2.039903795398453 -1.422419229125621 8472
-1.631814787285783 3.008064499237299 8473
-0.5620806122833193 0.3507472194926848 8474
6.848012783658003 6.276418308801436 8475
-0.7106297120901474 2.223174377101912 8476
0.5078931413137461 2.024117966728378 8477
1.799556858995942 -7.567556493475693 8478
-1.088438927253718 -2.045720502353342 8479
5.943768014640328 2.474612663040656 8480
1.487212051265848 -0.8188236246207782 8481
0.04791309525202023 3.254566978352973 8482
-2.123588722215509 1.54111187682794 8483
5.539659979609496 -7.514148224832163 8484
6.767438200928776 -6.351670288204962 8485
0.2315626055447333 0.1473687529898251 8486
-6.13143290141616 -6.621284444040479 8487
-0.772887340316559 -0.3581586517847659 8488
-6.131537591757992 -4.451782899500649 8489
1.108587550428421 -0.3230991550290733 8490
0.560801542228461 0.07788211179524948 8491
2.046993029943016 0.7106618983055161 8492
-6.802928467459715 0.425964623639665 8493
0.8959105405469607 -5.546952365319518 8494
-0.1204912556008355 -0.2795031721451354 8495
-0.2556363101044804 -0.2261515122942862 8496
7.510588591573244 -3.56723914687323 8497
0.4452562878442771 -0.3446385403833706 8498
-1.012595950686792 -0.2785940711182289 8499
-3.77195617217054 -5.176225329663569 8500
-3.23074322687001 5.920863381303258 8501
0.4017335120891717 0.09174956949696277 8502
0.5177753368405902 2.834679988873011 8503
2.260024703698074 -2.293056541676847 8504
1.24292255177295 0.2279540767460665 8505
0.093760826328009 0.3398550758501656 8506
-1.908921374352932 1.03283432488234 8507
-0.1051033070856213 0.6025467567761615 8508
7.529348573688988 -1.326578914304847 8509
-1.197109011464572 -0.3262766451649083 8510
-1.875465687829492 0.6791465217057291 8511
-0.1967071236876662 -0.7646039830881304 8512
1.389848069938201 1.410501966137089 8513
0.6285799676326188 -0.3254317101064682 8514
-0.220740764796314 5.66189776767912 8515
0.2217150354648338 2.31966338019822 8516
1.862884207511701 -0.6501156059855621 8517
3.235744378505296 3.134954618002737 8518
1.352344447493964 0.6570351805343265 8519
-4.500478373522919 3.084948998596451 8520
-0.3319074354407743 0.6140370234461925 8521
-1.597493783069448 -0.6896316691432673 8522
4.864186324124956 2.093382304050531 8523
0.9019067395466449 0.09040946719630918 8524
-0.5738373215128989 2.846315452582561 8525
-0.1424055370438817 0.1877079798070125 8526
-0.3550064898774067 -1.09221015447558 8527
-0.7940280080817171 -0.6808158295895053 8528
-0.0615162472475686 -0.3917723769306737 8529
-0.01698306541459683 1.038587920738616 8530
5.493501508452256 -2.304411881560518 8531
7.517648344121966 1.509096537237078 8532
-2.961302395559561 -7.539353563607521 8533
0.2471356141575901 1.175479011619032 8534
-0.2671736389253895 1.049653690614567 8535
1.335486777643454 -2.841298615463151 8536
-4.287485954456577 -2.199025460599141 8537
-0.7417316507542928 0.3440576155291958 8538
-3.133985470370471 -6.608237058922218 8539
6.834209538132205 7.537004051792856 8540
2.904611153642238 7.053316685837328 8541
-1.297594018933826 3.217231500352575 8542
0.1059534352602572 0.1269241577877101 8543
1.06245725657286 4.317921542800304 8544
1.040368368165507 -3.850202121649802 8545
-7.507715430136439 -3.774499739854877 8546
0.3152724571114545 -0.1378336849628481 8547
1.882877648775234 -2.028000579439626 8548
0.05699527003670807 -6.38053638965361 8549
3.586175770807023 4.630936420165765 8550
3.870090545546923 -3.594908594139254 8551
0.1720872430612464 0.1079143604639442 8552
0.3660713994548852 -0.09370603783348858 8553
4.789693132704182 -7.510237411819464 8554
0.3040885028346654 0.09444004561535743 8555
0.0611681542404726 0.8942345898884154 8556
0.2914799923489866 -0.09295390984431601 8557
3.996333181130277 -6.24636637064504 8558
-0.03361534354234951 0.1034063319056298 8559
0.2760356241008691 0.3029292283365534 8560
-4.090028987261222 1.10700051175319 8561
0.4515656711830275 -0.05201790292977003 8562
0.3538415670823549 -1.232799292875721 8563
5.843509074229165 -1.656669392503825 8564
-6.754315559390882 -3.834622464121808 8565
0.1310075766637672 -0.6555592821155805 8566
-1.38412146144402 -0.9341817415982228 8567
-2.987788933666744 0.5895049563146473 8568
-0.3395929125823215 0.1541746434403076 8569
-0.6530566697920822 -2.206002606688021 8570
-0.4705262006148643 -0.09045937603909193 8571
3.739383812283904 6.957621264091561 8572
0.4242209637086144 -2.217256858797941 8573
1.61104091699697 -3.272854929300428 8574
-0.3754656672107944 0.4050962689185262 8575
-0.06097025231980499 0.1600806132351046 8576
-4.457396184699208 6.464011348359033 8577
-1.436772912380312 7.065463366766476 8578
-2.748985467843216 1.422304482235506 8579
-0.2173337171681842 0.1352821954149083 8580
0.1529599031801892 -0.3824963171941301 8581
3.209651299878366 4.6871634249376 8582
-0.3022073879076347 -0.7066848492250265 8583
-0.006684405241114239 0.09502944138298772 8584
4.33096632874443 1.402515847644524 8585
1.873510459646506 0.721943709300648 8586
-1.930931515984099 -2.398759577331566 8587
-0.4935986036155952 0.360070408970161 8588
2.284457784319463 -0.2149704237008474 8589
-0.4853783232243648 0.05704337142614233 8590
2.071900516641872 7.52703043369971 8591
-1.245869622718087 -7.049748989538406 8592
0.6878393038715238 -0.2314904417905017 8593
-3.74429756324631 2.132174087621276 8594
-0.06887709445581698 0.1063897467411691 8595
5.244134106939868 -0.6577929329577894 8596
-0.6500934307180652 0.567031633873224 8597
0.9999387998901272 -1.509699245786808 8598
-0.1284699186284204 -0.7922639831354104 8599
-0.671933029241937 1.50256171319687 8600
2.490142963347718 -1.360316396100855 8601
1.831094067270287 0.4635243397427292 8602
0.348649132981707 0.03894787450904815 8603
-0.5787398308012659 -3.889977915588832 8604
0.3660343763169771 0.06839323741742126 8605
0.6114393688155764 -0.04795314991321202 8606
-0.646128154700224 1.703149288050973 8607
-5.225518309189376 6.421540874650326 8608
2.281040688271832 1.747742382593825 8609
6.186461032876704 6.746584022300096 8610
-2.016763964023888 1.324505967596747 8611
-0.440300277359587 -0.09887866059393699 8612
-0.5675749955631334 -1.134749260727321 8613
-7.501719760359782 -3.2667915425662 8614
-1.07991178246712 0.3679823758805909 8615
-1.096991906173184 -0.143097993281714 8616
1.635906877911119 0.3153715377421821 8617
0.3457781482146742 -0.06801908705606485 8618
-1.738027499546454 3.234130517897138 8619
-0.1438204193722228 -0.1536331272335048 8620
-0.3734552911092344 0.08191420207227962 8621
0.06461835816087916 -0.0913254047128062 8622
-2.40316306446753 -1.341928415184502 8623
-0.1203697112227466 0.2385323169939883 8624
0.8480464660541069 7.576608658233079 8625
0.3654811812117698 -0.3675620971713824 8626
-0.2894611298447579 0.2596205961938441 8627
-0.1759881440414908 1.021204018004243 8628
-4.075115765714769 0.4495817251369625 8629
-7.582982214036045 -6.127611968574707 8630
0.5452870767779714 0.01055726735242523 8631
-3.124847426467748 -0.8324760506785339 8632
5.010209500381865 -1.301762125632735 8633
-0.5300801271080484 0.06215576761254335 8634
-0.6906744613654429 -0.4577214372205388 8635
0.5397582233107834 -0.485608190348514 8636
0.1324555192379909 -0.1653742136732274 8637
-0.3900101446209243 1.167420470748818 8638
6.734664932246638 0.6654740278739281 8639
-0.09761545626619599 0.1022351095238544 8640
-0.2259517809456772 -0.189778986984168 8641
-0.4396649114725881 0.2042534913061441 8642
-0.2374823832133402 0.1634245925402639 8643
2.874413829081128 3.61155717834858 8644
-0.2311720817844025 -0.2394251781583288 8645
0.3393460249956357 0.09535053259210252 8646
-1.670348347815329 -1.058118934197579 8647
-0.164243965411862 -0.3019149494811664 8648
-0.007949737520610933 -0.09160721191627011 8649
-0.2633447640359645 0.106705851455075 8650
-2.563433387226629 -5.483272396596721 8651
-0.0672611052884525 -0.4961773678907327 8652
-0.8171262895488736 -2.629710852857814 8653
-3.009959487914504 -5.40009190562222 8654
-2.924510525105089 4.993700407324185 8655
-4.634662334448252 5.242929966498798 8656
-4.418895067796107 -4.141396055694153 8657
0.06767191603441421 -1.715806223159253 8658
-0.03358734269483149 0.1568351487939784 8659
-0.3748383636289242 0.1607585171497856 8660
0.1025098164928684 -1.40929300631971 8661
-0.1442315974564742 0.08408948393448692 8662
-5.003407900633407 -6.0325250797171 8663
0.719713628271204 4.808242317946924 8664
-0.01819150613836104 0.562454586765027 8665
-0.291437676238235 -0.9566347616507741 8666
0.4172433260785711 0.3129024115784199 8667
4.635590247865105 7.543600949855859 8668
-2.740864056803821 3.583330104530925 8669
2.815902646570824 2.155911783528782 8670
2.647879163136647 -1.703069848181742 8671
-4.852263485421838 -4.128856191831839 8672
6.082341343312745 1.761022973286343 8673
-1.069419159588629 -3.487309822708761 8674
0.9193435068789709 -0.7163017507349047 8675
0.2916990209144714 -0.9337896920937291 8676
-0.5841756264540054 0.1302616564121664 8677
4.690331719890339 0.2722035513763601 8678
-5.957258766538166 -5.214681790620387 8679
0.03519907750001953 0.1178963740024436 8680
-0.780565746522613 -1.955245639372772 8681
-0.05466849559381888 1.647777839643838 8682
0.2415942240304262 -0.1616190428831278 8683
-0.3248653134095441 0.08302267848882053 8684
2.50910213772068 3.9826295040619 8685
-4.218301003707923 2.612316987102593 8686
-2.336909312570121 -6.11429619928866 8687
1.068526503754151 2.502141750266586 8688
1.374468542840791 -0.1778087590597368 8689
-0.5226670748819593 0.1420691967705726 8690
0.3573464830421711 -0.7344152472247154 8691
0.06466766686863476 1.092045973075299 8692
0.134973864615518 0.1865135248927262 8693
0.2476368605657511 -0.6920300139083798 8694
0.3004752493972984 0.9271114619162106 8695
-6.916854031875815 1.851394379065448 8696
-0.4724613563278554 -1.190604690596901 8697
0.4958402840721615 -0.740787667372948 8698
0.1820726503099762 0.1313803040915608 8699
-5.730733989119992 1.924968496651092 8700
-0.3080984302241177 -0.158368144962486 8701
0.5842670062669093 -0.06737281615653345 8702
-1.000435960609836 -0.6251328454626988 8703
0.5156577247596481 -0.3108452572702939 8704
-0.2969596232429291 -0.324963873548785 8705
-0.3173550874387716 -0.4008699535873986 8706
4.235472869318439 5.547495428104886 8707
-0.1065638580463477 -0.3223744705158565 8708
0.5500990512337675 -2.089573287276202 8709
-0.5728578260402726 -3.258102640191323 8710
1.177295148192466 0.8227920118293157 8711
-5.574256127325146 -4.303011329518884 8712
-0.514397789299471 0.1043537275815814 8713
-1.740946411989688 1.920758886574673 8714
6.359255952202931 0.6713942293757761 8715
-4.326556736226747 1.589054067757614 8716
-0.930711385368106 1.040118576697419 8717
-4.020431650758096 -3.52242631460142 8718
-3.104704816527053 -0.5472072458088886 8719
0.8718637195834403 1.534075816671523 8720
-0.8340188769282466 1.548702225874327 8721
-0.6364303769134195 0.02013921732153648 8722
0.9411093202743506 -0.3689359731322244 8723
-7.564192961904128 2.451211235860665 8724
0.1304768406010366 -0.9795204113148392 8725
5.827372406581044 -5.713008944969305 8726
-0.2872233141134393 0.647553805977093 8727
0.2334007184642079 -0.261884591050618 8728
1.087959671555311 0.163434794087866 8729
1.169288317347268 0.1455301494697842 8730
-0.8789908526371893 1.403040642534267 8731
0.5553360189446017 -3.988122094179764 8732
5.736109085444252 6.11081703725722 8733
-0.6905192909106331 0.3086826833609982 8734
-1.971685394718773 -0.9945090672871191 8735
-0.4550823226945295 0.1483244659721703 8736
3.223017343727484 1.171393382409819 8737
-0.7488009596221681 0.8752141477810359 8738
0.858660766407328 0.6105833377797283 8739
-0.4537008763439774 -1.859729126013234 8740
-0.6585781669439776 -0.2356487447370844 8741
6.325928635865051 -0.9373706469910872 8742
0.01321382425103992 0.6159240687854926 8743
-3.914105227274661 -7.511914932942912 8744
0.6834195045708827 0.1762471377559501 8745
-0.2777274393540157 0.1427262450796285 8746
0.3101495258774959 -0.1198729457955004 8747
4.364831462659811 2.336502627455785 8748
0.1064420414345136 0.7088844848806882 8749
-0.3100699748915494 0.08392520700869546 8750
-0.2476010403183211 -0.1170611138218394 8751
-0.7133018435363779 0.003150202314765082 8752
-1.357270753695009 0.2028391752002305 8753
-1.778065800126971 -2.933290283231133 8754
-5.877285918548439 -5.777968455426593 8755
0.9471042575500963 0.7290912126645055 8756
0.1442207501222952 -0.1037949372166009 8757
1.022563614521539 -3.183439465606801 8758
0.2192830569368494 -0.4176405892744776 8759
0.06712824074037613 1.193222557721318 8760
0.7520917544087875 0.1327384847454027 8761
2.135371823993372 -0.8598215822437911 8762
0.03802337432984668 0.2483093031346962 8763
-0.991676838892811 0.7069156650944084 8764
-3.238820855541868 -5.782189299343156 8765
-0.4342852496425207 0.4146384856459524 8766
-0.1347718039739792 -1.612560130249626 8767
4.155938452162355 1.88868221667788 8768
0.1708125958996726 1.344210741805282 8769
-0.4720147355088171 1.320087483707624 8770
-0.2073304083239901 0.3362394059379999 8771
0.214171386736011 0.2354329960904408 8772
0.983213830297893 0.3046487156326559 8773
-6.913887997341573 5.762303577271569 8774
-5.945852930965918 -3.075149237594968 8775
-1.064703857544917 1.549140407027811 8776
-0.3828863309639008 -2.126139833588192 8777
1.33199490875059 0.8075512832843549 8778
1.864206786423839 5.984645273838495 8779
0.07961265818366831 -0.212502952703505 8780
-0.8275243354574493 2.346206713168087 8781
2.456259338537785 -0.0001245367267581135 8782
4.916054509193096 -2.257695863653628 8783
3.453532295142234 -5.819060872811731 8784
0.2026285876352966 -0.8316872947663109 8785
-2.041722523477436 2.479330790268767 8786
0.2878301804362617 -0.7520207216295718 8787
-0.2056620459181946 0.103827076151456 8788
1.584139698671893 -6.38237856587436 8789
-0.07009336685029521 -5.522839593373751 8790
-6.779577754385646 -7.011399247463995 8791
-3.874703475738694 3.380036506619691 8792
0.6973629223653497 -0.1522070185322351 8793
-0.9570329273890211 0.1180550638091121 8794
0.1129297539491621 0.08947842537791204 8795
0.1288406766807658 0.06421220177991709 8796
-0.9479689249210652 1.212062874035492 8797
-0.2310989484839516 0.1039714304807418 8798
0.6154804269476425 -0.2355940386638792 8799
4.338017448656435 -3.456781795130955 8800
-0.0564561872620012 -0.09546371595943866 8801
2.362273422268435 -4.999317425194095 8802
-0.6239430677009615 0.8841937832641247 8803
0.6804366840222906 -0.2698975537989056 8804
0.6721193642078888 0.3003746308339829 8805
0.09147549810663574 -0.281649311512345 8806
-1.043234340201805 0.8491890189751838 8807
0.4145936154136245 0.1947698415269327 8808
0.8685878264382422 -0.5446633883185686 8809
-3.989646307509479 4.353055060777656 8810
-1.387677301975042 -2.171762493021181 8811
-1.0374537023224 -1.420548631905995 8812
-5.89861735052141 6.871594857941787 8813
-2.884023109790868 -2.492076547806383 8814
1.483274472565183 7.553374839637164 8815
0.2446785571643616 -0.07413012936738206 8816
-5.124322236719893 4.139139704612267 8817
0.7931533790244663 -0.2334357041297409 8818
0.7059606668027515 1.092677687572316 8819
0.006877203927693193 0.07273329765245376 8820
6.860710555600139 4.42991123657011 8821
-0.2677436042067488 -3.01211976154408 8822
-0.02640308274445501 -0.5218080029464378 8823
0.2386506289602806 1.077873950140728 8824
4.869385359991006 6.152792441230209 8825
-0.4497524739636414 2.193344866807894 8826
-0.1439316623068642 0.5035031147372786 8827
4.110246971213821 -0.3846440078160113 8828
-0.2940279611799677 -0.09156290389585803 8829
-0.3121315885705939 0.1489169833759055 8830
0.9356318686026817 0.1890296949153865 8831
-0.1615486859669998 6.416247831914016 8832
-7.535048165969235 4.346449689718304 8833
-1.647624937194002 2.169066358468602 8834
0.2777474970235047 -0.1377248837426584 8835
-0.4373735541424053 0.09284734423763691 8836
-0.636535170109314 0.100096095688434 8837
-0.03666072801018488 -0.1180923163092017 8838
6.018587422656527 -7.595503279307218 8839
-5.585515839940755 -3.828513353906964 8840
-1.064999296270857 -1.643445599346779 8841
-0.7645558253865841 -0.4276784205533745 8842
-0.5055427448804772 -0.5667089194873789 8843
-3.3656328838625 2.5157763058285 8844
2.752323138916838 -2.828177985478013 8845
-0.2405884273338558 -0.6017697770144507 8846
-0.3430412087998391 -0.09036361089215664 8847
0.5577777448389561 1.25017586251931 8848
1.569896476297813 0.6938535364496301 8849
-0.815534294064583 1.203874402250584 8850
-3.379892220884769 1.873390964785759 8851
-0.7894026068051871 0.5777958281561965 8852
2.030377151659302 0.1351002937096782 8853
0.0682033716259126 -0.8213531292234684 8854
0.4976593654411092 -0.1141230216265571 8855
0.1466628173271047 0.08829199078177527 8856
-0.5000706798969323 -0.4659421787610947 8857
4.225079860178509 0.1076773709219705 8858
-3.523930429818088 4.298520582440661 8859
2.935250063366939 -0.4062655477889793 8860
-0.8942642230569038 0.2406457031339859 8861
0.4395893091101117 2.316689100991242 8862
0.3462682739037463 1.207339315521457 8863
-0.4742742730119167 0.237244042538134 8864
0.06715869505535264 2.065476255904303 8865
0.06767678685660071 0.06846597373324977 8866
0.2604913616689584 3.094884838757412 8867
0.3205258223249019 0.05881881637282069 8868
-0.4513246411307923 0.3018899842818984 8869
-4.527917722774523 -5.469826611328365 8870
1.055321477063396 -1.675200817397311 8871
-0.08660746376604736 -0.7489164493298246 8872
1.082708205997422 0.5123917556845438 8873
-6.784874052695717 4.165855048039711 8874
-7.615824447569042 -1.361973125826095 8875
-4.961005009816533 4.605350559266024 8876
0.09316036515292372 -2.56739629844397 8877
-0.4850962743256945 -0.1637820326980988 8878
1.043696559908682 -5.195218373311815 8879
0.7083335058286805 -4.289789987967358 8880
4.591314350770476 4.922544082101514 8881
0.01321119212962797 0.5224680066985289 8882
-0.06962738785190986 -0.2865089560502873 8883
-3.987540860615821 4.83165797367945 8884
-2.689051480617409 -1.237602644710216 8885
-6.02850890199451 -7.551657723298638 8886
0.9062277248848525 0.9197286101705883 8887
0.5111765598787126 0.004449707840286055 8888
-0.05554049923784733 0.1978282487169176 8889
-0.3943874328733677 -0.1514555212952599 8890
-0.6745295363628505 1.367716331334725 8891
3.531429142266062 0.8411723851765811 8892
2.451877075887992 -3.005488761590609 8893
-3.210185836948796 -1.778507799011948 8894
0.8344570289957396 -6.284355643205122 8895
-2.044394180854192 0.1672339097624243 8896
-0.1133285378637968 -0.1560347432706486 8897
-0.08365659550363024 0.07943062649418269 8898
-6.897752803017999 3.645069108565263 8899
-0.5143334490598042 0.222782509358326 8900
-0.116317429865243 0.08113263664128134 8901
-0.4353471578963367 -0.1422845398127972 8902
-0.2804537352544274 -0.191677389822653 8903
-0.5944734899888637 0.07107600004900072 8904
0.1656672019003114 0.3122500797329204 8905
3.532962988694111 3.045699190891112 8906
-0.188277586330644 0.08422956215470159 8907
4.235648782012346 4.730584412508755 8908
-0.07645069743975501 -0.1561503509012704 8909
1.119085952234748 -0.562809314720068 8910
-4.29335245817427 3.704408522786491 8911
-5.010062127913065 -0.9371795769462141 8912
0.1357087676829836 0.2920953456210632 8913
0.1564289824871112 -0.08123944942388585 8914
0.4672175934811954 0.01886258717476964 8915
0.003794985500499753 0.1959656448178068 8916
-2.170328529378766 0.6810002055212052 8917
-0.1983182231213172 -1.048571197581208 8918
0.7284688454200918 -0.03830143005832159 8919
4.739326724847615 -0.344996641849673 8920
0.2656727199919395 -0.2995149104771846 8921
-0.2936665188236661 -1.491575163466229 8922
0.4764116965069239 -0.2319484099181864 8923
-6.028106748295736 -1.007451398964068 8924
0.1502942419479847 -0.1764928441137222 8925
3.589777414254273 -2.687709779801405 8926
-0.08935529954600267 0.3337044907408369 8927
5.610155636983397 -3.98795485676053 8928
-0.5919669685746268 -0.1876935987780159 8929
-2.22887691760612 2.329266280922531 8930
0.3400630127780715 -0.1414809694438562 8931
0.4694544933185624 -0.2821983815156865 8932
0.4994578608729853 -3.156930368272556 8933
-1.376364912236223 -1.672504169619496 8934
0.6628718196348878 -0.7093484357299247 8935
1.067864218586017 1.051664761525451 8936
-1.320969961225695 -5.713880320346751 8937
0.2941729578273061 0.06286136895399608 8938
-0.02324637098353425 0.07483774294390769 8939
0.6096905278872505 -0.01119852159553178 8940
-1.907662836587881 -7.623258586484913 8941
1.532564388207575 -0.9320660363814939 8942
0.5910858895541161 -0.09139408012526966 8943
0.8796814819874432 0.2932839304777657 8944
1.213741382065096 -0.4480860712419293 8945
0.3077957899385053 -0.4512089063622215 8946
7.533918538105079 -6.868483189718168 8947
-2.460455257444849 -4.316038545864751 8948
-0.2789074165910744 0.08549392082558428 8949
-1.821681868871068 0.01339055784756367 8950
4.748380569498424 3.572005152986737 8951
-1.759828321573528 -1.224496532923275 8952
-1.45902992159012 -2.521014399279962 8953
-1.090533320722114 -0.6791005139850474 8954
-0.5436991639561196 -0.1536544512443647 8955
-5.050703834661466 -7.605796542338144 8956
7.023143927910423 0.09205297806073381 8957
0.4000139652029713 0.1293092647663995 8958
-3.267254923153155 -3.293115950300486 8959
0.04969665017161928 0.1962484013544307 8960
0.1837168776276657 -0.08122251694686365 8961
-0.195380911595435 -0.5832372966966421 8962
-0.3563173173447629 0.08142730340986416 8963
-2.372507658813741 1.258400690078116 8964
0.3982066239858155 -0.2091134729057902 8965
-6.040321186817285 2.553564472997206 8966
0.2522183474344922 -0.3703756187571168 8967
0.2190578450799441 -0.1293352899537331 8968
0.438390148999132 -0.3949111628820644 8969
-1.285373363377793 1.706304016642443 8970
-0.1012218135321934 -0.1361882671803225 8971
-0.1916456283217203 3.666428445928914 8972
0.5126950457961018 -0.1871193075196739 8973
-3.321165891797971 -0.3973186976056998 8974
-0.2842630799698054 2.4311137923363 8975
0.2519384469156176 0.2042165659997014 8976
-0.6167173079887085 0.1314808751330852 8977
0.5943844520409274 -0.1653136932739619 8978
0.5712922957645236 0.1810991474717284 8979
-0.2202229920036862 3.393972279698178 8980
0.5180353606141122 -0.03327131067471763 8981
3.338159327752066 -0.496740809089813 8982
0.06707741137819985 -0.1093803711180052 8983
-0.2009491457013865 0.2795888331200185 8984
6.953512599141924 -3.672309855410282 8985
-0.1304156617584168 -0.3832317684772255 8986
0.27259689149181 -0.0739085974446537 8987
-5.36201052737888 1.551850861146659 8988
-0.5732405489056953 0.6446339498098159 8989
0.1862676528330574 0.07550610275097377 8990
-0.6067385392160177 7.051534458054029 8991
-1.790370940613639 -0.9206408361365909 8992
4.143453078526578 0.5888583422673188 8993
4.62130726258836 6.979981105222184 8994
0.2792013238959717 -4.526580227926092 8995
-5.538651049307077 1.197166643433837 8996
0.12213821994676 0.7830107406604934 8997
-0.2398705562772754 0.290697167249972 8998
-0.3295971889510262 -0.3127083119234869 8999
-1.997818869882451 -6.849031443005758 9000
0.4110327402100637 1.022533541663348 9001
-1.861908273237425 5.2672240396708 9002
0.4339881182155383 0.07284435637676058 9003
1.481923900136662 -0.5651014179200113 9004
-2.176779176486801 -0.3417943768804128 9005
0.7034357415263446 0.8343206782257951 9006
0.6464313263126497 -0.2856873149674124 9007
0.2742250999700098 0.04536113559502557 9008
-0.8051127350307256 -0.07070299636039465 9009
0.9711430030951136 -4.253196851514962 9010
-2.976870281997859 1.844223820656128 9011
0.6983752286785112 0.9270909364357913 9012
-3.647491473187085 -4.449175512013002 9013
0.1539763816946683 -0.1384955277306323 9014
1.573160726765523 -0.1940052392809584 9015
0.4917063788587672 0.3171656012861955 9016
-0.2650974767985025 -0.2759774993739755 9017
0.04693589193483702 -0.09112471421538039 9018
0.1477580492202373 1.038374134345865 9019
-4.16474009264445 -5.876411027610245 9020
0.5399149559864209 -0.5411044117138021 9021
-4.610537377796184 -3.397482779151814 9022
4.91245429592389 4.69151853717559 9023
1.404758030565699 -5.215897943394005 9024
0.2961669730281113 3.892486270717399 9025
-0.04775566176616885 0.2396391423440191 9026
1.967712947570769 -5.395426345079291 9027
-1.734224739780446 0.7715758351487005 9028
0.4653069534635952 -0.05197568440979013 9029
-4.839785260653206 1.971197760478443 9030
1.017087602915432 -0.1422506077528988 9031
0.7897684462581558 -0.5148547901582429 9032
0.5360856839563997 0.5158272865957884 9033
7.536719095194599 -7.536719095194991 9034
-1.846623099543502 4.480742546452369 9035
-0.03008113410181316 -0.2754431778869322 9036
0.6467002171279339 0.5105394983585996 9037
0.04984315153759289 0.148393743366558 9038
-0.1171073698968969 1.175109552837096 9039
3.691753337883315 4.326016836568273 9040
-1.986243419410377 -4.649796162158232 9041
-0.3876922515119852 -0.08101901617075015 9042
-0.3220985420832924 -0.7674696114977426 9043
-0.08387216531462727 0.2090446794059873 9044
-1.897581166298728 1.819776622448964 9045
0.5661289871110848 -0.01003361437339797 9046
-0.426952134222207 0.1217561040721797 9047
-7.59799813916553 5.123557993856059 9048
1.40524024851531 1.608825273508678 9049
-3.374023353303416 -0.9533772142907371 9050
1.707921203083751 1.132828450500404 9051
7.616405910066501 4.027991300465522 9052
-0.09787414730623087 -0.4044001039984172 9053
-0.01051794557562346 -0.1205437324861089 9054
0.8038800509415767 -1.715917261096161 9055
1.503003956714274 4.075206126032189 9056
0.5536401469048245 -0.3013921143462732 9057
1.284671555259565 1.736244460651706 9058
-4.551530678272658 -6.952929671211501 9059
0.4818949726439883 -0.04997322731526933 9060
-0.01432216652919081 -0.1536519800627399 9061
3.786922579650918 -0.7231129788414523 9062
-2.850338168319763 -4.425449844324547 9063
4.356659855278779 -0.7413568337007181 9064
-0.6453145071322607 -5.790070674064518 9065
-0.5102771614275169 -0.108040395431574 9066
0.08836125071268705 -0.375427476992018 9067
7.546802194107809 -5.631802163466382 9068
0.2836869067267927 -0.1863243104978587 9069
-0.7853915077737944 2.526411931332102 9070
-0.2347609945830026 -0.8952169112099624 9071
-2.166489972281477 7.554613398795508 9072
0.3617187794877967 -0.524956087814885 9073
0.005722937831049182 -0.1507090257516915 9074
0.6907718053358829 1.39531082530037 9075
0.08554857744754879 0.2574392807511174 9076
3.342772498596387 -0.8782227056626892 9077
0.02569482114629437 0.09024403347046699 9078
0.7500409257374834 -0.1046261190376112 9079
-0.3253234712354611 -0.08888764460811374 9080
-0.7311556115470632 -4.780652875834599 9081
0.8477784464543137 0.1086607257136887 9082
0.2824748769952512 2.026782138113211 9083
-0.4087706571157032 0.1481284387184241 9084
0.2654585057381365 0.1141029308527031 9085
-0.3382875270047224 -1.947268416326452 9086
1.023314180640356 0.6845355557606406 9087
0.3649975585735993 0.2659414252981068 9088
0.5218234326534643 0.01758820520726533 9089
6.139575838012803 -6.769429540564797 9090
0.418920164874382 -0.05894283504956799 9091
0.7967579622763933 -0.9748503940806573 9092
0.4459802150580865 -0.4837205775807771 9093
0.4555878363336145 0.8641860698126005 9094
-0.3378324620784069 -4.022271855068213 9095
-0.1968566671486344 -0.132213751730438 9096
-0.03820326014963019 -0.09204152810270116 9097
-1.00952387178134 -1.203251476176882 9098
1.981809870943288 0.4388862071805235 9099
0.2837498253219443 1.392490553297604 9100
1.296921102931933 4.577612397259948 9101
-0.6548723918421797 -0.06869688724993966 9102
6.932999518397734 -7.574103766103018 9103
-1.570555371347533 1.158308560150489 9104
-4.336448219855069 0.9303529832839916 9105
-0.8528529322106035 0.7961701966998392 9106
-1.55073705963618 -1.6379189048907 9107
-0.09682966869251894 0.1375064729806314 9108
-1.397561522566607 2.391367599647941 9109
0.1969271456208201 -0.2215326856069755 9110
1.03275683705974 1.95356601811199 9111
4.433592214261964 -3.759664035432174 9112
0.5549123195997416 -0.1435873645880461 9113
-2.316408291862528 0.3384210611460733 9114
-1.003456082466516 -0.3598957746118572 9115
-0.229667389460458 -0.4080114372656521 9116
3.981804944312599 -2.981222158786657 9117
0.1116436991128607 0.06347291791099617 9118
0.1569099938100784 -0.3213909045455068 9119
-0.1823010098835052 0.1431114942956449 9120
-0.5552385732552217 0.3076182825402705 9121
0.759088747338919 -0.06416695632288702 9122
1.102428255657082 -0.0561710256175844 9123
0.4680255693311731 -0.07643792287739426 9124
0.2603832701026062 0.2635762815954371 9125
6.165507721525111 0.2828241191065565 9126
0.02290794518365231 -0.9205926458281821 9127
-0.6281278683954223 0.9837752312648061 9128
0.5680158290923837 -0.1965904558404707 9129
-0.4483550820703747 -7.036004320386436 9130
2.365290838867544 3.018741967482073 9131
-1.087459925602017 1.208290587825498 9132
2.046896578476382 -5.069745922332376 9133
-0.1012234006838662 -0.09465203092787401 9134
-2.215858309872586 7.101171601706042 9135
-5.414564500096759 5.486476599739409 9136
0.2212615333003393 -0.596608921198067 9137
-0.4945028101790593 0.4069177423818647 9138
0.4268295305553701 1.129771172512275 9139
-1.153277576113016 4.204526648359433 9140
-2.767211229526597 1.785802094336366 9141
-5.459994883158856 3.041064561722191 9142
0.5973881118213324 1.058771017544886 9143
-1.254216405335842 -1.166087152447038 9144
-0.4483908132203565 -1.038404200192528 9145
-0.5383069825496987 -1.036069843839007 9146
3.930486173719923 -0.2121414265989754 9147
1.961068138899133 3.08256489815702 9148
0.6485883889673735 -2.661187407583807 9149
1.145582788360165 -1.052034665123627 9150
-1.129554754639813 5.860291174273099 9151
-0.1040278729837627 -0.4457939242405394 9152
-4.408188537773048 -1.044707382969573 9153
-5.251305320055981 -6.834226862749182 9154
0.07808342908559879 -0.1398614868862273 9155
-6.412907963387075 3.38015888553224 9156
0.1608610533769592 -4.813794773646787 9157
-5.162849079641358 0.2863085522669743 9158
0.5984797426761501 0.8109524561088819 9159
2.001702559002241 1.564178531607054 9160
-4.972207852745713 -4.70036745321108 9161
0.2124883515254066 0.3539900882809927 9162
-0.0399237598047131 5.00724577873864 9163
3.380935420865867 1.726566095458261 9164
6.37044836504958 1.39953765395657 9165
0.3479039468523908 -0.08717050625262721 9166
-0.2022933578924802 -0.2248392931922914 9167
-0.4665394686044058 0.6078864540599938 9168
-0.5223830961706329 0.6875096139682979 9169
0.3632018834711231 0.03291938341039088 9170
-2.648111742570779 0.2956142654928312 9171
-0.2386619766945241 0.4454458792751293 9172
-0.03032148850434802 0.3986544362081014 9173
-0.2086593190398364 -0.1597174365414309 9174
0.05726464009348609 -0.1366143591061868 9175
7.010563128319825 -1.312994341260594 9176
0.706157822459347 0.3929215329488849 9177
3.619450247509659 0.1663293393346195 9178
3.650771086714546 1.37176619279422 9179
-1.958505934612928 -1.184664909289759 9180
-1.020164076965043 0.5420544547444074 9181
-0.5384787638434578 0.01389963141727206 9182
-1.06325033433112 0.6701394435614407 9183
0.2356445094401771 -0.184995829589143 9184
0.2624372708371478 0.06739105575176671 9185
-2.499680054415384 -0.2576905065829265 9186
0.4763432733494397 0.1888112707216523 9187
1.644353388682956 3.828874251029375 9188
-4.288797764850269 -4.598620179378788 9189
-1.424267446331032 2.072793717287606 9190
0.6184469166722169 0.6048675629353415 9191
0.5049011408089814 -0.1587704854437654 9192
-0.4987597979157816 0.04569648271558656 9193
-1.322766109501594 -1.841551384122608 9194
0.4545844869231553 0.0196102227592662 9195
-2.876164339535571 -0.4005093127096996 9196
1.757229296120339 -4.217233945300855 9197
-0.3140070280013294 -2.320123787233895 9198
3.626542420324553 -7.083995421043264 9199
3.604636811356736 -6.183763481574495 9200
3.451232396603482 0.4770897918136965 9201
-5.518957546603492 -1.476514931737115 9202
0.1232909333957752 0.3668414123715505 9203
-0.3641897667546651 0.473938770837086 9204
-0.7158189964036172 -0.3229838458130044 9205
6.193297591891429 -2.597323325246248 9206
0.5712711560209367 2.173888973996777 9207
0.5234811896686075 -0.01218838922033974 9208
0.6280903540908704 -0.06547143184708024 9209
-0.08607133269040342 0.657280636310399 9210
-2.354625343862206 -1.761013807259691 9211
4.181954039157761 -5.837335391773092 9212
-1.540557953001435 -0.2792119790777095 9213
0.436887091463064 -0.05400775207576756 9214
1.83141238576558 -1.67343388727805 9215
-1.884128692315594 0.515678342198164 9216
-2.007771350705472 0.4285325126044347 9217
-2.85410951959224 -4.78203955363753 9218
-4.280363824687591 -1.656153384546163 9219
0.2587902962272834 -0.2194320042367966 9220
1.995678203604921 -1.723788210114887 9221
1.319888045873367 -1.341664876761586 9222
0.03775037189999644 0.3768864488453221 9223
0.4530707946450456 -1.081394769528547 9224
-6.193018685324528 -2.353654170446613 9225
1.711169844587364 3.208931048309905 9226
-0.377317892131671 0.840017439650398 9227
2.856404240462244 3.91253763699879 9228
0.9208734876437099 -0.8820696936466735 9229
0.2297932433567612 0.04896893636428674 9230
-7.571602988865706 0.09693173389462448 9231
2.002144397032645 1.254020378512734 9232
2.444892265895786 6.361813026994122 9233
2.66084090977001 4.491485931113846 9234
-4.621982478977537 -2.209136169044291 9235
-0.1228669159507714 0.2928260822160659 9236
-0.2335727370465729 -0.09382001298961279 9237
-2.848424615500845 -2.233169364541305 9238
0.1252755120454738 4.135157930936693 9239
-0.40570056317008 0.6797364640529541 9240
-0.5865442180765538 -0.6407687730514469 9241
0.1255985648279045 5.899060932817905 9242
2.256861866960987 2.263925961822328 9243
-0.4870479024044477 -0.3829096064432416 9244
-0.5302127285321734 -0.7019403954526109 9245
4.492774418293076 -3.197095483732214 9246
-1.739062262043916 0.3044068830165319 9247
1.354218536357431 -0.3608982566459397 9248
-7.553024481550383 -7.553024481549899 9249
0.5213431768362224 -0.3910659044540262 9250
2.895913701384132 1.530979916719046 9251
1.953633671180794 -3.549005925880053 9252
0.9955162630906876 -1.874696314307081 9253
0.5254593781194477 1.150040736851036 9254
0.2128097284064496 0.08473059833083549 9255
-2.086464509695335 2.673512989134437 9256
0.4027430020804267 -0.317801143787239 9257
6.357775154693828 -6.3526731828845 9258
-0.2937513586705718 -0.4784783164383152 9259
-0.4643294351971731 1.549519253054486 9260
-1.730713722994778 5.829112592097363 9261
-0.8844859286836516 0.09223991730913114 9262
4.814017798614199 4.252001328098621 9263
-1.444101690763194 -1.981814911097376 9264
-1.014398221929506 1.406729211286005 9265
1.201689641276313 -2.198577431642371 9266
-0.551354534488054 4.82472229847742 9267
2.053715788412203 -2.895045242561522 9268
0.1149227253290876 -0.1028271166095042 9269
0.5841194177988714 5.656565997298901 9270
0.4033687270832764 0.4500266270256247 9271
0.02583771769841034 2.434075854619423 9272
0.001407356387505245 -0.5498658017391241 9273
-0.8938176640196921 3.75746267433632 9274
-0.2431333686591665 -0.1755418322399421 9275
-0.1879690129216008 0.2173939339770115 9276
1.680141960888996 -0.2616341247655244 9277
-4.453775783125208 4.306735062709384 9278
-0.3069964118961716 0.434509173061505 9279
0.7530913663501283 -0.6177551298479769 9280
-1.623496128654517 -1.951009496231749 9281
1.312281095827893 -2.043761077901483 9282
0.8702798737096068 1.015341754301181 9283
1.568355487539315 6.314865456398486 9284
-0.3265744381602506 -3.560288520308286 9285
0.7094773420545011 -0.1150797245151341 9286
3.460751547029614 -4.604080640352731 9287
0.4459328713130892 -0.537883348517049 9288
7.615241886266357 1.860060020485375 9289
-5.948834855396063 -7.081551764436217 9290
-0.3015578494549302 -0.1218519882213814 9291
-3.50682574372365 7.520117866556828 9292
-0.061152758850622 -1.193380296505507 9293
-0.3321813053395782 -2.665243471144914 9294
5.506230682491298 -4.642713809532573 9295
6.226385337164392 2.069482568966325 9296
-0.686540445980895 0.2579222663241266 9297
-0.9859948198576515 -0.02328678480833581 9298
5.999527668734006 7.57397621978482 9299
-0.7496939862009931 2.085794219427159 9300
-0.5177625941744659 -1.451387050378448 9301
6.987022220501308 -6.825241564569226 9302
1.020885990125411 -0.2531166044903459 9303
-0.4037467053518788 0.1862693006734595 9304
-7.615346877602289 6.113376559653368 9305
-0.1685708959688108 -0.3284801344310418 9306
-0.2208834387860106 1.201675945685323 9307
3.724371438089539 5.915833516182436 9308
-0.1570747704988935 0.2562231124385268 9309
-1.624445105885203 0.5294088895491131 9310
0.4199581350091985 0.5512652683169146 9311
0.2214550041147753 -0.1489958209549689 9312
0.2437068606538324 -0.4471211626789693 9313
7.595332035309777 -3.082678703162889 9314
-3.971340036139372 6.403571075697965 9315
-1.056058116938585 -0.905086658158992 9316
0.6320335990797205 -1.374275835653788 9317
4.938011851054458 5.643743069645724 9318
3.463985884910559 -2.923028275360547 9319
2.384843045787808 3.660331297103968 9320
0.1824905765554875 0.4901708321707846 9321
-1.009439990857826 -1.009826100038686 9322
-0.7787337573548464 5.279037700531886 9323
1.008105014104953 -0.3756665019792092 9324
-0.9828036166412264 0.7845951438204296 9325
-0.3520311771092273 0.1898375728757125 9326
-0.4594323193426216 -0.8972536715737688 9327
-1.222298098370799 -0.1431414097821378 9328
-1.405019865460144 2.725391599579249 9329
0.5880119092046949 0.08259100306016931 9330
1.15358563065309 5.608399241366278 9331
0.5050515926961329 -0.08016849053810138 9332
-1.240980027456355 -0.9446596080690455 9333
-0.5770268693663345 6.308410623763375 9334
-0.1462379070914024 0.3674794825273296 9335
2.830409462626629 -0.01191775530058461 9336
2.055291376166 -2.457227730715567 9337
-6.174714458862878 1.795455835927019 9338
-3.709946302101884 1.640336260479352 9339
0.3104758165781897 0.4049282224140299 9340
-0.4479446539339317 -0.06837755103117492 9341
0.1845819541627845 -0.2423027841278047 9342
-5.285794560056957 -0.5065814994636051 9343
0.1640020596955507 -0.4601371328003759 9344
2.002291245944599 2.556206060687091 9345
0.06268141892598755 0.2394926710318082 9346
-2.744860612158294 -3.445862613734133 9347
0.7900747169619349 3.898492009650565 9348
1.523310431763326 2.022267742231237 9349
-2.300095281497719 -1.020582597117426 9350
0.3328514813285586 0.459103945336742 9351
-0.4193662779597936 -0.2402556988948751 9352
-0.1525881770508223 -0.5066981078672457 9353
-1.347703695128189 -0.6817997728519605 9354
0.5267212886134527 0.0570677073837476 9355
0.5999120727498364 -0.8070803674259056 9356
-0.4350045916006003 -0.3329854744753102 9357
-0.261377754973416 0.3798671600713617 9358
0.4638446417802815 0.230399407854573 9359
3.982046674750584 0.0474485894262787 9360
2.438303036665669 -2.595887525797318 9361
-0.06690958551768435 0.142147618333627 9362
-3.75767871433009 -2.903152722893487 9363
-6.370154761500168 1.169056514206742 9364
-0.01866969673365578 0.3331522206880778 9365
0.2728948145683353 0.4821067607387985 9366
3.095073940292977 6.24082604815065 9367
0.3508890654163678 0.05868062186786332 9368
-1.016428671892246 -4.7483202905555 9369
5.585354759429928 4.159075284507888 9370
-0.3675106850462362 0.2870238855974468 9371
-0.4705852398547217 -0.2653805982070843 9372
0.1292875521147828 0.5106012113006411 9373
1.510880765391254 -1.265501200333521 9374
0.7486078900119395 -2.352353599359475 9375
-2.388594674872967 3.928441702707937 9376
0.1664361926250145 0.1843377078113679 9377
-0.6264374749673929 0.4775092141580718 9378
0.4576487594461627 -0.9848909996329045 9379
-0.3760986318716899 0.09959368350768266 9380
-0.07680562966936368 0.3660622049493302 9381
3.970216178362068 0.7895634529621911 9382
-3.753351345363279 -2.382585767662563 9383
-1.531004938685375 -2.309250618237013 9384
1.10673105446652 -0.1067280779341 9385
1.644103548169204 -3.036742020985076 9386
-0.6171824420551815 -0.1051098387094629 9387
4.369830454423758 0.7907912097661225 9388
0.3815778775875863 -0.1253070220670352 9389
4.365238884814955 -7.559269093847096 9390
-0.3096555126899874 0.1096853861193883 9391
3.415006456335429 7.652582596635326 9392
-0.1557839819406051 0.1308384806196775 9393
1.034240621407562 -0.4468227280392416 9394
0.5255606378648955 -0.05262422777006103 9395
0.7230833767526257 0.3318416317785096 9396
-0.385752584231037 0.306987417229213 9397
2.285980508707224 -1.615020584007069 9398
-0.1996944066029559 0.156949394908642 9399
0.8267848377636988 0.1643014743455504 9400
2.239051869638319 -1.943695402133427 9401
-0.8419391861628951 -1.312038029054359 9402
1.173509869863682 0.6389949334915361 9403
-0.7116043882816637 0.6520167157420738 9404
-0.6307116268628391 -0.482277345147136 9405
2.61527797227211 -5.196186162499076 9406
0.411529202464472 1.798625862845986 9407
0.002316118041970701 -1.480527670249658 9408
-0.07530144602116962 -0.0940693435972812 9409
1.981090958292509 -1.15951051379283 9410
-0.0264553700775242 -0.3228741888818458 9411
2.452703840022758 -0.9566784061996562 9412
-1.756360547145694 2.733042543842616 9413
0.2374475724611518 -0.232798490210761 9414
-0.3895577651438332 -0.2219153641883645 9415
-0.5345411373977377 1.107603829798736 9416
0.783598812145647 -1.97771265675262 9417
-0.07349309854887917 0.2510676631232087 9418
-0.6195084205965837 0.3135165058719221 9419
0.2811318487427221 1.842068462346704 9420
-0.5141150920542167 0.08026425275186999 9421
-5.039693898526995 3.376034757280317 9422
-0.1985524403166458 0.7935828242134073 9423
-1.008470471798342 2.17512863887996 9424
5.53565764880469 2.845135865771148 9425
-6.016008128140943 -3.682895593343424 9426
0.4715454633066337 1.33532522895867 9427
0.2809379249288262 -0.2279584163586404 9428
-1.086719632729142 1.916677748031284 9429
0.2964114031965756 4.338950601084316 9430
-2.097499191382145 5.839627830343028 9431
1.824128746271085 1.311243153681971 9432
0.09749542583089126 -0.1507542656856301 9433
1.486589213630072 0.1371585444193851 9434
-2.131751130496689 4.392425680174844 9435
-0.5920247520870351 -0.8024784317848713 9436
-0.7081295823813956 -0.8846805418543614 9437
-0.2894887683338407 0.5027856196545262 9438
0.7252465211133367 2.449798765314679 9439
0.6487543043484338 0.1971127913442783 9440
0.7936584447489478 -0.7931198225248133 9441
4.988301003835288 -3.594286557390832 9442
-0.1040677537096498 -3.719349646742961 9443
-3.278624300091438 -0.1294560421258203 9444
0.07689632803369081 -0.5833917677489472 9445
3.660898945305619 -1.128021533153492 9446
2.364845239173256 1.540493298564017 9447
-0.2671606093503179 -0.5271821087391254 9448
0.7058788031386696 -3.552648664888094 9449
-0.06032404124342172 -2.861205920629413 9450
0.7269735392063496 -0.1771725358726069 9451
2.943025550111815 -2.390098063572063 9452
-0.06030233096866921 -0.1895772126991223 9453
-7.021975702906078 -2.575044524791477 9454
-0.3882400652760901 0.07641960969738468 9455
0.9864027541103045 0.8908897009385952 9456
0.8995735371968294 2.851939864985568 9457
0.5481525945910543 0.1306742217321442 9458
-1.97152913809416 -3.628442697698519 9459
-5.228259648494916 7.5216177451424 9460
4.561342601817111 1.611982867562814 9461
-0.08262269317948888 0.1125265883888107 9462
0.3581224658657858 -0.2817406990735427 9463
-0.9390366193315618 0.3293026728407451 9464
-4.25019798734607 2.003375017544187 9465
0.4644387188594487 -0.1099210482621918 9466
-0.01543965395714345 0.1256588770563894 9467
0.9974997536108039 3.729341442429017 9468
-0.3070804063944981 -0.210394441630747 9469
2.994068423361621 2.25172664511075 9470
0.09276025007205542 -0.7652229121741683 9471
0.841265224338468 -0.1683815794545134 9472
0.5520027011256858 -0.02179245463829959 9473
4.183602799450448 -3.977458605510048 9474
1.91166887488931 0.008724055501368471 9475
1.215016922180004 -0.6048943518924743 9476
-0.2355163916406539 0.3238832169332045 9477
-0.3309209282794634 -0.5656472051403139 9478
0.1424043343451922 0.05922812960755722 9479
-0.9172031410134729 -1.420108830353804 9480
1.122262606798668 0.03441494690053418 9481
-0.6388332136379156 0.3763335160854205 9482
0.1930858205836979 0.8957812516695329 9483
0.4396961977529505 -0.0775603348707529 9484
-2.850041246682989 4.549226330435207 9485
-0.690639004700097 3.568137954801454 9486
-1.592375013908803 0.2805939386455698 9487
0.27141342453198 0.2336656431443107 9488
-1.571966849160061 -0.1485497813659649 9489
-1.474119985221269 -1.363841819692272 9490
-1.177327062010142 -4.098126143014571 9491
-2.65907634602299 -2.925136751784489 9492
3.468789264902501 -5.017715960056614 9493
-1.947584997921163 3.621352179348107 9494
-2.200460016771025 -2.90310062244271 9495
-0.0311429689975296 -1.02915579077999 9496
-0.06573932891357524 -0.1209517751996085 9497
-0.555663085465059 -0.09304500267719798 9498
1.333685066395331 2.333776098423899 9499
-0.06862195375751287 0.5587991289358851 9500
7.573023526753158 7.573023526752565 9501
-0.2788369243638062 0.1107806627532775 9502
0.3570293052077954 0.1519876278551237 9503
5.64950455864645 1.847236394248687 9504
1.982982791678529 6.848254074849756 9505
3.623372481122503 5.257262381399112 9506
-0.08160302826528276 -0.5850416051277183 9507
-0.553439278289829 1.016677368802806 9508
2.689216360973817 5.073495472786522 9509
2.465616308613612 -4.73381176443479 9510
7.644575814706124 -4.025245908573899 9511
0.3605414043185048 1.311528513295049 9512
4.863501251265535 3.188811999074425 9513
0.3044506618644268 -1.420812973542094 9514
-6.916366063053454 6.492178431728739 9515
-0.1275608031180415 -0.9434845469743781 9516
-0.6038838964908053 0.2640048068168293 9517
-0.7196569199585239 -0.2467109874520615 9518
0.274499094512801 -0.5958825574036924 9519
6.150735527001764 3.189850744529643 9520
4.815601422484668 -4.146405124364012 9521
-0.1598528081338581 0.08284209208389647 9522
1.530376411935869 -0.4308370658771619 9523
-0.534220034909567 -0.02041575339530908 9524
-0.3344395614086724 -0.2270865283009169 9525
4.454185134621275 -2.334939920069742 9526
0.39675765353825 -0.08092697552691845 9527
0.841011459542111 -0.726612548422594 9528
-0.3624667196548687 -0.08623969015122877 9529
0.4209636305708044 -0.706291901103649 9530
0.2135324626528874 0.1142318329812646 9531
0.463336730804127 0.08300453339086804 9532
-1.15785363088237 0.2122348709371197 9533
-4.523037331358727 -1.344993829321602 9534
-0.482421190887513 0.138648905685393 9535
0.248056971138739 0.6522711796896545 9536
-0.4532335464856698 0.7532121107546353 9537
-0.9437764813411221 0.4164019920340076 9538
-0.147426496419983 -2.417328731915725 9539
-6.133317950704674 3.939626699397192 9540
-2.304337202967937 -4.629705653875832 9541
-2.055672685556386 3.035677783249338 9542
5.071282710552373 6.898948522031224 9543
-1.601050486871377 3.736144772132829 9544
5.233372898880621 2.591553283314174 9545
-0.4199985688753691 -0.1901510053385782 9546
-3.961908701013423 5.95397024888234 9547
1.048006286968311 -0.3180122402147568 9548
2.681607036688497 1.606683995793981 9549
1.058280506550896 -0.821092254011232 9550
-1.540411528729064 -3.627870741909402 9551
4.078162695993131 1.582773378946982 9552
2.330676917568381 -0.6734663868026709 9553
0.5503573841795015 -0.8883774946709306 9554
0.02567680649355278 -0.3409526479324974 9555
-0.2259667167855263 -0.148583279708469 9556
6.36683542565042 5.510858689998239 9557
-0.7221739120416171 -1.47301258548105 9558
0.5087391979775067 0.1917458162424848 9559
1.788059065351683 0.6101473817413011 9560
0.0988510851982279 -1.946497390191383 9561
-1.388538891915515 0.01189345401829477 9562
-0.1545469296315665 0.20616921495814 9563
4.845317155502465 -2.710881560603257 9564
-5.671813899011157 -0.8474745725231578 9565
-0.3262876176385485 -5.883939815327727 9566
-0.2383656793854229 -0.2675838467117041 9567
-0.9570834961759731 -0.2276875912224014 9568
0.7110158651644751 0.5031534658309691 9569
3.119143400883248 -4.116443156966413 9570
-0.680045304455403 0.4164875935007653 9571
-0.01930079731296677 0.1078015923691262 9572
-1.605596765969765 0.0707396807058292 9573
1.413373651404324 0.07070741233837902 9574
3.524691622960057 -7.599297496586047 9575
-0.4321001614988694 0.4638732331658336 9576
0.5563506429020539 -1.2829653876885 9577
-0.7797876552970024 1.32821104187295 9578
-2.308389831320233 4.84635623690428 9579
-0.1605876738745257 -0.418316047723693 9580
1.136788037867099 1.297728127640286 9581
-0.297284813686505 0.3227848139630023 9582
-0.07591735635598688 1.46034728827352 9583
-0.3385741963494338 0.1231209932032169 9584
1.990962873525649 1.981539290580753 9585
-0.4229638706966575 0.2281581251702305 9586
-1.754203971815884 0.4481141149148326 9587
-6.165575771390937 -1.700416583399365 9588
-1.462521487377226 0.8044319321578617 9589
-1.979455130122003 4.946183141913552 9590
5.412147697003311 -6.933873101038817 9591
2.962198516814256 -1.247853457515594 9592
6.149453061551391 -4.407499628354713 9593
-0.5227617548370267 -0.06652257256749491 9594
2.313568211525397 0.2558622654953526 9595
-0.04425352061776968 -0.1388095653937039 9596
-0.2061996815784257 2.004750787250216 9597
-0.2801957208387826 -0.1406856530701355 9598
0.2984033664791193 -0.1492619796112115 9599
1.202667832937226 -3.238666159838403 9600
1.80420730836895 -0.943161610368491 9601
0.3314382640332876 -0.06565387181446676 9602
-0.5490718229080511 -1.336662210517595 9603
2.416665834891309 -7.625289892174632 9604
2.047512084910499 4.06876801051177 9605
-3.097652558343878 0.8182469656654261 9606
-0.292219826909043 -1.168176532801276 9607
0.1574670639758696 -0.2362542117841624 9608
5.314254505002614 3.24184663810042 9609
-2.978393974179985 2.138517259207061 9610
-2.222274949423638 -3.675655132577928 9611
-5.112641609225621 5.807237641840311 9612
-0.3683328363805759 0.2360824402534817 9613
-0.3102629879827885 1.380713998605831 9614
1.231138513597661 4.912586218220696 9615
2.795080340333087 -0.8272547834049007 9616
1.333667309814171 0.2175998217471486 9617
-0.3603338791027635 0.1047437056591017 9618
1.259852490817724 0.0472170918933765 9619
0.4531545971416102 0.3826566427368867 9620
-0.7088552340478855 -1.061845498114423 9621
-0.1760644644659899 -0.0937603386706338 9622
0.9247913566749977 5.034736750274474 9623
0.529042034480091 -1.116529413634886 9624
-1.740572624648574 0.9568805251192541 9625
2.310169376376863 0.844555934295004 9626
-0.06092502608504475 0.09298260079173695 9627
0.4069702248866146 -0.1410326963110518 9628
6.382299637468911 2.814725114741478 9629
-2.451709860561444 0.9324213754936808 9630
-0.8605215529720831 0.5542027617722356 9631
-0.3175130802451637 -0.2647388131253903 9632
-2.206332237846018 -4.113451819710577 9633
-0.8277142780333088 0.1929552439607928 9634
-0.1505563835177698 -1.099995318810517 9635
-0.3687880645214465 0.5215876133007064 9636
0.2728864648817826 -3.645197727905238 9637
-0.3575444467164987 -0.1313131949721029 9638
-0.3401152414418624 3.04918201880077 9639
4.072426802982 -3.423162236047529 9640
0.8454403583855182 -2.129045712579864 9641
-0.893473892942547 -0.4460763106245837 9642
-0.9394930377064188 1.949950109929548 9643
-0.1529678946896021 0.5942052696872054 9644
-4.783074719973671 3.022274185882034 9645
6.776406885711097 3.544173109532159 9646
-0.006972892173740015 0.2367099434827002 9647
4.337519846863899 0.3286977538705119 9648
7.638878340485904 -1.778967212761913 9649
-0.6949923752666278 0.5208857981174231 9650
4.853801587412974 1.191224531575981 9651
0.1581059728473293 -0.7653135338136462 9652
0.4377569904197626 0.1107245243724869 9653
-0.3933197035116454 -0.4460064791288598 9654
-0.03291048095423093 -0.1988866850112121 9655
-0.01941961030114798 -2.274639662033255 9656
1.293023219181777 3.34314238350578 9657
-0.199221973161177 0.6390007629459429 9658
-0.1430418743394286 0.09939933140413909 9659
-0.6254654231124082 -0.2670355875505418 9660
0.7208673784560499 -0.2151863928538969 9661
0.7273736231919402 3.010670127594166 9662
-1.450393841387172 1.414938385213481 9663
4.567421295505881 -4.649545700714103 9664
-7.098030375404068 -6.278363837822135 9665
1.685805910997267 -7.156882120726717 9666
-2.594247407963521 -2.140386858097783 9667
0.7584954940984764 0.01165837623142031 9668
0.3702933014135729 0.1235310378586388 9669
-7.635891238401676 3.995931378431263 9670
4.381348262270442 -1.49760814820056 9671
1.007420627227776 -3.615232660500934 9672
0.1878863161313014 -0.1410403327872556 9673
0.5152164590663544 0.614820422011446 9674
0.1828721437607041 -0.2011351381667066 9675
-0.467700165764117 0.05958484209393035 9676
-1.371186767316588 0.3095215547053504 9677
-3.592453763971621 0.2504509655376026 9678
-1.285627428779362 -1.564830832825557 9679
-0.3033436725119773 0.1697448661063218 9680
-0.4670027152596181 -0.1833237916739871 9681
0.04211989105675907 0.7041469899043425 9682
-0.8000000000199843 -7.672550793937229 9683
-2.360992754260851 4.565306224291179 9684
6.430570681802976 -1.61456497613213 9685
-0.09380817541330791 -3.280395132443777 9686
0.5438554406297083 0.1603682787082928 9687
0.1106910790926015 -0.1357907594587976 9688
0.2149634820694103 -0.07612677238689639 9689
-2.69098481606272 0.6785743349921873 9690
-0.6861460670448032 -1.698045392401864 9691
-0.3277468906285177 -0.1122736388214483 9692
-0.2811934732689824 -0.09096591154307876 9693
0.5368090109424661 -0.04049572926254721 9694
0.01169526798270498 -0.4678268871816432 9695
0.2112195264198714 -1.501331917107193 9696
-0.8694732349612564 -0.8528091807129982 9697
-0.8002877381848933 -0.5374500826959341 9698
1.590759026403124 -0.6396747823297551 9699
0.7639417252866145 -0.1677870769873772 9700
-0.2452690384960167 0.2013127934313162 9701
-1.149195582243841 2.904135602150987 9702
-0.5757816309786556 -2.922283712503965 9703
4.910150898647388 -4.807789889140906 9704
-0.7951798902893145 3.955978524260179 9705
0.7444621622799207 -0.2770109479254857 9706
-0.2741346967011007 0.1594930850176567 9707
0.3941061234395327 -0.1082011009333514 9708
-6.156101155949456 7.649461410625232 9709
-0.2438993049750389 0.5710122175703595 9710
0.5533617747862984 -0.2351141938399138 9711
-0.7442151137521604 -0.08896946037130082 9712
0.5512366754956808 0.346305409612147 9713
-0.4338143740361036 0.2499238217033811 9714
3.634340280145179 -1.510716183724137 9715
0.4843745202517563 -0.3448188609929491 9716
0.3440257552753457 -0.1986582399318867 9717
-1.156781108262227 -0.5228842370910373 9718
0.2985952996401418 -0.2118774250289905 9719
0.3746666187610002 -0.2271449482543249 9720
-1.75469779380099 2.417411074926123 9721
0.08009636422125103 0.2859638980326473 9722
0.00445470931379007 -0.08950729307959281 9723
3.133205029366433 -0.5798825921873911 9724
6.607734755886849 -2.626624480962531 9725
-1.747525168655096 -4.434727488737683 9726
-0.4281775868311257 -0.705145238997794 9727
-0.8441134648051545 -1.546052673745789 9728
0.3396092837367145 -0.4458193830227749 9729
0.4560214677900949 0.04571949083474124 9730
-0.0320279344186697 0.1381344356889068 9731
0.4011302219858638 -0.3950774202355266 9732
-4.270652629151444 0.2897970376517858 9733
0.4376923789599589 -0.1559827772695502 9734
-2.540958149049747 3.144935400867409 9735
-2.060535506318814 1.866251283568247 9736
0.4702253749429222 3.24101334362785 9737
-0.8438255571604991 5.801822293002173 9738
1.08540585458116 -0.731610734380306 9739
-0.04294188268597542 0.09181862223658584 9740
0.9412665775634288 3.352233083866831 9741
-0.8200475020739226 -0.4663312043024614 9742
-0.5956141530521504 -0.5291887650803574 9743
0.2813804945586836 -0.5161037763112459 9744
-0.6326501662180422 0.163981769634735 9745
3.920693082841354 -3.8913635560565 9746
-0.1274663545344814 0.1531102495090369 9747
-1.241710153480029 3.945358210673521 9748
7.636953367628488 0.3691225509621685 9749
-1.944258373240587 3.992631534367555 9750
1.597111838292559 0.4820537779386125 9751
0.04062878199600123 -0.1949090607101091 9752
-3.368484343149536 -3.603633977707145 9753
1.512417614687307 2.555185609321998 9754
-0.04896158377188897 4.650144442242619 9755
0.6196352221503894 1.48762465304469 9756
-2.157186328243178 -0.7294956634374269 9757
6.991205733302731 -4.302209437444828 9758
1.098026849371441 -1.240032626882748 9759
-3.875975314597554 2.641357434409187 9760
0.4336952275323139 -0.1033354835219178 9761
0.4606080547377915 -0.1284640703812762 9762
0.3282224826333087 -0.1777767220720837 9763
0.5481326575001023 0.05972573667901795 9764
-2.399324423945514 1.781808639107331 9765
2.629132382169349 1.246926976870713 9766
0.7826059409715743 4.471193546643588 9767
1.185045090726098 -0.7147638240961038 9768
-1.241428509619386 0.1597525383920346 9769
-2.708065674808217 -0.7671348423805708 9770
0.5124879785322601 -0.06707536432577678 9771
-3.461816727613928 2.960951708262249 9772
-4.542877133847568 0.6784857330475257 9773
-2.707693441032498 1.235495929535949 9774
0.120174045624289 -0.3626663579522064 9775
-0.2306851373621038 1.765667795036417 9776
-0.4783154712386496 -0.3363272546648638 9777
0.1308993524406914 0.08171736369201404 9778
5.516777207828173 1.260096245510114 9779
-4.705252542369044 -2.485418933389786 9780
-2.394336580596347 0.04211619274827218 9781
0.07571715350403593 0.6038901998860788 9782
5.162682275832941 2.142752031766612 9783
-0.1711716260256114 0.1802602070885406 9784
-3.548253449211952 1.235511351185607 9785
3.57024445999806 -0.1422430899966386 9786
-0.1124822859093423 0.4752993475823665 9787
-1.545184116826929 -3.390188593755381 9788
1.115379810805076 1.479373036951592 9789
1.663139492701219 -0.3944621373454686 9790
-5.22361876829153 0.5635183760853104 9791
2.861708220426087 -6.024930390421732 9792
-0.0500588002354407 -0.1636810582672463 9793
1.10578169783077 0.3487744140086027 9794
0.4845073384676528 -0.2007233240198663 9795
-5.729780162437393 3.183646885314457 9796
2.250311025266443 0.453834053459347 9797
7.637382427403856 6.128472523846578 9798
2.68464599630522 -1.530583116962472 9799
0.07355924491498532 0.8253126214338103 9800
0.6572839611328103 0.6536433483750074 9801
0.3241291594442642 -0.2190038787688506 9802
0.1656176664875672 -0.1638718901028876 9803
0.2621898541240475 -0.2702152432981858 9804
0.3441823392131032 -3.304777516940826 9805
0.5265648746771147 0.03964602898743102 9806
-1.399982907903698 -1.127821547011558 9807
-0.07050154645441656 -0.2124437194089283 9808
7.573047483110759 -4.920420814446723 9809
-4.069352891181463 -0.1178791460584605 9810
0.6128357911700177 0.06791235424442402 9811
-2.125286396309793 1.0001165677999 9812
0.1948655724792335 7.116289734324385 9813
-1.224549925912607 0.9384162949622997 9814
0.1546363373349741 -0.8685518484367728 9815
-0.1024617280810307 0.1571746968552692 9816
2.476459187201076 -6.479699671485967 9817
0.6474754607395119 0.08339247497855837 9818
0.983441214998467 2.283604723405292 9819
-4.194408890866033 -1.92574110091287 9820
-0.1883127815913202 -0.1194666745829344 9821
2.645469018250205 -2.610284647412751 9822
1.274834736082246 -2.349138387624535 9823
-0.0360854758174329 -0.8891670980636164 9824
3.966156587246874 -2.287165000178565 9825
-2.644425171986792 -2.64958101488757 9826
-2.567697503379744 5.388959354655705 9827
-0.1559399671678502 -0.1351288730663426 9828
2.616257479555482 -0.5582194600226298 9829
1.342474281541933 -1.061586201946367 9830
-0.6307565650161703 -0.3138558492632842 9831
0.2321911158634725 0.2604640997098447 9832
3.998537522691572 -4.680234023692078 9833
-0.4571385793849096 2.075863951255916 9834
0.09716409424145597 0.2100068986152001 9835
0.02147007538971173 0.1681316039698461 9836
-5.207067595830437 -0.2206099377025764 9837
-1.873421298461575 1.666485078980185 9838
-0.1107781208404635 0.2164388045293245 9839
7.63473480253397 -0.8798347418810505 9840
7.070668804988557 -1.975618765945443 9841
0.601855651205489 0.1531711204755048 9842
-2.554869577769161 -0.4287046242365355 9843
-4.225402994434852 -2.787171819749488 9844
-0.1836735985925909 0.1171961288029009 9845
2.580384445888855 -5.532049622310563 9846
0.4176023549310625 -0.6277647938267059 9847
2.968430587932141 0.7550845270193024 9848
0.4986033554089189 0.04402384702689867 9849
-5.662840015132525 -2.454075530961331 9850
-2.776076772552787 -1.76799768335329 9851
-3.262763572660259 2.273397875672378 9852
1.712475994200314 -1.060196835826909 9853
1.809594066368821 -0.1954215375190052 9854
-0.003075936377101995 -1.813291805815795 9855
0.711277444450473 -0.2934907598835239 9856
0.2072943844255019 0.5664738071437773 9857
-2.984787907814116 2.917628066915806 9858
0.7431617800149449 1.198356795753406 9859
6.882144046227033 7.099970672018816 9860
-3.316250398137752 0.8784835880952186 9861
5.652210060985316 5.710959483539023 9862
3.066957447459457 -0.236600877600302 9863
-6.285479711437822 -3.976260571255821 9864
0.009285842560319117 1.959583537917818 9865
0.690191377906324 -0.8682904520077875 9866
-0.4233942736505815 -0.2937297930508308 9867
5.799676213028052 6.583036197819538 9868
-2.984734063661627 -6.085958213009427 9869
-1.93140081386264 -3.324608720075504 9870
-7.091745740732778 -1.772516206913286 9871
-0.5754680788355114 2.298704380512372 9872
-0.3453210923494936 -0.1074576333609806 9873
0.08361412578515873 -0.2542839114804565 9874
3.059739565695265 -7.005399299924405 9875
0.5204069015992335 -0.9511214814343485 9876
1.032522638058003 -4.840117212942131 9877
0.3767593342721574 0.164585675496618 9878
-0.2905909062301943 0.6981088214447014 9879
-0.3310622778347182 0.09458303129299736 9880
-0.9675002041729072 3.032892430187125 9881
4.632676040033785 -5.424945437018203 9882
0.003235023146331605 -0.1878612239816831 9883
0.1207262909357422 0.1195557622712304 9884
-0.7450148631007449 3.029213303970563 9885
1.258175586750212 4.016112707823084 9886
1.10675048435493 -0.2128669941704499 9887
0.7723755722776597 0.09282720402465966 9888
0.1031026442947767 1.526491908989202 9889
0.4007045045653961 -0.05961952792700719 9890
-2.195117659558369 1.208975566164761 9891
0.2851642933997358 0.8027069952388812 9892
0.1229749352900427 0.4381990785573063 9893
0.6647710432949934 0.2595233789128386 9894
1.0895127349854 -2.626472540570431 9895
1.494840079473971 -4.888664061315037 9896
-6.647019237521425 -3.376416946039331 9897
0.3607943941366812 -0.06258749358110317 9898
1.256268087629638 0.6126805215041765 9899
4.535735616971469 6.215776915624148 9900
0.1162206655601617 -0.5183192587933143 9901
-2.607864846983766 6.46675438205112 9902
6.914097286652258 2.894494813663075 9903
-0.568674064472533 4.332025957764502 9904
-0.009271496427687617 -0.3496208629546133 9905
-0.3989962005501712 1.854335293529768 9906
0.3041968776427881 -0.644010456706695 9907
0.7196359571914817 0.05592975110428829 9908
-0.7823053785854344 -0.9988787206330944 9909
0.5363586154415113 0.0002346072355564423 9910
-1.846181749837505 -1.737334629111006 9911
0.02943178233654272 -0.1281542722094815 9912
-0.09579679795183974 -0.2017135202342379 9913
-0.1920951387132759 0.3120767862466945 9914
-4.008080043285347 7.665196730165187 9915
5.901407120957378 5.323992663473148 9916
-6.038225749010932 5.278476612020293 9917
4.214664413288978 4.415590689401172 9918
-0.6080088265295811 -3.666502994011685 9919
-1.873599981380647 1.171099884186647 9920
0.3531406744890013 0.5311164947352854 9921
0.496932750640423 -0.2868595681304937 9922
-1.025670047231385 0.3163531521174465 9923
0.08263971702545973 -1.61542415730149 9924
2.573022992384612 0.1512697001129971 9925
-5.153211669845309 2.311466091629676 9926
-3.306183397413916 -2.462908207441834 9927
0.2673317987451675 0.1842374024795165 9928
-3.152560997991299 4.401597175132724 9929
0.09543503438424383 3.683448479612212 9930
-0.5593550959840712 -0.3652153885535955 9931
-7.639669035102656 -7.144475605032916 9932
1.742904659558118 -0.7595945426486187 9933
5.793058309887444 -3.349774579162581 9934
0.3537451545164563 0.7018821752629343 9935
0.6446912141427206 -5.648787392425213 9936
-1.41736769610316 3.349728723927038 9937
-4.610472979027408 1.566475938893795 9938
-3.279090493134692 -2.180522797836652 9939
-0.6160639096381262 0.532106410306321 9940
-2.300605163383098 2.727164599077128 9941
-4.356268556560715 -3.761801169378788 9942
4.776494628780059 -3.274463706922627 9943
4.169858325485523 6.836576935072327 9944
-1.2916046677908 2.540122546164569 9945
-0.9537162717138525 0.1889928463465465 9946
1.760989529848826 -1.336754807903886 9947
3.061015122351376 4.987765693802698 9948
0.3369351129438196 0.1137479811490717 9949
3.114666811833166 5.85166793268141 9950
6.119846281911679 -2.209262825445317 9951
2.002708728186574 -3.120811390267303 9952
0.6082789309561342 0.01319843696191083 9953
3.030679411969023 1.769609256832628 9954
-1.867056643139328 -1.54667171317527 9955
-0.2475869643053448 0.08399886237742737 9956
3.41406574217749 2.58225057760012 9957
-3.81281598083773 -3.187051695273799 9958
3.093008912915606 -7.637756956276707 9959
1.139323557846774 1.665868716583796 9960
-2.649767454803936 5.973889204179004 9961
-0.1247425995710044 0.1016470653814656 9962
-1.67187139551205 -1.773082630351193 9963
-0.1250579640786339 -0.2322998340980811 9964
-0.4630876037852572 0.2075458490840832 9965
-4.105343980852806 -5.125550504721369 9966
-0.4090818791577239 -0.609266461718369 9967
0.3657846741057371 0.0891530339266061 9968
-4.594498885471219 2.510007734838257 9969
-2.409507990048768 -5.162414287380743 9970
-0.4113475273225267 0.1120775538939743 9971
0.3244699871550037 0.2237522914811614 9972
0.3634508810033257 -0.1148887421013454 9973
0.6306630828572773 0.3255742165985783 9974
3.045829812263912 3.223976486036414 9975
0.4592441827358195 0.1054612704212029 9976
4.519161207758374 1.192543562365075 9977
-0.2399477567697481 1.551248103170024 9978
0.426304343490674 0.1675468395175717 9979
-0.3605301515719748 0.3450565695493623 9980
-0.4917236702185782 0.1092823626268058 9981
-0.2857788478769899 0.2151860900509711 9982
-3.840036082859235 -1.521504927935386 9983
-0.5603087424372962 0.4313418656914155 9984
4.166623462608516 7.632285295529931 9985
0.1189014167781866 -0.2364467245976909 9986
0.03669940557520968 0.06930288659933818 9987
1.068340301437904 0.2290171009792974 9988
0.1046332188932 -0.4267952094513846 9989
-3.661382309506806 -2.122954189894088 9990
-1.344176554009325 -0.1517585759652585 9991
0.1632122651079906 -2.454092393553962 9992
0.547143082968512 -0.1812070268470462 9993
0.3035300342769814 -0.06781535804769039 9994
6.338207732283296 -0.08938978694870714 9995
-1.079807479112321 0.09516686334139009 9996
0.5968109791758317 1.912961042286383 9997
3.907154057852781 -1.232446543232806 9998
4.764355319361318 -3.822189964363924 9999
-0.4184164771590754 1.244749615764443 10000
-0.2791456670358591 -0.2995994671254753 10001
1.902562006365095 -0.4065155467191239 10002
5.018092856551409 -6.872214411685698 10003
-0.65346673251905 -0.6841222114037088 10004
0.2500257746014496 -0.1294197440594708 10005
-7.180036904997612 -7.638681837548759 10006
1.55813597538789 -1.949105641652242 10007
0.4241864734006883 0.09155215947364184 10008
-1.74029722114317 6.456921654744709 10009
-0.3277066226605519 5.063742278121087 10010
1.44546771370638 -0.2375938212555136 10011
0.00518885322105223 0.102867919782925 10012
-1.6292241901582 4.313384586269842 10013
-0.0003798421763238647 0.2772533221581366 10014
2.09572805602535 4.934084301882427 10015
0.1141124130106374 -0.6069482115992197 10016
-2.607614283289699 4.117667266739204 10017
3.576374817665967 1.020134707940215 10018
1.041865370514497 0.04985824503539549 10019
-0.1098068963250901 -1.354164220530403 10020
-0.108556764243804 -2.001313581680096 10021
-0.05537508936309514 -0.1115862302143551 10022
-1.575177689798439 -6.838302988899572 10023
-0.4026991220301863 -0.09912980324546158 10024
3.274448279768702 -0.2717227863575531 10025
-2.376008515389482 1.991827048388428 10026
0.316246637895824 -0.2829261274587954 10027
-0.2084007599846733 2.112138456155399 10028
-0.8599597550395983 0.6642527507965975 10029
-7.604686996882465 -5.759136900878908 10030
0.5017151301012566 1.442186649408192 10031
-0.5300562612033393 0.2461004593420604 10032
7.584676187554973 5.032369860025419 10033
-0.1194299926925734 -0.578531390603129 10034
0.3325875812917198 0.1813697429375464 10035
-5.402188454492866 -1.123806509084855 10036
-0.2322397181550942 7.678865563850987 10037
0.8311326367096656 -0.2645165297174226 10038
2.100525538459404 2.73820671642546 10039
0.8326039332369918 2.063615887460327 10040
0.01701751570286122 -0.7184086188187158 10041
-0.8803395127794253 -0.6974151860553383 10042
-0.1096962657941195 0.1286228665667847 10043
0.127293112221928 -0.2087167143768524 10044
0.2348544855725918 0.1102462060673201 10045
0.07383822460199747 1.398586302170918 10046
1.01434990116839 1.245876542433344 10047
-1.16827165437548 0.3058567038864584 10048
0.2283727709860862 -0.3868877084223802 10049
-0.5305619495976772 -0.002981434124815044 10050
4.443391807055538 1.854398751919429 10051
-0.8602985942661732 2.701362570208684 10052
-0.1527177920822176 -0.6069824486613302 10053
-5.000076381684244 -3.806313632768656 10054
0.2125772589843627 3.466391999352787 10055
-5.52899170182104 4.799381315325361 10056
3.914015352112621 -1.475344988103084 10057
0.4568052298892241 4.788330057489414 10058
0.9285909813318641 -0.09068415750813753 10059
-0.1712943653102836 -0.1198951105251159 10060
2.205272782774738 1.930563694253574 10061
-0.07691053901791733 0.2812818089197228 10062
0.06344397746900778 0.1809398869612403 10063
-5.331965360981584 -6.309803978197166 10064
-0.5765656638523851 0.7566697881100003 10065
0.06954059771845497 0.1224636197004802 10066
4.499100932194113 2.945257389292156 10067
0.8608669034635743 -1.515381880476201 10068
4.092209274509811 -7.088545834479335 10069
-3.300754160999073 -7.043005379338403 10070
0.05520638566131068 0.5219012367694846 10071
5.781928638560512 4.776382952671106 10072
-0.7915285000250794 0.9350867731802487 10073
-0.4091596645237412 4.593063426539884 10074
1.230158214872089 -3.466664765967581 10075
-1.28698171917047 0.727969777715506 10076
4.877468270466164 1.521921109556832 10077
-0.7716430116970101 -3.993579076706288 10078
0.7984794796963728 -0.04886392264836215 10079
2.548107601003246 1.473766163715162 10080
0.08450376661605792 0.08510700307647673 10081
0.4992626083960927 0.09302627338595301 10082
-7.602930987715799 7.03027114298767 10083
1.872463996903527 -3.326639613019987 10084
-0.3158342820745701 0.1843035807986064 10085
6.397720012844951 -5.132297288807437 10086
-1.658294368804241 5.514761604489699 10087
-0.04157823570312163 0.3654146901739344 10088
-0.1315610165768215 0.6987354662535001 10089
0.253489670283002 0.1484799936017359 10090
0.4814563583864984 -0.4168180857470386 10091
-2.059551590571636 -0.4801455255684007 10092
3.901347608785566 -1.904023086248631 10093
7.072545117253322 6.743751899786045 10094
-1.195504297095179 -3.308360675385811 10095
-1.141155972572841 -2.795396334626562 10096
-0.4147029274473735 2.548647053211615 10097
-5.985983501314116 -1.397792343403377 10098
-7.092372026886624 -1.00688407237309 10099
1.568380555639325 1.844465932199737 10100
0.9248842458321934 0.5488231526838969 10101
-1.201997323443045 -1.055021027507799 10102
0.9510194356925266 6.928166380122027 10103
2.110220041521842 -1.617248311416983 10104
-0.5091492235533652 1.659149672663079 10105
0.6819109985266112 0.105365429755781 10106
-0.1040002914554313 -0.2378282541458908 10107
0.3839076360185399 -1.545753777645263 10108
7.675026475884941 7.186803145095519 10109
0.5279401018304235 0.2159776228480522 10110
0.5026763516003021 5.381421883107382 10111
0.509703319103791 0.02247061172555189 10112
1.704344200022626 0.4178562499758875 10113
-0.4730100167776467 -0.1264153484386766 10114
-2.060048214760037 -1.523459192837527 10115
0.04892713387864059 -0.2863263413238654 10116
0.0245199439858507 -0.1747869474996757 10117
-0.04419430063556126 2.60530668353346 10118
0.5301512916266653 2.465690315749942 10119
-1.786551017762424 -4.946970055347972 10120
0.2762500210761264 -7.672910197104745 10121
0.8291992405052362 -0.07627290376345762 10122
0.4816531688387224 -0.1072468259945129 10123
1.332025854399126 0.1105207942773097 10124
-0.2915977482016676 1.137717433234401 10125
-1.761495552582032 3.612363982933184 10126
2.132556967524522 -3.969635624107931 10127
-6.245426400388263 0.4888862675144175 10128
0.33358219021673 0.03662861978087308 10129
-6.53388258547906 7.04422031351127 10130
-0.9801616749224114 -3.934733057467601 10131
0.9628786346994784 0.001515468575687621 10132
2.183093758619442 -1.367556766712222 10133
2.477148806141694 7.653429915660932 10134
2.472933535950132 -6.164155498441471 10135
-1.822149792837292 7.674182258833693 10136
0.4923342977574796 0.02583793211569865 10137
-0.3815484360035569 -1.566834043906356 10138
-0.3965949481314439 -0.1982064672914198 10139
-0.7124615650916268 -0.6340447865331745 10140
-0.9308571615799365 -2.766866043190817 10141
1.889767497613808 0.9909980727581955 10142
2.183371738420674 -2.132557043962986 10143
-0.8590567243269651 -0.07242728580226773 10144
0.9877822922357087 -0.4890112157471451 10145
0.4812788184569013 -2.360099483798585 10146
0.0841689183822803 -0.4517448553971036 10147
0.04004212503505416 -0.1084057156525652 10148
0.356468759548576 0.634224219615554 10149
-0.4171576492532554 0.06967790988421729 10150
0.5462816572869679 0.09025748954752788 10151
2.172931813206423 -0.7116135294417889 10152
1.425168613440978 0.5201485652240434 10153
-0.5717482943365573 -0.1271120459633414 10154
3.509561738695505 2.182008127456482 10155
0.1989635464410117 0.1607401077378886 10156
4.289309263508803 -2.930296347250405 10157
-0.8645432190049311 -1.07072208804532 10158
-0.7477792103905818 -0.1827015948402245 10159
0.3195937204235896 -0.9987426895355567 10160
-0.249603834644387 0.1293279607585137 10161
0.04703849275993716 -0.2220610936717939 10162
0.2178203058636997 -0.2212708190873006 10163
-1.420604535692948 -4.540538322178597 10164
1.321583069556522 3.171368909877974 10165
5.297905004290177 5.134987440314559 10166
0.1892920772214792 -0.4955488601483445 10167
-0.5870617821017343 2.494522048025885 10168
-5.841718813800089 -0.3078960848908429 10169
-3.426225061616124 -1.683036226544799 10170
-0.4412910074853262 -0.2658635927512435 10171
3.635792046332939 1.793621088553846 10172
0.2026573739908384 -0.1557307042619578 10173
1.803666165415116 4.793694239766183 10174
-3.407725309300036 -3.926395606048565 10175
-0.567924842605611 -1.643622549280103 10176
0.3535018641404413 -0.5695902378470684 10177
0.3654040892550093 -0.6151951690258559 10178
-2.44967129682515 -1.56368295812632 10179
-0.4956648134774283 -0.2757355119472626 10180
-7.130322881696981 4.398068427301084 10181
0.6628668215309357 -0.3939233832610012 10182
5.14329765102706 -7.645499664428119 10183
3.137926302869245 -3.682481295572954 10184
0.9938456111259191 0.2396810504470592 10185
1.218224855142875 1.167858634164181 10186
1.548479819179351 1.366464271034399 10187
-2.270794936911801 -1.188639930362118 10188
-1.411724143257353 1.296837263326937 10189
4.853415825842225 -1.619964920596833 10190
5.066666666674808 7.697854057495348 10191
-0.2186372975289695 0.08311900528587837 10192
-0.7950025018474993 3.371852271005835 10193
-3.432614583669413 1.662668800729496 10194
-7.104879779293648 1.263156779753248 10195
-0.4706518276724296 0.08785093375786621 10196
-0.1283747344042687 0.0788857073154782 10197
0.9496193843575671 -0.978880226709578 10198
3.099279974625143 -2.802316938152206 10199
-0.3857639556327012 0.2501593530054387 10200
2.981331629464633 1.146684015504962 10201
0.4338107468781183 1.51583488446838 10202
7.104763864216414 4.895242542351471 10203
-1.06411990307532 -1.766095534495562 10204
-1.217624633307813 -2.592151125603217 10205
6.460246997978176 -2.014455983126574 10206
0.736609799488214 -0.5463966208039732 10207
-0.01457589138924549 1.72608699282344 10208
-0.1130993465939558 -0.09150824558608098 10209
4.534344338916527 -0.5085179302992191 10210
-1.024301832161695 -5.261076445110363 10211
-3.991502751777384 3.149907035979354 10212
-0.2605319824606649 0.2240083707429067 10213
-0.03500335817271088 -0.2483823719109465 10214
-0.1430264302378691 -0.09184593595689533 10215
-0.8645620517969561 -6.352137015005719 10216
-0.300383583456492 -6.347163835180888 10217
-0.269539102645411 -0.1304919515816194 10218
0.3038312640154522 -0.3418928035185775 10219
0.05940883990700867 0.3488138307133051 10220
1.756511998661696 2.619199016605793 10221
3.11484235433694 -1.869443010295219 10222
0.001285754817468452 -0.2662301853286624 10223
-0.7124224180692469 0.7572022375940548 10224
-5.175125695870895 -2.894249981917087 10225
-4.667631750572452 0.1241656484855059 10226
1.178017939257349 -0.8667074659567326 10227
-0.915464357732112 7.664164778301876 10228
2.565169587630336 2.102668555599805 10229
7.212227679450412 7.668298748003012 10230
0.1535087333695121 -0.539883492805673 10231
-0.03117403102991427 0.2807477650832315 10232
-0.2187563151549632 -0.4747224073043381 10233
-0.2505022970441209 0.4829944400862801 10234
0.7911447622167534 -0.1960911053988667 10235
-0.6150374415543731 -2.349975710923709 10236
0.4122808170896023 -0.08329602576128932 10237
-1.722337983904693 -0.1493567306461193 10238
2.429293529172662 -2.224953260451281 10239
-0.4849075803947417 -1.277383858521115 10240
1.895075361170231 -6.156481119901409 10241
-3.578722742266025 -0.7419697390496071 10242
0.3239677192490088 -0.8582211752037132 10243
-1.375041011698042 -6.271639607593535 10244
0.2458077824385133 0.09235365296257354 10245
0.262913251502408 -1.896270310807684 10246
-1.235750754735855 1.461469363953873 10247
0.8513693409215375 -3.130302952010956 10248
0.5984138802655208 0.2460814214804165 10249
-0.03203048457799516 -0.1025327753324421 10250
0.5478719269267245 -7.232598079853697 10251
3.335416011716646 3.638654832985864 10252
2.216449232919106 -1.12621265238092 10253
-2.080271468014604 6.450199052946384 10254
0.1671639842459283 0.3919574849377399 10255
4.866823755145035 2.62071104682063 10256
0.6664219119896918 -0.2085901941452487 10257
0.1985184094012469 0.05244917062507629 10258
-1.981909448578367 -1.949488379719228 10259
4.379634620606812 -0.07052793445529076 10260
-0.8678740233331548 4.479979947571106 10261
-3.242212208450736 3.572763416221715 10262
-2.811923813684393 -6.715671045846548 10263
0.01631073665760418 0.1393185344626935 10264
-2.899343523510427 -2.979315844107985 10265
0.007545498309893642 0.1771995931500381 10266
-1.497148971664716 -0.9067537030067221 10267
-0.06415786126415866 0.4312527325409339 10268
-0.5150941468383203 0.03985972959286915 10269
2.794537169668029 -0.5946316576271966 10270
-3.006056781638872 0.1844471920085108 10271
-0.3022350405182064 0.09757611647005689 10272
0.6652392242646462 -1.553801808138996 10273
-0.30944356428033 -0.8198029478254466 10274
-1.786818759926291 1.434707816909499 10275
3.559654538008878 -1.29713392183587 10276
0.04009844099820374 -0.1591978835691221 10277
-0.3930554077611403 -0.2855376494937348 10278
0.07754318476665675 -0.08591163450345442 10279
0.4169726607867337 0.6168704970603206 10280
5.156004778593367 -4.634823230408442 10281
0.09055017283033684 -0.172840302072834 10282
0.5051228749606766 -0.6281666943069347 10283
0.5505129997452085 -0.05899481670344246 10284
3.351501060736592 3.943394975237422 10285
-0.2254857786602221 -5.25381972880253 10286
3.841345818730359 -2.777913051561338 10287
1.477078162497192 -3.513344221437395 10288
0.2657269601038325 -0.1655277901486323 10289
-2.630550523174173 2.649122350426045 10290
0.6215733463853792 -2.445672734191962 10291
3.194289010240221 -1.298273909019291 10292
0.114485568398316 0.6516097045138911 10293
0.4514527243353008 -0.2275477297866303 10294
-0.1053070086189784 0.4444596164785138 10295
-0.3715339034575245 4.153150640973883 10296
-0.01249616752373329 -0.1044086376609044 10297
-6.192011442787763 -3.320897691725401 10298
-0.5596372077476552 -2.097966536983085 10299
-0.5542851577738502 -4.389775801856803 10300
-2.901167787286023 0.356202260539007 10301
-0.04425311641531465 -0.4302469128556324 10302
0.1262004089146584 -0.3296872796197349 10303
-0.8355994967695697 0.4397177849940906 10304
-3.773156181513063 -5.508780015612806 10305
0.7527261747175654 -0.2396112855757633 10306
5.05463302430337 3.74358173400958 10307
-0.2268842895288955 0.2396375658763466 10308
0.009235310427348528 0.3182368425455858 10309
-0.1146554315446261 -0.1151974890413976 10310
0.777470560976587 -0.1304678109238628 10311
-0.632500718979822 0.7000647442051511 10312
-0.189482286554707 -0.09388360414773703 10313
0.07569979016136343 -3.556288620027336 10314
0.5921484507213967 0.4365777461525819 10315
0.7247603665530368 -1.05239869563005 10316
1.172268997780769 -1.167223725869567 10317
3.695121765196636 -5.604186868673555 10318
-0.3208642837985997 -0.1003204738690921 10319
-1.279307326232734 1.125842040812577 10320
0.4694338213453849 0.9477070939466454 10321
-5.169885323850785 -2.574569481644504 10322
0.8659309016266024 -2.40946067053193 10323
-0.4719225094566109 -0.1452911245859896 10324
-3.978409625920567 1.30840290786011 10325
0.6173963572924472 -0.4013071467829118 10326
5.983606862414737 -1.126016879410998 10327
6.140197309422296 -0.4950626556965705 10328
0.9568214717473624 -0.8094353794877163 10329
-0.1935985291504408 -0.5407121533568519 10330
0.1993720029428328 0.2089072565392417 10331
-0.1414081314860019 -0.1160680661765324 10332
2.748888442149531 3.00941439147828 10333
0.5664971209555798 -0.04166219311788927 10334
-3.605334499521388 3.818464731994086 10335
7.607724281126258 3.269656276955819 10336
-7.590385740545724 7.596613426442751 10337
2.925777467676235 -4.960558505048108 10338
-6.607791724053158 -0.4669523953465743 10339
-0.3677218512158592 0.7878877885839768 10340
-0.6899409286737165 3.195325379752757 10341
-0.7950182113088451 1.682998748851195 10342
0.2186552386754325 -0.2939724932019947 10343
-0.3266905102109169 1.00026432180815 10344
0.6632550857627946 -0.00157366624361675 10345
-7.658232083365816 -2.877060939207347 10346
0.175247670176649 0.2585043551358746 10347
2.078892182946277 5.255824755381815 10348
1.777558558453519 -3.754114305905053 10349
5.281077113245767 -5.301270396986154 10350
0.427973755704615 0.04335050420857995 10351
-1.103131439640397 3.509034543526982 10352
1.342507400851559 6.915678259900891 10353
1.302127133773136 -0.03210198465109027 10354
-0.1980455224388738 -1.519157253319811 10355
-3.632100604514977 -6.400262443993872 10356
0.03619034571248754 -0.08559924129589734 10357
3.215803941171167 -1.495571093349567 10358
-7.651441808786574 -5.030895497244334 10359
0.8389217474935103 -0.8778704192061683 10360
-1.453225312132811 1.209784523620308 10361
1.74949450229144 2.817683079344889 10362
0.4743973797199047 0.03062744999222441 10363
6.59222495717778 -5.506964868138864 10364
6.8566390396961 -4.010875203080398 10365
0.1796818527491503 -0.4216612648737422 10366
-0.3880037697754392 0.1246933133721295 10367
-6.336652394634557 2.411069956680306 10368
4.155837882744265 -4.329703762448847 10369
-6.649629454007867 2.505891365127232 10370
-0.07197961459922851 -0.4589583250921557 10371
0.7685966149928923 1.636303205915483 10372
0.2466345393230057 0.3627258519396033 10373
-0.43871207833259 1.101044530452216 10374
5.925091160887388 -4.680594485791103 10375
-2.399184990012236 2.362278037861932 10376
-1.509227672611142 0.7104774155507196 10377
-0.4659549848529129 3.74198590452059 10378
-2.622451533765771 -5.926178035068931 10379
5.421530087501425 -5.675336101560882 10380
1.148371342457094 -0.02454544442573055 10381
3.982823935136066 5.283755357114453 10382
2.409672620077139 -1.15904324854053 10383
-1.950057675096371 3.243101049557325 10384
-0.1732672811785458 -0.1605036456220133 10385
0.5550193646807531 4.009529998251931 10386
-2.872255960163058 -1.535525853460311 10387
4.621113109141035 -0.05071898569121144 10388
-0.8161166645884628 -0.1658838483578927 10389
-0.2046673907925549 -0.09260368232234868 10390
-0.3527579239754406 0.09365231769653834 10391
3.674303374393178 -4.151175867344127 10392
0.5580244591601867 -0.3655474587836111 10393
1.192278690470759 2.62307078387801 10394
0.05281319540431922 0.2874827530678803 10395
-5.291271932236541 -4.953736158520031 10396
-0.9003686128139539 -6.919495740993687 10397
-0.2872380420299676 0.09798921266005602 10398
-0.1709505322709994 -0.2586824454400137 10399
-0.4238448128505907 -0.3781903926988034 10400
1.261637241943987 5.855592199141654 10401
-7.166853723374148 3.249962166062155 10402
0.7759548805897293 0.1736248027868307 10403
3.115860065357563 0.5995597882068207 10404
0.9556867972629739 0.07818303077187452 10405
7.703660723115696 -2.410448054525318 10406
-0.4358652458722428 5.329044437756583 10407
0.1707898223325909 0.05555665637367341 10408
-1.143062258749269 0.6811838838748578 10409
-3.915679376739605 -6.683050130506762 10410
0.6617786608702199 -0.1016278977701395 10411
2.603191586121183 0.6637767627311792 10412
-0.2086544215246525 -1.307131383154053 10413
-0.7623205427165326 -0.747219273810154 10414
0.3372249148839286 -0.3860816411332718 10415
0.09564146248331365 6.183145904802011 10416
1.583769971842925 -1.037965475772084 10417
1.775976278531915 5.378496642062348 10418
2.887155180381337 -1.493421033881869 10419
3.876934576063612 2.631036471492102 10420
-0.9446905583460012 1.32981392587045 10421
0.05591492351578307 -0.1199329737333334 10422
0.4423107195616585 0.7091140965898561 10423
-2.326288851846818 -0.669529584784086 10424
-0.161456427604545 -0.2192167630633287 10425
-0.08209095214698703 0.1309551248568975 10426
2.638848963289965 -3.966609553722552 10427
0.2428266864893042 2.635777235208829 10428
0.345145854049816 -0.3299564435371008 10429
-0.7403128362783453 -3.300935127135668 10430
5.01073944414814 -0.7425502969265271 10431
-0.4644028844842787 -0.2139129202202996 10432
1.032980036074972 -0.6607297257887339 10433
-2.5646189814181 3.438173484563209 10434
6.448679691076436 6.436083546877907 10435
0.9877197659205844 -7.187706431231675 10436
-1.383537909355772 -2.89984803390595 10437
0.6149486068912151 -0.09256749228305676 10438
0.02550158062199499 0.2081884125218062 10439
0.3943164466854322 0.04692638045115712 10440
4.66480515017234 -2.208203838572117 10441
-2.13532135884633 -0.9064853983454246 10442
1.671846399639559 -0.03672553632446012 10443
-0.500176713905199 0.9662435775695669 10444
-0.834396136042147 0.3529406729880064 10445
7.096174084351427 3.661088101168062 10446
0.1373507681754107 -0.148556083679383 10447
0.7150601291282547 0.2109196903693501 10448
-0.5689010414944398 0.215377710851147 10449
0.9158611514956245 -1.30691108136432 10450
-3.469154982433368 0.66131127338676 10451
0.4757142072861843 0.1162688241921282 10452
1.737469668586868 5.693032450660125 10453
-7.081237819567925 7.636369959298509 10454
-0.2429351863237346 -4.545409662403774 10455
-0.3372800333131615 -0.4383269597110809 10456
-3.257770398828141 -1.23774370410196 10457
2.622690544242653 1.777870225218149 10458
1.149714977677816 -0.1364488725932336 10459
-5.141462133586405 -1.633756714756795 10460
1.39827316753609 -0.6584268995744118 10461
-0.3375275352532657 0.1778677603382783 10462
-2.002726839156679 0.7599691094070167 10463
0.5929097981902299 0.1062789116901732 10464
0.8028745690231436 0.6417076982474819 10465
5.360320098633131 7.061435689938811 10466
-5.048911112044113 6.995542564359227 10467
1.904854213464447 -3.982408100805595 10468
-2.910060845547455 -0.9226091644483194 10469
3.670041066818924 6.240163850538041 10470
-4.649024016317287 -4.775388872511836 10471
5.590364360166591 -1.059794458636881 10472
-7.100832468663048 -0.2584828490417533 10473
0.8263593278651988 0.3200379496164363 10474
-0.6849918381808611 -1.827447265178396 10475
0.4235787601605815 -0.1756323566854348 10476
0.3723505101757714 -0.1528242780693544 10477
-0.5710802356424768 0.1546173677822393 10478
4.626501123234524 0.7331104855554185 10479
2.216242513300912 -0.9589864652587606 10480
0.1086014227707039 0.245835070731762 10481
-2.250303556498513 -2.141136550827602 10482
1.792516736726102 0.8455493805170408 10483
-2.516572244052189 -4.882402624775947 10484
-7.628937753679682 1.687041732969312 10485
4.30930619537186 -0.2907471535668472 10486
-0.3798624141542878 0.3690613301653557 10487
-0.4256973896756556 0.1884464198640265 10488
0.09601588941547462 -0.1170758300353011 10489
-5.350888882619637 0.06128865102687433 10490
0.3878999274069924 -0.09464316635768907 10491
-1.994755678869127 0.9017055952212136 10492
-0.4940210482376814 0.4666261044394173 10493
-0.2425815127350158 0.6204147425422555 10494
2.845104922269534 1.300684600135968 10495
-0.02009166230936345 -0.3008760984354539 10496
-0.001229196246095309 -0.802258438115963 10497
-0.1894195616916811 0.6877951006906605 10498
0.0356672265401194 -0.6459164899155547 10499
-0.3211213085131701 0.3679054410392875 10500
-0.5988625311570603 0.4346452164649877 10501
-1.990351584050668 -0.1688530092394123 10502
0.4607981945246074 0.3015090283429123 10503
-0.6775916983911483 -0.1548148232685852 10504
-4.627088882686696 6.989131329608226 10505
2.487153047558554 0.2858295532769311 10506
-1.165219701856154 -0.6041842369743158 10507
-1.910563917228075 2.369197526384708 10508
-0.7365092187114124 -1.355165753343852 10509
-4.919132915098326 1.093555342315111 10510
-5.156041756878802 -5.329865708050577 10511
2.527355817506898 -7.122381182510208 10512
7.088114187061232 -0.6569795018530076 10513
3.249522187387977 6.878971778084291 10514
-0.005227366483338826 0.4764470253884991 10515
3.813214043815662 0.4065648866654317 10516
0.6673470872362112 -0.3490054317055024 10517
0.3888733009412443 -3.50061320138607 10518
-3.523993980088757 7.051233541061913 10519
0.5018776751798492 0.007890815626252667 10520
0.2161110954300306 0.2957974613816881 10521
-0.8026461392914317 -1.671670409511251 10522
7.720557421281395 -0.2632014495644275 10523
-0.1900154378875934 0.1936907447236847 10524
2.658326421134602 2.268062698054862 10525
3.380903880601501 -0.1280471914529026 10526
0.4610579280630231 -0.165494302201884 10527
0.3305149305301666 6.801837728774863 10528
-4.252328492587126 -3.167905711424638 10529
-2.619101744628813 0.1135705956342658 10530
-1.31347378939187 1.835035957408151 10531
-0.3701530019728189 -0.1022362367972732 10532
-3.466666666679254 -7.718648939088496 10533
-0.1430989424873486 0.2338767303328543 10534
-3.629974214768821 5.329267336902665 10535
3.282769558268279 0.05356780924270486 10536
-1.350640016887702 4.444043901447367 10537
-0.2147603169324249 -1.214585746263865 10538
1.77006702262756 -1.933639293572142 10539
-0.4351389498338228 -0.2176971632474735 10540
-3.753648625019133 1.386718316143391 10541
1.278417481003645 -0.5085327693444248 10542
-0.9235220899351052 -0.7963353869119071 10543
0.5811130205669129 0.1264072411495742 10544
-4.909153924523922 -3.547503637500277 10545
-0.3004511583708553 -0.1043640588957531 10546
-0.7970214401682137 5.001037161836217 10547
0.5934419393392985 -0.253444887469965 10548
1.333333333314829 -7.7240652403429 10549
-3.457316413895228 2.078730418442166 10550
-6.91411298777307 -4.171323901590353 10551
-6.537440922783407 3.056032904969507 10552
-0.3128550880375795 -0.1407711759962357 10553
0.5370306787316759 -1.669906821295525 10554
6.303488113220443 3.930915268694933 10555
0.08982899009417847 -3.949005426996859 10556
-0.08183442813579592 0.1666524320348988 10557
0.1921068480192052 2.476567873781619 10558
5.849647933619769 -5.278406374636065 10559
-1.43754448582603 4.993074939987361 10560
0.5210006952662376 0.1702749401175942 10561
3.426316663762543 -4.005569176149006 10562
0.9174839519472232 -0.4863486158731027 10563
-0.5725571989510536 -0.1608793647355526 10564
5.048161287859533 -1.871748476777251 10565
-0.7453181707281392 -1.153195416136247 10566
0.1145523641377368 -0.2792882708980742 10567
-7.163333876271953 5.110629946381986 10568
-0.2180456787408771 0.1782667657164132 10569
2.309709034458756 0.0900398434005449 10570
1.081310516247034 2.88519026718644 10571
0.4975681016673587 1.902664680382433 10572
-0.1340302220493312 0.7638457222045405 10573
-0.5420672860991277 0.4713768408084963 10574
-0.3371301446974733 -0.1362737571452912 10575
-1.741862314890362 -0.2663134765041243 10576
0.2602418285735219 -0.1989560328341664 10577
0.1976338088200423 -0.6469808249663499 10578
1.760933105378384 0.1119390957210234 10579
-3.346977126494208 2.775473485179616 10580
0.09663235751518096 0.09846456196438541 10581
-3.369309726449734 -4.277317889362653 10582
-0.09279150250545877 -7.081830390110625 10583
0.2725562641793478 -0.8099762258226676 10584
-7.649310691755828 0.8334288526232408 10585
-1.108532854420821 6.911158268404352 10586
-0.648338985388397 -2.620042096302543 10587
-5.594962491431509 -0.5351613519409379 10588
0.1613986403530207 0.09269768673810933 10589
-1.922728365909198 2.17444635477551 10590
-0.3752411549040995 0.5992584148580413 10591
-6.003889803331435 6.520485876786552 10592
0.4153005905842446 0.4078006705025023 10593
-0.9058822061437755 -0.3786280351429603 10594
6.028663526456495 4.23486288462283 10595
7.672125563181734 -6.550471441102132 10596
-0.6091110559540504 0.006590203769233816 10597
0.3640501086605096 0.232249434333024 10598
-0.1543868893685227 -0.09328132994970567 10599
0.1849126877348496 -0.1114451425389874 10600
3.444203627053483 -0.6835681994617036 10601
1.182767902006642 0.0793072634295488 10602
-0.01015783474177141 -2.038591171578392 10603
0.6610390089282741 1.281553412506891 10604
-0.3511166217350234 -0.1927084083416668 10605
2.131896572312665 -4.421147842480089 10606
0.6527552135756604 -1.990975951672078 10607
-0.3978132092882702 -0.860228837568449 10608
-0.3196480691893488 0.4687835519543511 10609
0.03044634807149054 0.2716401927677453 10610
-1.75206820323546 2.883646668667639 10611
-0.1404243650730932 -0.294292273001332 10612
-2.772983409473681 2.491464951006128 10613
1.280214667022229 -1.188745965249616 10614
-1.55540052204733 -0.02262655239019587 10615
-7.643752071540626 -4.130715165425007 10616
2.324570350056277 -1.440593282205683 10617
-1.096426334033169 1.328723380468347 10618
0.169249141208402 -0.1477514557282147 10619
-6.567957627957434 -6.265770388683606 10620
-0.3071165926286065 0.2751214048595245 10621
0.3967656284643216 0.07392402325569628 10622
0.5144370882603236 -0.09767783360122034 10623
2.16846884727958 0.02811234848413532 10624
-0.1433678738277597 0.1250118857301048 10625
-0.4788444739558883 -0.7432773544990123 10626
0.9214945267121309 0.3395382920647432 10627
0.1752067744088536 -0.09695913856537199 10628
0.7072562664849931 -0.3342450920514475 10629
-0.2291067809750813 -0.5142538108656582 10630
0.09841253514684883 -0.08390054175394869 10631
-0.5660470677640774 0.2754629774509639 10632
-0.4489407869237265 -0.6490641609758326 10633
0.1630555970762029 0.1465122962736905 10634
-1.005493954316751 -0.1051223324689485 10635
0.02539675193913811 -0.08750562020615693 10636
2.253126547256633 -0.4346883024749394 10637
-0.2067397931540189 0.2519687163088417 10638
-0.4323212372236813 0.8657540389071201 10639
6.469731702161636 4.620581723642847 10640
-4.256921645400302 2.956848147054377 10641
1.034822799647326 0.3501207872396081 10642
-0.7725061317566646 0.2563564551382442 10643
0.005372939137230586 0.4017190786321838 10644
-0.2385771522793337 -0.6476179322158596 10645
-2.528981340612638 -3.343569852999383 10646
0.8749861252197901 -1.017566526773181 10647
-1.017442784570822 -0.4930669177736857 10648
0.367881769466202 -0.3083279271724653 10649
-0.3897234710644744 0.2031045343777694 10650
0.2744500719456346 -0.1044290754378961 10651
-4.883659311517834 5.003646517568531 10652
-0.8538644438718377 -0.5920896531150075 10653
0.3140997671493731 0.1725176371622452 10654
0.0117375942281028 -0.1085289420458781 10655
1.100461301244843 -1.475663531309938 10656
-0.3914711761698087 -0.09247548614993177 10657
6.664037239354709 -4.8567062847177 10658
-0.3325622001068852 -0.2821406012780305 10659
0.04329445069637622 -0.4936116115231907 10660
0.05199111125564779 0.4417457349060069 10661
2.802755816077515 -2.024441061605559 10662
5.477501327973981 -2.03979354660654 10663
-2.563109679275737 -1.916656601873235 10664
0.4410372943313642 -0.2084287564775047 10665
3.40083630805576 -3.732034305387722 10666
2.342908580174434 2.095576393680411 10667
0.7723747780633701 0.2608665806092657 10668
0.3405120111051137 -0.1125831890566681 10669
-1.071722119307828 -0.2359668059551027 10670
3.52989721566475 -2.151893422601351 10671
-0.575332395807681 -0.07148288782312726 10672
-0.4645978634955255 -0.5539503409091245 10673
-0.1331423548433512 2.340406282319957 10674
-1.144914042130978 -0.3857173009281901 10675
-0.7313455645023765 1.887714627427102 10676
-0.4983418398389595 -0.04787469034464163 10677
0.9568416372012136 -0.1360525573228452 10678
-7.139807532557258 -3.86940283448467 10679
-5.659686832108507 -2.981611107266552 10680
0.5454173176617643 -0.1603397486909097 10681
-0.2979861443633703 0.2386321456361342 10682
2.022475876753826 -0.5978106143022218 10683
2.727393220185733 2.593569727894827 10684
0.321020221250547 0.08822709238579017 10685
0.08733910508199628 -0.5425217314825986 10686
0.5396797909000692 -0.01824855388941117 10687
-2.394135388185569 1.45167549362681 10688
-1.276605251462588 0.4767701647206297 10689
-3.429387547137014 -1.385965612471532 10690
0.2221787188841775 0.4238910109283035 10691
0.1597407210213418 -0.1119720275591702 10692
-0.2392272794946557 -2.171211170064004 10693
-0.1207888661446465 -0.3024805684709327 10694
0.2631921134720547 -0.09030884114720006 10695
4.321458279152087 2.073104478079981 10696
0.5318471156592258 4.282592665924965 10697
-1.377441829595336 3.713435087442095 10698
2.29204463823714 -4.209555070078805 10699
-4.878969541764221 -1.32533700774216 10700
1.572756608643816 0.09262262349808864 10701
0.5470093952398115 0.8927064173575945 10702
-2.609772020732769 4.428096262289307 10703
-0.2813377158056869 -0.2391327024476601 10704
7.053869781009213 -5.450216069987949 10705
0.1886342915936728 0.2907933112500261 10706
4.548522960755005 3.898687237790873 10707
-0.3691104068709006 0.1288462256952737 10708
-0.07224212633510257 0.3129650827963361 10709
0.3042912620341948 0.03988665207506279 10710
0.5009651563795776 -0.04331436814917961 10711
-4.500223613347531 6.009330307659377 10712
7.076424967333582 -5.063102799873672 10713
-2.057452870643816 -0.6120676742639723 10714
-0.4955434859193417 0.07222744088615549 10715
1.676502135041515 -1.471643977123769 10716
0.4670644324354163 -0.1860895420101648 10717
0.3973734852744508 -0.4293818116780381 10718
-2.447691135519459 2.584425380893567 10719
7.676016215450967 -7.201618450767175 10720
5.496310236121062 4.521894931762215 10721
-0.2529575437672855 0.1166442738185585 10722
-0.8174438895382253 1.089216135469585 10723
-0.5219593695201099 -0.1394087685767025 10724
0.5187409089485022 0.1225320645070681 10725
0.9121050772659383 -6.582044568521717 10726
0.1508965131878081 -0.2744636611814272 10727
0.008495152067686239 0.1152643885008827 10728
2.140982402555501 3.134358666755513 10729
3.961470347594281 -5.603679387734497 10730
-1.061734016137643 1.040244600518015 10731
-0.3957815505568317 2.719345439032042 10732
0.6666772544997317 0.137283694603866 10733
-0.1028829740336747 -0.1676488611263791 10734
-0.1438490090940374 -0.1913265862938708 10735
-0.1701881108826335 1.646162509741019 10736
-0.2212001245098851 -0.3088311753802933 10737
0.2063785605573488 0.1001146811095242 10738
-1.024741966308526 0.4292409194900514 10739
-0.2545208214224023 0.8125321340537044 10740
-0.1860193912133203 -0.4693488313151356 10741
3.675786944812491 -1.748079338191099 10742
2.313076841731236 1.234352779190267 10743
0.423375892340622 -0.07421095266105646 10744
4.488938667368406 -4.380990519555439 10745
0.3910362953848789 -0.2602278781067117 10746
-3.73950086795439 -7.057018190528463 10747
7.158527651281101 2.539921164061236 10748
-5.099156219850717 -4.359540051586979 10749
-6.303981072102196 4.67530256643132 10750
1.86514776520569 1.481170086858877 10751
-3.380832502893517 4.567193702617564 10752
0.8270854043796428 -0.3084110876522888 10753
-0.6126636269770332 -0.5788038674382888 10754
7.587297635358917 1.127990936051197 10755
-1.153762304258859 6.351903605910486 10756
0.9662988573996203 -2.350741073514421 10757
0.6045575077233996 -0.02970683129328089 10758
0.9674521859452473 -0.6696127570608703 10759
0.2638895072076709 0.09929789894907279 10760
-0.2230236352823012 0.2163336836684944 10761
0.2087620001285675 0.1856596307463161 10762
-0.4267200180460899 -1.122154756199675 10763
-0.9751999513521112 1.593370494755272 10764
1.059286380255218 -4.074249057828816 10765
-6.456763194620148 -7.62543969505727 10766
0.1831987822149355 -1.017207850459737 10767
-0.01140997005766087 1.552233783168518 10768
6.904718366087228 0.9701292719907549 10769
-2.81647128404634 7.143273730262572 10770
-0.07149624406514041 -0.2469589269423954 10771
1.709109313277273 1.799781208634985 10772
-0.1807305510438774 -0.6957368131334279 10773
0.6327471702738303 0.1363160394330124 10774
7.631946688144067 5.4108764729029 10775
3.90616885971534 2.318382638359507 10776
0.2941215479722603 -1.607132077413215 10777
-0.110860481454781 -0.1431720237447339 10778
1.728965292126545 -0.8576112012639805 10779
-0.049552704857148 -0.3242668799316628 10780
-7.079082883425425 -5.479754455250095 10781
0.3156634680771717 0.252628617029321 10782
0.3099799667562331 -0.2591697261396041 10783
0.4653597657383332 -0.8125939975462253 10784
0.7411291083205914 -0.3556707749653731 10785
0.2597722142789279 -6.171298572029686 10786
0.2186107807488741 0.04975761019828251 10787
6.795923102176278 1.76535062631419 10788
-0.5747528092984084 -0.2650889115894957 10789
-3.026234330176027 1.436774702274722 10790
4.392087396492602 -5.168537477968311 10791
3.381906667007091 -2.525694104464236 10792
-0.4404241114486867 -0.9611870608390327 10793
-0.4643601781743698 0.3541047047698068 10794
1.299601690911625 -0.1816083070461089 10795
0.2881489262667399 0.5411266557759639 10796
-0.1661181251408229 -0.3808265051905267 10797
0.5974352665364879 -0.3647622036592101 10798
0.7355895679077825 -0.007272736457065696 10799
-1.564312957205788 0.16856735705653 10800
5.311634121103564 2.346067470065058 10801
-1.699715593512001 4.765097737405358 10802
1.934622833463903 2.889901874515548 10803
-3.255964250212473 0.4927665025789496 10804
-6.680716320587897 5.078363353893578 10805
-1.470615789903387 -0.653468469323638 10806
-2.841159001410139 4.000791056026481 10807
-6.911268913096608 1.492027955342291 10808
0.1081223977637816 -1.128185663228643 10809
-0.2077415389626791 -0.2035214135751414 10810
-1.750509697763058 2.076348429003612 10811
0.1261067667076982 -0.08205724899232265 10812
-0.5217334360912288 0.1745847037985237 10813
-0.1717447582863727 0.2736417969418982 10814
-2.180331650066433 5.476580829203076 10815
-1.58617047956139 1.533492057275337 10816
0.488111201492519 0.5494774196702508 10817
3.949680342461447 2.048389671728618 10818
4.089132320813318 2.787079580420639 10819
-0.4894907271428195 0.8095309262698669 10820
-1.267884182057837 0.3620620485254912 10821
0.6275654721600488 3.566332896515604 10822
0.6573864071602098 -3.800433820098856 10823
-0.06025432014842209 -0.1341536860953671 10824
-7.631090995279538 3.245140932505397 10825
2.151432118148502 7.141826391496346 10826
1.393338901418131 -1.740849986746398 10827
0.03364132253071126 0.1350791497145192 10828
-7.090338643074697 -6.786750702169651 10829
-0.2720266788885305 0.1897298874014792 10830
-3.83190486243499 0.2831596544774788 10831
4.140916117260109 -0.5869208974426211 10832
-0.01009426530230904 -0.2362418898108849 10833
-0.3461566962894771 -0.9341826163604043 10834
-1.790983012426001 -2.575264482820776 10835
-0.7493521152695632 0.7069531108377565 10836
2.42785508749966 -3.466890114899646 10837
-0.9036626235917231 2.068713223674571 10838
-0.1201967511604088 0.1911699171828135 10839
1.007262624904242 0.5833411859040105 10840
-0.4957115731533138 0.1811262536558413 10841
1.215054932891024 3.730619141766343 10842
0.9542545369358617 -1.757240794954702 10843
0.2798947479174488 -0.121510985928178 10844
2.682395713875286 5.379551946132297 10845
2.728648257411459 0.5647054617154573 10846
-0.7965319047540207 -2.140720195866544 10847
0.2363765097101025 4.588963967059746 10848
3.280848649106682 5.216076202147406 10849
-3.761807631226265 2.921626919349152 10850
-0.538607289138234 1.86767684218842 10851
2.372696309063798 2.400504957732732 10852
0.2728233709748033 0.3358494325124182 10853
-0.4383197202213904 0.1591191596706301 10854
-0.8106850259218107 -0.2605703723001261 10855
0.06841914399722827 0.2157735464380022 10856
4.249759601362184 3.901751716225837 10857
-4.705045933863651 -6.33710709518465 10858
-4.279827188959754 5.826902396966886 10859
-0.3484508832343341 1.553098257865814 10860
-0.4816697668785933 0.1209287040813076 10861
-2.185906657740718 -1.678376493649756 10862
1.98371761263275 -7.004501514323653 10863
0.1338638507438253 0.1526335303334252 10864
-4.655199235719824 4.53259710899831 10865
0.07550526981977683 -0.3294314571058878 10866
-3.483904797866613 0.0246706563846329 10867
0.2187088984030031 -0.187177670849996 10868
-0.5839621943618021 0.3225621665518772 10869
0.5904732012534365 0.01909969986755172 10870
1.897977836432827 3.518957760450934 10871
-3.483980634199658 -5.120094925476403 10872
1.462956668332568 -3.935827258768962 10873
-0.02768485592449084 2.144833213355016 10874
-0.01343128774258565 0.2084640310593891 10875
0.5737652969139589 -0.6375972072556456 10876
1.901403007380252 -6.481724868489426 10877
0.3192742491354937 0.8664039319490263 10878
-2.400091637303984 -7.719286262176748 10879
-0.187234181923128 0.1290564200426108 10880
-3.339157592325394 -2.861997951392862 10881
0.5015182157479078 0.4023048609765806 10882
-4.210147576219121 1.777259270151505 10883
-0.4444732818160722 0.1301588520479133 10884
6.064410424834163 -5.034711587500379 10885
0.2157774792115959 0.07139759798590289 10886
-5.846838955927693 1.279794965255839 10887
-1.349582085530559 -3.720017430500801 10888
1.810675941549735 0.2261793173194587 10889
0.4735431400744259 0.1568601464901221 10890
0.4847060235441105 -1.49519898780304 10891
-1.994906248868662 0.2930487274222804 10892
-2.573147559210726 5.031873540323461 10893
0.1525732110066993 0.119857128309795 10894
-0.8998840635518555 0.6057222505367174 10895
0.5194163344558167 0.008822194221564432 10896
6.832174728905383 -7.135604794458438 10897
-4.005647336639917 3.952716805880512 10898
-0.8664282675148481 0.02814318708107515 10899
-0.2185237174079995 -0.09028937173591968 10900
-2.87085498984532 -1.118473144877395 10901
-6.289304479267823 -5.870438207533727 10902
-0.9228160594604871 2.46141819915239 10903
-1.43486919491529 -0.4859781178697541 10904
1.487660586714854 -0.05304007474730621 10905
-3.841267054669682 -4.112884120097762 10906
-3.127993915054172 1.2530923169184 10907
-0.04126841883370015 0.4684678210697493 10908
0.2837693897409395 -0.2522047457461347 10909
0.1658392712717613 0.2324352805450045 10910
0.1252544642775129 0.2039401474794675 10911
-0.2487262955087572 -0.08936159760989217 10912
4.237123263641136 -2.597635649638399 10913
0.4877995156757531 -0.06088772579247346 10914
1.646412568897672 3.406641868034594 10915
0.4319270748484916 -0.1174890663281372 10916
0.983156899250333 0.4375183922163519 10917
-2.143792249620777 0.5004753088177991 10918
0.5999179964441517 -1.47556585165951 10919
-1.283763453887344 2.161574831813259 10920
-0.6912250078650674 -0.110452050809141 10921
-2.957347147462512 -3.231559965863092 10922
0.05178796410008284 0.1122069785451008 10923
4.176447585598783 -1.939339434514565 10924
-2.902159773638233 5.391594714104244 10925
-2.549573501615455 7.013384871260209 10926
6.256595026689009 -3.631793760458037 10927
-0.2925161554420174 0.1386518522269197 10928
7.633165088605435 2.535762618461219 10929
0.06586197258977693 0.4050398108719767 10930
-3.93910594052252 5.147328636873748 10931
0.1001028672754028 0.4014084269107254 10932
-0.6049243353136394 0.1910468689595302 10933
0.5305124936364722 0.08936868168293048 10934
0.5169780322156381 0.1013293985124895 10935
1.047606590830199 -0.2006989110230722 10936
-3.480716536470427 4.012237160845408 10937
0.6043272446855624 0.5446979238675352 10938
0.7478929517312675 0.4386580134727833 10939
-2.174309309473663 1.716864254365538 10940
1.651645136914373 0.6065309598463444 10941
0.4326718949729904 0.02227176569980231 10942
-0.3158419728506838 0.5799822144254494 10943
-4.895272775573822 3.98462840668872 10944
-0.04371457981365365 0.2130349039249152 10945
0.3315208400278038 -0.2414697856281025 10946
-1.716462295507124 0.06780084649470752 10947
1.090350139310286 -1.921776980149549 10948
-0.01539760385572302 0.1590082084256449 10949
1.116175720190923 0.2814422716239519 10950
0.2488991722535799 0.5798783052589533 10951
0.4379024447901139 -1.745789397709779 10952
-0.1701121739099238 -0.9054302520157393 10953
-4.844823556325977 -6.763737117550813 10954
6.843654632696153 0.3596555161936472 10955
-1.15606013216075 -0.7688658170874719 10956
0.250440640587934 0.04675781254993253 10957
2.01913605299694 -1.87860045703255 10958
2.25937037692976 1.400643627784397 10959
-0.4279927343383518 0.06870505365869062 10960
0.01561832239686744 0.4405224271358888 10961
1.811440340333737 2.022089857595245 10962
1.257591004988218 -1.595116731711848 10963
-1.058223225655317 -1.298511672572216 10964
-0.662225890421858 0.1788727153148283 10965
-0.7820570661350617 0.2133458914565215 10966
-0.4435091970903562 -0.1765900733452698 10967
-0.09055678107291995 -0.1323963495395425 10968
-0.343027364563292 0.1386348505737236 10969
-0.2916518735770839 -1.104342357201515 10970
0.1073016224204953 0.07639288221516612 10971
-0.5113965244648341 -0.08129688126246411 10972
2.099749085604955 1.41699786034593 10973
7.221494765613594 6.04147893918179 10974
0.3657286796799972 -0.1840395993706419 10975
-0.5060185875358927 0.5364078009616697 10976
1.4564409466153 0.6484951636392646 10977
2.78046186363612 -1.849742620059567 10978
-0.2554355152682578 2.780248280159602 10979
0.583023919057263 0.3126312769756378 10980
0.6168154928669385 0.9575867655859209 10981
-0.2596779524963158 -0.09086795068977346 10982
0.1601701801496423 -1.317169741804102 10983
1.05811023569127 -0.5952456018572355 10984
-1.517336961580881 2.171057828946585 10985
-1.49153117112152 -5.103333625858179 10986
-0.1459573150668081 0.2863568868145718 10987
2.451850727849216 -1.9802829283485 10988
-0.3843443683363501 -0.3905402809540936 10989
-0.7678572643984588 0.4932679214832426 10990
-0.5640005503115336 0.8768994886224508 10991
-4.373655380436637 -6.200832137137789 10992
0.2786679160276516 -0.4381852372200318 10993
-0.6894625703475241 -0.035581969344816 10994
0.02236980784128689 0.2310105287015441 10995
-3.223493980697326 6.241646766191028 10996
-0.2109422382393418 -0.1280814369030679 10997
-6.530155321169519 -6.741806044285534 10998
0.7542192340869164 -2.224739744251065 10999
-0.09889788803147911 -0.1085232258199667 11000
0.2373611197508339 0.06664882507446385 11001
0.4422596674293915 -0.1325443543801363 11002
NMARK= 4
MARKER_TAG= wall
MARKER_ELEMS= 137
3 0 204 
3 204 205 
3 205 206 
3 206 207 
3 207 208 
3 208 209 
3 209 210 
3 210 211 
3 211 212 
3 212 213 
3 213 214 
3 214 215 
3 215 216 
3 216 217 
3 217 218 
3 218 219 
3 219 220 
3 220 221 
3 221 222 
3 222 223 
3 223 224 
3 224 225 
3 225 226 
3 226 227 
3 227 228 
3 228 229 
3 229 230 
3 230 231 
3 231 232 
3 232 233 
3 233 234 
3 234 235 
3 235 236 
3 236 237 
3 237 238 
3 238 239 
3 239 240 
3 240 241 
3 241 242 
3 242 243 
3 243 244 
3 244 245 
3 245 246 
3 246 247 
3 247 248 
3 248 249 
3 249 250 
3 250 251 
3 251 252 
3 252 253 
3 253 254 
3 254 255 
3 255 256 
3 256 257 
3 257 258 
3 258 259 
3 259 260 
3 260 261 
3 261 262 
3 262 263 
3 263 264 
3 264 265 
3 265 266 
3 266 267 
3 267 268 
3 268 269 
3 269 270 
3 270 271 
3 271 272 
3 272 273 
3 273 274 
3 274 275 
3 275 276 
3 276 277 
3 277 278 
3 278 279 
3 279 280 
3 280 281 
3 281 282 
3 282 283 
3 283 284 
3 284 285 
3 285 286 
3 286 287 
3 287 288 
3 288 289 
3 289 290 
3 290 291 
3 291 292 
3 292 293 
3 293 294 
3 294 295 
3 295 296 
3 296 297 
3 297 298 
3 298 299 
3 299 300 
3 300 301 
3 301 302 
3 302 303 
3 303 304 
3 304 149 
3 149 305 
3 305 306 
3 306 307 
3 307 308 
3 308 309 
3 309 310 
3 310 311 
3 311 312 
3 312 313 
3 313 314 
3 314 315 
3 315 316 
3 316 317 
3 317 318 
3 318 319 
3 319 320 
3 320 321 
3 321 322 
3 322 323 
3 323 324 
3 324 325 
3 325 326 
3 326 327 
3 327 328 
3 328 329 
3 329 330 
3 330 331 
3 331 332 
3 332 333 
3 333 334 
3 334 335 
3 335 336 
3 336 337 
3 337 338 
3 338 0 
MARKER_TAG= inlet
MARKER_ELEMS= 30
3 201 368 
3 368 369 
3 369 370 
3 370 371 
3 371 372 
3 372 373 
3 373 374 
3 374 375 
3 375 376 
3 376 377 
3 377 378 
3 378 379 
3 379 380 
3 380 381 
3 381 382 
3 382 383 
3 383 384 
3 384 385 
3 385 386 
3 386 387 
3 387 388 
3 388 389 
3 389 390 
3 390 391 
3 391 392 
3 392 393 
3 393 394 
3 394 395 
3 395 396 
3 396 202 
MARKER_TAG= wallFar
MARKER_ELEMS= 60
3 200 339 
3 339 340 
3 340 341 
3 341 342 
3 342 343 
3 343 344 
3 344 345 
3 345 346 
3 346 347 
3 347 348 
3 348 349 
3 349 350 
3 350 351 
3 351 352 
3 352 353 
3 353 354 
3 354 355 
3 355 356 
3 356 357 
3 357 358 
3 358 359 
3 359 360 
3 360 361 
3 361 362 
3 362 363 
3 363 364 
3 364 365 
3 365 366 
3 366 367 
3 367 201 
3 202 397 
3 397 398 
3 398 399 
3 399 400 
3 400 401 
3 401 402 
3 402 403 
3 403 404 
3 404 405 
3 405 406 
3 406 407 
3 407 408 
3 408 409 
3 409 410 
3 410 411 
3 411 412 
3 412 413 
3 413 414 
3 414 415 
3 415 416 
3 416 417 
3 417 418 
3 418 419 
3 419 420 
3 420 421 
3 421 422 
3 422 423 
3 423 424 
3 424 425 
3 425 203 
MARKER_TAG= outlet
MARKER_ELEMS= 30
3 203 426 
3 426 427 
3 427 428 
3 428 429 
3 429 430 
3 430 431 
3 431 432 
3 432 433 
3 433 434 
3 434 435 
3 435 436 
3 436 437 
3 437 438 
3 438 439 
3 439 440 
3 440 441 
3 441 442 
3 442 443 
3 443 444 
3 444 445 
3 445 446 
3 446 447 
3 447 448 
3 448 449 
3 449 450 
3 450 451 
3 451 452 
3 452 453 
3 453 454 
3 454 200 
