NDIME= 2
NELEM= 18282
5 4523 2412 4722 0
5 959 2685 3893 1
5 348 3457 4202 2
5 1450 4523 4722 3
5 2709 1351 4075 4
5 974 2709 4075 5
5 2904 487 8089 6
5 813 3039 3513 7
5 1218 3047 3723 8
5 659 2697 4383 9
5 479 2912 6434 10
5 2912 2060 6434 11
5 2720 1904 6375 12
5 952 2720 6375 13
5 2685 1286 3893 14
5 3423 1177 4413 15
5 5666 4094 6199 16
5 2826 1028 3682 17
5 514 4613 5941 18
5 161 162 2982 19
5 508 4226 4231 20
5 4226 2019 4231 21
5 3824 2013 5915 22
5 3047 987 9171 23
5 3723 3047 9171 24
5 3883 1401 4671 25
5 5359 2021 5632 26
5 2790 1275 6037 27
5 634 3421 4276 28
5 3421 1681 4276 29
5 327 328 3485 30
5 3342 1166 6855 31
5 3115 1372 5251 32
5 1718 3866 5209 33
5 2977 1108 3526 34
5 1476 4282 4739 35
5 4282 2280 4739 36
5 1300 3177 3492 37
5 3130 465 4562 38
5 394 3073 4417 39
5 1642 3130 4562 40
5 2698 1041 3890 41
5 1420 3255 5835 42
5 1319 4626 5210 43
5 1265 7229 7572 44
5 2956 2171 6813 45
5 3157 733 3987 46
5 3201 761 4535 47
5 1479 3157 3987 48
5 1062 2956 6813 49
5 2722 978 3960 50
5 3122 7468 7542 51
5 1944 3056 6898 52
5 4751 1965 4866 53
5 3071 475 4356 54
5 1664 2595 5427 55
5 340 4 3559 56
5 3583 6450 8649 57
5 3634 7457 9111 58
5 1955 4842 5132 59
5 1314 3856 4843 60
5 2893 1323 5581 61
5 1824 6337 7369 62
5 2799 971 4053 63
5 1275 2790 3985 64
5 4341 5676 6347 65
5 1363 2799 4053 66
5 1492 2689 4812 67
5 2722 1283 4022 68
5 1659 2856 5170 69
5 1116 3068 7378 70
5 2784 1640 3794 71
5 4 341 3559 72
5 8168 1600 8898 73
5 4974 394 7304 74
5 2892 928 9187 75
5 3221 1301 6445 76
5 422 3388 3461 77
5 3388 1496 3461 78
5 1639 2742 5206 79
5 1203 3021 4306 80
5 3684 788 4213 81
5 4477 1439 4953 82
5 1766 3684 4213 83
5 1869 3021 6069 84
5 3680 1319 5210 85
5 2475 4477 4953 86
5 2627 4014 6063 87
5 3400 1349 3477 88
5 1421 3400 3477 89
5 3122 1143 7468 90
5 2595 1664 5523 91
5 4014 1808 6063 92
5 3663 4380 7554 93
5 3342 6855 9104 94
5 4098 7317 7556 95
5 2822 681 7184 96
5 2794 2130 4892 97
5 3771 1695 3902 98
5 1321 3771 3902 99
5 3634 648 7457 100
5 2724 543 5097 101
5 1609 2724 5097 102
5 2430 3824 5915 103
5 1221 3167 4410 104
5 3416 1469 3602 105
5 696 3416 3602 106
5 473 3162 3817 107
5 1298 3313 3578 108
5 1600 3532 8898 109
5 5695 1909 5870 110
5 6729 2784 7146 111
5 3550 1757 4100 112
5 1410 3550 4100 113
5 1547 4312 5930 114
5 5209 3866 7688 115
5 2604 4098 7556 116
5 4902 3211 7164 117
5 1401 3684 4671 118
5 1585 3173 4192 119
5 2701 1949 3951 120
5 1513 2569 4486 121
5 3141 666 4757 122
5 1225 4401 7679 123
5 3666 1385 4660 124
5 494 2779 4461 125
5 3023 619 4168 126
5 1473 3023 4168 127
5 3264 1194 6986 128
5 3449 712 3986 129
5 1591 3449 3986 130
5 4968 1212 7767 131
5 4503 2564 6192 132
5 4341 415 5676 133
5 2742 1639 6368 134
5 1341 2878 3673 135
5 1509 3721 4018 136
5 3721 1715 4018 137
5 2521 4575 7757 138
5 3851 2626 6330 139
5 3583 1127 5847 140
5 4037 5730 9159 141
5 2329 3583 5847 142
5 5325 2083 5440 143
5 699 6174 8901 144
5 485 2740 3899 145
5 3039 1479 3513 146
5 1916 3851 6330 147
5 5894 3089 8870 148
5 3412 2018 3854 149
5 1284 3412 3854 150
5 2728 1826 6102 151
5 2274 3100 6858 152
5 1403 2605 5480 153
5 3100 555 6858 154
5 1286 2685 4764 155
5 674 2578 8161 156
5 3162 473 7799 157
5 1214 3330 4999 158
5 4753 3537 7501 159
5 3555 1111 8159 160
5 2808 566 8405 161
5 1084 2830 3935 162
5 2937 1081 3638 163
5 5712 1065 7470 164
5 3219 3802 8870 165
5 3427 1202 3692 166
5 1790 3211 4902 167
5 5254 4056 6059 168
5 952 4253 7282 169
5 1742 4212 4301 170
5 699 3673 6174 171
5 634 3394 3421 172
5 3394 1381 3421 173
5 2796 5043 6794 174
5 1270 2941 6652 175
5 1261 3027 4276 176
5 3181 2316 7078 177
5 1283 2722 3960 178
5 1094 3278 8804 179
5 1300 3283 6293 180
5 895 2819 7341 181
5 3804 70 4390 182
5 520 2816 3909 183
5 3802 1171 8870 184
5 2130 2794 7519 185
5 3120 1127 7746 186
5 4056 1828 6059 187
5 1954 4906 6296 188
5 4045 1215 8298 189
5 2770 1009 4214 190
5 3022 3555 8159 191
5 4506 560 5112 192
5 2558 4506 5112 193
5 988 6729 7146 194
5 2863 1709 5271 195
5 1909 3745 5870 196
5 1257 2992 4088 197
5 2621 1499 4233 198
5 5728 4302 6096 199
5 207 208 3303 200
5 2088 5819 6490 201
5 1458 3439 3594 202
5 1158 3241 3947 203
5 3991 2652 6942 204
5 973 5389 5646 205
5 2578 674 5648 206
5 65 4081 8962 207
5 3385 1181 8257 208
5 894 2609 4320 209
5 3278 8137 8804 210
5 432 4302 5728 211
5 2993 3385 8257 212
5 605 2767 5751 213
5 4127 1278 7619 214
5 1079 4211 7303 215
5 3390 469 5155 216
5 3154 1137 3469 217
5 736 5168 5911 218
5 6275 2532 6307 219
5 3634 2066 5069 220
5 648 3634 5069 221
5 2968 310 5163 222
5 3393 1298 3578 223
5 4135 736 5911 224
5 3127 5873 6015 225
5 3169 1212 4968 226
5 5502 3640 9060 227
5 2569 1513 6377 228
5 1564 2734 4957 229
5 1031 3082 6171 230
5 3168 275 3791 231
5 4927 2761 6629 232
5 7378 3068 7990 233
5 2912 479 4360 234
5 2851 4974 7304 235
5 3235 4769 5723 236
5 3210 521 8394 237
5 529 2805 6338 238
5 2805 1913 6338 239
5 2986 1456 5126 240
5 4545 2162 6100 241
5 1545 3192 3679 242
5 5043 1011 6794 243
5 497 4544 7335 244
5 2943 677 3868 245
5 3837 2179 7108 246
5 3797 1901 4613 247
5 3419 1251 4607 248
5 837 3016 5492 249
5 3208 1651 7884 250
5 4843 3856 6704 251
5 1777 5164 7351 252
5 1266 3175 7973 253
5 1904 2720 6441 254
5 3175 6328 7973 255
5 471 4093 4137 256
5 4093 1876 4137 257
5 1724 2804 3863 258
5 2372 4724 7873 259
5 1617 3417 4135 260
5 3417 736 4135 261
5 2423 5889 5904 262
5 2830 1084 3828 263
5 1649 2826 3820 264
5 237 238 3196 265
5 1243 4373 6708 266
5 2170 2907 7038 267
5 388 2722 4022 268
5 3319 1187 5364 269
5 3903 2439 6612 270
5 3485 328 6507 271
5 2639 1697 4262 272
5 3266 610 3475 273
5 4067 1777 7351 274
5 4373 2805 6708 275
5 2168 5125 5422 276
5 1357 3266 3475 277
5 2846 542 7288 278
5 1499 2621 8087 279
5 1635 2777 4990 280
5 2728 6102 7490 281
5 928 3943 9187 282
5 1245 2901 3730 283
5 4298 2795 7629 284
5 3235 1541 4769 285
5 1294 3315 3664 286
5 2845 1324 4032 287
5 989 2866 4092 288
5 1281 3765 5562 289
5 2866 1378 4092 290
5 978 2722 4035 291
5 2752 4471 7241 292
5 2519 3120 7746 293
5 1447 3014 8229 294
5 3135 1853 6123 295
5 3479 902 5980 296
5 2804 1724 5446 297
5 508 2804 5446 298
5 646 3121 7358 299
5 1760 3179 3480 300
5 3129 662 4622 301
5 1313 2754 3992 302
5 409 4927 6629 303
5 5241 2835 8137 304
5 1017 2741 4883 305
5 1315 3301 3648 306
5 2076 3640 5502 307
5 2702 1357 4086 308
5 828 3217 5024 309
5 3217 1789 5024 310
5 1761 2861 4074 311
5 1480 2755 4482 312
5 6378 3264 6986 313
5 3344 3210 8394 314
5 5619 870 7338 315
5 3239 1118 8003 316
5 2734 1564 6573 317
5 3583 2329 6450 318
5 2958 1374 8952 319
5 2927 1805 3723 320
5 4401 2908 7679 321
5 3564 1109 7884 322
5 4211 2851 7303 323
5 2792 578 3940 324
5 649 3298 5068 325
5 2873 1271 4799 326
5 1625 2944 3903 327
5 1813 2958 3995 328
5 1221 3063 7773 329
5 4447 6256 6947 330
5 7884 1651 9089 331
5 817 2754 4110 332
5 1441 3917 4313 333
5 3121 646 4023 334
5 131 4106 4834 335
5 3422 1727 6480 336
5 3660 1927 4426 337
5 3737 6230 8225 338
5 4782 752 5837 339
5 3242 653 7012 340
5 2116 3053 6485 341
5 3053 1047 6485 342
5 3041 2014 4832 343
5 2393 3242 7012 344
5 1326 7190 7767 345
5 518 2678 4321 346
5 2605 1403 4499 347
5 3299 1945 4670 348
5 2946 1388 4102 349
5 2606 505 4768 350
5 3177 652 3492 351
5 2740 485 4639 352
5 2990 1014 8435 353
5 3357 2410 6701 354
5 4575 2521 6582 355
5 4253 2526 7282 356
5 1712 4138 5903 357
5 1474 2740 4639 358
5 4548 1712 4640 359
5 1164 3158 3813 360
5 6135 3157 6516 361
5 2806 1290 5527 362
5 2699 1947 4466 363
5 1081 2937 4012 364
5 3920 1367 3977 365
5 4632 1633 5719 366
5 3600 112 7352 367
5 15 16 3051 368
5 4601 3089 5894 369
5 4094 1958 6199 370
5 3503 2953 8499 371
5 1561 2619 4462 372
5 7190 2903 7767 373
5 599 3922 6217 374
5 4329 1141 4800 375
5 2291 4329 4800 376
5 2798 702 4222 377
5 3626 5423 8204 378
5 3922 2615 6217 379
5 2790 709 3985 380
5 3737 2102 6230 381
5 3048 1350 8726 382
5 505 2606 4614 383
5 2836 1571 6583 384
5 1485 3870 4536 385
5 487 3261 8089 386
5 681 2983 7184 387
5 1453 4503 6192 388
5 2841 592 4293 389
5 568 2787 7148 390
5 1425 2841 4293 391
5 2650 715 4347 392
5 1117 4491 7084 393
5 2222 2920 7211 394
5 3645 1880 6399 395
5 489 2783 4051 396
5 1255 3898 8523 397
5 5562 3765 7618 398
5 2920 688 7211 399
5 3162 1396 3817 400
5 504 6546 7039 401
5 3336 644 4551 402
5 1170 3072 3861 403
5 2913 1387 3777 404
5 2995 1037 4033 405
5 2754 817 4393 406
5 1301 5572 6445 407
5 1408 2995 4033 408
5 2539 3185 7651 409
5 1333 7515 7759 410
5 1040 2929 7262 411
5 1868 2982 5773 412
5 3599 2375 3760 413
5 3251 2327 3908 414
5 2982 1048 5773 415
5 2931 1040 7262 416
5 8003 1118 9046 417
5 3127 717 5873 418
5 2878 1341 7777 419
5 790 3181 7078 420
5 3272 2504 8606 421
5 2865 1121 3859 422
5 3047 1218 5438 423
5 1621 3406 4873 424
5 5389 2524 5646 425
5 1752 4635 6035 426
5 3185 452 7651 427
5 3534 719 4058 428
5 2741 1017 6197 429
5 1634 3534 4058 430
5 2322 3659 6060 431
5 3353 1956 3773 432
5 4081 3189 8962 433
5 530 3991 6942 434
5 4472 5935 7450 435
5 3158 1164 4119 436
5 3218 1658 3613 437
5 521 3210 5552 438
5 1037 2995 7539 439
5 3210 1932 5552 440
5 927 3903 6612 441
5 262 3489 5996 442
5 2829 522 5336 443
5 3832 1420 5835 444
5 3558 638 5914 445
5 2619 1561 5227 446
5 3620 1333 7759 447
5 2882 5241 8003 448
5 1697 2639 6848 449
5 5537 850 6803 450
5 4205 711 4888 451
5 2252 4205 4888 452
5 5962 1987 6982 453
5 3275 6501 6959 454
5 2137 3155 4730 455
5 3342 2417 5350 456
5 3559 1300 6293 457
5 1082 2663 5014 458
5 6102 558 7490 459
5 641 3067 3666 460
5 6843 3272 8606 461
5 2609 894 4923 462
5 5780 1977 6160 463
5 1516 3079 7441 464
5 1143 3122 8202 465
5 1515 3297 3553 466
5 2786 639 8096 467
5 3109 1332 4296 468
5 2482 3517 7143 469
5 715 2650 5463 470
5 1880 5926 6399 471
5 5898 4839 8327 472
5 2970 1540 3750 473
5 1019 2970 3750 474
5 2859 3564 7884 475
5 2862 4127 7619 476
5 2663 1082 5589 477
5 3167 1221 7773 478
5 3051 1938 6210 479
5 2724 1609 4590 480
5 1349 2881 3982 481
5 5889 3359 6258 482
5 2754 1313 4110 483
5 1384 3099 9229 484
5 4852 1553 6565 485
5 382 2915 5060 486
5 3479 5980 8024 487
5 3006 2366 7569 488
5 877 3355 5706 489
5 3355 2084 5706 490
5 2709 974 5965 491
5 1372 3144 4035 492
5 5516 2557 7337 493
5 6450 665 8649 494
5 3056 4352 6898 495
5 2772 636 4465 496
5 1965 2959 4866 497
5 1144 3006 7569 498
5 4513 802 4944 499
5 3079 607 3622 500
5 3670 725 4831 501
5 1124 3875 5621 502
5 3875 2372 5621 503
5 1321 3349 3771 504
5 1727 5111 6480 505
5 1335 3769 4187 506
5 4473 621 6177 507
5 7229 1265 9185 508
5 2915 382 6190 509
5 2100 3966 5839 510
5 4155 1547 5930 511
5 3692 1741 4198 512
5 422 3692 4198 513
5 1987 3924 6982 514
5 5315 2612 6373 515
5 4037 1758 5730 516
5 1302 3398 7281 517
5 2179 3837 6416 518
5 5730 2834 9159 519
5 2363 4876 5644 520
5 3110 1402 4382 521
5 3212 1744 4082 522
5 4569 489 6371 523
5 523 2691 8514 524
5 3334 406 3882 525
5 1515 3553 3845 526
5 1633 3575 5719 527
5 3282 1922 8093 528
5 573 3353 3773 529
5 1311 2898 4885 530
5 1323 2893 3865 531
5 3759 961 6541 532
5 2316 3181 7611 533
5 4299 1447 8229 534
5 2603 3759 6541 535
5 5915 3788 8790 536
5 262 263 3489 537
5 3071 1980 4908 538
5 3125 397 3821 539
5 3992 6257 7524 540
5 214 215 3093 541
5 1859 3228 3612 542
5 3228 1281 3612 543
5 2708 5193 6879 544
5 1385 3125 3821 545
5 479 2842 4854 546
5 7656 2821 8369 547
5 4815 4196 7400 548
5 5010 2663 5589 549
5 638 3757 5914 550
5 3860 1429 4436 551
5 3730 6644 7836 552
5 987 3047 7252 553
5 3047 2304 7252 554
5 6509 4219 6533 555
5 645 4423 4930 556
5 4423 2367 4930 557
5 2903 4968 7767 558
5 3683 7514 7870 559
5 1366 5680 5757 560
5 1672 5010 5589 561
5 1185 3189 4081 562
5 2625 6022 6189 563
5 7434 3154 7492 564
5 4873 3406 6449 565
5 1844 2824 8625 566
5 2778 711 4122 567
5 1528 3226 4199 568
5 3226 425 4199 569
5 1360 4196 4815 570
5 2804 981 8014 571
5 4051 2783 6529 572
5 3009 1103 4016 573
5 627 3055 4749 574
5 7514 1160 7870 575
5 3484 6082 8030 576
5 2089 4051 6529 577
5 2642 1497 4955 578
5 426 5613 7103 579
5 4388 1466 4726 580
5 2255 4388 4726 581
5 3591 749 5007 582
5 3911 1384 9229 583
5 3067 1385 3666 584
5 4578 2008 4708 585
5 2673 3611 7011 586
5 1979 3591 5007 587
5 3611 826 7011 588
5 2646 4473 6177 589
5 3437 1726 3444 590
5 6701 2410 7490 591
5 2656 1825 4592 592
5 440 2717 6721 593
5 3398 4206 7281 594
5 980 2692 6239 595
5 3449 1591 3451 596
5 1232 3449 3451 597
5 3146 4540 6840 598
5 2260 3129 4622 599
5 395 4154 6570 600
5 1137 3154 7434 601
5 2388 4013 6766 602
5 6644 2276 7836 603
5 3144 1372 3767 604
5 602 3144 3767 605
5 4413 1177 8039 606
5 679 3503 8499 607
5 3056 100 5262 608
5 2811 26 6402 609
5 22 23 3420 610
5 4296 1332 8515 611
5 604 3806 6817 612
5 1702 2648 4693 613
5 4595 1753 4983 614
5 3057 1480 4482 615
5 1344 3038 8276 616
5 1497 2642 4834 617
5 2648 1702 5202 618
5 1587 3642 4674 619
5 826 3128 4047 620
5 3128 1448 4047 621
5 1325 3107 3675 622
5 3358 990 5200 623
5 1287 2937 4861 624
5 1887 3358 5200 625
5 3026 1305 4157 626
5 3068 1116 8071 627
5 1059 2986 4646 628
5 1459 3448 3470 629
5 6817 3806 7447 630
5 1628 3700 3921 631
5 682 2949 3839 632
5 4595 4983 7244 633
5 1853 3352 4510 634
5 402 2902 4318 635
5 3700 762 3921 636
5 1939 3984 4606 637
5 2924 534 4723 638
5 4011 5670 7182 639
5 4172 1982 4364 640
5 1529 4172 4364 641
5 4721 1689 5107 642
5 3410 1216 5062 643
5 1191 3437 3444 644
5 6069 3021 8308 645
5 3714 800 4851 646
5 1970 3714 4851 647
5 928 2892 6955 648
5 3460 2193 4889 649
5 1344 7081 7867 650
5 752 3981 5837 651
5 2069 3111 7481 652
5 70 71 4390 653
5 3965 1534 4703 654
5 3748 2796 7060 655
5 615 3748 7060 656
5 166 167 3435 657
5 2835 5241 7824 658
5 1825 2656 8534 659
5 2692 980 4956 660
5 2984 535 3885 661
5 1342 2984 3885 662
5 1356 3969 7675 663
5 598 3042 5595 664
5 3042 1825 5595 665
5 3685 666 3873 666
5 3327 1203 4306 667
5 3597 1344 7867 668
5 3013 2212 7117 669
5 1205 3080 4850 670
5 207 3303 6012 671
5 824 3788 5915 672
5 2525 4721 5107 673
5 4215 2088 6490 674
5 2740 1474 4286 675
5 3111 5349 7481 676
5 3185 1151 4527 677
5 3797 4613 5960 678
5 1185 2861 4009 679
5 934 2729 4421 680
5 3898 3046 8523 681
5 3107 476 3675 682
5 3590 524 4817 683
5 2678 518 5494 684
5 3522 1221 4410 685
5 1684 2695 9240 686
5 7989 1334 8221 687
5 1385 3921 4660 688
5 542 3037 7288 689
5 2885 1329 6834 690
5 5636 3746 6221 691
5 3151 1038 4221 692
5 39 40 3369 693
5 6546 2839 7039 694
5 4006 1607 6417 695
5 3699 3282 8093 696
5 3013 7117 7571 697
5 2816 520 6496 698
5 3024 4045 8298 699
5 4154 395 6309 700
5 1607 4561 6417 701
5 3659 1580 6060 702
5 3663 713 4380 703
5 7950 1338 8291 704
5 3792 1698 4052 705
5 1404 3792 4052 706
5 2555 3631 6711 707
5 3631 1002 6711 708
5 7358 3121 8695 709
5 1207 3258 5156 710
5 111 112 3600 711
5 2992 1257 3826 712
5 1350 3439 8726 713
5 2983 1774 5551 714
5 1299 2983 5551 715
5 892 3407 5507 716
5 3407 2021 5507 717
5 433 2935 6731 718
5 2935 2065 6731 719
5 1977 4475 6160 720
5 6945 2748 7981 721
5 5815 3000 5893 722
5 3969 2974 7675 723
5 7038 2907 7684 724
5 114 115 3412 725
5 1402 3036 9069 726
5 2705 463 4767 727
5 1472 2705 4767 728
5 3816 1776 4362 729
5 1398 4421 5910 730
5 2831 1009 8152 731
5 52 53 3135 732
5 4421 2729 5910 733
5 4471 1431 7241 734
5 788 4024 4213 735
5 5935 3784 7273 736
5 2271 3786 5499 737
5 4024 1829 4213 738
5 2981 1297 5752 739
5 3358 2282 5559 740
5 3340 6945 7924 741
5 197 198 3655 742
5 4544 2397 7335 743
5 3026 1120 4407 744
5 274 275 3168 745
5 2044 4330 4827 746
5 1329 2885 6728 747
5 3313 624 3578 748
5 3340 2260 6945 749
5 3096 1267 3762 750
5 1324 2845 4087 751
5 575 4270 5947 752
5 1417 3147 4217 753
5 3354 1738 5483 754
5 7117 1197 7571 755
5 1976 4113 6595 756
5 5559 4201 6576 757
5 446 5111 5279 758
5 463 2705 4949 759
5 3031 1289 5219 760
5 1277 3230 3581 761
5 3302 4627 7878 762
5 641 3666 4476 763
5 3074 830 6169 764
5 1985 3074 6169 765
5 3156 1657 4095 766
5 3034 1552 7002 767
5 3984 472 4606 768
5 6997 3765 7974 769
5 4113 2782 6595 770
5 1351 2709 8815 771
5 3087 7989 8221 772
5 4659 5799 7199 773
5 1032 4278 5704 774
5 1009 2770 4294 775
5 2652 3991 8887 776
5 4447 2166 6256 777
5 4278 2592 5704 778
5 1815 4007 5797 779
5 1065 5712 8771 780
5 4007 2464 5797 781
5 3187 1184 4376 782
5 3797 1543 4829 783
5 77 78 3383 784
5 3297 620 3553 785
5 2691 523 4689 786
5 2773 1743 6108 787
5 4617 1854 4736 788
5 3448 1318 3470 789
5 3404 741 6676 790
5 3329 472 4925 791
5 6374 3403 6634 792
5 3184 758 5588 793
5 2245 4753 7501 794
5 1890 3184 5588 795
5 3920 3977 6266 796
5 2821 3736 8369 797
5 1645 3809 4255 798
5 3965 4703 6280 799
5 469 4323 5155 800
5 1389 3835 4042 801
5 3835 1705 4042 802
5 1505 3497 3605 803
5 2697 659 5803 804
5 2271 5499 7861 805
5 1041 2698 6213 806
5 1374 3720 8952 807
5 2689 1492 4716 808
5 636 2772 6044 809
5 3181 790 4609 810
5 1725 3383 3881 811
5 3383 1416 3881 812
5 1670 3450 4399 813
5 1743 2773 5881 814
5 3462 616 6046 815
5 2206 3462 6046 816
5 583 3009 4577 817
5 5423 1981 8204 818
5 4627 536 7878 819
5 2978 1489 6409 820
5 1976 2978 6409 821
5 3517 1222 7143 822
5 1629 3843 4704 823
5 3843 1943 4704 824
5 1334 3201 8221 825
5 3333 1158 3537 826
5 447 2936 4266 827
5 1357 2702 5020 828
5 1560 3194 7846 829
5 3348 1464 3849 830
5 3619 564 6115 831
5 643 3348 3849 832
5 1312 2754 4393 833
5 999 5524 5791 834
5 3214 737 4774 835
5 781 3537 4753 836
5 1014 3405 8435 837
5 4117 292 5258 838
5 498 3816 4362 839
5 2934 984 5073 840
5 1630 2934 5073 841
5 164 165 3345 842
5 3226 1081 5498 843
5 2830 6452 7325 844
5 3197 1326 7767 845
5 1409 4298 7629 846
5 2819 895 6401 847
5 4505 2456 5092 848
5 674 4505 5092 849
5 2695 1684 6323 850
5 3553 1369 3845 851
5 1836 3957 5897 852
5 1552 3003 4847 853
5 5866 3065 6836 854
5 1216 3538 5062 855
5 3935 2830 7515 856
5 2881 1349 7215 857
5 2168 3174 5125 858
5 698 2925 3994 859
5 1044 2920 5729 860
5 4380 1612 7554 861
5 1973 4744 5025 862
5 745 3327 4306 863
5 2788 3776 7061 864
5 3776 572 7061 865
5 4999 3330 6121 866
5 3457 1204 4202 867
5 4160 1894 4247 868
5 3060 756 8283 869
5 3120 2519 7963 870
5 633 3120 7963 871
5 2876 989 4092 872
5 1098 2879 4090 873
5 3220 714 3777 874
5 3071 4356 6283 875
5 1387 3220 3777 876
5 3176 1276 4041 877
5 1376 4160 4247 878
5 1643 2809 6248 879
5 3464 1278 4127 880
5 6504 3318 6992 881
5 3470 1318 5644 882
5 2864 1338 6240 883
5 1947 2699 8784 884
5 3324 1496 4049 885
5 3448 753 5065 886
5 704 3324 4049 887
5 1062 3051 6210 888
5 1324 3062 4032 889
5 1216 3410 3524 890
5 3030 461 3850 891
5 3410 1550 3524 892
5 7667 4425 7945 893
5 3973 1824 7369 894
5 130 131 4834 895
5 2783 489 4569 896
5 1438 2783 4569 897
5 1368 2855 7087 898
5 3979 571 6699 899
5 3706 609 3834 900
5 1834 3706 3834 901
5 4138 2174 5903 902
5 1052 4128 4872 903
5 4128 2155 4872 904
5 3666 1765 4476 905
5 3448 1459 3727 906
5 753 3448 3727 907
5 1338 3376 8291 908
5 2685 959 6561 909
5 1323 3133 4046 910
5 862 3258 4126 911
5 1147 4930 7724 912
5 3141 4757 6021 913
5 3992 591 6257 914
5 3207 748 5541 915
5 1853 3135 5397 916
5 4313 3917 6040 917
5 3184 1890 8322 918
5 4540 3146 8432 919
5 3042 598 4212 920
5 1442 3042 4212 921
5 1059 4646 4811 922
5 347 348 4202 923
5 4536 3870 5848 924
5 6752 527 6828 925
5 1869 3189 4009 926
5 3189 1185 4009 927
5 1736 3454 5667 928
5 2729 934 4575 929
5 951 2817 8275 930
5 2831 1675 4230 931
5 2901 1245 5688 932
5 1756 2901 5688 933
5 2978 770 4631 934
5 2783 1438 6559 935
5 629 2866 4487 936
5 6263 3389 8227 937
5 1330 2948 6693 938
5 2096 3389 6263 939
5 5072 3216 9075 940
5 2767 605 8833 941
5 3161 1081 4012 942
5 2935 433 4290 943
5 1074 2974 3969 944
5 3670 4831 6159 945
5 1594 2808 4300 946
5 1804 3672 4717 947
5 1848 3314 4143 948
5 5897 3957 6340 949
5 738 3490 4286 950
5 2937 1287 4012 951
5 1432 3043 9313 952
5 3179 6054 8460 953
5 1042 3243 5250 954
5 2222 3610 4492 955
5 527 3800 6828 956
5 4001 898 5187 957
5 2203 4001 5187 958
5 4908 1980 5300 959
5 3654 1973 5025 960
5 468 3654 5025 961
5 504 3167 6546 962
5 566 2808 7157 963
5 1234 3200 5384 964
5 2799 1363 5140 965
5 4035 3144 6663 966
5 1333 3935 7515 967
5 8025 637 8434 968
5 4930 1147 7300 969
5 1777 4169 4782 970
5 2936 447 4068 971
5 1422 5207 5578 972
5 4491 1117 6779 973
5 2243 4584 6615 974
5 6692 2965 7746 975
5 3639 121 7597 976
5 7483 3831 8621 977
5 4624 2710 5718 978
5 1190 3494 4266 979
5 2842 479 6434 980
5 1783 2874 4779 981
5 2313 4929 6627 982
5 1209 3587 5066 983
5 487 2904 4848 984
5 2904 1555 4848 985
5 5413 96 6033 986
5 3915 587 7430 987
5 2864 1005 4869 988
5 695 4624 5718 989
5 3508 1368 5259 990
5 3017 3915 7430 991
5 4005 2746 8481 992
5 2076 4061 4776 993
5 4061 1536 4776 994
5 3070 1418 9175 995
5 3298 1344 8276 996
5 1372 4035 5251 997
5 637 3835 8434 998
5 2382 4413 6004 999
5 3099 1029 6715 1000
5 2133 3099 6715 1001
5 1901 3797 4829 1002
5 1276 3176 8980 1003
5 2727 4425 7667 1004
5 292 293 5258 1005
5 3194 615 3725 1006
5 1949 2701 9210 1007
5 1124 3359 5889 1008
5 1047 3053 8479 1009
5 709 3594 4900 1010
5 1903 3592 4913 1011
5 2369 4569 6371 1012
5 5088 2467 5835 1013
5 1248 2851 4211 1014
5 2790 6037 6917 1015
5 3763 1523 4683 1016
5 3435 167 7135 1017
5 1644 5315 6373 1018
5 6022 387 6189 1019
5 1264 3534 3535 1020
5 3534 1634 3535 1021
5 1609 5097 6070 1022
5 4607 1251 6977 1023
5 4546 3665 6976 1024
5 4154 2528 6570 1025
5 2121 3153 5522 1026
5 5350 2417 7447 1027
5 3130 1044 5247 1028
5 3626 2164 5423 1029
5 396 2965 4006 1030
5 2929 452 4160 1031
5 1262 3355 8244 1032
5 3420 23 6875 1033
5 733 2706 7278 1034
5 2705 1472 5716 1035
5 2706 733 5105 1036
5 2717 440 5126 1037
5 4642 3319 5364 1038
5 2730 1478 5296 1039
5 3939 1929 8258 1040
5 4300 2808 8405 1041
5 2018 3291 3708 1042
5 231 232 3419 1043
5 1339 3584 6279 1044
5 3457 348 6303 1045
5 2770 4214 8115 1046
5 1350 3048 7605 1047
5 2982 162 4175 1048
5 451 3321 9054 1049
5 917 2955 5076 1050
5 5796 1274 8276 1051
5 2955 1626 5076 1052
5 3422 2478 5205 1053
5 578 2792 4450 1054
5 4472 867 5935 1055
5 783 4588 5297 1056
5 689 3046 3898 1057
5 1817 4453 5521 1058
5 4453 2590 5521 1059
5 6171 3082 7813 1060
5 1862 3763 4683 1061
5 1306 3081 4139 1062
5 3079 3622 7441 1063
5 3275 1111 6501 1064
5 2811 1526 5307 1065
5 2948 1330 4541 1066
5 3321 4060 9054 1067
5 5065 753 5484 1068
5 1778 3506 3603 1069
5 2956 647 5868 1070
5 741 3404 3672 1071
5 3290 1434 4617 1072
5 3505 1638 4537 1073
5 4622 662 8513 1074
5 3271 4034 9050 1075
5 2681 3834 6951 1076
5 2470 3171 7769 1077
5 543 2724 5308 1078
5 5297 4588 7310 1079
5 3171 616 7769 1080
5 3404 1420 3672 1081
5 4438 6653 7533 1082
5 4013 2649 6739 1083
5 2720 952 5209 1084
5 4659 2048 5799 1085
5 4724 438 7873 1086
5 1170 3861 4517 1087
5 639 2786 4481 1088
5 4764 2685 5336 1089
5 1478 2730 4781 1090
5 405 3292 4843 1091
5 8079 3747 8838 1092
5 7341 2819 8432 1093
5 2779 494 5786 1094
5 2755 1480 4653 1095
5 522 4764 5336 1096
5 823 2727 4832 1097
5 2532 3231 6307 1098
5 3103 556 4934 1099
5 1727 3422 5205 1100
5 3132 2055 4805 1101
5 1686 3822 4066 1102
5 3822 1423 4066 1103
5 2983 1299 7184 1104
5 3517 2482 8282 1105
5 1411 3539 3598 1106
5 3539 1457 3598 1107
5 3484 1182 6082 1108
5 1574 3665 4546 1109
5 413 4392 6532 1110
5 1354 3747 8079 1111
5 6974 1146 7850 1112
5 3107 6974 7850 1113
5 2722 388 5251 1114
5 3201 4535 6334 1115
5 5524 2591 5791 1116
5 3301 650 3648 1117
5 1913 2805 6290 1118
5 1323 3455 5581 1119
5 1522 4540 8432 1120
5 6115 564 6690 1121
5 2757 1598 5316 1122
5 182 5857 6573 1123
5 994 3147 4864 1124
5 6498 757 7626 1125
5 910 6823 7445 1126
5 1339 6279 7205 1127
5 515 4839 5898 1128
5 5193 1233 6879 1129
5 2927 537 5951 1130
5 1156 3403 6374 1131
5 1805 2927 5951 1132
5 2888 990 6576 1133
5 1387 2913 4368 1134
5 3834 609 6951 1135
5 3100 2274 5411 1136
5 1826 2728 5492 1137
5 2756 1105 4698 1138
5 2727 823 9088 1139
5 5843 3249 7001 1140
5 5857 2734 6573 1141
5 1296 3168 3791 1142
5 3542 647 5289 1143
5 1409 2848 4298 1144
5 711 2778 8390 1145
5 5470 3404 6676 1146
5 226 227 3955 1147
5 1470 3393 3578 1148
5 3823 2380 4055 1149
5 2814 1551 5055 1150
5 2021 4048 5632 1151
5 2000 3542 5289 1152
5 3673 8247 8555 1153
5 556 3103 7823 1154
5 3446 1822 3749 1155
5 1158 3333 6774 1156
5 816 2962 4073 1157
5 3049 1440 3933 1158
5 4042 809 5002 1159
5 6054 3179 8078 1160
5 3499 1056 7144 1161
5 3157 1072 6516 1162
5 1793 4144 5013 1163
5 3281 2358 4568 1164
5 3849 1731 4166 1165
5 3660 4426 5458 1166
5 1471 4366 4557 1167
5 1533 3069 4978 1168
5 643 3849 4166 1169
5 2083 3487 5440 1170
5 3081 1306 3900 1171
5 2866 989 4281 1172
5 7229 2802 7572 1173
5 120 121 3639 1174
5 1986 3861 4844 1175
5 3861 905 4844 1176
5 1852 4201 5559 1177
5 709 2790 6830 1178
5 1309 3009 4016 1179
5 5004 2532 7506 1180
5 2388 3808 4013 1181
5 2841 967 5785 1182
5 4039 6245 7448 1183
5 2458 5761 8133 1184
5 2020 5866 6836 1185
5 1242 3282 3699 1186
5 5965 974 6460 1187
5 1056 3499 5370 1188
5 3499 1994 5370 1189
5 3673 699 8247 1190
5 2984 1342 4078 1191
5 2943 1023 4203 1192
5 3497 872 6985 1193
5 1386 2943 4203 1194
5 3333 6731 6774 1195
5 6054 880 8460 1196
5 468 3195 4172 1197
5 3195 1982 4172 1198
5 3623 6053 8574 1199
5 2825 4642 8315 1200
5 875 4013 6739 1201
5 1315 3104 5574 1202
5 4034 1608 9050 1203
5 573 3773 8448 1204
5 6082 2431 8030 1205
5 4711 3409 6310 1206
5 3783 850 5027 1207
5 3222 1401 5338 1208
5 2011 3783 5027 1209
5 2755 1935 5304 1210
5 3112 1381 8470 1211
5 3124 875 6341 1212
5 2016 3124 6341 1213
5 3291 1289 3708 1214
5 697 3409 4711 1215
5 1574 5091 6749 1216
5 577 2897 7249 1217
5 4888 1736 5667 1218
5 2747 5766 7245 1219
5 3950 87 5114 1220
5 4913 3592 6553 1221
5 3028 1366 4377 1222
5 1973 3215 4744 1223
5 1341 3276 7777 1224
5 4212 598 4301 1225
5 4855 1060 4909 1226
5 1489 2978 4631 1227
5 3080 1205 7685 1228
5 1935 2755 6172 1229
5 1729 2854 7097 1230
5 3355 7454 8244 1231
5 981 2804 4528 1232
5 1314 3134 3856 1233
5 641 2931 4209 1234
5 634 3027 4250 1235
5 1259 3326 8920 1236
5 3314 842 5299 1237
5 1382 3467 3785 1238
5 3744 1522 4193 1239
5 1547 3199 4312 1240
5 759 4351 5431 1241
5 4554 6308 6497 1242
5 657 2844 4518 1243
5 3596 3068 8071 1244
5 2758 6845 8318 1245
5 3116 1160 3894 1246
5 3199 2106 4312 1247
5 3402 1662 4535 1248
5 761 3402 4535 1249
5 926 3765 6997 1250
5 3254 1827 6107 1251
5 1406 2832 6180 1252
5 3463 1628 9074 1253
5 3189 1869 6069 1254
5 4420 1960 5701 1255
5 2855 1368 4532 1256
5 3003 1552 4439 1257
5 3630 6747 7520 1258
5 4876 402 5644 1259
5 6735 4131 8947 1260
5 3169 486 7766 1261
5 2036 6504 6992 1262
5 1304 4520 5454 1263
5 1929 3939 6274 1264
5 1105 2756 5558 1265
5 1620 3531 3572 1266
5 2849 1573 5099 1267
5 3407 892 3845 1268
5 2754 1312 5697 1269
5 1586 2998 8185 1270
5 5013 4144 6865 1271
5 1539 3065 5866 1272
5 2917 547 5260 1273
5 3210 3344 9065 1274
5 1697 3529 5563 1275
5 1598 2757 5214 1276
5 2409 4154 6309 1277
5 3220 1529 4364 1278
5 6440 1501 7233 1279
5 714 3220 4364 1280
5 4579 2557 5516 1281
5 772 3953 4663 1282
5 4890 3131 9063 1283
5 3012 377 5571 1284
5 1370 2919 6710 1285
5 4710 806 4787 1286
5 3683 2562 7514 1287
5 3032 1915 4761 1288
5 6353 4262 8402 1289
5 3200 1234 8302 1290
5 2055 4513 4944 1291
5 3077 4103 7922 1292
5 3243 1761 5250 1293
5 3821 3463 9074 1294
5 933 6275 6307 1295
5 4330 1581 4827 1296
5 731 3377 4030 1297
5 4270 2364 5947 1298
5 3412 115 6581 1299
5 1640 2784 8647 1300
5 2043 4554 6497 1301
5 3439 1350 3594 1302
5 3799 1960 4420 1303
5 2944 1181 4156 1304
5 3531 690 3572 1305
5 7130 4163 9146 1306
5 3230 1661 4294 1307
5 3860 4436 5740 1308
5 1726 3044 4002 1309
5 3017 1548 7907 1310
5 3024 606 4045 1311
5 1598 4545 6100 1312
5 3335 669 4578 1313
5 3391 691 6018 1314
5 1618 2775 4822 1315
5 2828 3825 7709 1316
5 4069 1422 5578 1317
5 4348 2007 4395 1318
5 1559 4348 4395 1319
5 6079 4151 6296 1320
5 1378 2866 4790 1321
5 756 3309 8283 1322
5 4997 6129 7814 1323
5 708 3831 7483 1324
5 2777 1635 5620 1325
5 3731 1402 9069 1326
5 2848 1409 6459 1327
5 3185 2539 8125 1328
5 5091 2682 6749 1329
5 4854 2842 7100 1330
5 405 3170 7675 1331
5 5559 2282 6966 1332
5 2775 1618 5404 1333
5 727 4705 6060 1334
5 3505 743 7036 1335
5 2500 3505 7036 1336
5 5495 1280 7429 1337
5 1332 3109 4517 1338
5 1347 3036 4030 1339
5 2758 3932 6845 1340
5 1368 3803 5259 1341
5 3322 2351 7399 1342
5 592 2841 9130 1343
5 2935 1370 6710 1344
5 6985 872 7165 1345
5 3506 1226 3603 1346
5 5590 4188 7003 1347
5 237 3196 5607 1348
5 6629 8677 8780 1349
5 2996 1629 5158 1350
5 1366 3740 5680 1351
5 4256 929 4597 1352
5 1490 3098 4197 1353
5 1205 3305 4344 1354
5 3098 1053 4197 1355
5 1146 6974 8019 1356
5 4103 1355 7922 1357
5 2574 5472 8138 1358
5 4367 1458 5973 1359
5 2053 4256 4597 1360
5 1205 4850 5585 1361
5 3093 215 4148 1362
5 6501 2061 6959 1363
5 4237 280 8199 1364
5 405 7675 7714 1365
5 2814 5055 6426 1366
5 1731 3849 4338 1367
5 2817 532 4726 1368
5 3055 627 7497 1369
5 4446 2749 5974 1370
5 802 4446 5974 1371
5 3194 3725 7846 1372
5 3254 6107 6214 1373
5 2524 6877 6939 1374
5 3561 1308 4925 1375
5 3243 1042 7791 1376
5 4609 790 5668 1377
5 649 5068 5683 1378
5 1225 3183 3853 1379
5 4754 519 6582 1380
5 1120 3026 7534 1381
5 737 3214 7425 1382
5 1562 3474 4652 1383
5 597 3877 4861 1384
5 681 2822 4963 1385
5 2137 4730 6206 1386
5 3877 1983 4861 1387
5 4329 453 5769 1388
5 3365 5353 5949 1389
5 1654 3137 4396 1390
5 2489 3784 5935 1391
5 4291 667 5931 1392
5 4214 1388 8115 1393
5 3072 1170 8021 1394
5 3138 568 7148 1395
5 1270 6652 8112 1396
5 7457 3019 9111 1397
5 1406 3140 4218 1398
5 1672 3307 5010 1399
5 2956 1062 4192 1400
5 7647 708 8295 1401
5 1331 3120 6456 1402
5 1259 8920 9318 1403
5 770 2978 6258 1404
5 5472 3160 8138 1405
5 2799 443 4732 1406
5 2749 6651 7576 1407
5 449 3398 6626 1408
5 3250 2038 6640 1409
5 4540 668 6840 1410
5 5161 3251 5643 1411
5 2919 1370 6177 1412
5 5055 1003 6426 1413
5 3623 911 6053 1414
5 3293 4756 7428 1415
5 1123 4229 5842 1416
5 4229 2538 5842 1417
5 470 3320 4348 1418
5 3320 2007 4348 1419
5 1655 3517 3767 1420
5 351 352 4701 1421
5 2996 431 5123 1422
5 5241 2882 8035 1423
5 3517 602 3767 1424
5 1629 2996 5123 1425
5 351 4701 8230 1426
5 3083 1330 4973 1427
5 389 3507 6668 1428
5 1056 6462 7144 1429
5 2195 4131 6735 1430
5 3563 658 3642 1431
5 1587 3563 3642 1432
5 2978 1976 4419 1433
5 4225 1568 4443 1434
5 1955 4225 4443 1435
5 3732 1419 4441 1436
5 685 3399 5107 1437
5 2787 568 7276 1438
5 1891 2957 6359 1439
5 2828 8128 9096 1440
5 3819 6983 8105 1441
5 2957 992 6359 1442
5 532 2817 5673 1443
5 4188 2074 7003 1444
5 1289 3291 5219 1445
5 1454 4481 4528 1446
5 735 3687 5149 1447
5 1260 3560 5459 1448
5 4335 6282 9186 1449
5 3999 1636 4565 1450
5 3217 828 4813 1451
5 1532 4578 4708 1452
5 1477 3323 5647 1453
5 1225 3853 4401 1454
5 1328 3211 4882 1455
5 3226 5498 7839 1456
5 3369 40 6025 1457
5 3590 4817 5394 1458
5 3268 1331 6786 1459
5 4185 435 6901 1460
5 1212 3169 3896 1461
5 1501 4556 7233 1462
5 2376 5156 7551 1463
5 2841 1425 5775 1464
5 2861 1185 6242 1465
5 3226 1528 8378 1466
5 461 3030 4254 1467
5 1018 5843 7001 1468
5 971 2799 6320 1469
5 5066 3587 6695 1470
5 1326 3197 5751 1471
5 970 2789 5087 1472
5 2746 4005 5678 1473
5 1331 3272 6786 1474
5 611 5088 5835 1475
5 2894 1673 4365 1476
5 3905 110 5809 1477
5 2789 970 5145 1478
5 2981 651 4420 1479
5 1441 2981 4420 1480
5 456 6945 7981 1481
5 2905 535 6687 1482
5 1392 5035 6871 1483
5 1374 2958 6886 1484
5 6628 4690 7599 1485
5 1171 5894 8870 1486
5 3541 1784 4016 1487
5 3698 1207 5156 1488
5 77 3383 5365 1489
5 3164 1359 4164 1490
5 2218 4902 7164 1491
5 3809 873 4255 1492
5 2962 816 6897 1493
5 2854 1729 5760 1494
5 1330 6693 7016 1495
5 310 2968 6926 1496
5 4042 5002 7997 1497
5 2901 1756 5893 1498
5 4335 1391 6282 1499
5 5889 1841 5904 1500
5 6275 933 6783 1501
5 476 3107 4003 1502
5 1290 2806 4823 1503
5 4438 2290 6653 1504
5 4385 6717 8358 1505
5 3617 1260 5459 1506
5 535 2984 6994 1507
5 1303 3316 8191 1508
5 2827 4185 6901 1509
5 1370 2935 4290 1510
5 4674 3642 7650 1511
5 812 4751 4866 1512
5 1365 3193 5120 1513
5 2979 661 4547 1514
5 990 2888 7695 1515
5 3846 1373 8920 1516
5 1471 2979 4547 1517
5 7217 3757 7459 1518
5 5492 3016 8961 1519
5 26 2811 5307 1520
5 4652 3474 6965 1521
5 3229 1875 3942 1522
5 1416 3020 4322 1523
5 3256 1224 7699 1524
5 3497 1336 3605 1525
5 3326 3846 8920 1526
5 535 2905 6543 1527
5 4285 3070 6928 1528
5 2805 529 8871 1529
5 3926 2103 5148 1530
5 2338 5011 5953 1531
5 385 3926 5148 1532
5 974 4258 6460 1533
5 1239 3095 8172 1534
5 1271 2873 6284 1535
5 2965 396 7747 1536
5 1387 3061 4070 1537
5 3036 1347 5228 1538
5 610 3123 3996 1539
5 3730 822 6644 1540
5 525 3163 7142 1541
5 1748 3166 5586 1542
5 1508 2898 8585 1543
5 3460 4889 7364 1544
5 1648 5260 6259 1545
5 3825 1327 7709 1546
5 6816 2879 7137 1547
5 1604 4548 4640 1548
5 3343 722 3933 1549
5 1440 3343 3933 1550
5 5088 1234 6804 1551
5 1151 3185 8125 1552
5 2809 1643 5542 1553
5 1845 7130 9146 1554
5 741 3672 4712 1555
5 1512 4690 6628 1556
5 4997 2204 6129 1557
5 1526 2811 6125 1558
5 675 4950 5459 1559
5 3308 1212 3896 1560
5 1250 3711 5192 1561
5 3672 1804 4712 1562
5 5107 3399 8878 1563
5 596 3150 4815 1564
5 4221 1038 7771 1565
5 702 2798 5353 1566
5 2879 1098 6890 1567
5 3264 1423 3970 1568
5 6626 3398 8433 1569
5 608 3756 5419 1570
5 1194 3264 3970 1571
5 4357 1361 4576 1572
5 3120 1331 5847 1573
5 2444 3979 6699 1574
5 1360 3150 3967 1575
5 2584 5362 6727 1576
5 1379 3005 4208 1577
5 431 2996 7046 1578
5 1118 4985 6870 1579
5 4557 4366 7065 1580
5 2359 4357 4576 1581
5 3682 7498 8060 1582
5 2872 507 7674 1583
5 5421 2706 7220 1584
5 2915 6190 7466 1585
5 623 4000 6251 1586
5 3514 2028 6124 1587
5 1355 4103 4227 1588
5 3670 1304 3671 1589
5 1483 4120 4669 1590
5 1678 3670 3671 1591
5 1027 4285 6928 1592
5 443 2799 5140 1593
5 796 3746 5636 1594
5 2804 508 7033 1595
5 3760 2375 7551 1596
5 3168 1296 8051 1597
5 2784 3794 7146 1598
5 670 3287 5554 1599
5 1961 6135 6516 1600
5 2228 4773 5580 1601
5 3045 3640 8341 1602
5 3640 621 8341 1603
5 3753 2058 5412 1604
5 3358 1887 6036 1605
5 579 3026 4157 1606
5 4376 1184 6356 1607
5 1104 3152 7985 1608
5 4392 2399 6532 1609
5 5362 1734 6727 1610
5 1452 3121 4023 1611
5 3060 1465 4411 1612
5 756 3060 4411 1613
5 3005 1049 4208 1614
5 3285 446 5279 1615
5 2920 1044 4496 1616
5 3037 1040 4962 1617
5 4551 644 6093 1618
5 5373 4667 8859 1619
5 2256 3300 5467 1620
5 1597 3037 4962 1621
5 4428 2828 9096 1622
5 1485 4536 5244 1623
5 1418 3070 4285 1624
5 2808 1594 5348 1625
5 3175 1266 8065 1626
5 2038 3250 7159 1627
5 1013 2884 5666 1628
5 3295 1816 4600 1629
5 525 7142 7189 1630
5 2817 951 8764 1631
5 1111 3555 8818 1632
5 2211 4679 5034 1633
5 348 349 6303 1634
5 1310 3757 7217 1635
5 466 3647 8548 1636
5 1281 3228 4091 1637
5 7468 2396 7542 1638
5 3915 1432 9313 1639
5 2963 407 8264 1640
5 2861 1761 6068 1641
5 1553 2924 4723 1642
5 3121 1452 9249 1643
5 1675 2831 8877 1644
5 500 4109 5920 1645
5 466 8548 8586 1646
5 2946 980 6239 1647
5 4151 1939 6296 1648
5 1423 3264 7213 1649
5 3322 7399 8388 1650
5 1318 4905 5644 1651
5 3037 1597 7288 1652
5 725 3670 4305 1653
5 3670 1678 4305 1654
5 4108 1427 4754 1655
5 5472 2574 6933 1656
5 1156 4470 9293 1657
5 2898 1508 6405 1658
5 5680 623 6251 1659
5 1777 3722 4169 1660
5 3307 1672 7543 1661
5 2084 3355 4859 1662
5 2251 3856 8932 1663
5 1866 3015 7596 1664
5 3908 2327 8145 1665
5 3955 227 4716 1666
5 1005 2989 4558 1667
5 2989 1470 4558 1668
5 761 3201 5257 1669
5 1385 3067 7538 1670
5 3371 1291 6270 1671
5 967 2841 5775 1672
5 65 66 4081 1673
5 2761 4927 7362 1674
5 3059 675 4174 1675
5 966 2846 8566 1676
5 3547 1153 5606 1677
5 87 88 5114 1678
5 2060 2912 6511 1679
5 3790 2037 5203 1680
5 470 3790 5203 1681
5 1383 2951 5816 1682
5 1653 3265 4497 1683
5 3056 1410 4352 1684
5 5241 1666 8003 1685
5 3265 684 4497 1686
5 4149 1052 4872 1687
5 1093 3135 6123 1688
5 2093 4149 4872 1689
5 2943 1386 5909 1690
5 3075 2183 7233 1691
5 2824 1844 6173 1692
5 1638 3628 3680 1693
5 2874 1783 6151 1694
5 2062 3983 5022 1695
5 3983 909 5022 1696
5 1418 3784 9175 1697
5 1551 2814 5213 1698
5 3228 1859 6025 1699
5 3798 1264 6165 1700
5 1557 3752 3850 1701
5 3810 2785 7916 1702
5 2967 8168 8898 1703
5 6144 2702 6585 1704
5 4492 424 6846 1705
5 3354 5483 6997 1706
5 4520 2337 5454 1707
5 867 3330 6545 1708
5 3330 2163 6545 1709
5 4187 3769 6706 1710
5 4013 875 6766 1711
5 5436 2073 5749 1712
5 3442 1047 8479 1713
5 2951 4492 6846 1714
5 365 4545 5214 1715
5 1458 4246 5973 1716
5 3710 910 7445 1717
5 3293 795 4756 1718
5 1028 2826 5540 1719
5 1715 3002 8891 1720
5 4924 2487 7155 1721
5 709 4900 5205 1722
5 708 3792 8295 1723
5 1558 4854 7100 1724
5 1005 2864 5986 1725
5 4413 878 6004 1726
5 3456 1918 6674 1727
5 3904 2023 4547 1728
5 3148 1491 4026 1729
5 7971 1395 8499 1730
5 3327 1703 3996 1731
5 2941 1270 8038 1732
5 3111 465 5349 1733
5 3619 1333 3620 1734
5 1407 3429 9252 1735
5 1286 4764 7837 1736
5 6270 1291 7118 1737
5 1577 3619 3620 1738
5 3291 2018 6581 1739
5 3008 946 5047 1740
5 109 110 3905 1741
5 678 5072 9075 1742
5 3187 552 5045 1743
5 1409 2938 6459 1744
5 3090 1503 4920 1745
5 2995 541 4806 1746
5 3734 1740 6691 1747
5 612 3193 4289 1748
5 58 59 3565 1749
5 1009 2831 7804 1750
5 2826 1649 5540 1751
5 3343 1559 4395 1752
5 722 3343 4395 1753
5 4407 1120 9178 1754
5 3442 1430 4512 1755
5 2361 5898 8327 1756
5 1789 3502 5024 1757
5 694 3251 3908 1758
5 933 4451 6783 1759
5 3611 1337 7763 1760
5 2237 4855 4909 1761
5 6855 2410 9104 1762
5 1121 2865 5945 1763
5 3086 1082 4141 1764
5 2959 1965 6726 1765
5 1393 3086 4141 1766
5 2918 1153 7204 1767
5 1169 3395 7844 1768
5 2978 1841 6258 1769
5 4216 1407 9252 1770
5 1291 3371 8333 1771
5 1234 5384 6804 1772
5 1396 3162 8365 1773
5 3247 1453 4134 1774
5 978 4035 6663 1775
5 5920 4109 9176 1776
5 2891 1653 4896 1777
5 3659 2322 9036 1778
5 1314 3292 3878 1779
5 1381 3394 8470 1780
5 464 3543 8245 1781
5 4985 2886 6870 1782
5 1638 3505 8343 1783
5 2366 3006 7008 1784
5 680 3229 3942 1785
5 1402 3660 4382 1786
5 2989 5281 7449 1787
5 3400 412 5548 1788
5 599 4449 8546 1789
5 1461 3505 4537 1790
5 1526 3570 4788 1791
5 1506 3363 6276 1792
5 2898 1311 4571 1793
5 1004 2856 5560 1794
5 2856 1659 5560 1795
5 2400 4291 5931 1796
5 3514 6124 8311 1797
5 3412 1284 4457 1798
5 3036 1402 5497 1799
5 6983 2347 8105 1800
5 3146 7341 8432 1801
5 3240 2115 6609 1802
5 4785 2360 5215 1803
5 522 2829 5976 1804
5 993 3240 6609 1805
5 3223 2012 6627 1806
5 3326 525 3846 1807
5 980 2946 6658 1808
5 3241 1545 3947 1809
5 2832 1406 6540 1810
5 6107 1827 7647 1811
5 2922 1907 7023 1812
5 1307 3446 3749 1813
5 2309 5260 5813 1814
5 5494 2736 6621 1815
5 1395 3657 8499 1816
5 4430 966 6607 1817
5 1381 3112 7593 1818
5 1734 3648 4478 1819
5 1571 2836 6547 1820
5 4956 2942 8108 1821
5 2930 4430 6607 1822
5 1274 5796 7874 1823
5 588 4814 6026 1824
5 2489 6545 6847 1825
5 464 8245 8348 1826
5 1816 3295 5414 1827
5 3295 786 5414 1828
5 2478 3422 7423 1829
5 3125 1385 7538 1830
5 2844 657 4958 1831
5 3177 1352 5746 1832
5 4195 490 5337 1833
5 2285 4195 5337 1834
5 1193 3753 5412 1835
5 1171 3802 9062 1836
5 5821 2547 6768 1837
5 3717 2361 4965 1838
5 3802 3371 9062 1839
5 3841 672 5765 1840
5 1517 3743 4105 1841
5 2866 629 4790 1842
5 462 3886 6344 1843
5 3027 634 4276 1844
5 3743 1624 4105 1845
5 1242 3378 4633 1846
5 3090 632 4265 1847
5 3886 2452 6344 1848
5 5367 1717 8449 1849
5 2012 3223 4021 1850
5 4764 3108 7837 1851
5 989 2876 5998 1852
5 7874 4323 9207 1853
5 1673 3635 4365 1854
5 3635 442 4365 1855
5 3008 1390 4731 1856
5 2986 1059 6801 1857
5 3807 1206 9025 1858
5 3422 1008 7423 1859
5 4957 2734 7098 1860
5 552 3187 8008 1861
5 2532 5004 8111 1862
5 1267 3096 4327 1863
5 542 2846 5983 1864
5 5035 2812 6871 1865
5 3170 1166 5350 1866
5 1089 5421 7220 1867
5 3198 746 4260 1868
5 156 157 3429 1869
5 3861 1986 4517 1870
5 1460 3198 4260 1871
5 843 3318 6504 1872
5 5236 389 6668 1873
5 1244 3266 5020 1874
5 2856 1004 6700 1875
5 1630 4158 5115 1876
5 4325 1752 6035 1877
5 2103 4982 5148 1878
5 3021 1869 4306 1879
5 367 368 3384 1880
5 2541 5636 5951 1881
5 3096 1622 4327 1882
5 6618 2645 8202 1883
5 7583 495 7825 1884
5 1800 2855 8799 1885
5 2044 3249 4330 1886
5 4756 1592 7428 1887
5 4723 534 5522 1888
5 2863 5271 8150 1889
5 3527 672 3945 1890
5 1800 5172 7102 1891
5 1497 3527 3945 1892
5 3177 1300 7961 1893
5 2928 5495 7429 1894
5 1338 2864 4869 1895
5 2929 4160 7262 1896
5 3557 1211 4277 1897
5 1747 3345 4096 1898
5 2884 1013 5099 1899
5 2413 5413 6033 1900
5 1436 3962 4574 1901
5 1639 4880 6003 1902
5 3012 1649 6748 1903
5 661 2979 5532 1904
5 4528 4481 8069 1905
5 1642 4562 5444 1906
5 6598 3611 7763 1907
5 736 3417 4082 1908
5 1841 2978 4419 1909
5 3417 1484 4082 1910
5 3006 630 4576 1911
5 1127 6692 7746 1912
5 2890 553 7298 1913
5 2851 1248 4974 1914
5 3553 620 7075 1915
5 3419 232 5722 1916
5 3533 591 5697 1917
5 5170 3049 8986 1918
5 3686 1462 3780 1919
5 2855 1800 8083 1920
5 1490 3686 3780 1921
5 3652 1550 3710 1922
5 4627 3302 9226 1923
5 1496 3974 4049 1924
5 3974 1677 4049 1925
5 1505 3605 8632 1926
5 2846 966 7756 1927
5 2250 4357 5725 1928
5 2708 3536 5193 1929
5 6564 664 7151 1930
5 2401 5619 7338 1931
5 3106 1041 6213 1932
5 3211 1790 5482 1933
5 848 3211 5482 1934
5 126 127 3397 1935
5 495 3589 7825 1936
5 3885 535 6543 1937
5 1463 2910 5354 1938
5 3546 1377 7774 1939
5 3682 1028 7498 1940
5 4562 2501 5444 1941
5 1886 3165 6103 1942
5 3718 1391 5033 1943
5 2867 1836 4924 1944
5 4160 1376 7262 1945
5 2930 1736 7818 1946
5 1720 3334 3882 1947
5 1153 3547 9311 1948
5 671 3161 6141 1949
5 3734 1712 4548 1950
5 1938 3051 5694 1951
5 1717 5154 8449 1952
5 4702 2317 4854 1953
5 441 7038 7684 1954
5 1558 4702 4854 1955
5 4717 3672 6306 1956
5 1254 3304 7635 1957
5 3966 2100 6650 1958
5 1268 3205 4849 1959
5 4989 3734 6691 1960
5 1960 3507 4488 1961
5 1070 3251 5161 1962
5 3186 1097 7959 1963
5 1097 3188 7959 1964
5 4429 428 6918 1965
5 2607 3530 5896 1966
5 1048 2982 5633 1967
5 3316 4328 8191 1968
5 3059 1021 4776 1969
5 1536 3059 4776 1970
5 2871 1074 6229 1971
5 3857 1897 4142 1972
5 2356 3600 7352 1973
5 3358 6036 7314 1974
5 677 3350 3868 1975
5 3532 1600 4979 1976
5 4642 2825 8890 1977
5 1999 3547 5606 1978
5 647 3173 4080 1979
5 2498 4772 5738 1980
5 2924 1553 5061 1981
5 655 3376 4050 1982
5 3376 1462 4050 1983
5 1838 3249 5843 1984
5 2951 1383 4492 1985
5 732 3367 4159 1986
5 3367 1486 4159 1987
5 3798 6165 7722 1988
5 1791 6745 7043 1989
5 3185 1468 4340 1990
5 5156 862 7551 1991
5 3760 2209 5892 1992
5 608 5419 6981 1993
5 3118 643 4166 1994
5 1077 3820 8178 1995
5 3999 4565 8080 1996
5 3563 1292 7509 1997
5 796 3494 4884 1998
5 4311 1639 6003 1999
5 1573 2849 5283 2000
5 3943 2170 4835 2001
5 3482 1542 4003 2002
5 6452 425 7325 2003
5 757 4177 7626 2004
5 2793 4523 6789 2005
5 735 4693 5216 2006
5 4284 2714 6413 2007
5 3378 1242 4002 2008
5 6974 3078 8019 2009
5 625 4284 6413 2010
5 452 3185 4340 2011
5 3179 1760 5445 2012
5 458 3149 4940 2013
5 3443 383 5564 2014
5 1933 3443 5564 2015
5 3006 1144 6899 2016
5 3856 3134 8932 2017
5 3163 1643 5557 2018
5 531 2948 4541 2019
5 1656 5285 7011 2020
5 4705 1842 5402 2021
5 4596 1542 4728 2022
5 2942 4956 5895 2023
5 3537 781 6218 2024
5 2103 3165 4982 2025
5 1249 5502 9060 2026
5 3341 402 4318 2027
5 1201 3760 5892 2028
5 5613 426 8163 2029
5 507 2872 4984 2030
5 2382 3423 4413 2031
5 2767 3425 5751 2032
5 3171 2470 5150 2033
5 3192 1545 7954 2034
5 4437 1601 5335 2035
5 3204 3807 9025 2036
5 1836 2867 5488 2037
5 3294 1390 4173 2038
5 4191 854 4331 2039
5 1384 3058 5940 2040
5 2890 3408 7726 2041
5 1843 4191 4331 2042
5 391 3615 6886 2043
5 6174 2878 6720 2044
5 1567 3906 4386 2045
5 2995 1408 5656 2046
5 1369 3407 3845 2047
5 624 4634 8681 2048
5 451 3105 8849 2049
5 2442 3525 8370 2050
5 4869 1005 5167 2051
5 2974 1074 6645 2052
5 1709 2863 6152 2053
5 5125 1814 5422 2054
5 3978 1042 6923 2055
5 815 4005 4066 2056
5 2979 1471 6673 2057
5 2693 3978 6923 2058
5 4005 1686 4066 2059
5 4450 1798 5321 2060
5 3628 1319 3680 2061
5 6261 450 7986 2062
5 4705 5402 7381 2063
5 1107 3218 7966 2064
5 3014 1447 7610 2065
5 3425 1326 5751 2066
5 3062 1481 8975 2067
5 406 3334 6292 2068
5 2938 1409 6791 2069
5 3236 2426 7799 2070
5 473 3236 7799 2071
5 3365 702 5353 2072
5 1128 3939 7110 2073
5 350 4589 6303 2074
5 3305 1205 8592 2075
5 3939 2748 7110 2076
5 1390 3008 4440 2077
5 4108 4754 6482 2078
5 3008 5047 7174 2079
5 3252 845 4910 2080
5 5192 3711 6880 2081
5 3255 1420 8666 2082
5 3097 580 8232 2083
5 2641 5280 6500 2084
5 1378 3137 4655 2085
5 4434 2241 6363 2086
5 1190 4266 8991 2087
5 565 7029 8615 2088
5 4089 5980 7978 2089
5 1390 3294 5116 2090
5 553 2890 4918 2091
5 2830 3828 6452 2092
5 5216 4693 7877 2093
5 996 3002 5603 2094
5 1653 2891 5852 2095
5 1103 3541 4016 2096
5 4679 1587 5034 2097
5 4346 1687 5602 2098
5 2910 1463 5114 2099
5 3002 1715 5603 2100
5 1503 3090 4265 2101
5 3490 1894 4183 2102
5 3038 5796 8276 2103
5 3593 1362 4358 2104
5 4027 1422 4069 2105
5 2777 3380 4990 2106
5 3329 1308 3948 2107
5 4450 5321 7668 2108
5 1690 4027 4069 2109
5 1484 3212 4082 2110
5 537 2927 8688 2111
5 4705 2322 6060 2112
5 3872 6271 7007 2113
5 1074 2871 7067 2114
5 3728 1398 7427 2115
5 2873 1057 9287 2116
5 3016 837 6909 2117
5 3966 2345 5839 2118
5 1305 3026 4407 2119
5 3964 1259 5875 2120
5 3216 5072 7560 2121
5 2317 3964 5875 2122
5 764 5587 7141 2123
5 1057 2873 5332 2124
5 1648 4785 5215 2125
5 4202 1204 7371 2126
5 2985 7950 8291 2127
5 1455 4176 6450 2128
5 4573 1697 5563 2129
5 4350 2016 4580 2130
5 942 4350 4580 2131
5 2070 4710 4787 2132
5 1434 3787 4617 2133
5 4842 1650 5132 2134
5 5765 672 8933 2135
5 1818 3052 8561 2136
5 1377 3105 5363 2137
5 334 4303 5243 2138
5 3332 1239 8172 2139
5 397 3463 3821 2140
5 5966 1475 6092 2141
5 2216 3119 7401 2142
5 5115 4158 6531 2143
5 4006 2965 6692 2144
5 1453 3247 4657 2145
5 7427 1398 7475 2146
5 383 3443 4193 2147
5 3443 1519 4193 2148
5 1899 6548 7666 2149
5 3104 1315 4267 2150
5 3429 157 9252 2151
5 1394 3363 4274 2152
5 842 3314 5580 2153
5 5424 1455 6450 2154
5 161 2982 5570 2155
5 3314 1848 5580 2156
5 2972 4428 6795 2157
5 4428 1992 6795 2158
5 407 2963 7931 2159
5 713 3038 4380 2160
5 467 3810 7916 2161
5 416 3552 5235 2162
5 1289 3031 7589 2163
5 1811 3768 4211 2164
5 3099 1384 5940 2165
5 983 2902 4875 2166
5 2902 402 4876 2167
5 3658 2080 5147 2168
5 3768 1248 4211 2169
5 752 4169 6321 2170
5 4584 2461 6615 2171
5 2984 4078 6853 2172
5 4945 565 8615 2173
5 3167 504 4410 2174
5 2625 3328 6022 2175
5 5149 3687 6908 2176
5 438 6509 6533 2177
5 976 3164 4164 2178
5 5281 704 7449 2179
5 5016 400 5626 2180
5 4163 590 6453 2181
5 2619 4163 6453 2182
5 1713 3580 3841 2183
5 2148 4059 4474 2184
5 3306 2350 5434 2185
5 1470 2989 7449 2186
5 3357 1337 4179 2187
5 3580 672 3841 2188
5 3885 6543 7365 2189
5 4634 3277 8681 2190
5 3218 1107 8086 2191
5 2902 983 9268 2192
5 5253 1343 5646 2193
5 3299 4670 6089 2194
5 4078 1012 6853 2195
5 5047 2386 7174 2196
5 3337 1969 4644 2197
5 3371 3802 8333 2198
5 235 2893 5581 2199
5 3129 2260 7521 2200
5 2718 7683 8154 2201
5 1666 5241 8137 2202
5 4068 1347 7380 2203
5 3385 2993 9006 2204
5 3650 1256 4459 2205
5 2936 4068 7380 2206
5 2026 3911 7054 2207
5 3223 6627 7315 2208
5 3005 1379 4489 2209
5 3896 3169 7766 2210
5 1456 2986 6801 2211
5 677 3219 7692 2212
5 1472 3133 4238 2213
5 4523 1450 6789 2214
5 4371 3053 7114 2215
5 4663 3953 7605 2216
5 1380 3652 3710 2217
5 3334 1157 6292 2218
5 1483 3262 4120 2219
5 428 3520 5953 2220
5 3152 823 6950 2221
5 1197 3392 9083 2222
5 3262 1133 4120 2223
5 4059 1418 6696 2224
5 2525 5107 8878 2225
5 3020 1416 4741 2226
5 3142 440 6721 2227
5 2934 1630 4768 2228
5 2713 5016 5626 2229
5 1377 6610 7774 2230
5 2771 4429 6918 2231
5 3519 1949 6448 2232
5 1311 4885 8470 2233
5 3053 2116 7114 2234
5 4385 1424 6717 2235
5 586 3109 4296 2236
5 3061 1387 4368 2237
5 1750 3151 4221 2238
5 2989 1005 8825 2239
5 1476 3284 4282 2240
5 3284 1202 4282 2241
5 616 3171 8429 2242
5 3082 1031 6733 2243
5 1352 3177 8182 2244
5 3954 1844 8625 2245
5 3820 2896 8178 2246
5 425 3226 7839 2247
5 2226 3868 7024 2248
5 3395 4495 7844 2249
5 811 4371 7114 2250
5 7674 1477 8897 2251
5 2893 235 7518 2252
5 452 2929 4809 2253
5 3253 979 6308 2254
5 233 234 3455 2255
5 2639 4262 6353 2256
5 7024 3868 8699 2257
5 1456 4258 5126 2258
5 114 3412 4457 2259
5 3002 1688 5643 2260
5 7002 1552 8756 2261
5 2991 4622 8513 2262
5 4606 1954 6296 2263
5 3475 1703 3978 2264
5 4088 2992 6486 2265
5 3179 5445 8078 2266
5 1673 2894 6754 2267
5 2260 4622 6737 2268
5 2982 1868 5570 2269
5 3630 398 6747 2270
5 4980 1556 5654 2271
5 3561 2379 3958 2272
5 1308 3561 3958 2273
5 613 3284 8438 2274
5 3441 1336 4261 2275
5 4929 1051 6627 2276
5 1555 2904 5039 2277
5 3351 1447 5309 2278
5 4063 1800 7102 2279
5 6978 3563 7509 2280
5 1493 3141 8043 2281
5 6747 2185 7520 2282
5 3083 653 6631 2283
5 5681 2026 7054 2284
5 1201 3599 3760 2285
5 1060 3054 4909 2286
5 769 3244 4412 2287
5 3525 4123 8370 2288
5 1130 4191 6090 2289
5 2897 577 7546 2290
5 3209 1395 7286 2291
5 3054 450 6261 2292
5 3089 469 6505 2293
5 2890 7726 8170 2294
5 8677 1241 8780 2295
5 1481 3062 4400 2296
5 1194 3970 6439 2297
5 3970 2481 6439 2298
5 4055 2380 7630 2299
5 2907 2170 6760 2300
5 1285 4369 5936 2301
5 2920 2222 7646 2302
5 2658 5712 7470 2303
5 817 4110 5422 2304
5 1356 3806 3969 2305
5 1775 3944 4467 2306
5 3126 3858 8483 2307
5 4169 5758 6321 2308
5 1235 5485 7838 2309
5 1366 3028 4493 2310
5 3785 3467 9172 2311
5 2377 7378 7990 2312
5 3944 489 4467 2313
5 2949 682 6256 2314
5 1186 3713 4636 2315
5 3713 2095 4636 2316
5 109 3905 4477 2317
5 4260 1879 4414 2318
5 1460 4260 4414 2319
5 7683 1103 8154 2320
5 1465 3060 4415 2321
5 1626 2955 7833 2322
5 5077 6588 7444 2323
5 675 3241 4174 2324
5 1983 3877 4084 2325
5 3009 1309 4577 2326
5 3858 1229 8483 2327
5 1388 2946 6239 2328
5 1627 2940 7909 2329
5 690 3531 6535 2330
5 919 3914 6433 2331
5 3409 697 4591 2332
5 3302 2402 4981 2333
5 1730 3409 4591 2334
5 1052 3302 4981 2335
5 3635 1399 7540 2336
5 174 175 3426 2337
5 4020 1195 8709 2338
5 4772 1464 5738 2339
5 1283 5120 7841 2340
5 3231 2532 8111 2341
5 3235 645 4223 2342
5 1808 6144 6585 2343
5 1764 3259 5394 2344
5 3233 1530 4140 2345
5 3259 1220 5394 2346
5 2796 3748 5043 2347
5 324 4564 7613 2348
5 5120 3193 7841 2349
5 6093 4059 6696 2350
5 2797 4221 7771 2351
5 691 4400 6018 2352
5 1537 3207 4662 2353
5 7190 3926 7628 2354
5 3207 1068 4662 2355
5 4669 4120 6558 2356
5 4015 3456 6674 2357
5 5077 1025 6588 2358
5 3114 627 4692 2359
5 2931 641 6742 2360
5 3516 1908 3967 2361
5 2335 7434 7492 2362
5 4219 2153 6533 2363
5 2937 597 4861 2364
5 6784 3650 6849 2365
5 4389 750 6754 2366
5 302 303 3574 2367
5 2894 4389 6754 2368
5 1756 5815 5893 2369
5 3303 1855 6012 2370
5 3110 731 5497 2371
5 3489 1921 5996 2372
5 449 3510 4206 2373
5 850 3783 6803 2374
5 3582 2166 5332 2375
5 3510 1538 4206 2376
5 3073 1616 4417 2377
5 1479 3039 6936 2378
5 2090 3011 7342 2379
5 6548 2925 7666 2380
5 5438 1218 9011 2381
5 1742 3912 4212 2382
5 1179 3438 5905 2383
5 5010 3307 8742 2384
5 1443 3346 9261 2385
5 2315 5912 5921 2386
5 3949 1476 4739 2387
5 4598 1815 6396 2388
5 3241 675 8114 2389
5 688 2920 6078 2390
5 2079 3521 6564 2391
5 1966 3491 3940 2392
5 620 5768 7075 2393
5 6521 3224 8487 2394
5 333 334 5243 2395
5 3354 45 5737 2396
5 802 3204 4944 2397
5 782 6816 7137 2398
5 1410 3056 5262 2399
5 3669 2090 5689 2400
5 1815 5797 6396 2401
5 2066 3634 4882 2402
5 3221 411 8186 2403
5 3001 725 8601 2404
5 1320 4039 7448 2405
5 1040 2931 4962 2406
5 1420 3404 8666 2407
5 1239 3332 8642 2408
5 3540 2243 6600 2409
5 1688 3002 5686 2410
5 3258 1419 4126 2411
5 2914 6261 7986 2412
5 3074 1985 7219 2413
5 4192 3173 6574 2414
5 4088 3238 8261 2415
5 1257 4088 8261 2416
5 834 5310 7032 2417
5 3043 1432 6316 2418
5 2957 1891 8057 2419
5 773 5403 7558 2420
5 4209 2931 7262 2421
5 5186 2053 6161 2422
5 2856 4237 8199 2423
5 639 3669 8096 2424
5 3214 4130 7425 2425
5 4481 2690 7213 2426
5 7699 1224 9027 2427
5 1606 4627 9226 2428
5 3082 5083 8392 2429
5 5285 2673 7011 2430
5 3321 1515 4060 2431
5 3962 870 5441 2432
5 4138 2672 6740 2433
5 2149 3962 5441 2434
5 1422 4027 5696 2435
5 535 3140 6687 2436
5 345 5400 7126 2437
5 1166 3342 5350 2438
5 3009 583 7069 2439
5 3374 1660 7032 2440
5 1376 4209 7262 2441
5 2649 4013 5379 2442
5 48 49 4334 2443
5 2423 3875 5889 2444
5 1410 3263 4352 2445
5 1700 3533 3838 2446
5 437 3279 4841 2447
5 1872 4146 4526 2448
5 4146 1524 4526 2449
5 3865 739 4238 2450
5 3787 1434 4508 2451
5 2174 4138 6740 2452
5 1256 3650 6784 2453
5 4875 2776 6195 2454
5 2171 2956 7562 2455
5 3259 1764 6071 2456
5 1050 3004 5292 2457
5 3852 1924 4823 2458
5 3015 853 4629 2459
5 2957 172 5344 2460
5 5434 2350 6331 2461
5 3466 848 6744 2462
5 2259 3466 6744 2463
5 58 3565 7382 2464
5 2925 698 5286 2465
5 2521 4754 6582 2466
5 2358 3281 7598 2467
5 3281 1134 7598 2468
5 97 98 3445 2469
5 2955 917 4970 2470
5 1064 3093 5420 2471
5 1064 3216 7560 2472
5 4014 2627 6182 2473
5 414 4034 7638 2474
5 4034 2977 7638 2475
5 984 2934 6635 2476
5 3247 4134 8696 2477
5 1736 2930 5872 2478
5 1213 6174 6720 2479
5 5445 1110 8078 2480
5 2528 4154 7510 2481
5 3134 1314 5090 2482
5 1155 3516 3967 2483
5 5382 391 6886 2484
5 1840 3289 5707 2485
5 3289 1041 5707 2486
5 364 365 5214 2487
5 3779 925 4188 2488
5 1665 3779 4188 2489
5 394 4417 7853 2490
5 6877 417 6939 2491
5 643 3118 4750 2492
5 2762 5966 6092 2493
5 3657 1563 4116 2494
5 3812 1857 4936 2495
5 4799 1271 5509 2496
5 1153 2918 5606 2497
5 1215 4045 6185 2498
5 3752 2997 8298 2499
5 1215 3752 8298 2500
5 3133 1472 8590 2501
5 4191 1130 7945 2502
5 1887 4240 6036 2503
5 4240 2490 6036 2504
5 7401 3119 7710 2505
5 679 3657 4116 2506
5 2008 3846 5311 2507
5 547 2917 5526 2508
5 3145 1707 6350 2509
5 3819 1272 6983 2510
5 38 5591 7682 2511
5 196 197 3655 2512
5 1537 4384 4803 2513
5 4384 2107 4803 2514
5 1300 3559 5229 2515
5 2007 4967 5026 2516
5 6544 2588 7914 2517
5 2065 2935 9145 2518
5 635 4617 4736 2519
5 5613 2599 7103 2520
5 3937 1297 5635 2521
5 4110 2168 5422 2522
5 1674 5494 6621 2523
5 3182 1440 4567 2524
5 2107 6353 8402 2525
5 6337 2441 7369 2526
5 591 3992 5697 2527
5 2748 3939 7981 2528
5 2912 4360 7336 2529
5 2023 3615 4661 2530
5 1907 2922 9324 2531
5 1662 3050 4535 2532
5 4100 710 4529 2533
5 3652 1380 7903 2534
5 5222 1091 7229 2535
5 3434 667 4291 2536
5 979 3253 8171 2537
5 329 330 4402 2538
5 440 3142 5059 2539
5 3392 4433 9083 2540
5 1044 3130 4496 2541
5 3142 1614 5059 2542
5 3288 1416 4322 2543
5 4135 1954 4770 2544
5 1617 4135 4770 2545
5 4323 3143 9207 2546
5 2944 1625 5987 2547
5 1395 3209 6410 2548
5 3347 2014 4500 2549
5 964 3347 4500 2550
5 534 2924 7575 2551
5 6479 221 8157 2552
5 3597 1612 7360 2553
5 4041 1276 4675 2554
5 5011 428 5953 2555
5 679 2967 5481 2556
5 3346 756 5812 2557
5 4717 2450 5874 2558
5 3227 133 6998 2559
5 3250 6640 9090 2560
5 701 6633 7977 2561
5 1713 2932 5201 2562
5 4383 2697 7433 2563
5 3345 165 4948 2564
5 1172 3540 6600 2565
5 568 3138 6989 2566
5 1176 3688 8210 2567
5 4147 1422 5696 2568
5 4070 764 4559 2569
5 701 5127 5396 2570
5 2743 6107 7647 2571
5 1096 3815 6579 2572
5 946 3008 4731 2573
5 1401 3883 5338 2574
5 3274 577 7249 2575
5 1540 2970 5092 2576
5 1023 2943 5913 2577
5 3207 5541 7431 2578
5 3473 1044 5729 2579
5 3789 2392 8063 2580
5 3131 4890 7100 2581
5 677 2943 5909 2582
5 7301 2992 8223 2583
5 4134 888 8696 2584
5 3021 1203 9174 2585
5 1399 2979 7723 2586
5 1359 3164 4893 2587
5 1440 3049 4567 2588
5 1541 3235 4223 2589
5 606 3024 8888 2590
5 2613 7483 8621 2591
5 1113 5010 8742 2592
5 3193 1365 4289 2593
5 6651 2180 7576 2594
5 4225 1955 5132 2595
5 372 4616 5213 2596
5 2929 1040 5845 2597
5 983 4875 6195 2598
5 702 3365 4132 2599
5 3365 1928 4132 2600
5 472 3329 4770 2601
5 4950 2256 5459 2602
5 3329 1617 4770 2603
5 1999 5256 5339 2604
5 5256 2795 5339 2605
5 597 2937 6952 2606
5 5208 429 8344 2607
5 1649 2975 4907 2608
5 2932 1713 5711 2609
5 3206 1625 8941 2610
5 3283 1570 8765 2611
5 3288 780 4686 2612
5 1568 3288 4686 2613
5 3399 1923 5770 2614
5 3188 717 9103 2615
5 1119 3399 5770 2616
5 3350 677 7692 2617
5 2967 679 8168 2618
5 2964 1033 4983 2619
5 7889 3074 8442 2620
5 1583 3415 6327 2621
5 3605 1336 7422 2622
5 310 311 5163 2623
5 3549 1974 4715 2624
5 3251 1070 7624 2625
5 3634 1328 4882 2626
5 1348 3799 4026 2627
5 3190 2078 6840 2628
5 2962 1593 5004 2629
5 2327 3251 7624 2630
5 453 4329 7872 2631
5 1942 4014 6182 2632
5 4774 737 5970 2633
5 4523 2793 7012 2634
5 5591 2889 7682 2635
5 2222 4492 7646 2636
5 3098 1490 8527 2637
5 1411 3598 7916 2638
5 917 3807 5387 2639
5 4223 2440 5009 2640
5 3447 1027 7807 2641
5 7675 2974 7714 2642
5 2541 3447 7807 2643
5 3143 4323 7893 2644
5 1517 3292 4494 2645
5 3292 405 4494 2646
5 4323 469 7893 2647
5 4171 617 8326 2648
5 3196 1780 5607 2649
5 4925 472 6586 2650
5 2198 4346 5602 2651
5 3997 669 7068 2652
5 2973 496 8559 2653
5 1719 4667 5373 2654
5 3345 1544 4096 2655
5 4449 599 6217 2656
5 2607 5896 8010 2657
5 1469 3416 9013 2658
5 4661 2324 5108 2659
5 938 4661 5108 2660
5 870 3962 7338 2661
5 2415 3639 7597 2662
5 881 4275 6399 2663
5 3495 1746 3934 2664
5 394 4974 6518 2665
5 28 29 3762 2666
5 3491 1198 8894 2667
5 3825 2828 8280 2668
5 3149 458 5144 2669
5 3938 2854 8892 2670
5 721 3294 4173 2671
5 2940 1627 5468 2672
5 448 3116 7487 2673
5 1870 3552 6278 2674
5 630 3006 7452 2675
5 1440 3182 4336 2676
5 371 372 5213 2677
5 3145 4171 8326 2678
5 7540 1399 8565 2679
5 1452 3859 9249 2680
5 725 3001 4831 2681
5 2972 642 8280 2682
5 974 4075 6987 2683
5 4075 2716 6987 2684
5 778 5804 7460 2685
5 2540 6005 7751 2686
5 2948 531 5268 2687
5 1326 3926 7190 2688
5 1368 7087 8253 2689
5 3561 4925 8909 2690
5 1020 3023 6360 2691
5 473 3817 4612 2692
5 3817 1752 4612 2693
5 3042 1442 5525 2694
5 3761 1277 6017 2695
5 1468 4080 4183 2696
5 1423 7213 9120 2697
5 1767 3837 4628 2698
5 4163 3029 9146 2699
5 2351 3322 7530 2700
5 1486 3786 5628 2701
5 3322 696 7530 2702
5 488 3025 7503 2703
5 2504 3272 8219 2704
5 4265 632 6072 2705
5 3272 1331 8219 2706
5 3328 2625 8500 2707
5 3140 535 6994 2708
5 2082 3140 6994 2709
5 526 3965 5240 2710
5 3837 797 4628 2711
5 3965 2052 5240 2712
5 198 199 3655 2713
5 3258 1207 4586 2714
5 4339 201 7663 2715
5 3248 1157 4641 2716
5 1864 3910 3959 2717
5 3910 614 3959 2718
5 172 2957 8057 2719
5 4351 2015 5431 2720
5 1277 3781 6017 2721
5 3122 6618 8202 2722
5 2073 3724 5749 2723
5 1634 4058 4632 2724
5 3002 996 5686 2725
5 858 4849 7979 2726
5 4273 6464 8042 2727
5 3678 519 4754 2728
5 3248 1417 4664 2729
5 1181 2944 5987 2730
5 4646 1902 4811 2731
5 1591 3986 4409 2732
5 1457 3539 5749 2733
5 1087 3017 4789 2734
5 490 4625 5265 2735
5 3190 6840 7774 2736
5 2911 3789 8109 2737
5 3789 1465 8109 2738
5 4814 2439 6026 2739
5 705 4890 9063 2740
5 3224 6521 8594 2741
5 3519 6448 7019 2742
5 3863 2804 8014 2743
5 3871 681 4104 2744
5 1618 3871 4104 2745
5 85 3269 6470 2746
5 2177 3435 7135 2747
5 3004 1050 7659 2748
5 1593 2962 6897 2749
5 1210 3232 4388 2750
5 1579 3128 4996 2751
5 3128 826 4996 2752
5 2384 6997 7974 2753
5 3059 1536 4950 2754
5 675 3059 4950 2755
5 462 3456 4015 2756
5 5489 1397 5791 2757
5 519 5910 6582 2758
5 3595 1167 5447 2759
5 3546 1443 9261 2760
5 7952 397 8533 2761
5 2002 4596 4728 2762
5 3085 551 6148 2763
5 992 2957 8624 2764
5 3102 1105 6835 2765
5 3721 1509 7951 2766
5 647 2956 6574 2767
5 2122 4852 6565 2768
5 8099 3801 8720 2769
5 642 2972 7302 2770
5 279 280 4237 2771
5 3039 1072 6936 2772
5 2958 1813 5382 2773
5 1423 3822 6305 2774
5 3363 1394 4121 2775
5 2524 5253 5646 2776
5 1853 4510 6145 2777
5 3001 1142 7455 2778
5 1020 6360 7466 2779
5 1433 7433 7741 2780
5 1227 3601 4311 2781
5 3601 1639 4311 2782
5 3557 1959 5587 2783
5 764 3557 5587 2784
5 2497 4487 6601 2785
5 4369 2376 5936 2786
5 5766 707 7245 2787
5 555 3100 5708 2788
5 4334 49 7857 2789
5 4170 1477 5647 2790
5 4431 514 5941 2791
5 1033 2964 6064 2792
5 6105 1902 6534 2793
5 4062 1290 4823 2794
5 1924 4062 4823 2795
5 3051 1062 6813 2796
5 2118 3420 6875 2797
5 283 4567 8517 2798
5 3027 1261 5277 2799
5 4591 3652 7903 2800
5 3232 601 4307 2801
5 619 3023 8690 2802
5 3588 2687 8449 2803
5 1767 3894 4935 2804
5 1902 4719 6534 2805
5 1108 2977 7465 2806
5 4849 3205 7979 2807
5 1491 3585 4026 2808
5 4169 752 4782 2809
5 3585 1348 4026 2810
5 5953 3520 8445 2811
5 454 4043 7193 2812
5 3829 1382 8328 2813
5 949 4957 7098 2814
5 5081 6022 8284 2815
5 3279 1297 4841 2816
5 1006 4194 5919 2817
5 1468 4527 5289 2818
5 5081 387 6022 2819
5 469 3089 4601 2820
5 2762 7952 8533 2821
5 4493 854 4761 2822
5 7063 2308 7498 2823
5 2186 4011 7182 2824
5 6696 2966 8827 2825
5 3216 1693 9075 2826
5 2304 3047 6725 2827
5 3130 5247 6268 2828
5 669 4415 7068 2829
5 3099 2133 7048 2830
5 2926 3495 8855 2831
5 3495 481 8855 2832
5 4547 2023 6523 2833
5 4744 1739 5025 2834
5 3130 1642 4496 2835
5 2693 4086 7567 2836
5 4987 2494 5134 2837
5 1554 4987 5134 2838
5 1716 5046 5379 2839
5 5046 2649 5379 2840
5 5097 2219 6070 2841
5 2634 6054 8078 2842
5 1812 3143 6538 2843
5 3937 5635 7113 2844
5 4927 1578 7362 2845
5 3051 16 5694 2846
5 3906 1646 4386 2847
5 2852 5208 8344 2848
5 1774 2983 6632 2849
5 496 2973 5800 2850
5 3533 1312 8316 2851
5 7727 2922 8208 2852
5 4984 2568 6122 2853
5 1419 3732 5624 2854
5 2420 5669 6084 2855
5 2189 3374 7032 2856
5 2981 1441 5846 2857
5 3929 1461 3930 2858
5 1752 3817 7999 2859
5 275 276 3791 2860
5 1580 3929 3930 2861
5 4613 1901 5941 2862
5 4125 2241 4434 2863
5 1773 4101 4394 2864
5 2923 6219 7182 2865
5 4101 1523 4394 2866
5 598 7354 9128 2867
5 3751 2398 8492 2868
5 1845 5325 5440 2869
5 6840 668 7774 2870
5 5403 2518 7558 2871
5 2308 4162 7498 2872
5 3288 1568 5084 2873
5 2970 1019 5366 2874
5 2417 3342 8537 2875
5 6271 1978 7007 2876
5 2975 1649 6912 2877
5 5636 1805 5951 2878
5 651 2981 5752 2879
5 5485 1235 8007 2880
5 3199 698 5183 2881
5 2998 1586 5067 2882
5 4835 2170 7037 2883
5 4769 887 5723 2884
5 731 3110 7087 2885
5 2014 3041 7694 2886
5 4357 840 5725 2887
5 1103 3009 6234 2888
5 4016 1784 8360 2889
5 3748 615 6956 2890
5 3644 1874 5776 2891
5 4075 1351 4288 2892
5 2571 3520 8882 2893
5 2421 4265 6072 2894
5 3450 1407 5086 2895
5 4269 933 6307 2896
5 519 3678 7009 2897
5 4788 3570 6086 2898
5 3852 4823 7440 2899
5 2045 4599 4891 2900
5 349 350 6303 2901
5 3693 1232 6960 2902
5 3137 1378 7284 2903
5 1686 4005 8481 2904
5 1176 3631 8314 2905
5 1477 4170 8897 2906
5 653 3242 6631 2907
5 3046 689 6653 2908
5 3850 3752 8922 2909
5 1297 2981 5635 2910
5 6617 663 8641 2911
5 1915 3032 7373 2912
5 2979 1399 5532 2913
5 3664 3315 7176 2914
5 4250 3027 8046 2915
5 3152 4109 7985 2916
5 3004 440 5059 2917
5 647 3542 5868 2918
5 2980 5015 8710 2919
5 649 3356 4272 2920
5 4508 1434 8156 2921
5 5600 194 8067 2922
5 2921 3691 9056 2923
5 3023 1473 6360 2924
5 3250 4511 7159 2925
5 3595 5447 9181 2926
5 2279 5537 6803 2927
5 3093 1064 6953 2928
5 1390 5116 8703 2929
5 533 4717 5874 2930
5 4194 2354 5919 2931
5 4980 2235 5645 2932
5 3363 4121 6276 2933
5 2983 681 7223 2934
5 3212 1484 4755 2935
5 8920 3309 9318 2936
5 4013 1275 5379 2937
5 3249 729 4330 2938
5 6842 1140 8090 2939
5 1098 3180 6890 2940
5 6186 3829 8328 2941
5 1254 7635 8697 2942
5 3340 1493 8043 2943
5 3897 2831 8152 2944
5 2626 3851 5627 2945
5 4089 2040 5980 2946
5 4635 3095 7036 2947
5 743 4635 7036 2948
5 3970 1423 6305 2949
5 4857 1586 8185 2950
5 3165 741 4982 2951
5 2988 5600 8067 2952
5 5682 546 7194 2953
5 5873 1803 6015 2954
5 2240 4060 5867 2955
5 4883 2741 6938 2956
5 1596 3661 4406 2957
5 1988 3406 6140 2958
5 3661 1856 4406 2959
5 3406 1010 6140 2960
5 2591 7090 7128 2961
5 653 4523 7012 2962
5 1444 3132 8880 2963
5 5566 623 8876 2964
5 3049 5170 8517 2965
5 5280 972 6500 2966
5 3007 1561 5113 2967
5 3218 3613 7966 2968
5 525 3326 8399 2969
5 1274 7874 9207 2970
5 3836 788 6397 2971
5 1411 7916 9109 2972
5 509 4155 5245 2973
5 3895 1524 4658 2974
5 1251 3419 5380 2975
5 1773 3895 4658 2976
5 3419 1795 5380 2977
5 4773 842 5580 2978
5 272 2998 5487 2979
5 4559 764 7141 2980
5 3882 406 7522 2981
5 422 3461 9238 2982
5 1534 4354 4703 2983
5 1014 2990 8241 2984
5 4354 1996 4703 2985
5 3025 488 7657 2986
5 4417 1616 5085 2987
5 4155 2132 5245 2988
5 5015 1237 8710 2989
5 384 3276 4952 2990
5 2580 6164 6752 2991
5 546 4526 7194 2992
5 1295 4473 6230 2993
5 4473 2646 6230 2994
5 3139 1456 6801 2995
5 100 101 5262 2996
5 654 3633 6934 2997
5 2849 5099 6972 2998
5 169 170 3593 2999
5 4315 1793 5013 3000
5 3203 2261 7599 3001
5 3011 2090 6986 3002
5 797 3697 4628 3003
5 3697 1706 4628 3004
5 3693 399 4759 3005
5 4718 1575 5343 3006
5 2212 3013 5089 3007
5 1571 4801 6583 3008
5 5112 6814 8212 3009
5 4318 1723 5070 3010
5 3706 2587 7458 3011
5 3067 641 6318 3012
5 4465 3751 8492 3013
5 609 3706 7458 3014
5 440 3004 7848 3015
5 3915 3017 7907 3016
5 3551 1169 4826 3017
5 1724 3551 4826 3018
5 3752 1557 4435 3019
5 3838 963 5094 3020
5 3349 1321 8797 3021
5 1134 7401 7710 3022
5 3835 637 4041 3023
5 1884 3963 7132 3024
5 6174 2997 8901 3025
5 1821 4534 6238 3026
5 3783 2011 5086 3027
5 3296 794 8879 3028
5 4635 1752 7999 3029
5 2240 5867 7975 3030
5 1509 4701 7951 3031
5 3284 613 8119 3032
5 3023 1020 5061 3033
5 4301 598 9128 3034
5 1202 3284 8120 3035
5 3277 1470 8681 3036
5 4080 1468 5289 3037
5 3245 7145 8714 3038
5 3709 740 5266 3039
5 2565 5232 6011 3040
5 1148 6263 8227 3041
5 3171 5150 6894 3042
5 1535 4956 8108 3043
5 2018 3412 6581 3044
5 1616 3073 9149 3045
5 3007 1100 5227 3046
5 768 4355 4361 3047
5 4355 1851 4361 3048
5 3348 643 5764 3049
5 2342 3571 6269 3050
5 1403 3542 4499 3051
5 6158 1437 6170 3052
5 541 2995 5656 3053
5 4471 2752 6719 3054
5 3940 3491 8894 3055
5 780 3288 4322 3056
5 4863 401 7822 3057
5 1823 3806 4919 3058
5 4154 1207 7510 3059
5 3107 1325 6974 3060
5 664 3458 7151 3061
5 2687 3588 8550 3062
5 3806 604 4919 3063
5 3748 6956 8371 3064
5 3537 6218 8465 3065
5 2230 3418 6978 3066
5 3418 658 6978 3067
5 52 3135 4610 3068
5 1561 3007 5227 3069
5 3703 1532 4708 3070
5 606 6521 8487 3071
5 5024 3502 6916 3072
5 3435 2177 7734 3073
5 4210 1106 5064 3074
5 4285 2966 6696 3075
5 2036 2998 6504 3076
5 4885 3112 8470 3077
5 3948 810 4975 3078
5 2558 5112 8212 3079
5 1437 3180 6170 3080
5 4623 1045 6119 3081
5 2675 4623 6119 3082
5 4926 2587 7127 3083
5 2926 5222 7229 3084
5 6902 4464 7408 3085
5 5910 519 7009 3086
5 2998 272 8185 3087
5 3724 1457 5749 3088
5 5175 766 8827 3089
5 2392 3789 5801 3090
5 2998 2036 5487 3091
5 3112 776 4696 3092
5 3195 468 5390 3093
5 1071 3229 6150 3094
5 4536 1998 5244 3095
5 1590 3257 5777 3096
5 4812 2689 6603 3097
5 3539 1411 5689 3098
5 4193 1522 5979 3099
5 1072 3039 6444 3100
5 1548 3017 6050 3101
5 3819 406 6292 3102
5 1401 3222 4501 3103
5 3240 993 5225 3104
5 1049 3005 5858 3105
5 1204 3457 5369 3106
5 1111 3275 9310 3107
5 1142 3001 5657 3108
5 8297 2980 8453 3109
5 3457 1801 5369 3110
5 1649 3012 5540 3111
5 1731 4338 5631 3112
5 2063 4210 5064 3113
5 3851 1799 5627 3114
5 2540 4643 6005 3115
5 1859 3369 6025 3116
5 4227 4103 7669 3117
5 2795 4298 7664 3118
5 1132 7656 8369 3119
5 3771 3349 7326 3120
5 3383 1725 5365 3121
5 5111 2057 5279 3122
5 1458 3594 6830 3123
5 1698 3792 7639 3124
5 3037 542 4979 3125
5 662 3129 4669 3126
5 402 3341 8652 3127
5 1318 3910 4905 3128
5 5670 1025 7182 3129
5 3910 1864 4905 3130
5 214 3093 6019 3131
5 3030 1768 5409 3132
5 1550 3052 6591 3133
5 1421 3153 4694 3134
5 4534 2593 6238 3135
5 3017 1087 6050 3136
5 2424 6408 7306 3137
5 3230 1277 7790 3138
5 3685 1325 6851 3139
5 4648 911 5173 3140
5 2357 5390 5541 3141
5 2312 4648 5173 3142
5 3054 1412 4909 3143
5 3460 804 4821 3144
5 1612 4380 7360 3145
5 729 3702 4928 3146
5 1588 7259 8471 3147
5 5170 2856 8199 3148
5 1100 3007 5407 3149
5 1690 5104 5317 3150
5 3137 474 4655 3151
5 6693 2745 7016 3152
5 4827 407 5237 3153
5 3241 1158 6774 3154
5 1563 3880 4116 3155
5 1688 5161 5643 3156
5 1468 3185 4527 3157
5 2357 3195 5390 3158
5 2430 5915 8790 3159
5 3668 1433 7741 3160
5 3332 6617 8641 3161
5 4161 701 7977 3162
5 3144 602 7214 3163
5 7729 970 8785 3164
5 642 3825 8280 3165
5 3119 2216 4727 3166
5 1782 3468 4392 3167
5 5104 2594 5317 3168
5 1129 4730 5997 3169
5 3880 1600 4116 3170
5 7009 3678 8757 3171
5 4730 2694 5997 3172
5 1428 4250 8046 3173
5 2953 3503 6083 3174
5 3706 1188 6718 3175
5 3625 2200 6432 3176
5 1174 3625 6432 3177
5 3380 2777 9139 3178
5 1768 3030 6185 3179
5 3236 473 4432 3180
5 2747 4555 5766 3181
5 3481 1296 4097 3182
5 3871 1618 6204 3183
5 3856 2251 6909 3184
5 3151 1750 5878 3185
5 1851 5319 8239 3186
5 3685 3873 6915 3187
5 3155 2137 7300 3188
5 3398 449 4206 3189
5 3531 4327 6535 3190
5 4892 2130 6424 3191
5 607 3079 6709 3192
5 3773 1956 6324 3193
5 5400 2671 7126 3194
5 1158 3947 7501 3195
5 3314 5299 7181 3196
5 3651 833 4862 3197
5 1374 3904 4140 3198
5 2487 4924 8467 3199
5 706 3801 8099 3200
5 2033 5821 6768 3201
5 3438 1179 8988 3202
5 3806 1823 3969 3203
5 644 3336 5393 3204
5 3838 3533 8316 3205
5 4497 3605 7422 3206
5 2486 5765 8296 3207
5 605 3197 4563 3208
5 1841 5889 6258 3209
5 1599 3464 4127 3210
5 4946 1588 8471 3211
5 4470 1156 7660 3212
5 6251 1413 9143 3213
5 1831 3071 4908 3214
5 3207 1537 4803 3215
5 6360 2915 7466 3216
5 3803 492 6113 3217
5 1436 3656 4334 3218
5 4041 637 8686 3219
5 748 3207 4803 3220
5 2188 3803 6113 3221
5 3132 1444 7106 3222
5 2966 5175 8827 3223
5 3075 7233 8542 3224
5 3316 495 4328 3225
5 2671 5400 5954 3226
5 3368 1182 4845 3227
5 5544 1884 7132 3228
5 624 5433 7224 3229
5 3520 428 4429 3230
5 742 7361 8209 3231
5 209 3014 5550 3232
5 4649 2796 6794 3233
5 1691 3498 5925 3234
5 3770 1244 5020 3235
5 3356 1507 4272 3236
5 3015 1866 6348 3237
5 4858 2112 6193 3238
5 4928 3702 8203 3239
5 1455 3268 4550 3240
5 2620 3694 5455 3241
5 3888 2247 6094 3242
5 4516 2071 4966 3243
5 3709 5266 8158 3244
5 4146 732 4658 3245
5 4408 457 5527 3246
5 3440 1415 5545 3247
5 1491 3148 7851 3248
5 2327 4408 5527 3249
5 2924 5061 7026 3250
5 3446 7701 8001 3251
5 1330 3083 6705 3252
5 4832 2014 6738 3253
5 6053 2707 8574 3254
5 853 3015 6207 3255
5 3014 209 8229 3256
5 3032 4761 7191 3257
5 4399 3450 6383 3258
5 1881 3591 6149 3259
5 4122 2162 6772 3260
5 1967 3485 6507 3261
5 4830 1982 4868 3262
5 5767 1917 6799 3263
5 2180 3952 8175 3264
5 3287 670 4746 3265
5 769 3029 5239 3266
5 639 4481 7213 3267
5 1552 3034 5554 3268
5 924 3918 4190 3269
5 2055 3132 7106 3270
5 3954 1452 5937 3271
5 3918 1742 4190 3272
5 4594 2589 5939 3273
5 3090 4920 5535 3274
5 5433 3139 7224 3275
5 5015 2980 8297 3276
5 4620 2320 7133 3277
5 377 3012 6748 3278
5 3363 767 4274 3279
5 4356 1445 6283 3280
5 3052 1550 7156 3281
5 4575 1679 7757 3282
5 3836 1548 4024 3283
5 788 3836 4024 3284
5 3153 1421 7231 3285
5 231 3419 4607 3286
5 3039 813 8418 3287
5 3477 1349 4787 3288
5 1876 4093 5375 3289
5 3631 1176 7590 3290
5 3189 6069 8962 3291
5 1591 4409 4509 3292
5 1776 3816 4274 3293
5 2178 4464 6902 3294
5 1084 3935 4089 3295
5 3135 53 5397 3296
5 1315 3648 5362 3297
5 3382 1770 4248 3298
5 4173 2131 6608 3299
5 1367 4142 7436 3300
5 3285 1375 4542 3301
5 1006 3474 4194 3302
5 1392 3565 5035 3303
5 3381 1772 4264 3304
5 4224 751 8303 3305
5 1296 3481 9295 3306
5 3291 6581 9255 3307
5 3026 579 5886 3308
5 3403 2061 6468 3309
5 791 3403 6468 3310
5 1325 3685 8062 3311
5 3685 2759 8062 3312
5 5896 1247 8699 3313
5 4642 1572 8315 3314
5 1799 3700 5327 3315
5 3079 1516 6850 3316
5 4517 3109 8243 3317
5 780 3491 5880 3318
5 3491 1966 5880 3319
5 751 4314 8303 3320
5 5689 2090 7342 3321
5 3737 1370 5924 3322
5 1920 3169 7570 3323
5 3028 1692 8201 3324
5 3451 1591 4650 3325
5 2567 3386 8333 3326
5 1302 3181 4609 3327
5 579 3451 4650 3328
5 3198 1460 4835 3329
5 3386 1291 8333 3330
5 4773 2228 7933 3331
5 3686 1490 5934 3332
5 1825 3042 6241 3333
5 945 3092 4879 3334
5 2505 3941 6600 3335
5 3941 1172 6600 3336
5 492 3803 4382 3337
5 4173 6608 8950 3338
5 1587 4674 5034 3339
5 3427 3692 6024 3340
5 1413 4434 9143 3341
5 6834 1329 9061 3342
5 2538 3814 5439 3343
5 3814 1149 5439 3344
5 4402 330 5793 3345
5 769 4412 5325 3346
5 1692 3028 5383 3347
5 7436 4142 7581 3348
5 6464 2267 8042 3349
5 5260 2309 6259 3350
5 5280 2641 8228 3351
5 1153 3287 7204 3352
5 3161 671 4667 3353
5 790 3238 8907 3354
5 5260 547 5813 3355
5 3987 1589 3988 3356
5 3326 1259 8579 3357
5 3038 1344 7360 3358
5 1140 6842 8809 3359
5 2577 5373 8859 3360
5 3520 4429 8882 3361
5 1479 3987 3988 3362
5 1421 3477 5543 3363
5 3422 2617 8413 3364
5 1220 3259 7875 3365
5 1008 3422 8413 3366
5 1451 3607 4031 3367
5 3065 1539 5023 3368
5 1021 3059 6421 3369
5 1272 4072 6983 3370
5 1623 3221 6445 3371
5 4072 2623 6983 3372
5 3071 1831 6425 3373
5 475 3071 6425 3374
5 3284 4729 8438 3375
5 813 3513 8856 3376
5 4043 2560 7193 3377
5 5761 936 8133 3378
5 1765 4010 4454 3379
5 1452 4023 5937 3380
5 1232 6353 6960 3381
5 3073 394 6518 3382
5 1634 4632 4777 3383
5 830 3074 6525 3384
5 1170 4517 8243 3385
5 5943 4295 7405 3386
5 2888 6576 7813 3387
5 502 3439 4367 3388
5 3682 1282 4055 3389
5 1728 3432 5608 3390
5 3335 4578 7881 3391
5 4010 966 4454 3392
5 6062 3844 6095 3393
5 4470 3103 9293 3394
5 3029 769 9146 3395
5 2535 4295 5943 3396
5 2138 4869 5167 3397
5 5939 2589 8474 3398
5 1036 5516 7337 3399
5 3832 2467 6980 3400
5 4269 2192 5233 3401
5 3069 1533 5258 3402
5 3258 862 5156 3403
5 956 3832 6980 3404
5 2269 4376 6356 3405
5 1201 4269 5233 3406
5 4351 759 8763 3407
5 788 5961 6397 3408
5 1185 4081 7808 3409
5 3425 2767 8834 3410
5 3436 1444 4224 3411
5 5935 2148 7450 3412
5 653 3083 4973 3413
5 1426 3387 5598 3414
5 4899 2496 6630 3415
5 3914 2214 6433 3416
5 1636 3316 4565 3417
5 5763 2443 5826 3418
5 6771 4725 7673 3419
5 1501 3310 4530 3420
5 4286 3490 7227 3421
5 1411 3669 5689 3422
5 3816 1394 4274 3423
5 3168 1586 4857 3424
5 7286 1395 7971 3425
5 2213 4152 4393 3426
5 274 3168 4857 3427
5 3956 1607 4124 3428
5 4897 1626 5096 3429
5 4152 1312 4393 3430
5 3952 4503 8175 3431
5 3287 1153 4439 3432
5 1152 7889 8442 3433
5 1136 3853 7721 3434
5 5061 1020 7026 3435
5 3751 1271 6905 3436
5 2398 3751 6905 3437
5 4086 1357 7567 3438
5 3444 474 5702 3439
5 4457 1284 8430 3440
5 3336 1289 7589 3441
5 7616 2999 8176 3442
5 3178 1705 4675 3443
5 2591 5489 5791 3444
5 1529 3220 4559 3445
5 3644 5776 8184 3446
5 574 3768 5001 3447
5 1268 3844 6062 3448
5 776 3112 4885 3449
5 1447 3351 7610 3450
5 1072 3157 6936 3451
5 2148 5935 7273 3452
5 3411 1541 5009 3453
5 108 109 4477 3454
5 3768 1811 5001 3455
5 1813 4207 4480 3456
5 4207 1543 4480 3457
5 1412 3054 6261 3458
5 3058 1384 7025 3459
5 1459 3470 8652 3460
5 4333 1486 5628 3461
5 1271 3751 5509 3462
5 898 4001 4676 3463
5 1127 3120 5847 3464
5 3889 603 8220 3465
5 4029 1305 4407 3466
5 1847 4029 4407 3467
5 627 4749 5698 3468
5 3278 1094 7929 3469
5 1040 3037 6990 3470
5 1438 3379 6559 3471
5 860 4738 5146 3472
5 2121 5522 6965 3473
5 628 3304 7162 3474
5 2950 3889 8220 3475
5 4738 2319 5146 3476
5 5593 10 5634 3477
5 4068 2489 6847 3478
5 3898 1255 7927 3479
5 4965 2361 8327 3480
5 3525 1320 4123 3481
5 497 3929 4048 3482
5 493 3410 5062 3483
5 3929 1580 4048 3484
5 2082 4649 6794 3485
5 1784 3132 4805 3486
5 583 3213 4600 3487
5 6945 456 7924 3488
5 3216 1064 5420 3489
5 3141 1493 4792 3490
5 3815 1096 6552 3491
5 5083 536 8392 3492
5 4126 1419 5624 3493
5 1693 3216 5420 3494
5 782 3900 6816 3495
5 3123 610 4865 3496
5 3181 1302 7281 3497
5 3038 713 5796 3498
5 3213 583 7496 3499
5 2572 5300 6295 3500
5 3174 2168 7255 3501
5 3408 2890 8706 3502
5 3521 2079 7295 3503
5 4699 778 7460 3504
5 2662 3693 4759 3505
5 666 3141 4792 3506
5 5009 2440 8133 3507
5 4574 3962 6381 3508
5 1467 3245 4775 3509
5 4600 1816 5195 3510
5 3474 1562 4194 3511
5 3044 1726 6291 3512
5 1433 4383 7433 3513
5 3250 1484 4511 3514
5 3650 2029 5804 3515
5 778 3650 5804 3516
5 5353 1751 5949 3517
5 3050 1662 7970 3518
5 4254 1285 5936 3519
5 2375 4254 5936 3520
5 1622 3096 5000 3521
5 2645 6618 8395 3522
5 3000 5815 9119 3523
5 1499 4190 4301 3524
5 4190 1742 4301 3525
5 1095 3932 7586 3526
5 3932 2758 7586 3527
5 3787 1854 4617 3528
5 5033 1391 6071 3529
5 1359 4893 7085 3530
5 732 4101 4658 3531
5 3052 1818 6114 3532
5 3133 1323 6931 3533
5 4119 1164 7107 3534
5 1372 3115 7632 3535
5 469 3390 6505 3536
5 3481 596 6866 3537
5 4264 1149 8489 3538
5 1795 3419 5722 3539
5 687 3588 8449 3540
5 1300 5229 7961 3541
5 3732 4441 5706 3542
5 1183 3490 4183 3543
5 3470 402 8652 3544
5 2338 6389 8761 3545
5 7701 2345 8001 3546
5 1224 3256 4524 3547
5 1924 3852 5947 3548
5 3287 4439 5554 3549
5 4378 1698 7639 3550
5 2442 3876 7837 3551
5 4122 6772 8367 3552
5 1939 3936 3984 3553
5 562 3566 5744 3554
5 777 4337 5008 3555
5 3056 1944 6659 3556
5 4337 2081 5008 3557
5 382 5060 7112 3558
5 3729 702 4132 3559
5 1533 3729 4132 3560
5 3906 795 8162 3561
5 3857 1367 5237 3562
5 1980 3071 6283 3563
5 6286 3569 7250 3564
5 620 3297 7968 3565
5 3315 1294 8816 3566
5 3238 1498 8261 3567
5 1496 3388 7071 3568
5 1434 3290 5658 3569
5 5099 1013 6972 3570
5 3350 5896 8699 3571
5 1157 3248 7706 3572
5 685 3364 5505 3573
5 1329 6728 9005 3574
5 2120 3347 4745 3575
5 8160 3506 8268 3576
5 1917 4840 6799 3577
5 4599 1611 4891 3578
5 1521 3263 4529 3579
5 3532 4979 7028 3580
5 3995 1556 4760 3581
5 1813 3995 4760 3582
5 4038 2168 4110 3583
5 1313 4038 4110 3584
5 2324 6225 8960 3585
5 3092 945 5110 3586
5 7133 4531 8164 3587
5 3176 4041 8686 3588
5 4417 5085 6580 3589
5 875 3124 6766 3590
5 3150 1360 4815 3591
5 450 3054 8233 3592
5 4676 4001 9306 3593
5 4982 1711 5148 3594
5 1877 4711 6310 3595
5 4223 645 6403 3596
5 3063 1221 8353 3597
5 3789 451 8849 3598
5 4530 3310 8251 3599
5 6870 2886 7166 3600
5 100 3056 6659 3601
5 169 3593 4358 3602
5 1701 4167 4168 3603
5 4167 1473 4168 3604
5 3237 1463 5354 3605
5 3654 468 5030 3606
5 8733 3895 9314 3607
5 1530 3720 4140 3608
5 2720 4316 6441 3609
5 3720 1374 4140 3610
5 3054 1060 5450 3611
5 891 3427 7492 3612
5 15 3051 5675 3613
5 3427 2335 7492 3614
5 538 4530 8251 3615
5 405 4843 7469 3616
5 3114 6805 8978 3617
5 5330 1684 9240 3618
5 3190 2240 7975 3619
5 3802 3219 6694 3620
5 1184 3187 7216 3621
5 3573 852 8806 3622
5 3091 687 5154 3623
5 3268 463 4550 3624
5 3086 1393 5180 3625
5 1260 3827 7779 3626
5 184 185 3629 3627
5 3827 2725 7779 3628
5 5400 2075 5954 3629
5 3735 2211 7565 3630
5 2246 4136 8045 3631
5 3428 384 4952 3632
5 595 5037 6362 3633
5 3641 2300 7028 3634
5 3972 7834 8300 3635
5 797 3837 7108 3636
5 4487 1414 6601 3637
5 806 3477 4787 3638
5 1339 3277 4634 3639
5 465 3111 5748 3640
5 3521 664 6564 3641
5 1334 6130 7614 3642
5 3383 78 4741 3643
5 3147 1417 4864 3644
5 1038 3151 6988 3645
5 3111 1710 5748 3646
5 3164 976 7574 3647
5 1287 4861 5851 3648
5 4413 2544 6252 3649
5 1367 3920 5237 3650
5 878 4413 6252 3651
5 331 3413 5793 3652
5 1480 3057 5577 3653
5 3576 1380 4422 3654
5 3691 1187 9056 3655
5 1278 3464 9049 3656
5 1894 4160 4340 3657
5 3395 1757 8217 3658
5 2235 4980 5654 3659
5 623 5566 7871 3660
5 1006 4546 6976 3661
5 5493 425 7839 3662
5 5752 1297 7512 3663
5 1573 4742 7417 3664
5 4742 6476 7417 3665
5 1542 3482 4837 3666
5 4450 2792 6150 3667
5 3901 951 8275 3668
5 1419 3258 4586 3669
5 3432 1728 8776 3670
5 3062 1324 6018 3671
5 4160 452 4340 3672
5 4416 1969 6294 3673
5 396 3386 5743 3674
5 7125 2283 9063 3675
5 3822 1686 6678 3676
5 4315 5013 9302 3677
5 3414 2654 5679 3678
5 3556 1394 4519 3679
5 2479 5995 6778 3680
5 6404 2246 8045 3681
5 4090 2879 6816 3682
5 1631 4516 4966 3683
5 403 3812 6134 3684
5 580 3814 8232 3685
5 4099 2195 6735 3686
5 3530 1247 5896 3687
5 3262 1483 4619 3688
5 156 3429 5226 3689
5 3399 685 5505 3690
5 2946 4102 8147 3691
5 3558 2234 6776 3692
5 6316 1432 7348 3693
5 1624 4051 5418 3694
5 933 4269 8773 3695
5 638 3558 6776 3696
5 5692 2081 6920 3697
5 2063 3515 4210 3698
5 4051 2089 5418 3699
5 1272 5463 8377 3700
5 3128 1579 5029 3701
5 2426 3236 7930 3702
5 2587 3706 6718 3703
5 1226 3506 8160 3704
5 4270 575 8917 3705
5 2266 3937 6216 3706
5 3937 841 6216 3707
5 1 31 5604 3708
5 1417 3248 4641 3709
5 4564 2723 7613 3710
5 895 5359 5632 3711
5 551 3085 5298 3712
5 970 5087 8785 3713
5 3293 2097 4625 3714
5 1908 3293 4625 3715
5 465 3130 6268 3716
5 6805 1322 8978 3717
5 2217 7301 8223 3718
5 3117 1730 5100 3719
5 3414 5679 7509 3720
5 2654 3414 8674 3721
5 862 3760 7551 3722
5 1276 3674 4675 3723
5 3995 2958 8952 3724
5 534 4652 6965 3725
5 673 3084 6327 3726
5 28 3762 7843 3727
5 627 3114 6549 3728
5 1855 3303 8798 3729
5 1915 4493 4761 3730
5 2264 4697 6520 3731
5 3808 1275 4013 3732
5 3373 676 5916 3733
5 1166 3170 7072 3734
5 4625 2097 5265 3735
5 3149 1364 4940 3736
5 3105 1377 5812 3737
5 6300 2870 8490 3738
5 2527 4095 6746 3739
5 4095 960 6746 3740
5 2183 3075 5568 3741
5 763 3607 5080 3742
5 975 5472 6933 3743
5 6037 1820 6917 3744
5 3746 796 4884 3745
5 580 3097 6311 3746
5 5232 1828 6011 3747
5 481 3495 9259 3748
5 1750 3746 4884 3749
5 4949 1180 7552 3750
5 1606 7508 8803 3751
5 2467 5088 6804 3752
5 4567 3049 8517 3753
5 2440 4223 6403 3754
5 3798 401 4863 3755
5 884 3525 7828 3756
5 408 4228 5004 3757
5 3752 1215 8922 3758
5 1195 4020 5444 3759
5 6027 2126 7588 3760
5 680 3942 7196 3761
5 1081 3226 8378 3762
5 687 3091 6215 3763
5 4363 7137 8328 3764
5 4249 1885 4250 3765
5 3336 1449 5393 3766
5 1428 4249 4250 3767
5 1444 3436 6942 3768
5 3772 594 4072 3769
5 4258 974 6987 3770
5 2717 4258 6987 3771
5 3150 596 6882 3772
5 4579 528 6055 3773
5 1614 3142 5002 3774
5 2557 4579 6055 3775
5 6074 2961 8739 3776
5 6717 3573 8806 3777
5 3369 1859 8366 3778
5 3976 2676 8552 3779
5 3084 673 6074 3780
5 2027 3796 6943 3781
5 392 3808 6862 3782
5 3808 2388 6862 3783
5 3135 1093 7260 3784
5 5000 1 5604 3785
5 6150 2792 8821 3786
5 5545 2400 5850 3787
5 1442 3912 7928 3788
5 1407 3783 5086 3789
5 3202 6893 9218 3790
5 5311 3846 7189 3791
5 537 5218 8218 3792
5 1105 3102 8983 3793
5 3276 384 7777 3794
5 2087 4609 5668 3795
5 3172 1970 8107 3796
5 3111 2069 6889 3797
5 2058 5528 8417 3798
5 4018 1715 8891 3799
5 3446 1307 7701 3800
5 1173 3520 8092 3801
5 3520 2571 8092 3802
5 7319 3906 8162 3803
5 5427 3088 7847 3804
5 3642 658 6381 3805
5 2149 3642 6381 3806
5 676 3387 5916 3807
5 1331 6456 8219 3808
5 4722 2510 6134 3809
5 4897 5096 8676 3810
5 1490 4197 6782 3811
5 4527 1151 7161 3812
5 1769 4305 4961 3813
5 3494 2056 4266 3814
5 6219 2186 7182 3815
5 3157 1479 6936 3816
5 5608 3432 6732 3817
5 3321 451 8063 3818
5 4520 600 5511 3819
5 2337 4520 5511 3820
5 3379 1438 4700 3821
5 3588 1273 8550 3822
5 8167 3884 9329 3823
5 3574 303 6640 3824
5 2939 5462 6775 3825
5 1364 3149 6842 3826
5 6816 3900 8408 3827
5 495 3316 5124 3828
5 1447 4019 5309 3829
5 5157 1469 7776 3830
5 4718 523 8514 3831
5 636 3751 4465 3832
5 3739 458 7301 3833
5 4418 187 5296 3834
5 3844 1268 4849 3835
5 4442 2145 6469 3836
5 6717 2422 8358 3837
5 3196 238 4904 3838
5 577 3274 7206 3839
5 3613 1658 4939 3840
5 1082 3086 5860 3841
5 6085 2411 7379 3842
5 5548 412 6787 3843
5 2402 3302 7878 3844
5 3308 2331 4563 3845
5 5037 2731 6362 3846
5 2549 3939 8258 3847
5 3215 759 4779 3848
5 1187 3319 9056 3849
5 3316 1636 5124 3850
5 5910 2729 6582 3851
5 3090 1699 5802 3852
5 632 3090 5802 3853
5 1771 3413 5998 3854
5 3263 1521 8466 3855
5 3120 633 6456 3856
5 1619 3971 3998 3857
5 3220 1387 7359 3858
5 3193 612 9085 3859
5 1570 4678 8765 3860
5 4529 710 7601 3861
5 4520 1304 6159 3862
5 4529 7601 7603 3863
5 2443 3320 5826 3864
5 1699 3090 5535 3865
5 4615 7161 7622 3866
5 3147 994 8783 3867
5 3237 1603 5579 3868
5 7142 2765 7189 3869
5 3116 448 6477 3870
5 3257 5157 7776 3871
5 3375 807 9117 3872
5 1424 4385 8045 3873
5 1096 3198 4835 3874
5 1595 7537 8541 3875
5 3749 1822 5524 3876
5 545 3186 4899 3877
5 4385 3202 8045 3878
5 200 201 4339 3879
5 4252 1490 6782 3880
5 3842 1905 5268 3881
5 3105 451 5363 3882
5 2445 4879 7354 3883
5 531 3842 5268 3884
5 2791 3625 8758 3885
5 1081 3161 5498 3886
5 1448 3128 7585 3887
5 419 4280 6246 3888
5 3095 1239 8484 3889
5 4146 1872 7432 3890
5 4809 1563 5649 3891
5 3698 2527 7510 3892
5 1207 3698 7510 3893
5 3936 1345 3984 3894
5 2256 5467 8034 3895
5 3505 1461 4828 3896
5 5994 2421 6072 3897
5 794 3895 8733 3898
5 3401 1935 6326 3899
5 3140 1406 6687 3900
5 1053 3098 6002 3901
5 3439 1458 4367 3902
5 5225 993 6104 3903
5 717 3127 7615 3904
5 4033 1037 6833 3905
5 1564 4656 6573 3906
5 3081 6479 8157 3907
5 2498 4033 6833 3908
5 1710 3111 5355 3909
5 1299 3735 4099 3910
5 2963 5225 6104 3911
5 5333 3221 8186 3912
5 4906 951 6296 3913
5 3317 2118 7243 3914
5 6019 3093 6953 3915
5 3280 569 5672 3916
5 3166 1748 7649 3917
5 1745 3280 5672 3918
5 2320 4531 7133 3919
5 4100 4529 7185 3920
5 1029 3099 5940 3921
5 2074 4188 5742 3922
5 1705 3835 4041 3923
5 3694 2620 8575 3924
5 3407 1369 4544 3925
5 4312 2106 5178 3926
5 899 4312 5178 3927
5 6130 1334 7989 3928
5 3178 1794 7810 3929
5 5034 4674 7345 3930
5 723 3881 5084 3931
5 1449 3639 6081 3932
5 2113 4723 5522 3933
5 794 3585 8879 3934
5 4745 1833 5920 3935
5 3075 4264 8489 3936
5 4988 2749 7576 3937
5 4491 2311 7084 3938
5 3641 1569 8390 3939
5 1705 3178 4960 3940
5 1932 5299 6277 3941
5 4449 2847 8546 3942
5 1160 3116 6329 3943
5 3160 5280 8228 3944
5 3366 290 6211 3945
5 7145 1243 8714 3946
5 4518 2844 7132 3947
5 2778 3641 8390 3948
5 1282 3823 4055 3949
5 5463 1272 8529 3950
5 1026 5816 8372 3951
5 4973 1330 7016 3952
5 1285 3759 4369 3953
5 2260 3340 7521 3954
5 4878 613 6706 3955
5 1530 3233 8113 3956
5 2117 4088 6486 3957
5 3340 1069 7521 3958
5 3712 1871 4279 3959
5 1434 3886 8156 3960
5 1298 3393 4452 3961
5 2081 4337 6920 3962
5 3997 2008 4578 3963
5 1566 6074 8739 3964
5 692 4046 8590 3965
5 4046 3133 8590 3966
5 542 3641 7028 3967
5 2718 4620 7133 3968
5 3688 2556 8210 3969
5 1493 3340 7924 3970
5 3269 85 5798 3971
5 1289 3336 4551 3972
5 5235 3552 8176 3973
5 3469 1137 6111 3974
5 5004 4228 9271 3975
5 1416 3383 4741 3976
5 3352 1576 4510 3977
5 1805 5636 6221 3978
5 1234 5088 8246 3979
5 2750 3798 4863 3980
5 1402 3110 5497 3981
5 3109 586 6080 3982
5 3582 5332 6780 3983
5 3495 2926 9185 3984
5 4515 136 9057 3985
5 963 3838 8600 3986
5 4318 5070 8462 3987
5 2624 7086 7620 3988
5 703 3715 5153 3989
5 3136 4351 8763 3990
5 3152 1104 6970 3991
5 3398 2315 8433 3992
5 3325 2135 4853 3993
5 3776 1732 6873 3994
5 1470 3578 8681 3995
5 3912 6637 7928 3996
5 624 3313 5433 3997
5 748 4573 5541 3998
5 2508 4129 5610 3999
5 4573 2357 5541 4000
5 4268 742 8209 4001
5 654 6934 9114 4002
5 1705 4041 4675 4003
5 3941 7876 8569 4004
5 5206 2742 8627 4005
5 5013 2529 5384 4006
5 412 3400 8497 4007
5 3764 1346 5565 4008
5 3782 1601 5163 4009
5 455 5013 5384 4010
5 2880 5910 7009 4011
5 557 8932 9248 4012
5 2816 8167 9329 4013
5 3256 5566 8876 4014
5 4879 3092 7354 4015
5 1041 3106 5707 4016
5 804 4908 5300 4017
5 3234 2086 4794 4018
5 7241 4474 8391 4019
5 3439 502 8726 4020
5 3153 2121 6758 4021
5 4183 1894 9058 4022
5 1484 3250 4755 4023
5 4862 833 8717 4024
5 4416 6294 7655 4025
5 1586 3168 8051 4026
5 1219 4130 8661 4027
5 4130 3214 8661 4028
5 1481 3971 8975 4029
5 3211 848 4882 4030
5 3988 500 8446 4031
5 3640 2076 5576 4032
5 507 4984 6122 4033
5 5652 205 8240 4034
5 3626 803 6539 4035
5 3498 811 4911 4036
5 2164 3626 6539 4037
5 2544 4413 8039 4038
5 5448 1870 6278 4039
5 3658 5147 7987 4040
5 3172 1615 5057 4041
5 393 3281 8521 4042
5 3972 718 7834 4043
5 640 3747 8781 4044
5 3747 2964 8781 4045
5 4884 2651 5878 4046
5 1750 4884 5878 4047
5 878 4319 6004 4048
5 3393 1470 7449 4049
5 6094 2247 7866 4050
5 4319 2381 6004 4051
5 1872 5447 7432 4052
5 3376 655 8291 4053
5 3492 652 6466 4054
5 3971 1481 3998 4055
5 2148 4474 7450 4056
5 4471 491 6958 4057
5 5327 3700 8631 4058
5 4071 1645 4255 4059
5 3248 4664 7707 4060
5 4103 386 7340 4061
5 4664 715 7707 4062
5 2712 4103 7340 4063
5 1778 5235 6203 4064
5 862 4126 7904 4065
5 5235 2999 6203 4066
5 3701 2694 8288 4067
5 1571 3424 5043 4068
5 2618 6564 7151 4069
5 3284 1476 4729 4070
5 690 3319 4642 4071
5 1261 4276 6592 4072
5 727 3930 8796 4073
5 663 6617 9131 4074
5 3362 1141 8237 4075
5 1141 3364 8237 4076
5 6204 1618 8567 4077
5 2916 4863 7822 4078
5 4335 631 8459 4079
5 390 3780 5611 4080
5 3186 545 6922 4081
5 4099 3735 7565 4082
5 8500 1549 9037 4083
5 6901 4954 7417 4084
5 5019 2458 8133 4085
5 561 4027 4235 4086
5 2695 4133 6286 4087
5 4027 1690 4235 4088
5 4190 1499 8087 4089
5 1097 3186 6924 4090
5 3259 4335 8459 4091
5 1730 3117 6364 4092
5 3211 1328 7164 4093
5 5540 3012 7063 4094
5 3565 2273 7382 4095
5 2749 4988 5974 4096
5 1472 3653 8590 4097
5 4988 1759 5974 4098
5 4266 2936 8991 4099
5 696 3322 6857 4100
5 1802 4156 5216 4101
5 1959 3557 4277 4102
5 4752 2813 5603 4103
5 1970 3172 6944 4104
5 4361 1851 8180 4105
5 3598 1457 6991 4106
5 3180 1437 6890 4107
5 1694 3588 6491 4108
5 1435 4518 7132 4109
5 5387 3807 8379 4110
5 736 3159 5168 4111
5 500 5074 8446 4112
5 615 3194 6956 4113
5 3028 4377 5383 4114
5 1520 3296 4733 4115
5 2829 5336 8735 4116
5 1810 3271 5977 4117
5 1033 3614 7917 4118
5 3614 2563 7917 4119
5 4442 6469 9162 4120
5 4652 2112 4858 4121
5 1562 4652 4858 4122
5 4759 399 8490 4123
5 3502 1789 5389 4124
5 973 3502 5389 4125
5 4757 3685 6851 4126
5 1445 3287 4746 4127
5 1781 4176 4177 4128
5 4176 1455 4177 4129
5 1545 3241 8114 4130
5 961 3759 6488 4131
5 397 3125 5605 4132
5 3323 1477 6829 4133
5 789 3522 6137 4134
5 3755 1818 8561 4135
5 1625 4976 8941 4136
5 3535 1634 4778 4137
5 586 3535 4778 4138
5 676 3373 8255 4139
5 2608 5933 6681 4140
5 5506 592 9130 4141
5 3522 1988 6137 4142
5 2283 4391 9063 4143
5 5965 2027 6943 4144
5 1851 5677 8180 4145
5 3275 556 5098 4146
5 717 3867 9103 4147
5 3300 2256 7713 4148
5 2563 3614 7029 4149
5 6685 4872 7187 4150
5 3183 1225 8102 4151
5 4809 5649 7651 4152
5 2714 5814 6359 4153
5 739 3643 5716 4154
5 3204 802 5974 4155
5 4893 2810 7085 4156
5 742 4207 4760 4157
5 3722 1425 4169 4158
5 446 3285 7623 4159
5 3124 2016 5744 4160
5 1731 3727 4166 4161
5 2028 3928 6698 4162
5 1370 4290 5924 4163
5 3531 1267 4327 4164
5 486 3169 6757 4165
5 287 288 3741 4166
5 1966 3940 5490 4167
5 6607 1916 8990 4168
5 187 188 5296 4169
5 3169 1920 6757 4170
5 4412 2083 5325 4171
5 7754 1459 8652 4172
5 3180 1098 8206 4173
5 1206 3415 4798 4174
5 4142 1897 6156 4175
5 2448 3541 7683 4176
5 3415 1583 4798 4177
5 3541 1103 7683 4178
5 6745 2516 7043 4179
5 2120 4745 5920 4180
5 745 4306 6666 4181
5 3544 1494 4314 4182
5 1904 3905 5809 4183
5 1626 4506 5096 4184
5 3228 6025 9156 4185
5 3155 590 8288 4186
5 3736 603 7000 4187
5 3525 2442 7828 4188
5 1593 3488 5700 4189
5 1371 3304 8811 4190
5 3471 1226 8912 4191
5 3459 2559 9073 4192
5 1226 3472 8912 4193
5 8584 399 9144 4194
5 1512 3372 4654 4195
5 2315 3913 5912 4196
5 861 4434 6363 4197
5 1155 3967 9180 4198
5 812 4866 7285 4199
5 1368 3508 4532 4200
5 3194 1560 7056 4201
5 1456 3139 5433 4202
5 324 325 4564 4203
5 3877 1346 4084 4204
5 3170 405 7469 4205
5 5300 1980 6295 4206
5 5271 700 8150 4207
5 2145 3649 6447 4208
5 3649 517 6447 4209
5 1069 3340 8043 4210
5 3140 2082 9242 4211
5 5102 2189 5123 4212
5 5462 1665 6775 4213
5 5292 2987 7051 4214
5 1450 4722 6134 4215
5 7317 380 7556 4216
5 1889 3621 5366 4217
5 8 9 3774 4218
5 1490 4252 5934 4219
5 2371 6580 7672 4220
5 6871 1203 8774 4221
5 3165 1886 6676 4222
5 1293 4814 5246 4223
5 1038 4021 6891 4224
5 6669 3192 8760 4225
5 6141 3161 9316 4226
5 4021 2473 6891 4227
5 1292 3938 8892 4228
5 2756 4698 7027 4229
5 465 3998 5349 4230
5 741 3165 6676 4231
5 4884 3494 7529 4232
5 1118 3239 7266 4233
5 667 3434 8605 4234
5 744 3380 4590 4235
5 4814 2343 5246 4236
5 574 5001 5838 4237
5 698 3199 5286 4238
5 3394 634 8412 4239
5 3173 1585 7058 4240
5 1905 3569 6286 4241
5 1346 3877 5565 4242
5 3160 1911 5280 4243
5 2992 3826 8223 4244
5 2093 4872 6685 4245
5 504 4873 6449 4246
5 994 4864 6563 4247
5 6240 1338 7950 4248
5 2756 7027 9263 4249
5 462 4015 6495 4250
5 4248 1189 8881 4251
5 3137 1654 5702 4252
5 1936 3496 6814 4253
5 3465 2537 8285 4254
5 3631 2555 8314 4255
5 904 3465 8285 4256
5 1880 3804 5323 4257
5 3804 1335 5323 4258
5 3964 2809 8579 4259
5 1476 3949 5992 4260
5 5447 1872 9181 4261
5 4850 2460 5585 4262
5 590 3701 8288 4263
5 3132 1784 5865 4264
5 1028 5540 7063 4265
5 3886 6495 8156 4266
5 6521 2877 8594 4267
5 3360 417 5568 4268
5 1525 6938 7093 4269
5 1681 3421 8524 4270
5 3561 856 7409 4271
5 2379 3561 7409 4272
5 1617 3329 7895 4273
5 4336 778 4699 4274
5 596 4815 6866 4275
5 3205 1268 7816 4276
5 3812 4936 6789 4277
5 554 4980 5645 4278
5 3609 456 5836 4279
5 3949 4739 6112 4280
5 474 3137 5702 4281
5 3625 1174 8758 4282
5 3219 677 6694 4283
5 166 3435 4948 4284
5 621 4473 8341 4285
5 3282 771 6578 4286
5 1922 3282 6578 4287
5 5465 2271 5747 4288
5 2614 4339 7663 4289
5 4229 3097 8232 4290
5 1693 3829 9075 4291
5 2176 6702 8675 4292
5 1519 3744 4193 4293
5 1022 3509 8472 4294
5 3509 2633 8472 4295
5 1534 7034 8055 4296
5 1041 3289 8800 4297
5 2694 3701 5284 4298
5 6257 2152 7524 4299
5 1297 3279 7512 4300
5 4833 419 6246 4301
5 1615 3172 7410 4302
5 2638 3757 7902 4303
5 4070 4559 7359 4304
5 1473 5060 6360 4305
5 1860 3627 4696 4306
5 5060 2915 6360 4307
5 26 27 6402 4308
5 3283 1300 7531 4309
5 1365 5120 6828 4310
5 4034 3271 7465 4311
5 3757 1310 7902 4312
5 854 4493 8201 4313
5 1154 3353 4673 4314
5 4649 1012 6834 4315
5 1462 3686 6138 4316
5 2858 4649 6834 4317
5 3930 4537 8796 4318
5 1559 3343 4699 4319
5 3656 1738 8256 4320
5 3610 424 4492 4321
5 1687 4144 4665 4322
5 4144 1793 4665 4323
5 590 3155 6453 4324
5 4272 1507 4838 4325
5 3975 1784 4805 4326
5 483 3975 4805 4327
5 3318 843 7815 4328
5 3314 1235 7838 4329
5 1653 3441 9195 4330
5 1463 3237 7196 4331
5 3316 1303 7819 4332
5 3271 1810 6147 4333
5 526 5423 5900 4334
5 3935 2040 4089 4335
5 1108 3271 6147 4336
5 435 4954 6901 4337
5 601 3232 8738 4338
5 6190 2005 7466 4339
5 1659 5170 8986 4340
5 3143 1812 9207 4341
5 3438 516 5103 4342
5 4171 1359 7085 4343
5 4204 1058 5095 4344
5 2181 4204 5095 4345
5 3202 4385 6893 4346
5 3688 1176 6792 4347
5 5671 2999 7616 4348
5 3890 1216 8946 4349
5 2031 6019 6953 4350
5 3292 1314 4843 4351
5 3320 470 5826 4352
5 1315 5574 7253 4353
5 3271 1108 7465 4354
5 1657 3156 7477 4355
5 7087 3110 8253 4356
5 3411 438 4724 4357
5 1258 3837 4935 4358
5 3101 5456 7105 4359
5 1541 3411 4724 4360
5 4297 1514 7010 4361
5 6016 3159 6473 4362
5 3914 919 8271 4363
5 6292 1157 7706 4364
5 1755 3901 4307 4365
5 4824 1606 8803 4366
5 7137 2334 8328 4367
5 2993 5652 8240 4368
5 4569 2369 4570 4369
5 3462 2206 4818 4370
5 3837 1767 4935 4371
5 1553 4514 6565 4372
5 3173 647 6574 4373
5 1504 4251 5761 4374
5 1438 4569 4570 4375
5 2612 5315 8457 4376
5 1863 3260 4926 4377
5 5579 680 7196 4378
5 1074 3999 6645 4379
5 658 3418 4574 4380
5 3331 548 5377 4381
5 1850 4437 5335 4382
5 4448 2176 8675 4383
5 4358 1362 7854 4384
5 3999 2370 6645 4385
5 218 219 3785 4386
5 767 3363 4737 4387
5 1350 3953 5238 4388
5 3736 2821 7247 4389
5 1203 3327 8774 4390
5 1707 3145 5905 4391
5 1360 4195 4196 4392
5 4195 2285 4196 4393
5 3418 1738 5820 4394
5 399 4384 9144 4395
5 3501 642 4424 4396
5 3165 2103 9040 4397
5 1367 3857 4142 4398
5 603 3736 7247 4399
5 3967 3150 9180 4400
5 2676 3976 8815 4401
5 1544 3345 4948 4402
5 794 3296 5071 4403
5 1576 3352 6262 4404
5 5824 2834 9085 4405
5 684 3265 9299 4406
5 2033 3651 4865 4407
5 5669 1941 6084 4408
5 1911 3160 5472 4409
5 1496 3324 6822 4410
5 770 3359 4858 4411
5 3359 1562 4858 4412
5 3892 1508 4583 4413
5 3496 1936 6680 4414
5 3304 1371 7635 4415
5 2128 5378 6398 4416
5 3579 705 6907 4417
5 2221 3579 6907 4418
5 1796 3396 5753 4419
5 6398 5378 8242 4420
5 3864 1111 9310 4421
5 3872 1239 6271 4422
5 6103 3165 9040 4423
5 1988 3522 4410 4424
5 3253 6308 7764 4425
5 1106 4210 7768 4426
5 4360 1443 7336 4427
5 3429 1670 5226 4428
5 433 3333 6575 4429
5 4235 1690 6419 4430
5 4605 761 5257 4431
5 72 73 4684 4432
5 3974 939 6228 4433
5 6495 4015 9183 4434
5 1027 3447 8646 4435
5 3602 2203 5187 4436
5 823 3152 5967 4437
5 2820 5028 6702 4438
5 3405 5190 8435 4439
5 822 4808 5461 4440
5 5947 3852 8687 4441
5 1610 7662 8970 4442
5 3163 525 5542 4443
5 1643 3163 5542 4444
5 1486 3367 5499 4445
5 4967 1674 5026 4446
5 5390 1739 5541 4447
5 1790 4697 5818 4448
5 3823 1282 7485 4449
5 4210 2900 7768 4450
5 3869 1977 5780 4451
5 4019 1447 8464 4452
5 2834 5824 9159 4453
5 1130 7667 7945 4454
5 995 6669 8760 4455
5 5411 2274 7672 4456
5 5765 2486 8845 4457
5 4345 742 4760 4458
5 2240 3190 6610 4459
5 4241 978 6663 4460
5 3152 6950 9176 4461
5 3575 1596 5719 4462
5 759 3215 6941 4463
5 3215 1973 6941 4464
5 1484 3417 8410 4465
5 6991 1457 7169 4466
5 3694 1920 5455 4467
5 3195 2357 7641 4468
5 3438 5103 5905 4469
5 4101 732 4683 4470
5 4074 2861 6242 4471
5 1538 3510 9102 4472
5 3510 1238 9102 4473
5 4349 1525 7093 4474
5 3416 696 5460 4475
5 2690 4481 8012 4476
5 7500 5197 8648 4477
5 2493 3843 7536 4478
5 1238 3512 9102 4479
5 763 4352 8466 4480
5 4352 3263 8466 4481
5 3310 1501 4813 4482
5 3015 4629 7596 4483
5 3559 341 5229 4484
5 3607 1521 8995 4485
5 5190 1582 8435 4486
5 3580 1713 5450 4487
5 4603 1583 6327 4488
5 3374 2189 5102 4489
5 733 3157 6135 4490
5 133 3227 5664 4491
5 220 221 6479 4492
5 3347 964 4745 4493
5 1974 6374 6634 4494
5 5610 4129 7218 4495
5 3527 1937 5464 4496
5 3940 578 5490 4497
5 2106 3199 6770 4498
5 3384 368 6910 4499
5 5144 1888 5503 4500
5 603 3889 7000 4501
5 3481 1957 6247 4502
5 596 3481 6247 4503
5 3752 4435 8901 4504
5 1068 3207 7431 4505
5 3673 2878 6174 4506
5 1205 4344 7685 4507
5 975 3884 8167 4508
5 5011 2338 8761 4509
5 3201 1334 5257 4510
5 6256 682 6947 4511
5 1180 4949 9108 4512
5 3199 1547 5286 4513
5 1561 4479 5486 4514
5 3257 1590 8427 4515
5 4780 3435 7734 4516
5 3280 1745 5597 4517
5 3159 736 6473 4518
5 3203 4248 8881 4519
5 5816 2951 8372 4520
5 3302 1052 9226 4521
5 3426 175 4604 4522
5 1177 4965 8039 4523
5 4965 3356 8039 4524
5 3238 790 7078 4525
5 5764 643 8662 4526
5 2595 7591 8177 4527
5 3389 2096 4789 4528
5 3793 746 6222 4529
5 529 3973 4618 4530
5 3397 127 6798 4531
5 1557 3850 4234 4532
5 1134 3281 7401 4533
5 3850 461 4234 4534
5 3281 393 7402 4535
5 407 4827 8264 4536
5 4533 2588 6387 4537
5 516 3438 7796 4538
5 3438 2346 7796 4539
5 3363 1506 4737 4540
5 2163 3330 8587 4541
5 4023 646 7644 4542
5 3677 1429 8610 4543
5 2114 6365 7269 4544
5 684 3471 8632 4545
5 1701 3267 5762 4546
5 2192 4269 6307 4547
5 837 3856 6909 4548
5 3679 3192 6669 4549
5 3295 1217 7226 4550
5 1834 3834 5196 4551
5 3834 1288 5196 4552
5 5375 4093 7949 4553
5 1122 7727 8208 4554
5 6219 2923 8928 4555
5 4478 3648 6638 4556
5 3658 701 5396 4557
5 3554 716 4543 4558
5 2092 4543 5053 4559
5 283 284 4567 4560
5 3244 769 8562 4561
5 1510 3956 4124 4562
5 1664 5427 7847 4563
5 4053 971 4215 4564
5 7090 420 7128 4565
5 1914 4053 4215 4566
5 3266 1357 5020 4567
5 4935 3894 7514 4568
5 1349 3982 4787 4569
5 1744 3212 5270 4570
5 1794 3178 6343 4571
5 5456 1714 7105 4572
5 4054 2273 5131 4573
5 1576 4054 5131 4574
5 4229 1123 5994 4575
5 2154 5600 7940 4576
5 3297 1515 6428 4577
5 3217 2183 9051 4578
5 3343 1440 7855 4579
5 4188 925 5742 4580
5 732 4159 4683 4581
5 7980 4797 8138 4582
5 7373 3032 8507 4583
5 2342 6269 7494 4584
5 233 3455 5722 4585
5 4876 2363 7310 4586
5 3591 1881 6662 4587
5 1789 3217 5248 4588
5 1050 5292 7051 4589
5 3701 1189 5284 4590
5 1826 5492 8961 4591
5 2680 3736 7000 4592
5 1932 3210 5299 4593
5 2566 6158 6170 4594
5 1335 3804 4390 4595
5 1765 3666 4660 4596
5 2025 3325 4853 4597
5 3061 5996 8823 4598
5 4654 3372 8363 4599
5 1441 4420 5701 4600
5 305 4755 9090 4601
5 3292 1517 7592 4602
5 1658 3218 7913 4603
5 584 5529 5834 4604
5 5529 2941 5834 4605
5 810 4511 4975 4606
5 8932 3134 9248 4607
5 4431 1504 5761 4608
5 544 4654 8363 4609
5 1644 4830 4868 4610
5 3229 680 8573 4611
5 5086 2011 7367 4612
5 4725 2368 7673 4613
5 5527 1290 8145 4614
5 669 3335 8589 4615
5 5680 2125 5757 4616
5 1514 4673 7010 4617
5 1746 3501 8857 4618
5 3453 1491 7851 4619
5 652 3177 5746 4620
5 807 3995 8952 4621
5 3941 2505 7876 4622
5 4172 1529 5030 4623
5 3695 2302 4685 4624
5 2126 5246 7588 4625
5 617 3664 7176 4626
5 819 3964 4702 4627
5 3964 2317 4702 4628
5 72 4684 7377 4629
5 3198 1096 6579 4630
5 1744 6016 6473 4631
5 408 5004 7506 4632
5 3188 1097 6052 4633
5 3550 1410 5262 4634
5 4543 1663 5053 4635
5 4883 2972 6795 4636
5 507 3608 7674 4637
5 1017 4883 6795 4638
5 5980 902 7978 4639
5 2710 4624 5927 4640
5 2785 3810 6183 4641
5 1300 3492 7531 4642
5 2737 4020 8709 4643
5 5272 403 6134 4644
5 4538 2025 4853 4645
5 4107 1508 8585 4646
5 540 4538 4853 4647
5 4401 582 7435 4648
5 1814 4310 4720 4649
5 2908 4401 7435 4650
5 3703 4708 7121 4651
5 7553 421 8277 4652
5 3237 872 5290 4653
5 835 4968 8837 4654
5 1603 3237 5290 4655
5 3375 1555 4860 4656
5 2363 4905 5297 4657
5 807 3375 4860 4658
5 1498 3493 8261 4659
5 4905 1864 5297 4660
5 5656 1408 6815 4661
5 3653 2275 6061 4662
5 758 3184 6145 4663
5 5113 1561 5486 4664
5 1114 4098 7237 4665
5 890 4112 5615 4666
5 569 3280 7566 4667
5 4112 2108 5615 4668
5 5144 5503 8809 4669
5 6334 3050 8580 4670
5 4098 2604 7237 4671
5 1280 5495 9267 4672
5 4004 1654 4396 4673
5 931 4004 4396 4674
5 3243 745 6068 4675
5 1761 3243 6068 4676
5 2011 3586 7367 4677
5 3442 4512 5855 4678
5 3246 6300 8490 4679
5 2166 4447 5332 4680
5 1982 3195 6756 4681
5 4354 1534 8055 4682
5 4447 1057 5332 4683
5 1377 3546 9261 4684
5 1108 3311 4941 4685
5 4000 2161 6675 4686
5 717 3188 5873 4687
5 4171 7085 8516 4688
5 4479 3113 7822 4689
5 401 4479 7822 4690
5 459 3613 4939 4691
5 2078 3190 6132 4692
5 1177 3423 8361 4693
5 3166 7649 8532 4694
5 3311 1540 4941 4695
5 3217 4813 6440 4696
5 1332 4517 8902 4697
5 2127 4370 4371 4698
5 3646 1220 4594 4699
5 4370 1430 4371 4700
5 3581 2303 5234 4701
5 126 3397 4740 4702
5 1749 3646 4594 4703
5 4287 1797 5203 4704
5 2037 4287 5203 4705
5 4275 2182 6399 4706
5 3762 1267 6819 4707
5 3263 1410 7185 4708
5 3294 721 5042 4709
5 1878 5050 5829 4710
5 8047 5194 9223 4711
5 1301 3221 5333 4712
5 3434 4291 9246 4713
5 1570 3283 7531 4714
5 4291 1415 9246 4715
5 2852 4773 7933 4716
5 4659 1059 4811 4717
5 2048 4659 4811 4718
5 5108 2324 8960 4719
5 1686 4887 6678 4720
5 1292 3563 4679 4721
5 3563 1587 4679 4722
5 2331 3308 9141 4723
5 712 3449 8563 4724
5 120 3639 4991 4725
5 756 4411 5812 4726
5 1830 3884 5160 4727
5 3449 1232 8564 4728
5 3884 975 5160 4729
5 1266 3339 5052 4730
5 6387 2588 8330 4731
5 399 3693 6960 4732
5 4735 2349 5474 4733
5 903 4735 5474 4734
5 1109 3564 6992 4735
5 1900 3387 6347 4736
5 3387 1426 6347 4737
5 4346 2198 6588 4738
5 3074 4553 8442 4739
5 5043 3424 6777 4740
5 4603 3084 7563 4741
5 1086 4603 7563 4742
5 1574 3616 5091 4743
5 1346 3764 5405 4744
5 1671 5194 8047 4745
5 3498 1467 4775 4746
5 1283 3960 5120 4747
5 1308 3329 4925 4748
5 3567 82 5583 4749
5 5028 1073 6702 4750
5 2901 5893 7805 4751
5 4582 436 6424 4752
5 1715 4752 5603 4753
5 2597 4582 6424 4754
5 4277 1211 8951 4755
5 773 3858 7050 4756
5 1430 3442 8479 4757
5 3876 2442 8370 4758
5 3712 1485 5244 4759
5 6275 2098 7506 4760
5 2660 5301 7153 4761
5 1515 3321 6428 4762
5 3560 675 5459 4763
5 3800 1835 5231 4764
5 2044 4827 5237 4765
5 1784 3541 5865 4766
5 3296 1520 5071 4767
5 7482 4019 8464 4768
5 4082 1744 6473 4769
5 1525 4883 6938 4770
5 1182 3368 7942 4771
5 1068 4744 7677 4772
5 4744 3215 7677 4773
5 5849 3022 7059 4774
5 3775 8563 8911 4775
5 4153 776 6405 4776
5 4761 2297 7191 4777
5 2340 6570 8540 4778
5 761 4605 7123 4779
5 1780 3196 6494 4780
5 1091 4378 7229 4781
5 4378 2802 7229 4782
5 5412 2058 8417 4783
5 1189 3701 5440 4784
5 3701 1845 5440 4785
5 516 3519 5103 4786
5 5119 3270 8692 4787
5 962 3744 4549 4788
5 3197 605 5751 4789
5 3739 7301 8536 4790
5 4155 509 4651 4791
5 2642 4955 6420 4792
5 3912 1442 4212 4793
5 3221 1623 5617 4794
5 4459 1256 9231 4795
5 1495 3458 5261 4796
5 5197 1651 8648 4797
5 1651 3208 6215 4798
5 45 46 5737 4799
5 1755 3430 7258 4800
5 6059 1828 6719 4801
5 5461 4808 8807 4802
5 3719 2071 4516 4803
5 3203 7599 8719 4804
5 4826 2339 5446 4805
5 2350 3306 7462 4806
5 4877 1064 7560 4807
5 5150 2101 6894 4808
5 343 344 4118 4809
5 3676 2663 5010 4810
5 746 3198 6222 4811
5 776 4353 4696 4812
5 4353 1860 4696 4813
5 3660 492 4382 4814
5 3631 1682 5932 4815
5 2744 7712 7938 4816
5 958 5525 5806 4817
5 3249 2044 7001 4818
5 2115 3240 6825 4819
5 2854 3938 7097 4820
5 1160 3916 7870 4821
5 4368 260 9080 4822
5 1485 7013 7057 4823
5 545 4899 6630 4824
5 2559 3459 8600 4825
5 995 4926 7127 4826
5 2084 4859 6924 4827
5 4493 3028 8201 4828
5 872 3237 5354 4829
5 4571 480 8585 4830
5 3436 1494 6895 4831
5 2629 5372 8357 4832
5 277 278 4245 4833
5 3853 2142 4401 4834
5 1066 3616 5491 4835
5 13 4184 5480 4836
5 1490 3780 8527 4837
5 2588 4533 7914 4838
5 2346 3438 6304 4839
5 3206 204 5652 4840
5 550 9045 9326 4841
5 3669 639 6378 4842
5 2090 3669 6378 4843
5 3843 834 7536 4844
5 2086 3234 8935 4845
5 807 3720 9117 4846
5 4129 1567 4386 4847
5 1555 3375 4848 4848
5 4217 3147 8091 4849
5 2261 3203 5771 4850
5 4290 433 7801 4851
5 4866 2666 7285 4852
5 4275 881 7517 4853
5 1062 6210 7700 4854
5 2501 4928 8203 4855
5 5586 3166 9057 4856
5 4273 801 6464 4857
5 4490 2205 6120 4858
5 1540 3311 5616 4859
5 2238 3384 6910 4860
5 204 3206 8941 4861
5 5815 2669 6841 4862
5 3484 2303 7921 4863
5 4165 1043 6300 4864
5 2311 4165 6300 4865
5 3262 4619 8140 4866
5 4030 3036 5497 4867
5 2433 7370 7823 4868
5 1625 3206 5987 4869
5 2414 4471 6958 4870
5 3616 1574 5491 4871
5 2103 3926 7267 4872
5 1661 3230 7790 4873
5 1327 4185 7709 4874
5 1508 4107 4583 4875
5 4185 2827 7709 4876
5 4619 476 8140 4877
5 4346 6588 9331 4878
5 844 3761 6017 4879
5 1206 3807 8188 4880
5 3287 1445 7204 4881
5 4505 674 8161 4882
5 2092 3554 4543 4883
5 5847 1331 7665 4884
5 1232 3451 8501 4885
5 5679 2230 7509 4886
5 1510 7197 7343 4887
5 2433 4855 7370 4888
5 3628 1638 4807 4889
5 4335 3259 6071 4890
5 439 3628 4807 4891
5 2303 3581 7731 4892
5 3453 484 5908 4893
5 1875 3229 6665 4894
5 667 4458 5931 4895
5 3229 1071 6665 4896
5 2194 5117 6881 4897
5 4458 2358 5931 4898
5 6164 527 6752 4899
5 6351 5064 7957 4900
5 3594 709 6830 4901
5 7498 2447 8060 4902
5 4403 1794 4972 4903
5 2638 8099 8720 4904
5 3330 1214 9153 4905
5 2183 3217 6440 4906
5 5340 532 5673 4907
5 2732 5340 5673 4908
5 2236 3762 6819 4909
5 8128 1055 9096 4910
5 3782 2032 4463 4911
5 2194 6881 7322 4912
5 4584 2243 7899 4913
5 2063 5064 6351 4914
5 571 3979 6657 4915
5 3870 1485 7057 4916
5 2299 4520 6159 4917
5 3102 5365 8983 4918
5 3471 684 8654 4919
5 377 378 5571 4920
5 1226 3471 8656 4921
5 113 114 4457 4922
5 1613 3633 5189 4923
5 3310 1592 8251 4924
5 3166 4515 9057 4925
5 6494 3196 7089 4926
5 5818 4697 6876 4927
5 4730 1129 6206 4928
5 4324 2169 5657 4929
5 2184 3397 6798 4930
5 290 3366 6636 4931
5 411 3221 5617 4932
5 4568 2358 8211 4933
5 3603 1226 8656 4934
5 1188 3706 8700 4935
5 4236 1711 4712 4936
5 1748 7513 8198 4937
5 1804 4236 4712 4938
5 999 3749 5524 4939
5 3377 731 4898 4940
5 4605 5866 7123 4941
5 2569 3667 4486 4942
5 3691 2921 7743 4943
5 1724 4826 5446 4944
5 4475 954 4560 4945
5 730 3878 7592 4946
5 635 4011 6201 4947
5 458 3739 5144 4948
5 3790 470 5143 4949
5 4011 2186 6201 4950
5 1854 4475 4560 4951
5 3883 2368 5338 4952
5 2565 3555 5232 4953
5 3982 2881 8669 4954
5 4348 1559 5143 4955
5 1848 4143 6195 4956
5 4624 1427 5927 4957
5 1297 3937 4841 4958
5 3593 1891 5814 4959
5 1362 3593 5814 4960
5 844 6017 6097 4961
5 3372 1512 4910 4962
5 5319 2561 8239 4963
5 3364 685 5029 4964
5 395 3754 6309 4965
5 3709 2511 6367 4966
5 4472 2414 6121 4967
5 867 4472 6121 4968
5 5840 2533 6265 4969
5 3514 2695 6323 4970
5 3754 2101 6309 4971
5 1681 4676 9306 4972
5 2072 6870 7166 4973
5 3245 1467 5408 4974
5 480 4571 9113 4975
5 3472 488 7503 4976
5 3301 1315 7253 4977
5 1138 6494 7089 4978
5 3605 684 8632 4979
5 5834 2941 8038 4980
5 431 5102 5123 4981
5 1544 3435 4780 4982
5 553 3493 7298 4983
5 2201 3931 6395 4984
5 3931 1131 6395 4985
5 1162 3979 5782 4986
5 3227 1937 5664 4987
5 1507 3356 4965 4988
5 4483 1952 4484 4989
5 1489 4483 4484 4990
5 3827 381 8626 4991
5 3979 2444 5782 4992
5 558 3362 5041 4993
5 6 7 4162 4994
5 3415 1206 8188 4995
5 664 3521 5249 4996
5 5184 2114 7269 4997
5 3521 1720 5249 4998
5 3609 1493 7924 4999
5 4278 1531 4886 5000
5 1291 3386 9298 5001
5 3282 1242 7091 5002
5 771 3282 7092 5003
5 3924 408 4581 5004
5 1449 3336 7589 5005
5 277 4245 6493 5006
5 1459 7754 8634 5007
5 2873 4799 6780 5008
5 4799 477 6780 5009
5 2048 4811 6105 5010
5 2066 4882 6946 5011
5 631 3771 7326 5012
5 1668 3924 4581 5013
5 4396 3137 7284 5014
5 8049 4320 8581 5015
5 3839 2185 5858 5016
5 7147 720 8575 5017
5 1832 4572 5414 5018
5 3266 1244 9125 5019
5 2586 3511 8965 5020
5 2121 3474 6976 5021
5 3474 1006 6976 5022
5 1703 3243 7791 5023
5 2695 6286 9240 5024
5 1375 3285 5279 5025
5 4086 2693 9280 5026
5 1822 3252 5406 5027
5 5127 2064 5396 5028
5 829 4249 6333 5029
5 3339 1531 5052 5030
5 1044 3473 8617 5031
5 3245 5408 7145 5032
5 3578 624 8681 5033
5 1337 3357 7763 5034
5 1797 5763 5826 5035
5 2140 4580 6341 5036
5 745 3243 6569 5037
5 3584 2233 6002 5038
5 3687 1855 8798 5039
5 3877 597 5565 5040
5 3766 833 4943 5041
5 1721 3766 4943 5042
5 1010 3406 6181 5043
5 1429 3677 4436 5044
5 5588 758 7180 5045
5 1732 4623 6873 5046
5 1190 4063 7529 5047
5 3565 1392 4862 5048
5 5417 7443 8242 5049
5 4063 2651 7529 5050
5 4267 991 6800 5051
5 1647 3966 6650 5052
5 494 4461 5871 5053
5 4490 6120 8457 5054
5 2867 4924 7155 5055
5 3399 1119 8878 5056
5 3468 1782 8582 5057
5 4102 589 8147 5058
5 3455 1795 5722 5059
5 3451 579 8665 5060
5 3057 4482 8685 5061
5 2118 3317 7386 5062
5 4145 880 5721 5063
5 729 3249 6734 5064
5 5216 4156 7584 5065
5 2124 4145 5721 5066
5 1692 3694 8575 5067
5 5933 2608 8238 5068
5 2029 3650 4459 5069
5 3974 1496 7071 5070
5 1578 4927 4931 5071
5 1498 3238 7775 5072
5 4003 1542 4596 5073
5 3252 2261 9105 5074
5 3853 3183 7721 5075
5 645 3235 8593 5076
5 4241 6663 7908 5077
5 4871 819 7410 5078
5 5600 2988 7940 5079
5 3172 4871 7410 5080
5 4672 2595 8177 5081
5 5525 2713 5806 5082
5 327 3485 5361 5083
5 684 3605 4497 5084
5 3270 5119 8808 5085
5 3648 1734 5362 5086
5 3328 8500 9037 5087
5 6230 2646 8225 5088
5 6216 841 7251 5089
5 1937 3227 8630 5090
5 3528 819 4702 5091
5 6545 2163 6847 5092
5 1558 3528 4702 5093
5 3276 1341 8224 5094
5 2282 3827 6312 5095
5 997 4838 7228 5096
5 5814 1891 6359 5097
5 1827 3831 7647 5098
5 2195 4099 7883 5099
5 1187 3273 5364 5100
5 3586 1511 5641 5101
5 2399 4970 5387 5102
5 4970 917 5387 5103
5 4050 1462 6138 5104
5 4355 1998 7464 5105
5 191 192 3925 5106
5 3341 7754 8652 5107
5 1259 3964 8579 5108
5 453 4595 5769 5109
5 4595 2362 5769 5110
5 2038 3574 6640 5111
5 4075 4288 8025 5112
5 7099 2637 8858 5113
5 4211 1079 6589 5114
5 4485 566 7157 5115
5 4805 2055 7309 5116
5 803 5662 7856 5117
5 1344 3298 7129 5118
5 5746 1352 8042 5119
5 2552 5417 8242 5120
5 3740 1915 4524 5121
5 4797 2574 8138 5122
5 1375 3756 4542 5123
5 696 3544 5460 5124
5 691 3391 4959 5125
5 3461 1496 6822 5126
5 556 3275 6959 5127
5 4180 7426 8381 5128
5 3247 1782 6235 5129
5 4257 1503 5685 5130
5 4031 3607 8995 5131
5 674 3621 5648 5132
5 3243 1703 6569 5133
5 3696 407 7931 5134
5 3948 4975 7895 5135
5 1365 4076 4289 5136
5 3466 2259 4750 5137
5 4076 1958 4289 5138
5 3268 1455 5424 5139
5 4108 929 4256 5140
5 1806 4108 4256 5141
5 3232 1210 6116 5142
5 1503 4265 5685 5143
5 642 3501 8824 5144
5 1738 5737 8256 5145
5 3447 1990 5175 5146
5 1406 6180 7753 5147
5 3380 744 4990 5148
5 2326 6767 8456 5149
5 3267 1701 7645 5150
5 259 260 4368 5151
5 1829 4432 4612 5152
5 4757 1919 6021 5153
5 3849 1464 4338 5154
5 3644 2582 5564 5155
5 4955 941 6420 5156
5 4978 3069 6823 5157
5 135 136 4515 5158
5 1461 3929 8924 5159
5 4231 2019 4332 5160
5 2315 3398 7995 5161
5 3116 3894 7487 5162
5 3544 696 6857 5163
5 3242 2393 5933 5164
5 3398 1302 7995 5165
5 1218 3723 6221 5166
5 3759 1285 6488 5167
5 2097 3293 7428 5168
5 1216 3524 8946 5169
5 4184 1403 5480 5170
5 4456 1126 5975 5171
5 1583 4603 8075 5172
5 2346 4456 5975 5173
5 3591 1162 6149 5174
5 4697 998 6520 5175
5 793 4232 5256 5176
5 6627 1051 7315 5177
5 4900 1350 5238 5178
5 3423 2382 8163 5179
5 2374 7358 8695 5180
5 2061 3403 4934 5181
5 1542 3488 4728 5182
5 1561 4462 7894 5183
5 2548 5647 6270 5184
5 1562 3359 5324 5185
5 3400 1421 9320 5186
5 3488 816 4728 5187
5 2261 3252 6628 5188
5 650 4775 7829 5189
5 5509 3751 8249 5190
5 4775 3245 7829 5191
5 3593 170 6162 5192
5 3406 1621 6181 5193
5 2831 3897 7044 5194
5 1700 3838 5094 5195
5 1680 3758 5520 5196
5 4980 7535 8822 5197
5 1690 5317 6419 5198
5 5314 734 7055 5199
5 1337 3611 7170 5200
5 4479 1561 7894 5201
5 3609 1337 7170 5202
5 3251 694 5643 5203
5 1923 4329 5769 5204
5 6753 3677 8610 5205
5 3249 1838 6734 5206
5 463 3268 6786 5207
5 3775 712 8563 5208
5 1660 3374 6207 5209
5 1832 5414 5530 5210
5 7662 1610 8415 5211
5 373 374 4916 5212
5 4432 473 4612 5213
5 3707 937 4608 5214
5 2836 4220 8903 5215
5 5253 2524 6939 5216
5 1187 3691 6683 5217
5 3504 767 5717 5218
5 1943 4718 5343 5219
5 3444 1726 5549 5220
5 1589 3707 4608 5221
5 3690 1101 8187 5222
5 2386 3848 7174 5223
5 3848 539 7174 5224
5 2849 4534 8668 5225
5 3691 2146 6683 5226
5 3497 1505 6153 5227
5 540 3990 4538 5228
5 3990 1664 4538 5229
5 1967 4402 4993 5230
5 4402 1771 4993 5231
5 5352 1474 5396 5232
5 1782 3247 8696 5233
5 2647 3603 8656 5234
5 6237 1583 8075 5235
5 2140 6341 6739 5236
5 417 3360 6939 5237
5 3360 2015 6939 5238
5 1513 3468 6377 5239
5 672 3527 8933 5240
5 1076 3265 5852 5241
5 4681 2141 5137 5242
5 1671 4681 5137 5243
5 3667 560 4486 5244
5 1415 4291 5545 5245
5 2097 3312 5265 5246
5 1907 3745 8588 5247
5 3810 467 8995 5248
5 2056 4064 6928 5249
5 4043 454 8339 5250
5 3269 1875 6665 5251
5 2782 4817 6595 5252
5 4817 524 6595 5253
5 1889 3431 8633 5254
5 2001 4627 4824 5255
5 4627 1606 4824 5256
5 4838 2909 7228 5257
5 4996 2244 5041 5258
5 133 134 6998 5259
5 3260 1863 5651 5260
5 3393 704 9278 5261
5 1199 6334 8580 5262
5 5912 1968 5921 5263
5 1579 4996 5041 5264
5 4157 1305 8305 5265
5 215 216 4148 5266
5 8067 1722 8999 5267
5 3726 1503 5465 5268
5 845 3252 6487 5269
5 3252 1822 6487 5270
5 3811 1884 5544 5271
5 1214 3811 5544 5272
5 3714 1970 4645 5273
5 1384 3911 5837 5274
5 3911 2026 5837 5275
5 1518 4131 7261 5276
5 4473 2939 8341 5277
5 2053 4597 6161 5278
5 1168 5434 6331 5279
5 7234 4894 8739 5280
5 3549 1652 8840 5281
5 3520 1173 8445 5282
5 1331 3268 7665 5283
5 929 6482 7757 5284
5 3483 1544 4780 5285
5 1521 3607 8466 5286
5 164 3345 5287 5287
5 3445 98 5653 5288
5 3277 1339 7205 5289
5 4170 2548 7138 5290
5 4688 1595 8541 5291
5 2548 6270 7118 5292
5 2535 4553 6418 5293
5 4553 544 6418 5294
5 3814 2538 8232 5295
5 965 4170 7138 5296
5 6215 3208 6491 5297
5 1005 4558 5167 5298
5 3345 1747 5287 5299
5 4558 2111 5167 5300
5 4735 1404 5971 5301
5 5760 1729 6955 5302
5 3823 7485 8708 5303
5 2211 3938 4679 5304
5 4934 556 6959 5305
5 4005 2059 5678 5306
5 3586 2011 6372 5307
5 6153 1505 7503 5308
5 792 3286 5504 5309
5 2743 4735 6107 5310
5 4735 903 6107 5311
5 4214 2773 6108 5312
5 4748 1610 8970 5313
5 3697 797 5500 5314
5 971 3586 6372 5315
5 1391 3718 4504 5316
5 4018 694 6568 5317
5 4374 1449 6081 5318
5 594 3781 6503 5319
5 651 3799 4420 5320
5 3463 397 7952 5321
5 3606 1088 7696 5322
5 2392 3606 7696 5323
5 2350 3463 7952 5324
5 5302 2643 7780 5325
5 4927 2133 4931 5326
5 1519 3443 5051 5327
5 1426 3460 4821 5328
5 5630 471 6499 5329
5 4105 730 7592 5330
5 1823 3697 5500 5331
5 3853 1136 7443 5332
5 2917 5260 8508 5333
5 5501 2028 6698 5334
5 4692 627 5698 5335
5 2653 6315 7758 5336
5 24 25 4083 5337
5 2141 3374 5102 5338
5 3498 4775 5925 5339
5 687 6215 6491 5340
5 3837 1258 6416 5341
5 228 229 6178 5342
5 7704 2907 8452 5343
5 4019 2292 5309 5344
5 3536 2708 8979 5345
5 1998 6232 7464 5346
5 3939 1128 6274 5347
5 2866 4281 4487 5348
5 1827 3254 6430 5349
5 3324 704 5281 5350
5 1992 3907 6795 5351
5 4956 980 5895 5352
5 585 4055 7630 5353
5 404 4468 7073 5354
5 3417 1617 4975 5355
5 3465 904 8705 5356
5 5264 2424 7306 5357
5 1235 3314 7181 5358
5 852 3483 4780 5359
5 3476 1206 4798 5360
5 1392 3651 4862 5361
5 3981 1896 7025 5362
5 4729 1476 5992 5363
5 2094 5849 7059 5364
5 1945 3299 6911 5365
5 3279 437 5620 5366
5 3352 55 6262 5367
5 3763 820 5056 5368
5 3300 1964 5467 5369
5 758 4510 8299 5370
5 2045 3957 4599 5371
5 4445 1968 4870 5372
5 3826 1257 5204 5373
5 626 3982 8669 5374
5 3312 2097 8110 5375
5 3364 1141 7192 5376
5 3273 1187 6683 5377
5 339 3283 8765 5378
5 3535 586 8953 5379
5 747 6286 7250 5380
5 2286 5593 5634 5381
5 4490 1832 5530 5382
5 2205 4490 5530 5383
5 1550 3410 7156 5384
5 4987 2556 8861 5385
5 4879 2445 6194 5386
5 6557 2323 7956 5387
5 5036 2340 8540 5388
5 3523 1530 8113 5389
5 1549 4071 4255 5390
5 3384 2238 7772 5391
5 1137 3324 6111 5392
5 3106 6213 9216 5393
5 2556 4987 8875 5394
5 4969 62 8308 5395
5 7399 1092 8388 5396
5 1605 6892 6979 5397
5 3313 1298 7149 5398
5 2291 4800 6649 5399
5 2508 4587 6317 5400
5 4587 538 6317 5401
5 3265 1653 5852 5402
5 478 3514 6323 5403
5 610 3266 5854 5404
5 3620 915 4691 5405
5 1577 3620 4691 5406
5 1628 3463 5374 5407
5 2048 6105 7018 5408
5 474 3444 5549 5409
5 4320 2609 8581 5410
5 4238 739 5716 5411
5 1875 3269 5798 5412
5 5182 758 8299 5413
5 3261 487 6014 5414
5 3887 738 5352 5415
5 3705 314 7270 5416
5 2541 4064 5636 5417
5 4968 2903 8837 5418
5 421 4283 8277 5419
5 795 3293 6790 5420
5 2476 4937 7031 5421
5 3869 5780 8098 5422
5 3293 1908 6790 5423
5 1793 4315 7055 5424
5 3467 1382 8428 5425
5 1133 3262 6008 5426
5 613 4878 8119 5427
5 3238 4088 8907 5428
5 4315 2596 7055 5429
5 3993 2330 5142 5430
5 1684 3573 4666 5431
5 3265 1076 5918 5432
5 3435 1544 4948 5433
5 1164 3813 7166 5434
5 6536 404 7073 5435
5 4007 2262 6056 5436
5 3411 5009 6369 5437
5 3704 1555 5039 5438
5 1416 3288 7941 5439
5 5338 918 7256 5440
5 178 179 4087 5441
5 5083 3082 6733 5442
5 2870 6300 8403 5443
5 3029 8022 8279 5444
5 2568 4984 7343 5445
5 3876 1286 7837 5446
5 4771 2484 5690 5447
5 5096 4506 7101 5448
5 1320 3525 7387 5449
5 1601 3782 4463 5450
5 6245 2301 7448 5451
5 4758 792 5504 5452
5 1516 3577 5461 5453
5 2600 4281 7717 5454
5 3525 2247 7387 5455
5 1191 5119 8692 5456
5 1217 3295 8916 5457
5 1431 4474 7241 5458
5 2822 6735 8947 5459
5 1260 7779 7954 5460
5 1652 3549 4715 5461
5 2162 4122 6100 5462
5 1549 4255 9037 5463
5 916 5545 5850 5464
5 4755 3250 9090 5465
5 5342 1722 8067 5466
5 4991 1449 7589 5467
5 3683 2296 5828 5468
5 3222 5338 7256 5469
5 2434 5717 5753 5470
5 1207 4154 4586 5471
5 3298 649 9250 5472
5 162 163 4175 5473
5 753 3719 4516 5474
5 4920 874 5535 5475
5 3303 208 5550 5476
5 4372 2624 7620 5477
5 471 4443 6499 5478
5 4171 3145 6350 5479
5 3916 1160 6329 5480
5 731 4030 5497 5481
5 7002 2723 7781 5482
5 4500 2014 5021 5483
5 4396 2499 6639 5484
5 2564 4503 8787 5485
5 931 4396 6639 5486
5 1641 3664 5612 5487
5 2587 4926 7458 5488
5 1708 4500 5021 5489
5 1757 5663 8217 5490
5 1415 3440 8139 5491
5 4720 1605 6979 5492
5 1643 4851 5557 5493
5 1511 3728 5641 5494
5 2757 5316 7502 5495
5 3454 459 4939 5496
5 3731 657 4518 5497
5 697 3652 4591 5498
5 3638 1081 8378 5499
5 3339 1266 7973 5500
5 3355 877 7454 5501
5 958 3976 8552 5502
5 4614 1295 6230 5503
5 4733 2850 8807 5504
5 3339 801 7859 5505
5 1157 3334 7240 5506
5 1301 3577 7441 5507
5 1203 6871 9174 5508
5 6934 1613 8072 5509
5 45 3354 6773 5510
5 2563 7029 9177 5511
5 1182 3484 4845 5512
5 3405 1014 7830 5513
5 19 20 4008 5514
5 1629 4704 5158 5515
5 1470 3277 6110 5516
5 4486 560 7833 5517
5 3511 2586 8734 5518
5 965 3956 6670 5519
5 6124 1054 8311 5520
5 2688 4836 6448 5521
5 977 5348 5963 5522
5 4836 976 6448 5523
5 5348 2801 5963 5524
5 3289 1840 6514 5525
5 3818 2360 4785 5526
5 620 3883 4671 5527
5 2275 3653 8041 5528
5 3283 339 6293 5529
5 381 3827 7314 5530
5 1212 3308 8966 5531
5 3599 1201 9266 5532
5 3487 420 5771 5533
5 3488 1542 4837 5534
5 3352 1853 7693 5535
5 1985 3681 8252 5536
5 2680 7000 7977 5537
5 7003 3011 8885 5538
5 6914 824 7111 5539
5 2702 4086 6585 5540
5 1031 4324 6733 5541
5 5180 689 8638 5542
5 7051 4710 7139 5543
5 3309 756 5553 5544
5 2423 3590 6385 5545
5 3286 792 8179 5546
5 2024 5018 6838 5547
5 814 3734 4548 5548
5 2922 4587 8208 5549
5 1488 4588 8848 5550
5 3108 7040 7311 5551
5 4588 3430 8848 5552
5 1095 3396 6098 5553
5 749 4032 8975 5554
5 4377 486 5383 5555
5 4032 3062 8975 5556
5 3581 3230 9184 5557
5 3396 1796 6098 5558
5 3515 1219 8747 5559
5 1175 3773 6324 5560
5 4338 7525 8812 5561
5 638 3351 5309 5562
5 719 3534 8862 5563
5 4207 742 4829 5564
5 3534 1264 8863 5565
5 760 4816 5763 5566
5 4816 2443 5763 5567
5 776 4885 6405 5568
5 3480 3179 8460 5569
5 650 3301 5925 5570
5 5639 2927 9171 5571
5 1568 4225 5084 5572
5 4673 1514 6204 5573
5 5985 550 9326 5574
5 3374 2141 7493 5575
5 3744 1519 4549 5576
5 3919 949 7098 5577
5 4049 1677 9278 5578
5 2725 3827 8626 5579
5 1748 5586 7513 5580
5 3684 1401 8307 5581
5 6107 903 6214 5582
5 743 3505 4828 5583
5 3525 884 7866 5584
5 1254 3369 8366 5585
5 2457 4343 7321 5586
5 467 4031 8995 5587
5 4622 1240 6737 5588
5 1919 3675 8017 5589
5 3524 1550 8052 5590
5 3814 580 6151 5591
5 3639 1449 4991 5592
5 3548 1744 8607 5593
5 4004 931 6682 5594
5 2284 4004 6682 5595
5 3622 1301 7441 5596
5 3675 476 4619 5597
5 3707 2129 6681 5598
5 3860 485 8972 5599
5 4685 1609 6070 5600
5 786 3295 6127 5601
5 4488 3507 6142 5602
5 1299 4099 6735 5603
5 937 3707 6681 5604
5 904 4812 6603 5605
5 1769 4961 7074 5606
5 1522 3744 5496 5607
5 3311 551 5616 5608
5 4451 2496 4899 5609
5 9045 3469 9326 5610
5 4229 5994 8942 5611
5 493 5062 5839 5612
5 964 3571 6527 5613
5 451 3789 8063 5614
5 3571 2022 6527 5615
5 3385 735 5216 5616
5 5223 1677 6228 5617
5 3511 1230 9192 5618
5 4362 1565 6208 5619
5 3489 263 5322 5620
5 4107 1792 4583 5621
5 3304 1254 5784 5622
5 1526 4083 5307 5623
5 2424 4050 6138 5624
5 4395 2007 5026 5625
5 3367 732 7432 5626
5 2595 4672 5427 5627
5 502 3632 7858 5628
5 407 3857 5237 5629
5 798 3787 4508 5630
5 2494 8160 8268 5631
5 3053 4371 8479 5632
5 36 37 4036 5633
5 1964 3300 6973 5634
5 1202 3427 8050 5635
5 3745 883 4556 5636
5 3523 487 6109 5637
5 2616 6324 6392 5638
5 3754 395 5944 5639
5 5208 3459 9073 5640
5 3359 1124 5324 5641
5 1945 3754 5944 5642
5 1005 5986 8825 5643
5 3442 1942 6613 5644
5 1047 3442 6613 5645
5 3456 462 8416 5646
5 690 4642 8890 5647
5 4471 2414 4472 5648
5 1431 4471 4472 5649
5 4183 4080 8306 5650
5 12 13 5480 5651
5 2353 7304 7853 5652
5 2106 5012 5556 5653
5 3693 2662 8564 5654
5 2969 6842 8090 5655
5 3565 59 5035 5656
5 1232 3693 8564 5657
5 3476 2055 4944 5658
5 3657 1395 9121 5659
5 360 361 4039 5660
5 942 7042 7806 5661
5 5143 1559 7460 5662
5 4376 2269 5973 5663
5 869 4376 5973 5664
5 1599 4555 5640 5665
5 4486 7833 9163 5666
5 3481 6866 9295 5667
5 2751 3653 6061 5668
5 3372 1647 8363 5669
5 6616 2024 6838 5670
5 7426 840 8381 5671
5 3424 1571 6547 5672
5 6649 4800 8961 5673
5 6820 3033 7794 5674
5 3325 2025 8148 5675
5 1795 4046 7625 5676
5 5909 1386 7472 5677
5 3530 2607 8788 5678
5 1565 4404 6208 5679
5 6823 2468 7445 5680
5 5223 6228 8081 5681
5 4998 789 6137 5682
5 5006 834 7032 5683
5 4657 3247 6235 5684
5 84 85 6470 5685
5 7281 1538 7611 5686
5 4874 1932 6277 5687
5 56 57 4054 5688
5 2628 4998 6137 5689
5 1001 6544 7914 5690
5 3304 628 6510 5691
5 3104 4267 6800 5692
5 3570 1526 6125 5693
5 742 4268 4829 5694
5 2674 4290 7801 5695
5 1814 4720 5422 5696
5 2105 4074 6242 5697
5 1539 4283 5023 5698
5 3397 2184 7660 5699
5 2887 8733 9314 5700
5 2930 6607 8990 5701
5 6228 939 8534 5702
5 4822 8521 8567 5703
5 1703 3475 8347 5704
5 5476 2371 7672 5705
5 4822 393 8521 5706
5 6653 689 7533 5707
5 5030 1529 7141 5708
5 1045 6707 7002 5709
5 5234 865 7200 5710
5 5384 2529 6804 5711
5 2122 4710 7051 5712
5 4635 743 6035 5713
5 744 3587 4990 5714
5 770 4858 6193 5715
5 3587 1635 4990 5716
5 1039 8097 8864 5717
5 1748 3486 7649 5718
5 3503 679 5481 5719
5 5089 2472 6682 5720
5 503 3604 4966 5721
5 3604 1631 4966 5722
5 1318 3448 5065 5723
5 1611 4599 5512 5724
5 3743 1517 6299 5725
5 4585 2744 7938 5726
5 4947 950 5135 5727
5 2221 4947 5135 5728
5 3386 396 7550 5729
5 5266 1754 8158 5730
5 2282 3358 7314 5731
5 1019 5031 7740 5732
5 1973 3654 4707 5733
5 3654 1196 4707 5734
5 3782 5163 8421 5735
5 2434 3504 5717 5736
5 3815 2004 6579 5737
5 3775 1641 4791 5738
5 3338 1840 5531 5739
5 3518 1372 7632 5740
5 712 3775 4791 5741
5 7246 3223 7644 5742
5 3695 2160 7122 5743
5 3453 1209 5066 5744
5 4414 8753 9187 5745
5 3929 4881 8924 5746
5 3886 1434 5658 5747
5 3801 706 9010 5748
5 4295 1604 4640 5749
5 1905 4133 5268 5750
5 890 4338 8812 5751
5 3346 1443 5471 5752
5 30 5000 8518 5753
5 5744 3566 8667 5754
5 4489 682 8441 5755
5 2702 3770 5020 5756
5 824 4912 7111 5757
5 4847 3003 8737 5758
5 3986 1590 4409 5759
5 1467 3498 4911 5760
5 2739 6316 7348 5761
5 6348 552 8320 5762
5 6210 2945 7700 5763
5 1565 4326 6038 5764
5 552 5005 8320 5765
5 883 3381 8542 5766
5 4224 1444 8880 5767
5 3684 1766 4671 5768
5 4596 2002 8140 5769
5 3324 1137 6822 5770
5 2518 4111 8468 5771
5 2650 3772 8377 5772
5 2111 6279 6781 5773
5 2537 5301 6208 5774
5 1394 3816 4519 5775
5 2349 4735 5971 5776
5 3560 1545 8114 5777
5 1011 5043 6777 5778
5 5530 786 6117 5779
5 1364 4343 5457 5780
5 4343 2087 5457 5781
5 3586 971 6320 5782
5 3320 2443 8044 5783
5 1337 3609 5836 5784
5 3905 1439 4477 5785
5 1765 4454 4476 5786
5 4454 1597 4476 5787
5 4871 1643 6248 5788
5 484 3453 8101 5789
5 1191 3444 5119 5790
5 660 3450 5086 5791
5 2160 5283 6709 5792
5 446 4765 6480 5793
5 4765 2617 6480 5794
5 5050 2326 8456 5795
5 4141 1082 5014 5796
5 1592 3310 8294 5797
5 6575 3333 8465 5798
5 882 5436 5749 5799
5 2463 3718 7914 5800
5 3718 1001 7914 5801
5 6177 1370 8225 5802
5 4381 711 8390 5803
5 2135 3325 8281 5804
5 2102 3737 6584 5805
5 3737 948 6584 5806
5 1695 3771 6029 5807
5 2210 3994 7154 5808
5 5368 1729 7097 5809
5 4802 1119 6267 5810
5 3560 1260 7954 5811
5 2563 4802 6267 5812
5 3031 4991 7589 5813
5 1395 6410 9121 5814
5 4197 1053 8023 5815
5 2840 4197 8023 5816
5 4618 1518 7261 5817
5 8187 1101 8572 5818
5 3681 907 4690 5819
5 343 4118 8386 5820
5 3386 2567 7472 5821
5 6709 5283 8668 5822
5 3665 839 6758 5823
5 2121 3665 6758 5824
5 3311 1108 6147 5825
5 3502 973 8549 5826
5 551 3311 6148 5827
5 4174 3241 6774 5828
5 1703 3327 6569 5829
5 3528 1558 4890 5830
5 1730 3576 9017 5831
5 799 3695 4685 5832
5 5078 703 6175 5833
5 2977 3526 6057 5834
5 2669 5078 6175 5835
5 1167 3367 5447 5836
5 1482 4899 7959 5837
5 5119 1654 8808 5838
5 396 5743 7747 5839
5 1377 5363 6610 5840
5 5218 2526 8218 5841
5 1613 4714 8072 5842
5 1891 3593 6162 5843
5 1753 3830 4983 5844
5 2002 6008 8140 5845
5 4566 944 7548 5846
5 3555 3022 5849 5847
5 4648 2312 5093 5848
5 2456 3526 8312 5849
5 2932 4566 7548 5850
5 4214 1009 7804 5851
5 2773 4214 7804 5852
5 1840 3338 6514 5853
5 1400 3848 4566 5854
5 2318 3919 7098 5855
5 2510 4722 6697 5856
5 2072 3624 6870 5857
5 4167 832 6524 5858
5 4371 1430 8479 5859
5 3807 2531 8188 5860
5 3478 1222 6442 5861
5 4363 782 7137 5862
5 5376 2353 7853 5863
5 2394 6498 7626 5864
5 3902 8862 9254 5865
5 6514 3338 8964 5866
5 3527 5464 8933 5867
5 1524 3895 6868 5868
5 1394 3556 8889 5869
5 3319 690 6535 5870
5 427 6514 8964 5871
5 3874 2034 5105 5872
5 5753 3396 8928 5873
5 5084 3881 7941 5874
5 2892 5760 6955 5875
5 733 3874 5105 5876
5 3965 526 5900 5877
5 4913 2681 7691 5878
5 1510 4124 7197 5879
5 228 6178 9189 5880
5 4137 1955 4443 5881
5 471 4137 4443 5882
5 3703 393 5783 5883
5 907 3382 8719 5884
5 1778 3603 5963 5885
5 3797 830 5166 5886
5 3367 1167 5499 5887
5 1404 4052 6513 5888
5 2235 3704 5645 5889
5 2007 3320 6927 5890
5 1758 4130 5038 5891
5 4030 3377 7380 5892
5 2314 4815 7400 5893
5 1620 3433 8136 5894
5 2729 4575 6582 5895
5 2872 7674 8897 5896
5 524 3590 9076 5897
5 6036 381 7314 5898
5 55 3352 7693 5899
5 5584 961 6488 5900
5 990 3358 5559 5901
5 1172 3554 6872 5902
5 3554 2092 6872 5903
5 8246 4998 8302 5904
5 1181 3385 7584 5905
5 4606 472 4770 5906
5 6850 1516 7831 5907
5 3334 1720 7240 5908
5 1954 4606 4770 5909
5 4534 2849 6972 5910
5 1829 4024 4432 5911
5 3452 5045 9092 5912
5 2752 6059 6719 5913
5 996 5603 5767 5914
5 1912 5065 5484 5915
5 7072 4469 9126 5916
5 3710 1550 6591 5917
5 3396 6219 8928 5918
5 1581 6393 7109 5919
5 1216 3890 6322 5920
5 5603 2813 5767 5921
5 3327 745 6569 5922
5 3199 5183 6770 5923
5 3356 649 8375 5924
5 1601 4463 5335 5925
5 1631 3604 6643 5926
5 1149 3814 5306 5927
5 4355 768 5244 5928
5 3814 1783 5306 5929
5 3526 1108 4941 5930
5 1998 4355 5244 5931
5 1162 3426 6149 5932
5 3865 4238 6931 5933
5 4629 853 6034 5934
5 4189 821 5777 5935
5 1610 4680 8415 5936
5 8563 2662 8911 5937
5 3061 4368 9080 5938
5 1242 4633 7091 5939
5 3333 433 6731 5940
5 2572 5230 5713 5941
5 5230 1732 5713 5942
5 5045 1866 9092 5943
5 4435 3078 8247 5944
5 699 4435 8247 5945
5 4040 720 4621 5946
5 1677 4452 9278 5947
5 2743 7647 8295 5948
5 1667 4040 4621 5949
5 856 4522 5531 5950
5 168 169 4358 5951
5 2575 5819 6560 5952
5 725 4114 8601 5953
5 859 4007 5186 5954
5 4007 1815 5186 5955
5 4644 992 6200 5956
5 4442 1105 5558 5957
5 4324 5657 7419 5958
5 2145 4442 5558 5959
5 2444 4644 6200 5960
5 6425 1831 8846 5961
5 4617 635 8506 5962
5 3290 4617 8506 5963
5 3347 2120 6950 5964
5 2335 3427 6024 5965
5 3387 1900 6807 5966
5 1964 4799 5509 5967
5 2273 3565 4862 5968
5 3413 331 7235 5969
5 7649 1163 8532 5970
5 704 3393 7449 5971
5 5819 531 6490 5972
5 2281 4469 7072 5973
5 1991 4879 6194 5974
5 6578 771 7845 5975
5 3317 4788 8269 5976
5 3330 867 6121 5977
5 1757 3395 6001 5978
5 3395 1169 6001 5979
5 5093 2312 8835 5980
5 756 3346 8707 5981
5 813 4455 5198 5982
5 3388 422 7375 5983
5 3833 1200 6492 5984
5 4455 2022 5198 5985
5 1874 3644 5938 5986
5 39 3369 5591 5987
5 3644 383 5938 5988
5 4646 3004 7659 5989
5 1902 4646 7659 5990
5 779 4427 4804 5991
5 2202 4607 6977 5992
5 4000 6675 8504 5993
5 1278 4749 7619 5994
5 4749 3055 7619 5995
5 2560 4043 9129 5996
5 4788 686 8269 5997
5 3538 1216 6322 5998
5 1511 3586 6320 5999
5 4899 3186 7959 6000
5 2467 3832 5835 6001
5 1464 3348 5738 6002
5 5932 2679 6130 6003
5 1761 4074 4932 6004
5 4074 513 4932 6005
5 1126 4456 4913 6006
5 3662 1592 4756 6007
5 4456 1903 4913 6008
5 3420 2118 7386 6009
5 7558 2518 8468 6010
5 1782 4539 5122 6011
5 4136 478 4666 6012
5 1144 3420 7386 6013
5 1649 4907 6748 6014
5 2736 5494 8456 6015
5 548 3331 6512 6016
5 3401 245 6854 6017
5 1956 3353 6962 6018
5 3353 1154 6962 6019
5 4384 399 6960 6020
5 3963 406 5817 6021
5 1629 5123 5310 6022
5 6842 3149 8809 6023
5 4921 873 5345 6024
5 1738 3354 5737 6025
5 2277 4921 5345 6026
5 3626 1578 4931 6027
5 4317 1668 4397 6028
5 1427 3678 4754 6029
5 3252 4910 6628 6030
5 1462 3376 9202 6031
5 3467 1693 5533 6032
5 1454 4231 4332 6033
5 3029 4163 8022 6034
5 1685 4317 4397 6035
5 3587 1209 5058 6036
5 1635 3587 5058 6037
5 4051 1624 4467 6038
5 728 4129 4386 6039
5 4870 1968 5912 6040
5 489 4051 4467 6041
5 464 3464 5371 6042
5 3697 1823 4919 6043
5 1531 3339 6599 6044
5 1550 3652 8052 6045
5 367 3384 5518 6046
5 305 306 4755 6047
5 4505 1565 6038 6048
5 1772 3381 5720 6049
5 5982 2103 7267 6050
5 5671 825 6203 6051
5 2999 5671 6203 6052
5 666 3685 4757 6053
5 3592 434 6736 6054
5 661 3904 4547 6055
5 1969 3337 6294 6056
5 1398 3728 5399 6057
5 5864 1781 7242 6058
5 1983 4084 6864 6059
5 5316 969 7502 6060
5 1177 3717 4965 6061
5 3093 4148 5420 6062
5 3355 1262 8350 6063
5 3803 2188 5259 6064
5 2943 3868 5913 6065
5 1013 5666 6199 6066
5 1131 3931 4681 6067
5 4661 3615 6336 6068
5 3465 1251 6526 6069
5 3931 2141 4681 6070
5 3515 388 5038 6071
5 3353 573 7010 6072
5 801 3339 6464 6073
5 1776 4326 4362 6074
5 2242 4522 5736 6075
5 2014 3347 6738 6076
5 4522 856 5736 6077
5 1989 3567 6562 6078
5 3567 1198 6562 6079
5 3952 724 4503 6080
5 829 6333 7442 6081
5 4553 3074 7219 6082
5 6576 1930 7813 6083
5 3689 777 5008 6084
5 720 5179 8575 6085
5 1657 3689 5008 6086
5 3795 490 5265 6087
5 3351 638 6776 6088
5 1357 3475 7567 6089
5 2982 4175 5633 6090
5 1966 5490 5879 6091
5 4894 1566 8739 6092
5 2764 8079 8838 6093
5 1770 3382 6032 6094
5 4162 7 7648 6095
5 5933 937 6681 6096
5 1923 3399 5505 6097
5 5228 1347 6847 6098
5 3378 8637 8771 6099
5 3930 1461 4537 6100
5 8247 2759 8555 6101
5 3416 1733 9013 6102
5 2221 3632 4947 6103
5 5453 1066 5618 6104
5 2632 5453 5618 6105
5 902 3479 8169 6106
5 3387 676 5598 6107
5 4896 1653 9195 6108
5 4149 2093 4836 6109
5 4430 2930 7818 6110
5 3100 8090 9014 6111
5 3786 1486 5499 6112
5 4758 5504 7362 6113
5 3420 1144 7569 6114
5 5284 1770 5997 6115
5 2694 5284 5997 6116
5 2500 3872 4807 6117
5 2280 4282 6128 6118
5 3596 724 5329 6119
5 4435 699 8901 6120
5 3587 744 6695 6121
5 1833 3513 5074 6122
5 792 3892 4583 6123
5 390 5611 6781 6124
5 102 5663 9155 6125
5 2781 5321 6130 6126
5 5321 1002 6130 6127
5 4288 3101 8686 6128
5 4763 1817 5772 6129
5 637 4288 8686 6130
5 3501 4424 8857 6131
5 3594 1350 4900 6132
5 3381 1909 7195 6133
5 1928 3365 6887 6134
5 2143 6227 6679 6135
5 1957 3481 7307 6136
5 4364 1982 4830 6137
5 1761 4932 5250 6138
5 1349 3400 5548 6139
5 4932 2239 5250 6140
5 6176 380 7867 6141
5 3572 690 8890 6142
5 2315 5198 8433 6143
5 1433 3923 5972 6144
5 3366 1928 6887 6145
5 245 3401 7221 6146
5 4319 878 4507 6147
5 3838 2559 8600 6148
5 4481 1454 8012 6149
5 1209 3453 7851 6150
5 886 4344 8129 6151
5 1647 3372 5861 6152
5 2410 3357 6750 6153
5 3364 5029 8237 6154
5 3458 664 5261 6155
5 7713 1536 8200 6156
5 316 317 4298 6157
5 3546 668 9325 6158
5 5670 2994 6588 6159
5 2459 5082 5672 6160
5 5995 2050 6778 6161
5 1227 3552 6168 6162
5 458 4940 6486 6163
5 3552 1870 6168 6164
5 5082 1745 5672 6165
5 567 4071 8121 6166
5 3859 1452 5981 6167
5 3401 6326 9308 6168
5 7468 2895 8844 6169
5 4830 1644 6373 6170
5 1738 3418 5483 6171
5 4830 6373 7661 6172
5 2098 4581 7506 6173
5 3402 1113 6007 6174
5 2040 3935 6115 6175
5 2730 5318 6027 6176
5 3935 1333 6115 6177
5 2091 3833 6492 6178
5 4426 864 5320 6179
5 3403 1156 9293 6180
5 2039 4426 5320 6181
5 5318 2126 6027 6182
5 5403 773 7050 6183
5 4715 1974 6634 6184
5 1460 3943 4835 6185
5 2665 4043 8339 6186
5 1545 3679 6288 6187
5 5996 3061 9080 6188
5 3637 460 5012 6189
5 5138 7390 8498 6190
5 973 5646 8802 6191
5 2015 3360 9067 6192
5 4980 554 7535 6193
5 5754 21 5917 6194
5 3508 868 6732 6195
5 1993 3508 6732 6196
5 5029 1579 8237 6197
5 990 5559 6576 6198
5 3536 688 9197 6199
5 3510 449 5449 6200
5 3441 4261 8842 6201
5 4300 2492 6131 6202
5 4059 644 4474 6203
5 1940 5994 6072 6204
5 2129 3707 5421 6205
5 3085 6148 8437 6206
5 2698 3890 8946 6207
5 3362 558 6102 6208
5 2927 5639 8688 6209
5 2644 7730 8494 6210
5 3663 1577 5176 6211
5 1413 4125 4434 6212
5 7400 5067 8029 6213
5 2284 6039 6166 6214
5 3956 965 4561 6215
5 1236 3566 5429 6216
5 1222 3517 8426 6217
5 1867 3379 5891 6218
5 6731 2065 6774 6219
5 3467 217 9172 6220
5 4771 5690 7556 6221
5 388 4022 5038 6222
5 3827 2282 7314 6223
5 4022 1758 5038 6224
5 5049 1694 6491 6225
5 3519 1707 5103 6226
5 8213 954 9100 6227
5 4072 594 5638 6228
5 1556 3995 5654 6229
5 1894 3490 8248 6230
5 3359 770 6258 6231
5 4409 1590 5777 6232
5 3538 2100 5062 6233
5 1328 3634 9111 6234
5 5987 3206 8257 6235
5 3088 5427 7730 6236
5 1527 4663 7858 6237
5 3952 2180 6651 6238
5 1353 3952 6651 6239
5 3156 4095 6106 6240
5 4663 3048 7858 6241
5 5188 3440 8031 6242
5 4017 2253 6129 6243
5 2157 5188 8031 6244
5 3505 2500 8343 6245
5 1615 3528 6431 6246
5 1317 4429 7488 6247
5 4429 2771 7488 6248
5 74 75 4525 6249
5 4688 1000 5018 6250
5 4565 754 8080 6251
5 1607 3956 4561 6252
5 1515 3845 5867 6253
5 2024 4688 5018 6254
5 2838 6006 8394 6255
5 2850 4733 9232 6256
5 583 4577 7496 6257
5 4525 75 9170 6258
5 954 4236 9100 6259
5 7728 924 8087 6260
5 833 3766 5131 6261
5 2390 7241 8391 6262
5 1935 3401 6854 6263
5 3382 907 7004 6264
5 1670 3429 7507 6265
5 3488 1593 6897 6266
5 738 4286 5352 6267
5 1141 3362 7239 6268
5 4673 6204 8073 6269
5 3068 3596 8940 6270
5 3961 754 4565 6271
5 3836 1432 7907 6272
5 5638 1898 7703 6273
5 1928 3366 6211 6274
5 5041 3362 8237 6275
5 3437 1191 7607 6276
5 1195 3702 5425 6277
5 3571 964 6269 6278
5 420 3487 7128 6279
5 3487 2083 7128 6280
5 3811 846 5778 6281
5 1884 3811 5778 6282
5 217 3467 5533 6283
5 3619 1577 5437 6284
5 174 3426 5513 6285
5 4106 1497 4834 6286
5 3702 1838 5425 6287
5 4281 989 7717 6288
5 7233 883 8542 6289
5 4446 1353 6651 6290
5 1560 3716 5684 6291
5 3005 4489 8441 6292
5 803 3626 4931 6293
5 859 5186 6161 6294
5 1607 3583 8649 6295
5 5281 2989 8825 6296
5 866 4572 4668 6297
5 1575 4337 5343 6298
5 4572 1832 4668 6299
5 3376 1338 6146 6300
5 2464 4007 6056 6301
5 3816 498 8789 6302
5 1909 3381 6826 6303
5 3381 883 6826 6304
5 1167 3595 8926 6305
5 3512 693 5152 6306
5 1058 3778 5095 6307
5 5879 5490 8918 6308
5 3778 1691 5095 6309
5 814 4548 8743 6310
5 1596 4406 5719 6311
5 2994 5670 8934 6312
5 3392 1197 7117 6313
5 4074 2105 6112 6314
5 513 4074 6112 6315
5 3369 1254 8697 6316
5 1181 5987 8257 6317
5 4975 4511 8410 6318
5 3603 2647 8956 6319
5 2596 5314 7055 6320
5 764 4070 6390 6321
5 3585 1491 8879 6322
5 1581 4330 6393 6323
5 777 3689 5158 6324
5 2870 4759 8490 6325
5 1579 5041 8237 6326
5 256 257 4244 6327
5 1222 3478 8794 6328
5 5663 3550 9155 6329
5 1329 3716 7846 6330
5 5547 829 7172 6331
5 7518 1780 8496 6332
5 3500 2099 9327 6333
5 1769 4128 4981 6334
5 4128 1052 4981 6335
5 3902 719 8862 6336
5 4241 2580 6752 6337
5 2672 4923 6740 6338
5 1356 5350 7447 6339
5 3379 1867 9292 6340
5 2472 5089 7527 6341
5 1238 3510 8329 6342
5 3441 1653 7422 6343
5 3429 1407 7507 6344
5 4043 2665 8065 6345
5 873 3809 5345 6346
5 3809 1763 5345 6347
5 3725 1329 7846 6348
5 7161 1151 7622 6349
5 1266 4043 8065 6350
5 1025 5670 6588 6351
5 3745 4556 8588 6352
5 7337 2667 7739 6353
5 3115 5251 7082 6354
5 5251 388 7082 6355
5 3641 542 5983 6356
5 6928 4064 7807 6357
5 3810 2333 6183 6358
5 4045 606 7257 6359
5 4391 1527 7925 6360
5 4257 2271 5465 6361
5 1531 4278 9129 6362
5 3772 4072 8377 6363
5 2025 4538 7847 6364
5 3402 761 7123 6365
5 1113 3402 7124 6366
5 3957 755 4599 6367
5 5881 2773 8571 6368
5 5301 498 6208 6369
5 2380 4615 7622 6370
5 1747 3569 5633 6371
5 2623 4072 5638 6372
5 3569 1048 5633 6373
5 4124 1607 8649 6374
5 2695 3514 8311 6375
5 230 231 4607 6376
5 876 4062 5594 6377
5 2910 5810 7165 6378
5 4286 1474 5352 6379
5 1582 3566 7225 6380
5 3187 6949 8008 6381
5 1433 3668 8510 6382
5 4199 1791 7043 6383
5 4326 1565 4362 6384
5 1596 3575 5278 6385
5 2522 4692 5698 6386
5 1817 5521 5772 6387
5 3714 1588 5079 6388
5 4388 3232 9279 6389
5 4351 3136 8749 6390
5 3464 1599 5371 6391
5 1343 4351 8749 6392
5 1638 3680 8796 6393
5 6481 2459 6671 6394
5 1669 4011 4736 6395
5 7876 589 8569 6396
5 4969 3021 9174 6397
5 5204 1257 8261 6398
5 4011 635 4736 6399
5 3493 5204 8261 6400
5 669 3997 4578 6401
5 5119 3444 5702 6402
5 2303 3484 8059 6403
5 4785 1648 6259 6404
5 488 3688 7657 6405
5 5510 3860 8972 6406
5 4651 1899 7666 6407
5 2590 4453 6370 6408
5 6365 2114 7827 6409
5 3733 251 6684 6410
5 3033 6820 9246 6411
5 3976 1351 8815 6412
5 5545 916 8031 6413
5 3440 5545 8031 6414
5 3662 1567 6317 6415
5 3695 7122 8925 6416
5 3843 2493 9217 6417
5 3623 1236 5429 6418
5 1247 3530 6793 6419
5 2839 7217 7491 6420
5 5865 3541 7901 6421
5 3921 762 4660 6422
5 3830 2429 7711 6423
5 640 3830 7711 6424
5 4953 919 6433 6425
5 5765 2883 8296 6426
5 4722 775 6697 6427
5 3769 885 7549 6428
5 868 5608 6732 6429
5 2336 3769 7549 6430
5 1210 3459 9142 6431
5 8365 3162 8984 6432
5 3410 493 7156 6433
5 5799 805 7199 6434
5 3365 5949 6887 6435
5 5949 1102 6887 6436
5 3523 1250 5192 6437
5 3973 1518 4618 6438
5 1444 6942 9317 6439
5 4938 814 8743 6440
5 3025 6153 7503 6441
5 6118 2025 7847 6442
5 3500 499 5381 6443
5 1895 5840 6265 6444
5 7154 3994 9164 6445
5 3818 2215 7308 6446
5 3138 5629 6989 6447
5 5597 1107 9322 6448
5 3653 2751 9198 6449
5 1432 3915 7907 6450
5 2898 4571 8585 6451
5 1978 3424 7007 6452
5 5879 2294 5880 6453
5 3424 439 7007 6454
5 1312 3533 5697 6455
5 3159 8356 9024 6456
5 4587 2922 7023 6457
5 384 3428 5677 6458
5 735 3385 6869 6459
5 3980 1121 5945 6460
5 4240 1887 5217 6461
5 1995 3980 5945 6462
5 774 4240 5217 6463
5 3483 1684 5330 6464
5 2193 3460 7755 6465
5 3460 1426 7755 6466
5 3890 1041 8800 6467
5 5647 622 6270 6468
5 1580 3659 5632 6469
5 197 3 198 6470
5 3413 1771 5793 6471
5 3798 2750 8863 6472
5 3333 3537 8465 6473
5 1264 3798 8863 6474
5 3327 3996 8774 6475
5 3613 459 8939 6476
5 1590 3986 4971 6477
5 616 3462 7769 6478
5 3382 7004 7293 6479
5 3187 5045 7216 6480
5 5621 2372 7873 6481
5 4868 920 7385 6482
5 3003 4439 9311 6483
5 3880 1563 5845 6484
5 3331 5377 8444 6485
5 1834 5196 6175 6486
5 4062 1924 5594 6487
5 1460 4414 9187 6488
5 5196 2669 6175 6489
5 2364 4270 5369 6490
5 3564 2036 6992 6491
5 3531 1620 8136 6492
5 4270 1204 5369 6493
5 3021 4969 8308 6494
5 5167 2111 6781 6495
5 476 4003 4596 6496
5 2336 4878 6706 6497
5 915 7759 8095 6498
5 4465 1317 7488 6499
5 2772 4465 7488 6500
5 3483 852 7994 6501
5 5338 2368 9004 6502
5 1326 3425 7267 6503
5 434 5465 5747 6504
5 1662 3402 6007 6505
5 487 3523 8338 6506
5 459 3454 5872 6507
5 4079 1339 4634 6508
5 4842 924 7728 6509
5 3543 464 5371 6510
5 3242 5933 8238 6511
5 5301 1602 7153 6512
5 3454 1736 5872 6513
5 3566 1236 8667 6514
5 2255 4111 6806 6515
5 5980 2760 8024 6516
5 868 3508 5259 6517
5 3464 464 7783 6518
5 254 255 4271 6519
5 4044 1696 4682 6520
5 2049 4044 4682 6521
5 748 4262 4573 6522
5 4262 1697 4573 6523
5 4454 966 8566 6524
5 3409 1730 6364 6525
5 1261 3788 5277 6526
5 3174 6425 8846 6527
5 3830 1753 5328 6528
5 3664 1641 9224 6529
5 7004 1962 7293 6530
5 1407 3450 7507 6531
5 1224 7373 8507 6532
5 5547 2553 6423 6533
5 502 4367 6611 6534
5 602 3517 8282 6535
5 3640 3045 9060 6536
5 4316 2720 7688 6537
5 5712 2788 8771 6538
5 3396 1095 6219 6539
5 654 4316 7688 6540
5 1268 3637 7816 6541
5 4578 1532 7881 6542
5 460 3637 9031 6543
5 1860 4353 6474 6544
5 549 5172 5276 6545
5 1492 3955 4716 6546
5 5172 2313 5276 6547
5 5012 460 5556 6548
5 4734 2415 7597 6549
5 2424 6138 7296 6550
5 2021 3407 6042 6551
5 3433 1620 8985 6552
5 438 3411 6509 6553
5 5152 1538 9102 6554
5 3411 1837 6509 6555
5 3516 1155 8260 6556
5 4409 821 4509 6557
5 3426 1162 7906 6558
5 2933 7134 7439 6559
5 1584 3637 5012 6560
5 3870 912 6340 6561
5 4065 1623 4695 6562
5 2045 3870 6340 6563
5 2831 7044 8877 6564
5 3938 1292 4679 6565
5 2243 3540 7899 6566
5 6529 886 8129 6567
5 1524 4146 4658 6568
5 2300 3641 5674 6569
5 1336 3441 7422 6570
5 3790 1228 4825 6571
5 2547 4943 6768 6572
5 3676 2020 6836 6573
5 7040 2167 7311 6574
5 646 7246 7644 6575
5 3430 1755 8144 6576
5 1503 4257 5465 6577
5 2453 3623 8554 6578
5 3902 1695 4992 6579
5 719 3902 4992 6580
5 22 3420 5917 6581
5 4103 3077 7827 6582
5 6707 3034 7002 6583
5 3645 68 6075 6584
5 3528 1615 7410 6585
5 7286 2896 7347 6586
5 1797 5407 8194 6587
5 2200 4119 7107 6588
5 5310 2189 7032 6589
5 4342 2421 5994 6590
5 3455 234 5581 6591
5 3418 2230 8354 6592
5 330 331 5793 6593
5 818 3818 4785 6594
5 2664 5234 7200 6595
5 3607 1451 5080 6596
5 3450 1670 7507 6597
5 4608 937 6301 6598
5 414 5753 8928 6599
5 5564 2582 7313 6600
5 1733 3416 7238 6601
5 4814 1293 6045 6602
5 2395 4608 6301 6603
5 3665 1574 6749 6604
5 4303 1414 5243 6605
5 2037 3790 4825 6606
5 724 3596 8787 6607
5 4437 1039 8864 6608
5 3421 1381 6763 6609
5 1524 6868 7194 6610
5 5509 2857 7633 6611
5 4791 1641 4912 6612
5 2013 4791 4912 6613
5 3579 2221 5135 6614
5 4634 624 7224 6615
5 5159 846 7059 6616
5 693 3512 8290 6617
5 3022 5159 7059 6618
5 2575 3842 5819 6619
5 3759 2603 8382 6620
5 1852 5443 6647 6621
5 2439 4814 6045 6622
5 6502 2782 6544 6623
5 1372 3518 8732 6624
5 3515 2063 7082 6625
5 3403 791 6634 6626
5 388 3515 7082 6627
5 6824 3035 8173 6628
5 4043 5052 9129 6629
5 3445 5653 6716 6630
5 583 4600 5195 6631
5 4507 1812 6538 6632
5 3678 2341 8757 6633
5 1837 3411 6369 6634
5 7731 3581 9184 6635
5 1475 3889 6092 6636
5 1022 5815 6841 6637
5 1503 3726 4920 6638
5 4412 3244 9023 6639
5 1397 4412 9023 6640
5 1466 4388 9279 6641
5 3496 1138 6814 6642
5 2033 4865 5854 6643
5 2534 5890 8553 6644
5 3406 1988 6449 6645
5 4245 2150 6493 6646
5 4421 2971 8215 6647
5 7726 1080 8170 6648
5 3898 2307 5860 6649
5 934 4421 8215 6650
5 4332 815 6550 6651
5 3794 1640 5516 6652
5 4644 1969 6412 6653
5 795 3906 7812 6654
5 1865 3788 5827 6655
5 3788 824 5827 6656
5 2962 5004 9271 6657
5 5585 1839 8592 6658
5 3640 5576 8286 6659
5 1605 4310 5392 6660
5 1322 3884 6530 6661
5 5123 2189 5310 6662
5 2637 5054 8858 6663
5 3709 2254 7405 6664
5 740 3709 7405 6665
5 5836 456 7981 6666
5 1592 3662 8251 6667
5 716 4359 4543 6668
5 3570 906 6349 6669
5 1946 6575 8465 6670
5 1693 3467 8428 6671
5 5372 1023 8357 6672
5 4626 2309 5813 6673
5 6840 2078 7341 6674
5 3585 794 8733 6675
5 3409 1115 6310 6676
5 4004 2284 6166 6677
5 3602 5187 7530 6678
5 1893 3570 6349 6679
5 4875 2902 4876 6680
5 1488 4875 4876 6681
5 1600 3880 6990 6682
5 754 3961 5252 6683
5 1950 3543 6751 6684
5 4154 2409 4586 6685
5 3961 1775 5252 6686
5 1115 3409 6364 6687
5 184 3629 7014 6688
5 1829 4612 5075 6689
5 3455 1323 7489 6690
5 3769 2336 6706 6691
5 1227 7616 8176 6692
5 8862 2750 9254 6693
5 1126 4913 7691 6694
5 4278 7811 9129 6695
5 6010 3801 9010 6696
5 8137 2835 8804 6697
5 1400 4566 5711 6698
5 3517 1655 8426 6699
5 4516 1631 5484 6700
5 841 5118 7251 6701
5 1001 6502 6544 6702
5 2323 5151 7956 6703
5 1620 3572 8191 6704
5 5763 1797 8194 6705
5 4765 1328 7991 6706
5 3947 2245 7501 6707
5 3512 5152 9102 6708
5 5728 1865 5827 6709
5 2810 5728 5827 6710
5 2937 3638 6952 6711
5 1839 5466 8592 6712
5 7077 2738 8384 6713
5 1133 5302 7780 6714
5 804 3460 7364 6715
5 3555 2565 8818 6716
5 4895 693 8576 6717
5 2953 6083 8178 6718
5 3408 4895 8576 6719
5 1113 3676 5010 6720
5 3555 491 5232 6721
5 5366 3621 8636 6722
5 1846 5242 7470 6723
5 4427 1835 4695 6724
5 1273 3588 8718 6725
5 1726 3437 6291 6726
5 7385 920 8619 6727
5 4637 2644 8494 6728
5 3477 806 5543 6729
5 3154 3469 7652 6730
5 4917 1125 5188 6731
5 4058 1633 4632 6732
5 4343 1364 7321 6733
5 2157 4917 5188 6734
5 3181 7281 7611 6735
5 1951 4551 6093 6736
5 4748 509 5245 6737
5 2749 4446 6651 6738
5 3489 1211 6677 6739
5 1921 3489 6677 6740
5 3738 1586 8051 6741
5 1942 3442 5855 6742
5 2115 4748 5245 6743
5 6472 718 6555 6744
5 6402 27 7843 6745
5 3459 1210 7840 6746
5 6443 2255 6806 6747
5 4350 1605 5392 6748
5 5717 1796 5753 6749
5 4217 555 5708 6750
5 7134 2081 7439 6751
5 1800 4063 4898 6752
5 860 5146 5147 6753
5 4576 630 6753 6754
5 1002 5932 6130 6755
5 3378 4002 8637 6756
5 3431 1889 9169 6757
5 3427 891 6128 6758
5 7582 1083 8481 6759
5 1275 3985 5379 6760
5 5146 2232 5147 6761
5 2805 4373 6290 6762
5 4373 918 6290 6763
5 1091 5222 8618 6764
5 6370 4453 9319 6765
5 1896 5334 7025 6766
5 3091 5650 7712 6767
5 6524 832 7093 6768
5 4291 2400 5545 6769
5 3230 4294 6597 6770
5 489 3944 6371 6771
5 3874 733 6135 6772
5 3914 2339 4826 6773
5 3729 1533 4978 6774
5 2099 3500 7331 6775
5 4844 1878 5829 6776
5 5218 537 8688 6777
5 3475 610 8347 6778
5 1570 3847 6856 6779
5 3547 320 8222 6780
5 828 5024 8110 6781
5 5380 1795 7625 6782
5 4753 1640 8647 6783
5 5024 3312 8110 6784
5 402 3470 5644 6785
5 3424 1978 6777 6786
5 1084 4089 7732 6787
5 224 3431 6537 6788
5 3957 1836 5488 6789
5 3447 2541 8663 6790
5 755 3957 5488 6791
5 843 5067 7400 6792
5 3618 692 6020 6793
5 1621 4873 4877 6794
5 557 5293 6325 6795
5 2995 4806 7539 6796
5 5293 2769 6325 6797
5 2119 4079 4634 6798
5 4873 2030 4877 6799
5 2570 5656 6815 6800
5 3628 439 8836 6801
5 5274 3394 8412 6802
5 2617 3422 6480 6803
5 6949 2143 8008 6804
5 4336 4699 7855 6805
5 6374 3397 7660 6806
5 0 5 6590 6807
5 2412 4973 7016 6808
5 1712 3734 4989 6809
5 3443 1933 7279 6810
5 1684 3483 7994 6811
5 439 3424 6547 6812
5 4054 1576 6262 6813
5 3625 140 6844 6814
5 6047 1846 7470 6815
5 1178 3466 9043 6816
5 3583 1607 6692 6817
5 1161 5106 7104 6818
5 1494 3436 8303 6819
5 2185 3839 7520 6820
5 1717 5367 7276 6821
5 1500 6104 7770 6822
5 61 62 4969 6823
5 5211 2614 6724 6824
5 4706 1646 6126 6825
5 4060 1515 5867 6826
5 4566 2932 5711 6827
5 5106 2980 7104 6828
5 3526 2456 8195 6829
5 1918 3456 6793 6830
5 7779 3192 7954 6831
5 5318 190 5452 6832
5 4220 1319 8903 6833
5 5014 2663 8486 6834
5 3456 1247 6793 6835
5 5000 3096 8518 6836
5 4174 2065 6421 6837
5 3059 4174 6421 6838
5 5373 915 8095 6839
5 5443 2857 6647 6840
5 2429 5328 5850 6841
5 3804 1880 9167 6842
5 362 5442 6245 6843
5 3930 727 6060 6844
5 1463 3950 5114 6845
5 4878 1280 5642 6846
5 2611 4878 5642 6847
5 3909 2816 9329 6848
5 1015 4478 7230 6849
5 4478 2635 7230 6850
5 705 3579 6431 6851
5 6129 922 7814 6852
5 5138 2383 7390 6853
5 1612 3597 7317 6854
5 3584 1339 7609 6855
5 2233 3584 7609 6856
5 4445 1616 9149 6857
5 4272 4838 7280 6858
5 1251 3618 6526 6859
5 1491 3453 5908 6860
5 499 3575 5381 6861
5 6006 3344 8394 6862
5 1449 4374 5393 6863
5 159 160 4593 6864
5 2170 3943 6760 6865
5 1570 7531 8791 6866
5 3872 439 4807 6867
5 3943 928 6760 6868
5 5890 3473 8553 6869
5 3272 6843 7784 6870
5 3458 1495 8074 6871
5 778 4336 6849 6872
5 4281 1414 4487 6873
5 4122 711 6100 6874
5 2961 5096 7086 6875
5 5096 1035 7086 6876
5 4514 1553 4723 6877
5 97 3445 6033 6878
5 8486 2663 8725 6879
5 1707 3519 7019 6880
5 147 3624 6454 6881
5 1340 4073 9271 6882
5 1551 3503 5481 6883
5 728 3661 6297 6884
5 6291 726 8310 6885
5 3845 892 5867 6886
5 210 211 4299 6887
5 2932 7548 7918 6888
5 3431 224 8633 6889
5 7056 1560 8089 6890
5 437 4841 8629 6891
5 1001 3718 5033 6892
5 784 3545 5906 6893
5 2343 3844 4849 6894
5 373 4916 7737 6895
5 3304 5784 7162 6896
5 806 4514 5543 6897
5 7276 5367 8802 6898
5 4514 2113 5543 6899
5 4525 3102 6835 6900
5 379 0 6590 6901
5 3625 2791 7471 6902
5 3793 6222 8077 6903
5 6034 853 7765 6904
5 1715 3721 8440 6905
5 767 4737 5220 6906
5 4118 2657 8386 6907
5 2411 4929 7379 6908
5 2724 4590 8772 6909
5 3627 1860 6189 6910
5 2447 3774 8060 6911
5 387 3627 6189 6912
5 3834 2681 9214 6913
5 791 4056 4715 6914
5 1523 4101 4683 6915
5 5479 1774 6475 6916
5 4056 1652 4715 6917
5 2803 5327 8631 6918
5 3774 1282 8060 6919
5 1250 3523 8113 6920
5 2415 4734 8309 6921
5 3503 1551 7943 6922
5 3610 2222 7557 6923
5 3575 499 5278 6924
5 1149 4264 5439 6925
5 4181 801 5954 6926
5 1319 3628 8903 6927
5 1445 5952 7204 6928
5 4609 2087 8893 6929
5 4709 2250 5725 6930
5 3711 750 6880 6931
5 1252 3610 7557 6932
5 1938 4709 5725 6933
5 3988 1589 5661 6934
5 5365 3102 9170 6935
5 2075 4181 5954 6936
5 2584 4267 5362 6937
5 4967 935 7792 6938
5 3810 1521 7603 6939
5 2333 3810 7603 6940
5 6907 4391 7925 6941
5 4101 1773 4658 6942
5 1267 3531 8136 6943
5 4184 13 7456 6944
5 4701 2503 8230 6945
5 3971 1619 5007 6946
5 3586 5641 7367 6947
5 4165 1699 4643 6948
5 1043 4165 4643 6949
5 965 6670 8897 6950
5 6224 391 6508 6951
5 1590 3824 8427 6952
5 4143 3314 7838 6953
5 4351 1343 5253 6954
5 4415 669 5883 6955
5 2370 4494 7714 6956
5 5852 2891 7062 6957
5 3805 1647 4938 6958
5 461 3599 6143 6959
5 3812 403 5831 6960
5 2131 4440 5731 6961
5 833 3651 6768 6962
5 1857 3812 5831 6963
5 4440 539 5731 6964
5 3651 2033 6768 6965
5 866 4620 5199 6966
5 4620 2017 5199 6967
5 3582 1249 7398 6968
5 2166 3582 7398 6969
5 923 4460 7052 6970
5 4460 2542 7052 6971
5 5053 1663 6176 6972
5 1156 6374 7660 6973
5 4972 1794 5876 6974
5 1822 3446 6487 6975
5 6795 3907 7750 6976
5 800 3714 5079 6977
5 4518 1435 6457 6978
5 2499 4396 7284 6979
5 1308 3958 6975 6980
5 988 4065 4695 6981
5 3512 1238 5538 6982
5 1219 3515 7962 6983
5 1294 3664 9224 6984
5 6845 570 8318 6985
5 3903 2944 6026 6986
5 3750 1540 5616 6987
5 485 3899 6073 6988
5 497 4048 6042 6989
5 4048 2021 6042 6990
5 2401 4334 7857 6991
5 5732 1163 8454 6992
5 3616 1066 8698 6993
5 3604 503 5745 6994
5 7014 3629 8033 6995
5 3748 1571 5043 6996
5 758 5182 7180 6997
5 2662 4759 8911 6998
5 2896 3820 7347 6999
5 1378 4790 7284 7000
5 1632 4319 4507 7001
5 1421 5543 7231 7002
5 1787 3855 5474 7003
5 6367 2511 9173 7004
5 3855 903 5474 7005
5 1169 3914 4826 7006
5 4771 380 6176 7007
5 829 4961 7172 7008
5 3947 1545 6288 7009
5 393 3703 7402 7010
5 3703 2216 7402 7011
5 4180 2321 7426 7012
5 6282 2289 9186 7013
5 1990 3447 6319 7014
5 4026 3799 8100 7015
5 2896 7286 7971 7016
5 3511 5037 8965 7017
5 4244 1637 5087 7018
5 2789 4244 5087 7019
5 1451 4031 6155 7020
5 3549 124 5988 7021
5 5173 3373 7896 7022
5 628 3815 5891 7023
5 3815 1867 5891 7024
5 2312 5173 7896 7025
5 7515 2530 7759 7026
5 3501 1265 5623 7027
5 4345 2520 5453 7028
5 2475 4953 6433 7029
5 1305 4029 8053 7030
5 4029 2579 8053 7031
5 3191 6850 7831 7032
5 4393 817 6979 7033
5 4798 1583 4995 7034
5 1574 4546 5491 7035
5 3151 5878 8250 7036
5 3754 1192 6894 7037
5 785 4014 5855 7038
5 6893 2009 9218 7039
5 4014 1942 5855 7040
5 1547 4155 4651 7041
5 3304 6510 8811 7042
5 5323 2404 5926 7043
5 3086 5180 8638 7044
5 1101 3690 8545 7045
5 711 4205 6100 7046
5 389 4394 6287 7047
5 874 3568 5535 7048
5 3690 2519 8545 7049
5 5810 2373 7165 7050
5 3488 4837 5700 7051
5 3568 1699 5535 7052
5 713 3663 5176 7053
5 3300 7713 8200 7054
5 1896 6658 8147 7055
5 1435 3963 5817 7056
5 30 1 5000 7057
5 1247 3456 7024 7058
5 341 342 5229 7059
5 6568 694 8644 7060
5 1613 4226 5539 7061
5 2840 6180 6782 7062
5 7792 935 8779 7063
5 3717 1177 8361 7064
5 2469 3717 8361 7065
5 502 7858 8726 7066
5 4023 2257 5937 7067
5 3450 660 6383 7068
5 808 4653 9021 7069
5 3982 2070 4787 7070
5 1795 3455 7489 7071
5 5998 3413 7717 7072
5 4737 2047 5220 7073
5 1599 5640 6751 7074
5 3482 4003 7850 7075
5 739 3496 6680 7076
5 3269 6665 7318 7077
5 3989 1667 5410 7078
5 816 4073 5082 7079
5 6031 389 6287 7080
5 4534 607 8668 7081
5 4073 1745 5082 7082
5 1523 3763 5056 7083
5 4768 505 8106 7084
5 3923 1433 8510 7085
5 4509 1941 4650 7086
5 757 3468 8582 7087
5 3654 5030 8345 7088
5 2087 6484 8893 7089
5 1803 4408 6015 7090
5 2150 3791 6493 7091
5 5971 1404 6513 7092
5 1801 3457 6303 7093
5 6126 1646 7319 7094
5 2756 3649 5558 7095
5 7363 808 9021 7096
5 3370 8278 9211 7097
5 1425 3722 9203 7098
5 2376 3698 5156 7099
5 5893 546 7805 7100
5 3529 920 5563 7101
5 1603 4085 5579 7102
5 5134 3325 8148 7103
5 5565 597 6811 7104
5 698 3994 4783 7105
5 1930 6171 7813 7106
5 5489 2591 7128 7107
5 1915 3740 9315 7108
5 27 28 7843 7109
5 3649 2756 8860 7110
5 3994 2210 7671 7111
5 814 3538 5517 7112
5 3498 1691 6797 7113
5 1162 3591 8511 7114
5 1189 4248 5284 7115
5 3923 923 5972 7116
5 4042 1705 4960 7117
5 809 4042 4960 7118
5 3825 2613 8621 7119
5 3818 7308 9227 7120
5 1327 3825 8621 7121
5 4073 1340 5221 7122
5 3621 674 8636 7123
5 78 79 4741 7124
5 4435 1557 4986 7125
5 3575 1633 5381 7126
5 3485 1186 7544 7127
5 5176 2387 6427 7128
5 5049 3208 7884 7129
5 1109 5049 7884 7130
5 2055 3476 7309 7131
5 3937 2266 4841 7132
5 2209 4126 5624 7133
5 1554 5134 8148 7134
5 3472 1226 8160 7135
5 2101 3754 6894 7136
5 931 5089 6682 7137
5 1211 3489 7860 7138
5 2907 5294 8452 7139
5 3878 3292 7592 7140
5 853 6207 7493 7141
5 6335 1817 7103 7142
5 3734 814 5517 7143
5 1740 3734 5517 7144
5 2319 4738 6477 7145
5 2481 3970 6305 7146
5 3281 4568 8521 7147
5 3529 1697 8305 7148
5 4112 1399 7723 7149
5 5377 2630 8444 7150
5 2966 4285 8646 7151
5 831 6404 9218 7152
5 4285 1027 8646 7153
5 3715 2085 5153 7154
5 5446 2339 5539 7155
5 3566 1582 5429 7156
5 196 3655 5342 7157
5 1052 4149 9226 7158
5 3681 4690 8252 7159
5 4923 894 6740 7160
5 119 120 4991 7161
5 4889 1831 7364 7162
5 2307 3898 7927 7163
5 8 3774 7648 7164
5 7537 1595 8982 7165
5 5229 2657 7961 7166
5 727 3680 5210 7167
5 3923 1594 6131 7168
5 4918 1675 8877 7169
5 2927 3723 9171 7170
5 4159 1862 4683 7171
5 1652 4734 8840 7172
5 358 3888 6642 7173
5 391 4480 6508 7174
5 1760 3480 6023 7175
5 4073 2962 9271 7176
5 1516 5461 7831 7177
5 3674 2290 5222 7178
5 3475 3978 7567 7179
5 1076 5852 7062 7180
5 4367 2269 6611 7181
5 4647 2165 7116 7182
5 520 3909 6654 7183
5 3552 1227 8176 7184
5 3739 1888 5144 7185
5 1386 5741 5743 7186
5 3077 6365 7827 7187
5 5741 2711 5743 7188
5 4354 913 6957 7189
5 3480 1882 7150 7190
5 3601 683 6368 7191
5 4550 463 4949 7192
5 3929 497 4881 7193
5 6368 683 6386 7194
5 4359 1663 4543 7195
5 6843 2275 7784 7196
5 5607 1780 7518 7197
5 3655 1722 5342 7198
5 4373 1243 7145 7199
5 3558 1316 6205 7200
5 6829 2833 8736 7201
5 4383 1433 5972 7202
5 3641 2778 5674 7203
5 2537 3465 8142 7204
5 1852 5559 6966 7205
5 6139 567 8121 7206
5 1251 3465 6977 7207
5 1385 3821 9074 7208
5 1611 5512 7596 7209
5 1230 3511 7803 7210
5 314 315 7270 7211
5 1655 3636 8426 7212
5 518 4321 5829 7213
5 3741 288 7606 7214
5 1682 4846 5932 7215
5 3494 1190 7529 7216
5 1612 4098 5622 7217
5 4502 1483 7842 7218
5 3987 733 7278 7219
5 1675 4918 5478 7220
5 3463 2350 9265 7221
5 848 3466 6946 7222
5 4036 2454 7690 7223
5 5649 3657 9121 7224
5 1323 4046 7489 7225
5 2926 7229 9185 7226
5 5159 2248 5331 7227
5 2165 4028 5538 7228
5 3492 6466 8791 7229
5 3720 1530 9117 7230
5 2247 3525 7866 7231
5 1953 5042 8423 7232
5 3102 4525 9170 7233
5 3545 784 5805 7234
5 5989 1953 8423 7235
5 5423 2164 5900 7236
5 6006 2838 7423 7237
5 5365 1725 8983 7238
5 3468 757 6377 7239
5 3805 1604 6418 7240
5 1984 4774 5970 7241
5 4601 1632 7893 7242
5 3789 2911 5801 7243
5 1236 3623 8574 7244
5 3674 1276 7795 7245
5 2290 3674 7795 7246
5 1206 3476 9025 7247
5 1854 4560 4736 7248
5 4161 1785 5127 7249
5 5464 2883 8933 7250
5 6130 2679 7614 7251
5 5212 2143 6679 7252
5 4779 2874 7677 7253
5 3468 1513 6925 7254
5 159 4593 6743 7255
5 3545 1682 7590 7256
5 3667 2569 8873 7257
5 1543 4207 4829 7258
5 124 3549 8840 7259
5 4815 2314 6866 7260
5 4937 706 7031 7261
5 2533 3907 6265 7262
5 3577 822 5461 7263
5 4788 3317 7243 7264
5 3728 1511 5399 7265
5 4772 2498 7394 7266
5 3466 1178 7395 7267
5 4347 7934 9132 7268
5 3618 1251 5380 7269
5 4210 3515 8747 7270
5 6207 3374 7493 7271
5 3675 4619 8017 7272
5 1186 3485 7006 7273
5 3485 1967 7006 7274
5 2716 8025 8434 7275
5 2340 5036 5781 7276
5 1781 4177 5122 7277
5 290 291 6211 7278
5 4177 757 5122 7279
5 3766 1576 5131 7280
5 6437 982 7865 7281
5 7433 2696 7741 7282
5 1637 4244 5174 7283
5 5042 1953 6220 7284
5 1221 3522 8451 7285
5 911 3623 8558 7286
5 6739 2649 7453 7287
5 3623 2453 8558 7288
5 4482 2755 8397 7289
5 4795 574 5838 7290
5 2144 5018 6227 7291
5 1010 6181 7835 7292
5 270 3564 7800 7293
5 4506 1626 7833 7294
5 2429 3830 5328 7295
5 4930 2367 7724 7296
5 3757 2638 5914 7297
5 2883 5765 8933 7298
5 2780 3977 8810 7299
5 3843 1629 5310 7300
5 3474 2121 6965 7301
5 1633 4058 5109 7302
5 750 4389 5215 7303
5 5776 1046 8184 7304
5 911 4648 5808 7305
5 3775 1294 9224 7306
5 3977 611 8810 7307
5 887 3646 5723 7308
5 3646 1749 5723 7309
5 3726 1903 6506 7310
5 1937 3527 7821 7311
5 5004 1593 8111 7312
5 2447 4162 7648 7313
5 5141 902 8169 7314
5 287 3741 5177 7315
5 4626 1842 5210 7316
5 545 3732 6922 7317
5 2373 4261 6985 7318
5 4261 1336 6985 7319
5 2875 7729 8785 7320
5 3732 2084 6922 7321
5 6870 3624 9046 7322
5 4637 421 6606 7323
5 3774 2447 7648 7324
5 703 5153 8967 7325
5 4382 3803 8253 7326
5 488 3472 7198 7327
5 486 3694 5383 7328
5 1751 5546 7546 7329
5 6324 1956 6392 7330
5 3694 1692 5383 7331
5 4118 1352 8182 7332
5 1995 4208 4810 7333
5 4208 1049 4810 7334
5 2657 4118 8182 7335
5 3607 763 8466 7336
5 4743 2692 4956 7337
5 4515 3166 8532 7338
5 882 3539 5689 7339
5 846 3811 7059 7340
5 7494 5141 8169 7341
5 3691 33 6686 7342
5 82 83 5583 7343
5 1782 5122 8582 7344
5 4344 2407 7685 7345
5 3630 1665 5590 7346
5 1391 4504 6282 7347
5 1603 3688 6792 7348
5 4411 1465 8849 7349
5 3105 4411 8849 7350
5 3800 527 5885 7351
5 1835 3800 5885 7352
5 730 4105 5418 7353
5 6707 1732 8551 7354
5 3554 1172 6522 7355
5 3169 4968 7570 7356
5 1249 3582 5502 7357
5 1757 3550 5663 7358
5 1720 3521 7240 7359
5 7546 5546 9200 7360
5 5031 1019 8908 7361
5 1746 3495 7339 7362
5 3146 6840 7341 7363
5 513 5709 6471 7364
5 591 3533 6839 7365
5 4816 1680 5520 7366
5 3496 739 6209 7367
5 3469 6111 9326 7368
5 1780 3496 6209 7369
5 2279 4593 5537 7370
5 4593 1868 5537 7371
5 1348 3585 9288 7372
5 1220 3646 8723 7373
5 2698 4711 6213 7374
5 740 4295 4640 7375
5 4245 1779 5003 7376
5 2150 4245 5003 7377
5 4031 467 6155 7378
5 3888 358 7263 7379
5 4845 3484 7921 7380
5 4984 1510 7343 7381
5 768 3712 5244 7382
5 8240 1855 9006 7383
5 2711 5957 6067 7384
5 3491 780 6837 7385
5 3123 6871 8774 7386
5 1847 4668 9026 7387
5 2854 5760 8525 7388
5 679 4116 8168 7389
5 3588 1694 8718 7390
5 3741 7606 8612 7391
5 3490 1183 7227 7392
5 4357 2250 7687 7393
5 3573 1684 7994 7394
5 3541 2448 7901 7395
5 564 3619 5437 7396
5 7636 2643 8036 7397
5 1483 4669 7842 7398
5 846 5159 5331 7399
5 800 3927 5557 7400
5 1025 5077 7182 7401
5 3486 1748 6244 7402
5 5430 1680 6463 7403
5 111 3600 5809 7404
5 595 3876 8370 7405
5 5077 2923 7182 7406
5 4804 1623 6445 7407
5 314 3705 6384 7408
5 4647 7116 8262 7409
5 1908 3516 6790 7410
5 4179 1337 5836 7411
5 1882 3480 6571 7412
5 1732 5230 8551 7413
5 2726 5864 7242 7414
5 2056 3494 7324 7415
5 3494 796 7324 7416
5 2750 4863 9254 7417
5 3636 1655 6386 7418
5 675 3560 8114 7419
5 1193 5412 6231 7420
5 5412 2733 6231 7421
5 2809 3964 6248 7422
5 2562 3683 8868 7423
5 5328 916 5850 7424
5 3983 1549 6414 7425
5 5142 2330 7180 7426
5 3493 1498 7298 7427
5 3542 2000 5822 7428
5 2256 3617 5459 7429
5 8376 4994 8833 7430
5 3539 882 5749 7431
5 1689 8180 8938 7432
5 3501 1746 7339 7433
5 1623 4427 4695 7434
5 3725 615 9059 7435
5 1329 3725 9061 7436
5 4521 1487 4522 7437
5 2242 4521 4522 7438
5 1088 3606 6771 7439
5 4401 2142 6358 7440
5 5276 2313 6627 7441
5 1544 3483 7066 7442
5 641 4209 6318 7443
5 3766 1721 5182 7444
5 3506 1778 6203 7445
5 6057 3526 8195 7446
5 5485 2545 7838 7447
5 1958 4076 5901 7448
5 3820 1077 6912 7449
5 4076 779 5901 7450
5 3493 553 8583 7451
5 5277 1865 8046 7452
5 5036 1972 5781 7453
5 3599 461 8334 7454
5 517 3649 5391 7455
5 2375 3599 8334 7456
5 1322 3909 9329 7457
5 1497 3945 4955 7458
5 2172 3922 4985 7459
5 4341 1426 4821 7460
5 5553 1931 5875 7461
5 2091 4341 4821 7462
5 872 3497 6153 7463
5 1964 5509 7633 7464
5 2381 4319 6273 7465
5 1885 5547 6423 7466
5 6645 2370 7714 7467
5 4133 2695 8311 7468
5 1054 4133 8311 7469
5 6128 4282 8050 7470
5 3590 2423 9076 7471
5 3749 999 9208 7472
5 1307 3749 9209 7473
5 528 4579 6648 7474
5 2454 4036 8728 7475
5 820 5695 5870 7476
5 3688 488 8861 7477
5 2556 3688 8861 7478
5 1324 4087 8914 7479
5 5676 1900 6347 7480
5 302 3574 5625 7481
5 1295 4614 8751 7482
5 4504 2266 6282 7483
5 4087 179 8963 7484
5 4216 2279 6803 7485
5 657 3731 9069 7486
5 5670 1669 8934 7487
5 1407 4216 6803 7488
5 2548 4170 5647 7489
5 5053 6176 7577 7490
5 1953 4449 6217 7491
5 4417 2371 7853 7492
5 3743 754 5252 7493
5 767 3504 8084 7494
5 3840 2139 7413 7495
5 3373 5173 8255 7496
5 5895 1849 7020 7497
5 1595 5093 8982 7498
5 5173 2453 8255 7499
5 424 4125 4794 7500
5 4087 2868 8914 7501
5 1543 3797 5166 7502
5 5001 1975 5838 7503
5 82 3567 8287 7504
5 3680 727 8796 7505
5 1699 3568 6005 7506
5 6665 1071 7318 7507
5 3921 1385 9074 7508
5 1265 3501 7339 7509
5 3507 389 6142 7510
5 3724 659 9290 7511
5 3547 1999 6436 7512
5 5650 1078 7712 7513
5 7599 907 8719 7514
5 3647 466 6619 7515
5 1682 3545 5805 7516
5 3633 654 8491 7517
5 4207 1813 4760 7518
5 3630 1208 6775 7519
5 841 3937 7113 7520
5 8245 2865 8348 7521
5 1112 4672 6759 7522
5 4672 2507 6759 7523
5 3542 1403 5868 7524
5 3496 1780 6494 7525
5 398 7003 8885 7526
5 499 3500 8766 7527
5 4043 1266 5052 7528
5 5620 1635 7511 7529
5 2016 4350 5392 7530
5 6408 1087 7306 7531
5 320 3547 6436 7532
5 1672 3946 5032 7533
5 3946 400 5032 7534
5 436 4892 6424 7535
5 741 4712 4982 7536
5 4540 1522 5496 7537
5 3624 147 7910 7538
5 1317 5139 8882 7539
5 1474 3658 5396 7540
5 816 3488 6897 7541
5 3551 710 6620 7542
5 7483 2802 7639 7543
5 3891 460 5202 7544
5 1260 3617 8383 7545
5 4551 1951 5599 7546
5 5961 3684 8307 7547
5 4242 2667 6995 7548
5 1188 4242 6995 7549
5 4700 2437 6510 7550
5 628 4700 6510 7551
5 4361 1689 4721 7552
5 3833 804 5300 7553
5 2572 3833 5300 7554
5 3564 270 6831 7555
5 3980 1995 6722 7556
5 4574 3418 5820 7557
5 3612 1281 5562 7558
5 4140 3904 8323 7559
5 4519 3816 8789 7560
5 747 4096 7066 7561
5 3551 1724 6260 7562
5 1702 3891 5202 7563
5 1198 3491 6562 7564
5 1767 4628 4630 7565
5 4781 7979 8411 7566
5 927 5211 6724 7567
5 948 3737 5924 7568
5 983 5133 9268 7569
5 6312 3827 8383 7570
5 1732 3776 5713 7571
5 3793 1254 8366 7572
5 4628 1706 4630 7573
5 4837 3482 8150 7574
5 5405 3764 7088 7575
5 5272 3032 7191 7576
5 403 5272 7191 7577
5 3490 738 8248 7578
5 3677 1788 8104 7579
5 3773 1175 8452 7580
5 2495 3773 8452 7581
5 1918 6141 9316 7582
5 2359 4576 6753 7583
5 1745 4073 5221 7584
5 2141 5102 5137 7585
5 5102 431 5137 7586
5 3864 2248 5159 7587
5 4312 899 5930 7588
5 7749 3392 8364 7589
5 749 3591 6662 7590
5 1285 5409 6488 7591
5 7531 3492 8791 7592
5 1530 3523 6109 7593
5 3767 1372 8732 7594
5 3513 1833 8856 7595
5 3032 5272 8507 7596
5 1301 3622 5572 7597
5 4052 466 6513 7598
5 668 3546 7774 7599
5 6682 2472 7416 7600
5 798 5780 6160 7601
5 3689 1657 7477 7602
5 1661 3897 8152 7603
5 3011 5795 7342 7604
5 3720 807 8952 7605
5 1545 3560 7954 7606
5 3986 712 4971 7607
5 3629 185 5561 7608
5 2934 4768 8106 7609
5 1863 6762 8626 7610
5 4992 1695 5118 7611
5 2099 4992 5118 7612
5 6629 2761 8677 7613
5 3577 1301 9041 7614
5 7089 2265 8212 7615
5 3538 814 7686 7616
5 4891 1611 7163 7617
5 4412 1397 5489 7618
5 3279 5620 7511 7619
5 4816 760 6463 7620
5 920 3529 8619 7621
5 17 18 4709 7622
5 1314 3878 5090 7623
5 2682 6255 6703 7624
5 2080 3658 8639 7625
5 3522 789 6156 7626
5 1949 3519 7420 7627
5 1138 3496 6494 7628
5 8374 2917 8387 7629
5 5240 2052 5291 7630
5 491 3555 5849 7631
5 951 4906 8764 7632
5 1620 4328 7583 7633
5 763 5080 7797 7634
5 4668 5395 9026 7635
5 5819 2088 6560 7636
5 421 4846 6606 7637
5 3867 2098 6783 7638
5 1776 4274 8084 7639
5 7934 1263 9132 7640
5 2953 7971 8499 7641
5 1034 6820 7794 7642
5 1482 3867 6783 7643
5 1661 3761 5475 7644
5 1702 4693 5149 7645
5 4220 2836 6583 7646
5 2663 3676 8725 7647
5 1336 3497 6985 7648
5 3627 387 9282 7649
5 5449 2342 8169 7650
5 716 3554 5881 7651
5 3839 5858 8441 7652
5 4156 1802 6095 7653
5 3479 5449 8169 7654
5 3801 1883 6188 7655
5 512 3796 5223 7656
5 4561 965 7138 7657
5 3924 1668 6982 7658
5 3950 1875 8319 7659
5 3770 2702 9253 7660
5 492 3660 5458 7661
5 2721 4277 8951 7662
5 836 4632 5719 7663
5 1656 3873 5285 7664
5 1316 3801 6188 7665
5 1994 3499 6981 7666
5 863 4374 6081 7667
5 3514 478 7236 7668
5 1888 4347 5313 7669
5 4347 715 5313 7670
5 3567 1989 8287 7671
5 3916 630 7452 7672
5 2296 3916 7452 7673
5 943 6085 7379 7674
5 398 3630 5590 7675
5 2028 3514 7236 7676
5 2691 5162 8514 7677
5 1567 3662 7812 7678
5 3711 1250 5519 7679
5 2723 4564 7781 7680
5 3980 3035 6824 7681
5 5996 1921 8823 7682
5 2554 4561 7138 7683
5 4998 2628 8302 7684
5 811 3498 6797 7685
5 4498 1909 5695 7686
5 2573 5479 6475 7687
5 3504 2434 8352 7688
5 686 4788 6086 7689
5 3868 2226 5913 7690
5 1865 6096 8046 7691
5 4021 3223 7246 7692
5 5482 1790 5818 7693
5 2570 5482 5818 7694
5 7257 606 8487 7695
5 2095 3713 7092 7696
5 3713 771 7092 7697
5 2104 6022 7484 7698
5 1682 3631 7590 7699
5 4852 619 8690 7700
5 6503 3781 8701 7701
5 1777 4782 5164 7702
5 4782 2026 5164 7703
5 2287 7190 7628 7704
5 1974 3549 5988 7705
5 3791 2150 7689 7706
5 1951 6696 8827 7707
5 1211 3557 6677 7708
5 3621 1492 5648 7709
5 3513 1479 8446 7710
5 6496 1911 8167 7711
5 490 3795 5337 7712
5 3795 1694 5337 7713
5 4090 2077 5298 7714
5 3507 1960 7076 7715
5 3671 480 5853 7716
5 749 3971 5007 7717
5 1274 5068 8276 7718
5 1383 5816 8553 7719
5 5068 3298 8276 7720
5 3786 908 5628 7721
5 1717 4793 5650 7722
5 3576 1730 7903 7723
5 1316 3558 5914 7724
5 852 3573 7994 7725
5 4048 1580 5632 7726
5 819 3528 7410 7727
5 1744 3548 6016 7728
5 4310 1605 4720 7729
5 4121 633 6276 7730
5 1295 3779 5462 7731
5 3916 2296 7870 7732
5 3357 4179 6750 7733
5 2917 4389 8387 7734
5 789 4142 6156 7735
5 1890 4204 6512 7736
5 999 5791 9200 7737
5 5647 3323 8263 7738
5 340 3559 6293 7739
5 4708 1016 7121 7740
5 4387 2031 6953 7741
5 1625 3903 6724 7742
5 1169 3551 6001 7743
5 3788 1865 5277 7744
5 895 3659 6401 7745
5 5139 1317 8492 7746
5 3659 1874 6401 7747
5 2714 4284 5814 7748
5 1647 3805 8363 7749
5 5739 1860 6474 7750
5 3614 1033 6064 7751
5 3508 1993 8006 7752
5 3308 3896 6382 7753
5 3649 2145 5558 7754
5 383 3644 5564 7755
5 4334 3656 8531 7756
5 3608 507 8234 7757
5 4091 3228 8954 7758
5 3537 1158 7501 7759
5 5666 2884 8704 7760
5 2831 4230 7804 7761
5 3901 1466 9279 7762
5 480 3671 5508 7763
5 3430 4588 7258 7764
5 3723 1805 6221 7765
5 3982 626 6534 7766
5 2070 3982 6534 7767
5 5009 936 6369 7768
5 3509 1022 6841 7769
5 2633 3509 6736 7770
5 508 5446 5539 7771
5 165 166 4948 7772
5 4061 2076 5502 7773
5 5140 1363 8238 7774
5 5089 3013 7527 7775
5 4191 1843 6090 7776
5 2781 6130 7989 7777
5 128 129 5275 7778
5 1722 3655 5759 7779
5 4499 3542 5822 7780
5 400 3742 5626 7781
5 4287 2037 5239 7782
5 248 249 4482 7783
5 1641 3775 9224 7784
5 4611 1786 6253 7785
5 419 4833 7133 7786
5 4833 2718 7133 7787
5 7537 2860 8541 7788
5 1880 5323 5926 7789
5 5256 4232 7629 7790
5 356 357 4784 7791
5 3478 6442 9188 7792
5 33 3691 7743 7793
5 3998 465 6268 7794
5 4117 1928 8192 7795
5 3368 4845 8108 7796
5 7834 2466 8300 7797
5 2411 6332 6407 7798
5 5531 4522 8744 7799
5 1429 3860 5510 7800
5 2374 6824 8173 7801
5 6022 3328 7484 7802
5 2876 6578 7845 7803
5 1843 4331 8477 7804
5 2036 3564 6831 7805
5 1811 4309 5169 7806
5 4309 859 5169 7807
5 140 3625 7471 7808
5 5247 1619 6268 7809
5 3564 2859 7800 7810
5 4487 2497 8364 7811
5 13 14 7456 7812
5 1671 8047 9138 7813
5 4164 1359 6350 7814
5 4861 1983 5851 7815
5 2100 3538 7686 7816
5 3569 1747 7250 7817
5 1632 6538 7893 7818
5 5957 1101 6067 7819
5 1380 3576 7903 7820
5 6299 1517 9300 7821
5 5260 1648 8508 7822
5 3765 926 9133 7823
5 429 4152 6867 7824
5 5233 1709 6143 7825
5 5833 3191 9232 7826
5 3600 1904 5809 7827
5 1856 3661 5807 7828
5 911 5808 6053 7829
5 1173 5888 8445 7830
5 6104 1500 7931 7831
5 4139 3081 8157 7832
5 2265 5756 8212 7833
5 3519 516 7420 7834
5 4632 836 4777 7835
5 2611 5642 5792 7836
5 5642 1741 5792 7837
5 2234 3558 7580 7838
5 4932 513 6471 7839
5 4138 1712 4989 7840
5 427 4138 4989 7841
5 4933 865 7528 7842
5 3204 5974 8379 7843
5 4307 3901 9279 7844
5 4952 1448 8938 7845
5 1585 3899 7058 7846
5 3428 4952 8938 7847
5 2257 4023 7644 7848
5 856 3561 8909 7849
5 4985 1118 7266 7850
5 6012 1855 8240 7851
5 2113 5522 7231 7852
5 5522 3153 7231 7853
5 6150 3229 8573 7854
5 768 4361 4721 7855
5 4320 1631 6643 7856
5 1858 5774 8572 7857
5 5529 1877 6310 7858
5 3747 1354 7761 7859
5 3727 1459 8634 7860
5 212 213 4677 7861
5 2886 5451 7166 7862
5 7029 2536 8615 7863
5 718 3972 6555 7864
5 548 5574 7988 7865
5 3761 1661 7790 7866
5 672 3580 7898 7867
5 3772 2650 9132 7868
5 5002 809 5762 7869
5 5063 1803 6052 7870
5 2026 4782 5837 7871
5 3664 617 5612 7872
5 3763 1862 9078 7873
5 309 3548 8607 7874
5 3659 895 5632 7875
5 8548 2899 8586 7876
5 4820 929 7757 7877
5 51 52 4610 7878
5 2064 5352 5396 7879
5 1083 4887 8481 7880
5 1563 3657 5649 7881
5 1048 3569 6730 7882
5 6820 3434 9246 7883
5 3657 679 8499 7884
5 1341 3673 8555 7885
5 6180 2840 7753 7886
5 7746 2965 8545 7887
5 709 5205 5990 7888
5 434 3726 5465 7889
5 5205 2478 5990 7890
5 2716 4075 8025 7891
5 3527 1497 7821 7892
5 3711 1673 6754 7893
5 555 4217 8091 7894
5 3569 1905 6730 7895
5 1975 4597 4820 7896
5 688 3536 7211 7897
5 1264 3535 7209 7898
5 2102 4614 6230 7899
5 3699 474 5549 7900
5 4425 2727 5831 7901
5 5963 3603 8956 7902
5 1591 4509 4650 7903
5 1673 3711 5519 7904
5 2366 5754 5917 7905
5 468 5025 5390 7906
5 710 3551 6260 7907
5 4035 2722 5251 7908
5 622 5647 8263 7909
5 4439 1153 9311 7910
5 4321 1986 5829 7911
5 2292 7217 7459 7912
5 3552 416 6278 7913
5 5705 1800 8799 7914
5 5929 557 9248 7915
5 6315 448 7758 7916
5 4421 1398 5399 7917
5 5815 1022 9119 7918
5 3958 2379 7725 7919
5 491 4471 6719 7920
5 584 3958 7725 7921
5 6155 467 6991 7922
5 3570 1893 6086 7923
5 3787 798 6160 7924
5 922 3917 9233 7925
5 1854 3787 6160 7926
5 3960 2199 5120 7927
5 906 3570 6125 7928
5 4240 2701 6437 7929
5 218 3785 9172 7930
5 1895 5308 6387 7931
5 3756 1375 5419 7932
5 1931 4360 5477 7933
5 3809 1645 5329 7934
5 4360 479 5477 7935
5 5703 3608 8234 7936
5 5293 1415 8139 7937
5 4545 1598 5214 7938
5 3991 530 5312 7939
5 3979 1979 6657 7940
5 5435 2140 5552 7941
5 4350 942 7806 7942
5 4925 2006 8909 7943
5 2764 4727 7451 7944
5 4727 1016 7451 7945
5 3044 6291 8310 7946
5 4959 3391 8913 7947
5 1556 4345 4760 7948
5 1478 4418 5296 7949
5 621 3640 8286 7950
5 2032 3782 8450 7951
5 3700 1628 8631 7952
5 2868 4087 8963 7953
5 6180 663 6782 7954
5 4374 863 6993 7955
5 2390 4374 6993 7956
5 3330 4958 8587 7957
5 4388 2255 7840 7958
5 3800 5231 8528 7959
5 2224 3781 7545 7960
5 3781 594 7545 7961
5 5653 1944 6716 7962
5 5439 1772 5842 7963
5 5952 2918 7204 7964
5 2538 5439 5842 7965
5 3533 1700 6839 7966
5 5224 2479 6778 7967
5 5376 2371 5476 7968
5 1660 5005 5006 7969
5 1110 5376 5476 7970
5 3758 1680 8515 7971
5 5005 2109 5006 7972
5 1772 4239 5842 7973
5 6514 427 6691 7974
5 2701 6380 6437 7975
5 4546 1006 5919 7976
5 2153 4546 5919 7977
5 4518 6457 8820 7978
5 4821 804 7935 7979
5 3584 6002 8906 7980
5 3162 6465 8984 7981
5 1564 4959 8913 7982
5 5402 1842 7467 7983
5 4387 901 5733 7984
5 3744 962 5496 7985
5 1426 5598 7755 7986
5 2942 5895 7020 7987
5 445 8297 8453 7988
5 5207 1846 5578 7989
5 2462 5506 5608 7990
5 5506 1728 5608 7991
5 2031 4387 5733 7992
5 1200 3833 9003 7993
5 4206 1538 7281 7994
5 775 5501 6697 7995
5 5501 2906 6697 7996
5 3721 353 8440 7997
5 1608 4034 5887 7998
5 3642 2149 7650 7999
5 4613 1962 5960 8000
5 2841 5785 9130 8001
5 4440 3008 7174 8002
5 4152 2213 6867 8003
5 3777 714 5469 8004
5 3738 2314 8029 8005
5 1586 3738 8029 8006
5 3622 607 8226 8007
5 539 4440 7174 8008
5 4281 2600 9276 8009
5 766 3708 5599 8010
5 3540 1172 6872 8011
5 956 4144 4964 8012
5 845 3966 5861 8013
5 3617 2256 8034 8014
5 5309 2292 7459 8015
5 6404 3202 9218 8016
5 3580 5450 8623 8017
5 2527 3698 9007 8018
5 4268 1901 4829 8019
5 5385 1194 6439 8020
5 5101 839 6749 8021
5 2682 5101 6749 8022
5 2738 5385 6439 8023
5 6549 3114 8978 8024
5 95 96 5413 8025
5 2977 4034 7465 8026
5 3735 1299 5551 8027
5 4895 2316 5152 8028
5 3862 1309 6587 8029
5 1642 4020 6078 8030
5 693 4895 5152 8031
5 4103 2712 7669 8032
5 3557 764 6390 8033
5 1520 4733 8807 8034
5 1577 3663 8404 8035
5 1738 3656 5820 8036
5 3656 1436 5820 8037
5 8637 1065 8771 8038
5 3543 1950 8659 8039
5 4369 3759 8382 8040
5 4233 1499 5110 8041
5 8090 1140 9014 8042
5 5189 3633 7617 8043
5 4017 728 6297 8044
5 3568 874 6304 8045
5 3602 1469 7891 8046
5 1341 3873 8224 8047
5 1443 3546 6971 8048
5 834 3843 5310 8049
5 3676 6836 8725 8050
5 1019 3750 8908 8051
5 3761 844 5475 8052
5 5026 1674 6621 8053
5 369 370 5130 8054
5 1494 3544 6857 8055
5 3018 5560 5601 8056
5 5560 1659 5601 8057
5 5896 1405 8010 8058
5 2173 4676 6763 8059
5 4182 1762 5841 8060
5 4714 1613 5539 8061
5 4460 1451 6155 8062
5 5056 820 6223 8063
5 4881 497 7335 8064
5 3813 2072 7166 8065
5 5245 2132 6609 8066
5 3704 2208 5645 8067
5 4743 1535 7921 8068
5 4849 858 7588 8069
5 3590 5394 8723 8070
5 5394 1220 8723 8071
5 4258 2717 5126 8072
5 1611 6034 7163 8073
5 2203 3602 7891 8074
5 3591 1979 8511 8075
5 3548 309 6926 8076
5 4144 1687 4964 8077
5 4681 1671 9138 8078
5 1002 3631 5932 8079
5 1328 4765 7164 8080
5 5478 1080 5690 8081
5 2975 6912 7479 8082
5 1458 6830 6917 8083
5 5057 8266 8467 8084
5 456 3609 7924 8085
5 2484 5478 5690 8086
5 2069 4680 4747 8087
5 888 4134 6967 8088
5 251 3733 7421 8089
5 2703 7583 7825 8090
5 5662 2461 7856 8091
5 977 5963 8956 8092
5 5553 5875 9318 8093
5 3719 1731 5631 8094
5 3692 1202 5792 8095
5 1741 3692 5792 8096
5 4218 3140 9242 8097
5 612 4289 8660 8098
5 4743 430 7328 8099
5 2692 4743 7328 8100
5 8394 521 8981 8101
5 482 3993 5142 8102
5 5101 1627 7909 8103
5 836 4406 5224 8104
5 4406 1856 5224 8105
5 3261 7056 8089 8106
5 2939 4473 5462 8107
5 3779 1665 5462 8108
5 1602 3618 6020 8109
5 3907 543 6265 8110
5 2667 5153 7739 8111
5 3101 4288 5456 8112
5 4083 25 5307 8113
5 2997 3752 8901 8114
5 814 4938 7686 8115
5 3873 666 5285 8116
5 3758 935 5520 8117
5 4452 3393 9278 8118
5 1482 4451 4899 8119
5 3655 199 5759 8120
5 3927 800 5388 8121
5 2013 3824 8943 8122
5 3999 1074 7067 8123
5 2623 5638 7703 8124
5 582 4401 6358 8125
5 1779 4237 6700 8126
5 4248 1770 5284 8127
5 1185 4275 6242 8128
5 2419 4880 5206 8129
5 4275 2105 6242 8130
5 1369 3553 7075 8131
5 5183 1584 6770 8132
5 3695 799 8522 8133
5 949 3919 6314 8134
5 4278 4886 7047 8135
5 175 176 4604 8136
5 1492 3621 7946 8137
5 2058 3753 7797 8138
5 4022 1283 5730 8139
5 4428 2972 8280 8140
5 4033 2498 5738 8141
5 3920 2044 5237 8142
5 4231 1454 7033 8143
5 6166 656 7366 8144
5 5100 1730 9017 8145
5 1198 3567 8351 8146
5 701 4161 5127 8147
5 3601 1227 6168 8148
5 3732 545 5624 8149
5 5168 3159 9024 8150
5 5037 3511 9192 8151
5 5005 552 5212 8152
5 2109 5005 5212 8153
5 3728 660 5641 8154
5 3946 1672 5589 8155
5 2882 8003 9046 8156
5 4057 385 5148 8157
5 760 5341 6463 8158
5 1711 4057 5148 8159
5 7171 3276 8224 8160
5 1471 4547 6523 8161
5 2483 4645 6921 8162
5 4684 2352 7377 8163
5 4645 410 6921 8164
5 1242 3699 6646 8165
5 6104 3040 7770 8166
5 737 4037 5473 8167
5 6132 3190 7975 8168
5 4037 1787 5473 8169
5 4189 5777 7776 8170
5 1649 3820 6912 8171
5 4339 2614 5211 8172
5 4186 1245 7836 8173
5 3716 838 5684 8174
5 4167 1701 4972 8175
5 4375 1435 5817 8176
5 832 4167 4972 8177
5 2120 5920 9176 8178
5 1333 3619 6115 8179
5 960 4095 5884 8180
5 4485 1737 5918 8181
5 869 4246 5346 8182
5 1744 5270 8607 8183
5 4246 1820 5346 8184
5 1245 3715 5688 8185
5 1536 4061 8200 8186
5 6956 2215 8371 8187
5 4249 829 5547 8188
5 1885 4249 5547 8189
5 1679 4575 5923 8190
5 3996 1703 8347 8191
5 1731 3719 8614 8192
5 1694 3795 8718 8193
5 3742 1714 5626 8194
5 5249 1720 5331 8195
5 558 6701 7490 8196
5 2248 5249 5331 8197
5 3571 2342 8056 8198
5 1774 5479 8689 8199
5 5155 1279 8570 8200
5 3390 5155 8570 8201
5 905 6614 7368 8202
5 4756 795 7812 8203
5 1690 4069 5104 8204
5 5551 1774 8689 8205
5 3606 2392 7786 8206
5 478 4136 7017 8207
5 2378 5703 8234 8208
5 1898 6503 7200 8209
5 1747 4096 7250 8210
5 3566 562 7225 8211
5 2582 3644 8184 8212
5 4136 2246 7017 8213
5 187 4418 7653 8214
5 3985 1716 5379 8215
5 508 4231 7033 8216
5 2072 3813 8082 8217
5 1066 5491 9123 8218
5 5529 6310 8355 8219
5 2146 5303 5856 8220
5 1706 3697 8655 8221
5 5162 2691 9309 8222
5 5303 2454 5856 8223
5 4870 618 8850 8224
5 2176 3764 5565 8225
5 1569 3641 5983 8226
5 3719 753 8614 8227
5 1594 4300 6131 8228
5 1689 4115 5107 8229
5 1678 3671 5853 8230
5 4044 2049 8473 8231
5 3577 1516 7441 8232
5 4814 588 8439 8233
5 19 4008 6596 8234
5 3918 924 6088 8235
5 1876 3918 6088 8236
5 4314 751 5401 8237
5 2919 5576 6710 8238
5 5576 1021 6710 8239
5 2249 4025 7486 8240
5 1414 4303 6601 8241
5 4303 2196 6601 8242
5 529 4618 8871 8243
5 658 3563 6978 8244
5 3828 1084 5410 8245
5 1016 4708 5311 8246
5 4708 2008 5311 8247
5 2960 4919 7745 8248
5 3632 2221 7925 8249
5 5426 684 9299 8250
5 4058 719 5109 8251
5 7710 2429 7937 8252
5 4386 1646 8116 8253
5 2128 4141 5014 8254
5 4919 604 7745 8255
5 2113 4514 4723 8256
5 4923 2672 7760 8257
5 2341 3678 8324 8258
5 3274 5922 7206 8259
5 2080 3860 5740 8260
5 753 3727 8614 8261
5 5057 1615 8266 8262
5 3953 2057 5238 8263
5 1555 3704 8495 8264
5 2022 3571 6626 8265
5 3678 1427 8324 8266
5 2318 7014 8033 8267
5 1277 3581 7437 8268
5 3774 9 5593 8269
5 4069 726 5104 8270
5 5078 2669 5815 8271
5 3740 623 5680 8272
5 3574 2038 7389 8273
5 681 3871 7223 8274
5 5132 8860 9263 8275
5 880 4145 6571 8276
5 1533 4117 5258 8277
5 1696 4271 5145 8278
5 4271 2789 5145 8279
5 6429 1412 7151 8280
5 5042 6220 9077 8281
5 5062 2100 5839 8282
5 3458 6429 7151 8283
5 729 4928 7021 8284
5 7042 2853 7806 8285
5 1709 5233 5271 8286
5 6131 2492 8577 8287
5 5233 2192 5271 8288
5 3280 5597 9322 8289
5 6043 1929 6817 8290
5 7086 1035 7620 8291
5 1859 3612 7735 8292
5 2084 3732 5706 8293
5 3639 2415 6081 8294
5 4709 18 6596 8295
5 2270 6495 9183 8296
5 5828 1144 7386 8297
5 4249 1428 6333 8298
5 3873 1341 6915 8299
5 4900 1727 5205 8300
5 2368 3883 7968 8301
5 3727 1731 8614 8302
5 1904 3600 6375 8303
5 3883 620 7968 8304
5 68 3645 8609 8305
5 4078 1342 6577 8306
5 1532 3703 5783 8307
5 847 4747 6154 8308
5 3317 5828 7386 8309
5 413 4657 6235 8310
5 1645 4071 8085 8311
5 5972 923 7052 8312
5 2297 4191 7945 8313
5 2742 6368 6386 8314
5 2142 3853 7443 8315
5 2064 3887 5352 8316
5 6215 3091 8648 8317
5 1639 3601 6368 8318
5 1864 3959 5956 8319
5 3799 651 8100 8320
5 3959 1345 5956 8321
5 915 3620 7759 8322
5 3778 1058 7271 8323
5 2127 3778 7271 8324
5 714 4364 4830 8325
5 3270 6166 7366 8326
5 4437 1850 6641 8327
5 4353 1807 6474 8328
5 822 3577 6644 8329
5 5060 2293 7112 8330
5 7731 4743 7921 8331
5 5574 3104 7988 8332
5 3707 1589 9087 8333
5 2665 5269 8065 8334
5 4187 2404 5323 8335
5 3600 2356 7936 8336
5 4047 1656 7011 8337
5 2018 3708 7289 8338
5 1867 3815 6552 8339
5 3588 687 6491 8340
5 4089 2328 7732 8341
5 386 4103 7827 8342
5 1294 3775 8911 8343
5 3610 1252 8373 8344
5 34 35 5303 8345
5 746 3612 8174 8346
5 1239 3872 8484 8347
5 1607 4006 6692 8348
5 3872 2500 8484 8349
5 1858 5372 7329 8350
5 3989 559 6049 8351
5 4381 1736 4888 8352
5 2068 6784 6849 8353
5 6117 1696 7179 8354
5 4853 2135 6003 8355
5 7528 865 8030 8356
5 484 4733 5908 8357
5 5160 2338 5953 8358
5 5106 1806 5899 8359
5 1880 3645 6075 8360
5 4252 2515 5934 8361
5 5211 927 7940 8362
5 3780 1462 5611 8363
5 711 4381 4888 8364
5 7059 3811 8851 8365
5 3615 391 6336 8366
5 4666 478 6323 8367
5 375 376 4907 8368
5 696 3602 7530 8369
5 3742 1255 7105 8370
5 683 3601 8124 8371
5 3286 7478 8677 8372
5 85 86 5798 8373
5 4115 1448 7585 8374
5 6903 1776 8084 8375
5 967 5775 6013 8376
5 5775 2715 6013 8377
5 3831 1827 9289 8378
5 3862 2175 7350 8379
5 808 3862 7350 8380
5 5577 1217 8916 8381
5 6477 4738 8945 8382
5 3589 495 7523 8383
5 968 3686 5934 8384
5 1560 5684 8089 8385
5 2187 3647 7715 8386
5 4222 702 8463 8387
5 4560 1669 4736 8388
5 9099 3260 9297 8389
5 180 181 4656 8390
5 1348 6668 7076 8391
5 3604 5745 9166 8392
5 6668 3507 7076 8393
5 2001 4824 5217 8394
5 1127 3583 6692 8395
5 2223 5732 7268 8396
5 3967 1908 6542 8397
5 1488 4876 7310 8398
5 3829 1693 8428 8399
5 4296 1680 5430 8400
5 1664 3990 5523 8401
5 3756 608 7357 8402
5 2136 3756 7357 8403
5 5925 3301 7254 8404
5 1691 5925 7254 8405
5 4691 2387 5176 8406
5 3880 1040 6990 8407
5 4427 1623 4804 8408
5 788 3684 5961 8409
5 7305 4870 8850 8410
5 3592 1903 7353 8411
5 2800 4459 9231 8412
5 1836 5897 6921 8413
5 3791 276 6493 8414
5 4375 2347 6984 8415
5 3637 1584 7816 8416
5 4423 1749 5939 8417
5 2126 5318 5452 8418
5 1381 3627 6352 8419
5 864 4375 6984 8420
5 4462 2619 6453 8421
5 6950 2120 9176 8422
5 2262 4007 8155 8423
5 2019 4226 7817 8424
5 3671 1304 8955 8425
5 468 4172 5030 8426
5 762 3700 8362 8427
5 1344 3597 7360 8428
5 561 5692 5696 8429
5 4115 685 5107 8430
5 3652 697 8052 8431
5 3574 7389 8112 8432
5 5747 7861 8926 8433
5 3698 2376 8335 8434
5 3869 1346 5405 8435
5 4332 6550 8012 8436
5 2802 4378 7639 8437
5 1669 4560 8213 8438
5 6148 1810 8437 8439
5 1428 4302 6333 8440
5 7268 5732 8658 8441
5 2699 4466 6729 8442
5 1373 3846 7798 8443
5 3962 2149 6381 8444
5 5485 648 6765 8445
5 6005 1179 7751 8446
5 1309 3975 6587 8447
5 3481 4097 7307 8448
5 820 3763 5695 8449
5 780 4322 6837 8450
5 5066 1861 8101 8451
5 447 4266 7035 8452
5 4343 2457 8850 8453
5 4724 2372 4769 8454
5 3776 2788 8854 8455
5 3717 2469 8447 8456
5 1589 4608 5661 8457
5 412 5468 6728 8458
5 5350 1356 7675 8459
5 4476 1597 6742 8460
5 5468 2869 6728 8461
5 1891 6162 8057 8462
5 3648 650 6638 8463
5 2429 5850 7937 8464
5 3170 5350 7675 8465
5 3653 1472 8041 8466
5 2916 5386 8645 8467
5 326 327 5361 8468
5 4047 1448 7171 8469
5 2394 4949 7552 8470
5 5336 1685 8735 8471
5 7389 1270 8112 8472
5 5466 730 7849 8473
5 3305 5466 7849 8474
5 4871 3172 8107 8475
5 823 5967 9088 8476
5 1472 4238 5716 8477
5 8278 494 9211 8478
5 2205 5530 6117 8479
5 401 3798 7722 8480
5 434 3592 7353 8481
5 4824 774 5217 8482
5 7606 2509 8612 8483
5 786 4682 6117 8484
5 713 5176 6427 8485
5 2718 4833 7683 8486
5 3624 2072 6454 8487
5 3289 6514 6691 8488
5 1698 4378 5048 8489
5 424 3610 7418 8490
5 337 338 4678 8491
5 4790 2499 7284 8492
5 3637 1268 7752 8493
5 4077 1658 7913 8494
5 3762 29 8518 8495
5 5132 1650 8860 8496
5 1541 4223 5009 8497
5 2613 3825 5623 8498
5 693 4028 8576 8499
5 3618 1602 6526 8500
5 4028 2601 8576 8501
5 826 3611 6598 8502
5 6575 1946 8171 8503
5 5233 6143 9266 8504
5 1713 3841 5711 8505
5 2245 3947 8216 8506
5 1282 3682 8060 8507
5 3612 746 7735 8508
5 4325 897 5075 8509
5 1752 4325 5075 8510
5 3669 1411 8096 8511
5 2495 3968 5844 8512
5 644 5393 8391 8513
5 3692 422 6024 8514
5 683 3636 6386 8515
5 4158 1630 5803 8516
5 4315 3180 8206 8517
5 6387 5308 7789 8518
5 1691 3778 6797 8519
5 959 4317 6561 8520
5 5274 1311 8470 8521
5 158 4216 9252 8522
5 2895 5832 8844 8523
5 3394 5274 8470 8524
5 4593 2279 6743 8525
5 4392 3468 6925 8526
5 5957 1858 8572 8527
5 2485 5430 6463 8528
5 2643 5302 8036 8529
5 3106 7725 7886 8530
5 3096 3762 8518 8531
5 521 5046 8981 8532
5 3708 1289 8602 8533
5 316 4298 9213 8534
5 4590 3380 8772 8535
5 3803 1368 8253 8536
5 8180 3428 8938 8537
5 393 4822 5783 8538
5 2112 5171 6193 8539
5 6849 4336 8973 8540
5 702 3729 8463 8541
5 1916 6330 8990 8542
5 961 5194 6541 8543
5 5194 2602 6541 8544
5 1304 3670 6159 8545
5 4194 1562 5324 8546
5 3645 2182 8609 8547
5 4305 1678 4961 8548
5 1651 6215 8648 8549
5 4651 509 6461 8550
5 1208 3630 7520 8551
5 1788 3677 8557 8552
5 36 4036 7690 8553
5 2020 3676 7124 8554
5 3676 1113 7124 8555
5 1288 3834 9214 8556
5 513 4739 5709 8557
5 5978 1863 8626 8558
5 4997 1122 5610 8559
5 4739 2280 5709 8560
5 2204 4997 5610 8561
5 960 5884 7736 8562
5 5587 1959 6818 8563
5 1347 4030 7380 8564
5 4732 443 6000 8565
5 2659 4233 9179 8566
5 1944 3753 6716 8567
5 3753 1193 6716 8568
5 821 4189 5136 8569
5 4189 1733 5136 8570
5 2407 4867 6406 8571
5 3961 1303 5655 8572
5 2412 4523 4973 8573
5 1842 5813 7467 8574
5 4523 653 4973 8575
5 4461 1886 5871 8576
5 3686 968 6138 8577
5 1655 3767 8732 8578
5 3745 1907 5870 8579
5 1465 3789 8849 8580
5 4398 1067 5969 8581
5 2059 4398 5969 8582
5 2292 4019 7491 8583
5 1634 4777 4778 8584
5 4777 2050 4778 8585
5 3611 2673 9048 8586
5 6604 4751 8921 8587
5 3136 4707 8754 8588
5 4707 1196 8754 8589
5 1775 3961 5655 8590
5 3632 502 8048 8591
5 4019 901 7491 8592
5 5313 2147 5503 8593
5 3240 5225 7109 8594
5 2622 3893 9079 8595
5 4878 2611 8119 8596
5 5211 7940 8999 8597
5 5700 700 8009 8598
5 3615 2023 7297 8599
5 1493 3609 7170 8600
5 3681 1985 6169 8601
5 966 4430 7756 8602
5 6015 4408 7624 8603
5 1763 3991 5312 8604
5 3621 1889 7946 8605
5 2141 3931 7493 8606
5 4098 1612 7317 8607
5 1481 4400 7481 8608
5 4545 365 8270 8609
5 1354 3927 7761 8610
5 1485 3712 7013 8611
5 921 4200 6051 8612
5 762 3851 6435 8613
5 1676 3927 5388 8614
5 3747 640 8838 8615
5 4585 265 9291 8616
5 4527 2000 5289 8617
5 3840 152 6688 8618
5 442 3635 7540 8619
5 256 4244 8839 8620
5 3851 1916 6435 8621
5 4203 1023 5372 8622
5 2797 5438 9011 8623
5 1563 4809 5845 8624
5 3855 1704 6214 8625
5 4372 240 8759 8626
5 1858 4203 5372 8627
5 771 3713 9225 8628
5 2826 3682 7327 8629
5 1662 4093 7970 8630
5 3646 887 6385 8631
5 1835 4427 5231 8632
5 2425 4120 7780 8633
5 3661 1596 6297 8634
5 1399 3635 8682 8635
5 4427 779 5231 8636
5 1578 3626 8204 8637
5 1325 3675 6851 8638
5 5745 1754 9166 8639
5 152 3840 8313 8640
5 2633 5747 8926 8641
5 5082 2459 6481 8642
5 4120 1133 7780 8643
5 3896 2348 6382 8644
5 3651 1392 8841 8645
5 945 3879 9179 8646
5 2016 5392 5744 8647
5 3919 1899 6314 8648
5 2355 7318 8821 8649
5 2182 3645 6399 8650
5 692 3618 7625 8651
5 226 3955 6136 8652
5 1871 3712 6528 8653
5 3712 768 6528 8654
5 4017 2204 7218 8655
5 4795 1679 5923 8656
5 728 4017 7218 8657
5 1030 6103 9040 8658
5 3702 1195 8203 8659
5 1521 3810 8995 8660
5 925 3779 8750 8661
5 3779 1295 8751 8662
5 6390 4070 8823 8663
5 2200 3625 6844 8664
5 2252 4888 5667 8665
5 4150 1760 6023 8666
5 930 5206 8627 8667
5 1874 3659 9036 8668
5 3504 6903 8084 8669
5 2234 5149 6908 8670
5 125 126 4740 8671
5 3627 1381 7593 8672
5 5841 1762 6192 8673
5 4590 1609 9260 8674
5 5269 2665 7571 8675
5 701 3658 7987 8676
5 1665 3630 6775 8677
5 3784 2489 8769 8678
5 550 5985 6240 8679
5 4680 1610 4747 8680
5 5985 2864 6240 8681
5 1316 3891 6205 8682
5 3722 1777 8020 8683
5 3894 1767 7487 8684
5 1792 4107 5508 8685
5 4107 480 5508 8686
5 7493 3931 7765 8687
5 3672 1420 6306 8688
5 2720 5209 7688 8689
5 1616 4445 4870 8690
5 5442 2301 6245 8691
5 1254 3793 8077 8692
5 2373 6985 7165 8693
5 5301 2660 8789 8694
5 5013 455 9302 8695
5 623 3740 8876 8696
5 4054 57 7382 8697
5 2273 4054 7382 8698
5 4264 1772 5439 8699
5 1351 3976 5456 8700
5 4012 1287 6674 8701
5 484 5833 9232 8702
5 4783 3994 7671 8703
5 1417 4641 4864 8704
5 4641 2079 4864 8705
5 1693 4148 5533 8706
5 779 4076 5231 8707
5 6393 729 7021 8708
5 4294 1661 8152 8709
5 3736 2680 8369 8710
5 1694 5049 5907 8711
5 481 3674 8855 8712
5 5573 193 5600 8713
5 1652 4056 5254 8714
5 3694 486 6757 8715
5 2593 4534 6972 8716
5 951 6079 6296 8717
5 4225 723 5084 8718
5 2622 6472 6555 8719
5 4377 1366 5757 8720
5 3635 1673 7346 8721
5 2348 4377 5757 8722
5 4481 2786 8069 8723
5 4958 3330 9153 8724
5 1920 3694 6757 8725
5 7754 3118 8634 8726
5 560 3667 9168 8727
5 7197 2726 7343 8728
5 4938 6650 7686 8729
5 2294 4686 5880 8730
5 1498 4895 8706 8731
5 2261 6628 7599 8732
5 4806 2666 7539 8733
5 5344 173 5513 8734
5 4378 1091 5048 8735
5 3633 1613 6934 8736
5 3647 2187 9107 8737
5 4806 1934 7285 8738
5 2666 4806 7285 8739
5 2706 5105 7220 8740
5 191 3925 5452 8741
5 3589 6416 7643 8742
5 6416 1258 7643 8743
5 6895 1494 8767 8744
5 3826 5204 7283 8745
5 2833 5703 6467 8746
5 5703 914 6467 8747
5 3861 3072 5862 8748
5 905 3861 5862 8749
5 1783 3814 6151 8750
5 3879 2659 9179 8751
5 3998 1481 5349 8752
5 4887 1083 8173 8753
5 3035 4887 8173 8754
5 1696 4044 7397 8755
5 2740 4286 7227 8756
5 122 123 4734 8757
5 2439 3903 6026 8758
5 345 346 5400 8759
5 4329 2291 7872 8760
5 1415 5293 9246 8761
5 5356 1819 8766 8762
5 876 5594 6714 8763
5 3500 5356 8766 8764
5 4541 1330 6705 8765
5 2701 3951 6380 8766
5 6442 1910 9188 8767
5 584 7725 9216 8768
5 1861 5833 8101 8769
5 3746 1750 6769 8770
5 1824 6133 6366 8771
5 6133 2954 6366 8772
5 2511 3709 8158 8773
5 6388 2973 8559 8774
5 3636 683 7264 8775
5 2519 3690 7963 8776
5 4749 1844 5698 8777
5 2617 4765 7991 8778
5 1280 3879 5642 8779
5 3879 1741 5642 8780
5 3700 1799 8362 8781
5 3952 1353 7559 8782
5 186 187 7653 8783
5 7217 2292 7491 8784
5 4254 3030 5409 8785
5 6609 2132 7064 8786
5 4397 1668 8013 8787
5 4065 988 7146 8788
5 1668 4317 6982 8789
5 2194 4065 7146 8790
5 1687 4346 5874 8791
5 2296 3683 7870 8792
5 3704 5039 7160 8793
5 4331 5179 8477 8794
5 6852 3667 8873 8795
5 5981 1452 8625 8796
5 3643 739 6680 8797
5 265 266 9291 8798
5 3954 879 5999 8799
5 1844 3954 5999 8800
5 528 6648 8216 8801
5 4640 1712 5903 8802
5 2909 4838 4839 8803
5 4838 1507 4839 8804
5 4085 1603 6792 8805
5 3807 917 8874 8806
5 2531 3807 8874 8807
5 4159 1486 5715 8808
5 1862 4159 5715 8809
5 5428 1737 7157 8810
5 102 103 5663 8811
5 5026 6621 8131 8812
5 4469 2281 6704 8813
5 1096 4835 7037 8814
5 837 4469 6704 8815
5 4387 6953 7681 8816
5 1358 5566 7699 8817
5 2701 4240 9210 8818
5 7122 1135 8925 8819
5 4334 2401 7338 8820
5 1436 4334 7338 8821
5 1107 5597 8086 8822
5 7361 2632 8209 8823
5 5566 3256 7699 8824
5 2281 4843 6704 8825
5 2760 6690 7116 8826
5 1624 3743 8843 8827
5 4979 542 7028 8828
5 4768 1630 5115 8829
5 3866 1718 5639 8830
5 2606 4768 5115 8831
5 59 60 5035 8832
5 4408 1803 5063 8833
5 3526 4941 8312 8834
5 1966 5879 5880 8835
5 2213 4393 6979 8836
5 6446 1949 9210 8837
5 457 4408 5063 8838
5 4979 1600 6990 8839
5 2964 3747 9154 8840
5 2913 3777 8620 8841
5 4173 1390 8657 8842
5 4817 1764 5394 8843
5 2497 7749 8364 8844
5 3859 1121 9249 8845
5 5242 415 6664 8846
5 1670 4399 7541 8847
5 2658 5242 6664 8848
5 354 355 4752 8849
5 5190 3405 7290 8850
5 2416 4145 5637 8851
5 3841 1400 5711 8852
5 442 4772 7394 8853
5 4232 2152 6791 8854
5 4647 2268 5622 8855
5 1114 4647 5622 8856
5 5047 2054 6187 8857
5 1196 3654 8345 8858
5 723 4225 5132 8859
5 4831 3001 7455 8860
5 2386 5047 6187 8861
5 6289 695 8094 8862
5 2027 5965 6460 8863
5 3706 1834 8700 8864
5 4597 929 4820 8865
5 4253 1284 5555 8866
5 2526 4253 5555 8867
5 3976 958 5806 8868
5 14 15 5675 8869
5 941 4470 6420 8870
5 4470 2184 6420 8871
5 5130 370 8407 8872
5 4766 1882 6904 8873
5 1786 5415 6253 8874
5 4608 2395 5661 8875
5 1091 4438 5048 8876
5 1541 4724 4769 8877
5 1701 4403 4972 8878
5 182 183 5857 8879
5 6971 3546 9325 8880
5 1454 4528 7033 8881
5 5683 1812 6252 8882
5 647 4080 5289 8883
5 2859 7884 9089 8884
5 3650 778 6849 8885
5 6136 1889 8633 8886
5 4180 1429 5510 8887
5 365 366 8270 8888
5 3824 1590 8943 8889
5 2755 4653 6172 8890
5 907 3681 7004 8891
5 6312 851 6966 8892
5 4403 1701 5762 8893
5 1696 5145 7179 8894
5 5692 2428 5696 8895
5 6658 2946 8147 8896
5 1286 3876 5687 8897
5 4844 905 4942 8898
5 1878 4844 4942 8899
5 3705 2032 6384 8900
5 3675 1919 6851 8901
5 251 252 6684 8902
5 3004 5059 5292 8903
5 935 3758 8779 8904
5 4175 163 5287 8905
5 6167 2355 8821 8906
5 5926 2404 5992 8907
5 2254 3709 6367 8908
5 1370 3737 8225 8909
5 4020 1642 5444 8910
5 6829 1477 9277 8911
5 3771 631 6029 8912
5 1747 4175 5287 8913
5 375 4907 8643 8914
5 3833 2572 9003 8915
5 959 3893 9206 8916
5 5445 1760 5659 8917
5 5068 1812 5683 8918
5 25 26 5307 8919
5 5091 3616 7535 8920
5 4025 810 7486 8921
5 4675 3674 7316 8922
5 3608 5703 9277 8923
5 5805 2644 6606 8924
5 1720 3882 9330 8925
5 4422 1380 7445 8926
5 2468 4422 7445 8927
5 3976 1714 5456 8928
5 4271 255 8839 8929
5 3832 956 8826 8930
5 1807 5240 5291 8931
5 3704 2235 8495 8932
5 1927 3660 7391 8933
5 3933 722 5601 8934
5 957 6057 8195 8935
5 5461 2850 7831 8936
5 2052 3965 6280 8937
5 2817 4726 8275 8938
5 1445 4356 5952 8939
5 4244 2789 8839 8940
5 2683 4751 6604 8941
5 5804 2029 7232 8942
5 3925 192 5573 8943
5 3733 2049 7226 8944
5 3781 2224 6017 8945
5 4638 2653 7758 8946
5 839 3665 6749 8947
5 3687 735 6869 8948
5 3658 1474 8639 8949
5 3893 1286 5687 8950
5 3884 1322 9329 8951
5 4323 2225 5155 8952
5 4732 1511 6320 8953
5 4143 983 6195 8954
5 6017 2224 6097 8955
5 5050 518 5829 8956
5 3746 1218 6221 8957
5 3876 1735 5687 8958
5 1400 3841 5765 8959
5 3660 1402 7391 8960
5 5275 129 8231 8961
5 830 3797 5960 8962
5 1879 4260 8174 8963
5 4410 504 6449 8964
5 5743 2711 7747 8965
5 3801 1316 8720 8966
5 1716 3985 5990 8967
5 2032 3705 7210 8968
5 724 3952 5536 8969
5 4452 1677 7939 8970
5 1618 4104 5404 8971
5 3780 390 8527 8972
5 2302 3695 8925 8973
5 2209 3760 7904 8974
5 3661 728 8116 8975
5 3729 1818 8463 8976
5 3159 6016 8356 8977
5 3688 1603 7657 8978
5 5268 4133 8274 8979
5 4960 3178 7810 8980
5 1838 3702 6734 8981
5 1571 3748 8371 8982
5 1880 6075 9167 8983
5 474 3699 8093 8984
5 2427 3866 8292 8985
5 3848 2386 7587 8986
5 754 3743 6299 8987
5 4387 2030 5991 8988
5 3231 5700 8009 8989
5 901 4387 5991 8990
5 4131 2195 7079 8991
5 4152 2559 8316 8992
5 1015 4131 7079 8993
5 1312 4152 8316 8994
5 5835 3255 8810 8995
5 3942 1875 8509 8996
5 3665 2121 6976 8997
5 1725 3881 7027 8998
5 4303 334 7388 8999
5 4115 1689 8938 9000
5 1753 4819 5328 9001
5 1045 7002 7781 9002
5 3701 590 7130 9003
5 3879 1280 9267 9004
5 2659 3879 9267 9005
5 3730 2901 8969 9006
5 2361 3717 9028 9007
5 4580 2140 5435 9008
5 1785 4977 5127 9009
5 353 3721 7951 9010
5 2146 3691 6686 9011
5 3828 1791 6452 9012
5 661 5532 8301 9013
5 5018 1000 6227 9014
5 3969 1823 6229 9015
5 4053 1914 6196 9016
5 1818 3755 9235 9017
5 3904 661 8323 9018
5 2653 4638 7658 9019
5 3773 2495 8448 9020
5 2320 4620 7969 9021
5 688 4020 9197 9022
5 1363 4053 6196 9023
5 2160 3695 8522 9024
5 5483 926 6997 9025
5 4020 2737 9197 9026
5 5454 1792 8955 9027
5 4297 1774 6632 9028
5 1883 3801 6010 9029
5 3674 481 7316 9030
5 3842 531 5819 9031
5 568 4793 7276 9032
5 4638 1085 7658 9033
5 6255 2208 6703 9034
5 6667 755 8342 9035
5 6957 913 8447 9036
5 3824 2430 8559 9037
5 496 3824 8559 9038
5 722 4395 5026 9039
5 1792 5508 8955 9040
5 496 5157 8427 9041
5 4328 1620 8191 9042
5 3978 1703 7791 9043
5 5157 3257 8427 9044
5 485 3860 9115 9045
5 4424 642 7302 9046
5 4273 2671 5954 9047
5 1599 4127 5766 9048
5 1245 4186 7474 9049
5 4226 1613 5189 9050
5 1568 4686 6499 9051
5 4686 2294 6499 9052
5 4027 561 5696 9053
5 3895 1773 9314 9054
5 4227 967 6013 9055
5 1948 4227 6013 9056
5 685 4115 7585 9057
5 6129 2253 8393 9058
5 1577 4691 5176 9059
5 4994 2708 8833 9060
5 1180 6852 8873 9061
5 5069 2066 5070 9062
5 407 3696 6821 9063
5 3716 1560 7846 9064
5 1723 5069 5070 9065
5 335 336 5351 9066
5 4895 3408 8706 9067
5 2353 5445 5659 9068
5 2759 3685 6915 9069
5 3751 636 8249 9070
5 7081 2735 7867 9071
5 910 3710 6591 9072
5 5974 1759 8379 9073
5 3885 2446 8480 9074
5 4044 253 7397 9075
5 1342 3885 8480 9076
5 4204 1890 5825 9077
5 1058 4204 5825 9078
5 4244 257 5174 9079
5 466 4052 6619 9080
5 2183 6440 7233 9081
5 7210 3705 8884 9082
5 289 290 6636 9083
5 3922 599 9110 9084
5 1741 3879 5993 9085
5 4865 610 5854 9086
5 3103 7177 7823 9087
5 318 5339 7664 9088
5 3905 1904 6441 9089
5 1439 3905 6441 9090
5 1855 3687 6869 9091
5 3876 595 6362 9092
5 4903 2325 6557 9093
5 5358 2763 6802 9094
5 1149 5306 8489 9095
5 307 5270 8929 9096
5 4694 3153 6758 9097
5 5306 3360 8489 9098
5 4903 2034 6964 9099
5 839 4694 6758 9100
5 1192 3754 6911 9101
5 794 5071 6868 9102
5 2139 5358 6802 9103
5 1172 3941 6522 9104
5 1066 4219 5618 9105
5 1724 3863 6260 9106
5 4219 1837 5618 9107
5 4259 522 5976 9108
5 3855 1787 5824 9109
5 4954 2884 5099 9110
5 6326 1086 9308 9111
5 1637 5174 8620 9112
5 24 4083 6875 9113
5 1865 5728 6096 9114
5 3938 857 7097 9115
5 1229 7210 8884 9116
5 3702 729 6734 9117
5 2211 3735 7960 9118
5 4284 8358 8595 9119
5 659 3724 7832 9120
5 3366 6887 7809 9121
5 1275 3808 6037 9122
5 838 3716 6622 9123
5 2514 5582 6882 9124
5 6812 4590 9260 9125
5 4083 2118 6875 9126
5 3917 1441 5701 9127
5 3576 4422 9194 9128
5 3912 1742 5882 9129
5 487 4848 6109 9130
5 6364 3117 7708 9131
5 2108 4557 5416 9132
5 4557 503 5416 9133
5 964 4500 6269 9134
5 3360 5568 8489 9135
5 1008 6006 7423 9136
5 2076 4776 5576 9137
5 4776 1021 5576 9138
5 5693 897 6672 9139
5 738 3887 7888 9140
5 2920 4496 6078 9141
5 610 3996 8347 9142
5 5703 2833 9277 9143
5 1623 4065 5617 9144
5 5863 3225 7357 9145
5 608 5863 7357 9146
5 3882 1884 5778 9147
5 4791 2013 4971 9148
5 5634 2605 6157 9149
5 712 4791 4971 9150
5 5484 1631 8049 9151
5 2105 3949 6112 9152
5 4828 1461 8924 9153
5 1808 4582 6063 9154
5 3867 1482 9103 9155
5 1088 6771 7673 9156
5 3887 2288 7888 9157
5 2394 4550 4949 9158
5 2286 5634 6157 9159
5 1742 3918 5882 9160
5 7535 2520 8822 9161
5 238 239 4904 9162
5 3966 845 8001 9163
5 3913 2315 7995 9164
5 2345 3966 8001 9165
5 4243 1994 5419 9166
5 1375 4243 5419 9167
5 2789 4271 8839 9168
5 1754 5266 5360 9169
5 5266 2174 5360 9170
5 5136 1733 6250 9171
5 1770 4308 5997 9172
5 2420 5136 6250 9173
5 1302 3913 7995 9174
5 5192 1906 8338 9175
5 4380 3038 7360 9176
5 7764 1873 8651 9177
5 3830 640 8781 9178
5 1046 5402 6604 9179
5 5402 2683 6604 9180
5 585 7286 7347 9181
5 2546 4540 5496 9182
5 750 3711 6754 9183
5 6784 3741 8612 9184
5 1245 3730 7836 9185
5 3818 818 8694 9186
5 3760 862 7904 9187
5 3253 6575 8171 9188
5 5463 2650 8377 9189
5 1802 6062 6095 9190
5 1695 6029 7251 9191
5 5341 1926 6165 9192
5 2485 5341 6165 9193
5 4111 532 8468 9194
5 3907 1992 6764 9195
5 543 3907 6764 9196
5 3870 2045 5848 9197
5 4720 817 5422 9198
5 6380 982 6437 9199
5 1234 8246 8302 9200
5 5023 4283 7070 9201
5 3893 2622 9206 9202
5 178 4087 8683 9203
5 482 5142 8997 9204
5 4438 2187 5048 9205
5 4087 2845 8683 9206
5 3742 400 7926 9207
5 3002 5643 8891 9208
5 4670 889 6519 9209
5 1255 3742 7927 9210
5 240 241 8759 9211
5 2278 4670 6519 9212
5 6196 1914 6705 9213
5 4951 1910 5282 9214
5 767 5220 5717 9215
5 654 3866 8491 9216
5 6083 3503 7943 9217
5 3866 2427 8491 9218
5 4602 1824 6366 9219
5 1845 3701 7130 9220
5 3083 6196 6705 9221
5 3897 1661 9239 9222
5 3718 2463 6913 9223
5 1040 3880 5845 9224
5 4253 952 7936 9225
5 4397 717 7615 9226
5 3812 1450 6134 9227
5 6535 1622 8419 9228
5 2258 6083 7943 9229
5 6181 2976 7835 9230
5 5063 6052 7787 9231
5 5425 1838 8278 9232
5 2490 4240 6437 9233
5 5120 2199 6828 9234
5 1380 3710 7445 9235
5 2034 3874 6968 9236
5 1898 4933 5320 9237
5 4933 2039 5320 9238
5 2216 3703 7121 9239
5 2208 3704 7160 9240
5 1374 6886 7297 9241
5 4192 1062 7700 9242
5 6886 3615 7297 9243
5 4201 636 6044 9244
5 689 5180 7533 9245
5 3874 1248 6968 9246
5 2209 5624 6630 9247
5 1917 3888 6094 9248
5 1930 4201 6044 9249
5 3030 3850 8922 9250
5 3381 4264 8542 9251
5 1321 3902 9254 9252
5 991 4267 9269 9253
5 1506 6276 8187 9254
5 6276 3690 8187 9255
5 322 323 4847 9256
5 3708 766 7289 9257
5 3900 1306 8408 9258
5 1903 4456 6506 9259
5 4604 176 5305 9260
5 587 3915 9313 9261
5 286 287 5177 9262
5 172 173 5344 9263
5 4234 461 6143 9264
5 2049 3733 6684 9265
5 3753 1944 6898 9266
5 4926 3260 7458 9267
5 763 3753 6898 9268
5 2085 3715 7474 9269
5 1879 5562 7618 9270
5 3715 1245 7474 9271
5 5427 1112 7730 9272
5 3754 1945 6911 9273
5 6083 1077 8178 9274
5 5844 3968 8869 9275
5 7478 5511 9071 9276
5 1256 6784 8612 9277
5 2564 5841 6192 9278
5 1620 7583 8985 9279
5 2956 5868 7562 9280
5 4501 3222 6236 9281
5 4234 1709 6152 9282
5 3713 1186 7006 9283
5 3875 1124 5889 9284
5 3740 1366 9315 9285
5 7652 1786 8538 9286
5 4512 785 5855 9287
5 6448 976 7019 9288
5 470 4348 5143 9289
5 1729 3968 6955 9290
5 4203 1858 5741 9291
5 1386 4203 5741 9292
5 1933 5564 7313 9293
5 3953 772 6930 9294
5 2057 3953 6930 9295
5 1798 5295 6711 9296
5 10 11 5634 9297
5 4269 1201 5892 9298
5 5673 2817 8764 9299
5 357 358 6642 9300
5 2496 4269 5892 9301
5 5896 3350 7692 9302
5 1405 5896 7692 9303
5 1733 4189 9013 9304
5 1818 3729 9321 9305
5 3934 1794 6343 9306
5 3726 434 7353 9307
5 6652 2550 8112 9308
5 3715 703 8853 9309
5 4002 1242 6646 9310
5 4157 1697 6848 9311
5 5428 7157 8544 9312
5 1597 4962 6742 9313
5 43 4091 8954 9314
5 1588 3714 7259 9315
5 5094 2518 5403 9316
5 273 274 4857 9317
5 1848 5191 5580 9318
5 3716 1329 9005 9319
5 779 4804 6238 9320
5 5191 2228 5580 9321
5 3879 945 5993 9322
5 612 4094 7045 9323
5 7602 1085 8183 9324
5 1582 7225 8435 9325
5 2250 4709 6596 9326
5 4752 1715 8440 9327
5 2987 5292 8832 9328
5 1404 4735 8295 9329
5 2071 3719 8189 9330
5 5729 2920 7646 9331
5 3919 2318 8033 9332
5 1743 3941 8569 9333
5 1888 3739 7934 9334
5 5478 4918 8170 9335
5 500 3988 5661 9336
5 2047 4737 5569 9337
5 3724 2073 7832 9338
5 1296 3791 7689 9339
5 4105 1624 5418 9340
5 4737 1506 5569 9341
5 998 4697 4902 9342
5 1231 3919 8033 9343
5 4697 1790 4902 9344
5 4298 2848 9213 9345
5 263 264 5322 9346
5 173 174 5513 9347
5 3901 1755 6079 9348
5 1282 3774 7485 9349
5 751 5865 7901 9350
5 212 4677 7334 9351
5 1881 4604 5305 9352
5 307 308 5270 9353
5 2157 4819 5811 9354
5 1771 4402 5793 9355
5 2199 6752 6828 9356
5 3871 1514 7223 9357
5 1457 3724 7203 9358
5 5774 1858 7329 9359
5 2676 6723 7212 9360
5 5541 1739 7431 9361
5 1786 5273 5415 9362
5 5273 2197 5415 9363
5 3379 4700 5891 9364
5 3995 807 5654 9365
5 1758 4022 5730 9366
5 3792 1404 8295 9367
5 1335 4187 5323 9368
5 1402 3731 7391 9369
5 2661 6240 7950 9370
5 660 3728 7427 9371
5 6763 4676 8524 9372
5 5031 2502 7740 9373
5 888 6967 7406 9374
5 3445 6716 7446 9375
5 4337 777 5343 9376
5 5166 830 6525 9377
5 2769 5188 7976 9378
5 4331 1692 5179 9379
5 2545 5485 6765 9380
5 2544 5683 6252 9381
5 1903 3726 7353 9382
5 5193 3536 9197 9383
5 1669 8213 8934 9384
5 1175 7704 8452 9385
5 1838 5786 8278 9386
5 2668 5732 8454 9387
5 4716 227 9189 9388
5 4510 758 6145 9389
5 7594 5704 9093 9390
5 3382 4248 8719 9391
5 2314 3738 6866 9392
5 3839 2949 9247 9393
5 400 3946 7926 9394
5 3946 2307 7926 9395
5 117 118 5219 9396
5 1406 4218 6540 9397
5 1218 3746 6769 9398
5 4630 1706 7758 9399
5 4825 3244 8562 9400
5 765 3912 5882 9401
5 1598 4205 5316 9402
5 1487 4923 7760 9403
5 1751 4922 5949 9404
5 1298 3796 7149 9405
5 3745 1909 6826 9406
5 3796 2027 7149 9407
5 883 3745 6826 9408
5 822 3730 7294 9409
5 3844 588 6095 9410
5 1706 4638 7758 9411
5 3239 6289 8094 9412
5 4897 2531 5076 9413
5 1626 4897 5076 9414
5 2542 6991 7169 9415
5 5386 2916 7822 9416
5 1692 4331 8201 9417
5 3847 1570 8791 9418
5 227 228 9189 9419
5 8022 1100 8279 9420
5 6482 2521 7757 9421
5 242 243 4894 9422
5 93 94 4896 9423
5 851 6312 8034 9424
5 5401 2448 6246 9425
5 6312 3617 8034 9426
5 470 5203 5826 9427
5 4287 1100 5407 9428
5 1797 4287 5407 9429
5 3765 1281 7974 9430
5 1085 4638 8183 9431
5 3108 4764 7040 9432
5 1272 3819 8529 9433
5 1701 4168 7645 9434
5 6995 2557 9016 9435
5 7520 3839 9247 9436
5 1309 3862 9262 9437
5 3992 2754 5697 9438
5 4179 900 6750 9439
5 8709 3370 8948 9440
5 2599 6335 7103 9441
5 5842 4239 8122 9442
5 4338 890 5631 9443
5 2044 3920 7001 9444
5 6212 1948 6805 9445
5 3114 6212 6805 9446
5 3920 1018 7001 9447
5 540 4853 6003 9448
5 5187 2351 7530 9449
5 4937 2476 8680 9450
5 3960 978 7965 9451
5 4034 414 5887 9452
5 3913 618 5912 9453
5 5142 8196 8997 9454
5 443 5151 6000 9455
5 4242 1834 6175 9456
5 3786 2271 8166 9457
5 117 5219 9255 9458
5 5151 2323 6000 9459
5 4864 2079 6563 9460
5 908 3786 8166 9461
5 1049 7077 8384 9462
5 985 7411 7869 9463
5 1097 4859 7787 9464
5 4271 1696 7397 9465
5 3753 763 7797 9466
5 4983 1033 7244 9467
5 1906 6014 8338 9468
5 358 359 7263 9469
5 1467 4468 5408 9470
5 4859 2815 7787 9471
5 4468 1997 5408 9472
5 1089 4903 6557 9473
5 4164 1707 7019 9474
5 4786 734 5977 9475
5 1603 5290 7657 9476
5 5290 3025 7657 9477
5 3890 1740 6322 9478
5 4011 1669 5670 9479
5 2168 4038 7255 9480
5 4038 475 7255 9481
5 1722 4339 5211 9482
5 1714 3742 7105 9483
5 2367 5386 7724 9484
5 5386 3113 7724 9485
5 3972 1987 6555 9486
5 3807 3204 8379 9487
5 5299 842 6277 9488
5 827 6028 6655 9489
5 2313 5172 5705 9490
5 3161 4667 5498 9491
5 4273 1352 8568 9492
5 4726 1466 8275 9493
5 1284 3854 8959 9494
5 157 158 9252 9495
5 5704 2592 9093 9496
5 6716 1193 7446 9497
5 2671 4273 8568 9498
5 3822 576 6305 9499
5 3762 2236 7843 9500
5 652 6328 9236 9501
5 2454 4405 5856 9502
5 4405 855 5856 9503
5 431 7046 7627 9504
5 3764 2176 8004 9505
5 4166 3727 8634 9506
5 2420 4531 5669 9507
5 2074 5795 7003 9508
5 6615 2461 6715 9509
5 318 319 5339 9510
5 2418 6077 7860 9511
5 4148 1693 5420 9512
5 4496 1642 6078 9513
5 6039 656 6166 9514
5 1726 4002 6646 9515
5 1794 3934 5876 9516
5 4537 1638 8796 9517
5 4843 2281 7469 9518
5 4533 1090 7383 9519
5 6284 2873 9287 9520
5 4825 1228 9150 9521
5 2463 4533 7383 9522
5 1888 5313 5503 9523
5 5314 1810 5977 9524
5 5319 985 7869 9525
5 6292 2389 8529 9526
5 3819 6292 8529 9527
5 1277 3761 7790 9528
5 5938 2819 6401 9529
5 1874 5938 6401 9530
5 3769 1335 7862 9531
5 1360 3967 6542 9532
5 885 3769 7863 9533
5 1240 4622 8777 9534
5 5795 3011 7003 9535
5 4622 2991 8777 9536
5 5360 894 6643 9537
5 4246 1458 6917 9538
5 2057 5111 5238 9539
5 5111 1727 5238 9540
5 3756 2136 8746 9541
5 5587 2305 7141 9542
5 5201 2932 7918 9543
5 726 4069 5578 9544
5 633 4121 5877 9545
5 1237 5116 9077 9546
5 4983 3830 8781 9547
5 7230 2636 7261 9548
5 1183 4183 8306 9549
5 6975 3958 8181 9550
5 3244 4825 9150 9551
5 2380 3823 8485 9552
5 7860 6077 8951 9553
5 3781 1277 8701 9554
5 746 3793 7735 9555
5 2269 4367 5973 9556
5 2341 5515 8757 9557
5 7979 2435 8411 9558
5 2255 6443 7840 9559
5 1943 3843 9217 9560
5 1773 4394 5236 9561
5 7308 1159 9227 9562
5 4394 389 5236 9563
5 3825 642 8824 9564
5 2311 6300 7084 9565
5 6300 3246 7084 9566
5 4942 905 7368 9567
5 1665 4188 5590 9568
5 4251 1504 6478 9569
5 2847 4449 6432 9570
5 2672 4138 8964 9571
5 3966 1647 5861 9572
5 298 299 5100 9573
5 4966 2071 5416 9574
5 503 4966 5416 9575
5 1564 4957 4959 9576
5 4650 1941 5886 9577
5 1886 4461 5470 9578
5 4461 1269 5470 9579
5 4449 1174 6432 9580
5 5321 1798 6711 9581
5 6370 567 7932 9582
5 962 4549 8722 9583
5 4957 2670 4959 9584
5 1714 3976 5806 9585
5 2973 4001 5800 9586
5 4085 680 5579 9587
5 3824 496 8427 9588
5 903 3855 6214 9589
5 3899 1585 6073 9590
5 1244 3770 8265 9591
5 185 186 5561 9592
5 4733 484 9232 9593
5 2986 5126 7848 9594
5 5126 440 7848 9595
5 3790 5143 8502 9596
5 366 367 5518 9597
5 1878 4942 5181 9598
5 4942 1957 5181 9599
5 4439 1552 5554 9600
5 1327 8621 9289 9601
5 5878 549 8250 9602
5 3495 3934 9259 9603
5 3973 529 6133 9604
5 611 5835 8810 9605
5 7635 2889 8697 9606
5 1824 3973 6133 9607
5 2567 5909 7472 9608
5 1799 3851 8362 9609
5 813 5198 5921 9610
5 3482 7850 9091 9611
5 1932 5435 5552 9612
5 4299 211 7334 9613
5 5460 3544 8987 9614
5 1502 5460 8987 9615
5 5198 2315 5921 9616
5 4411 3105 5812 9617
5 2491 7427 7475 9618
5 664 5249 5261 9619
5 5249 2248 5261 9620
5 1682 5805 6606 9621
5 618 4870 5912 9622
5 4091 2384 7974 9623
5 1281 4091 7974 9624
5 951 3901 6079 9625
5 2337 5511 7478 9626
5 6895 530 6942 9627
5 1972 4235 6419 9628
5 3436 6895 6942 9629
5 3909 1948 6654 9630
5 739 3865 6209 9631
5 4064 796 5636 9632
5 1535 4743 4956 9633
5 3768 574 6964 9634
5 3757 638 7459 9635
5 1576 3766 8299 9636
5 4813 1501 6440 9637
5 1345 3936 5956 9638
5 6316 1047 6613 9639
5 3043 6316 6613 9640
5 1382 3829 8428 9641
5 4664 2147 5313 9642
5 4415 5883 8109 9643
5 3981 1384 5837 9644
5 959 5962 6982 9645
5 5269 3175 8065 9646
5 3042 5525 6241 9647
5 4698 1105 8983 9648
5 908 4257 5685 9649
5 5525 958 6241 9650
5 1248 3768 6968 9651
5 2474 4945 4946 9652
5 3917 2253 6040 9653
5 4945 1588 4946 9654
5 96 97 6033 9655
5 2651 4884 7529 9656
5 6418 544 8363 9657
5 3805 6418 8363 9658
5 3783 1407 6803 9659
5 1998 4536 5432 9660
5 4536 501 5432 9661
5 4712 1711 4982 9662
5 3854 766 7392 9663
5 1860 5739 6189 9664
5 4008 20 5754 9665
5 5739 2625 6189 9666
5 614 3910 6091 9667
5 847 7785 9148 9668
5 4433 3392 7749 9669
5 3827 1260 8383 9670
5 1514 3871 6204 9671
5 572 3776 6873 9672
5 1735 4077 6472 9673
5 4236 954 7499 9674
5 106 107 5017 9675
5 8621 3831 9289 9676
5 4138 427 8964 9677
5 6300 1043 8403 9678
5 1432 3836 6397 9679
5 3964 819 6248 9680
5 1641 5612 7111 9681
5 1851 4355 7464 9682
5 2305 5030 7141 9683
5 68 69 6075 9684
5 4419 1976 6595 9685
5 3788 1261 8790 9686
5 1534 3965 5900 9687
5 7144 2060 8722 9688
5 3011 5385 8885 9689
5 4997 2272 6009 9690
5 1122 4997 6009 9691
5 594 3772 7545 9692
5 2283 5370 6355 9693
5 5775 1425 9203 9694
5 2015 4351 5253 9695
5 2264 5660 6191 9696
5 879 3954 5937 9697
5 4001 2203 5800 9698
5 1228 3790 8502 9699
5 3835 1389 8434 9700
5 190 191 5452 9701
5 659 4158 5803 9702
5 4572 866 5199 9703
5 145 3813 7885 9704
5 1816 4572 5199 9705
5 4267 1315 5362 9706
5 202 203 4976 9707
5 1628 3921 9074 9708
5 2132 6572 7064 9709
5 3796 1298 7939 9710
5 5421 3707 9087 9711
5 3891 1316 6188 9712
5 5355 847 9148 9713
5 4182 5841 8032 9714
5 1911 4067 7351 9715
5 5908 3296 8879 9716
5 4492 1383 7646 9717
5 404 4501 6236 9718
5 3916 1788 8557 9719
5 1646 5807 8116 9720
5 4907 2975 8643 9721
5 1723 4318 9268 9722
5 1045 4623 6707 9723
5 2417 6817 7447 9724
5 4318 2902 9268 9725
5 6882 5582 9180 9726
5 4098 1114 5622 9727
5 3989 5410 7732 9728
5 4102 1388 6108 9729
5 897 4325 5779 9730
5 5065 1912 8560 9731
5 2884 4954 7905 9732
5 4954 435 7905 9733
5 4325 1892 5779 9734
5 6633 2680 7977 9735
5 3891 1702 6205 9736
5 1378 4655 6761 9737
5 5071 2477 6868 9738
5 3949 881 5992 9739
5 1580 3930 6060 9740
5 4148 216 5533 9741
5 4539 1781 5122 9742
5 6887 1102 7809 9743
5 4024 1548 9193 9744
5 4589 1801 6303 9745
5 4612 1752 5075 9746
5 1656 7171 8224 9747
5 682 3839 8441 9748
5 5363 2240 6610 9749
5 5330 747 7066 9750
5 286 5177 5710 9751
5 909 3983 6414 9752
5 2679 4846 7553 9753
5 4056 791 6011 9754
5 4846 421 7553 9755
5 1828 4056 6011 9756
5 501 4536 5848 9757
5 1502 5401 6246 9758
5 3778 2127 7272 9759
5 1697 4157 8305 9760
5 3868 3350 8699 9761
5 8753 2892 9187 9762
5 1727 4900 5238 9763
5 1189 5440 8881 9764
5 3919 1231 6548 9765
5 5440 3487 8881 9766
5 4268 1504 5941 9767
5 3134 5090 9248 9768
5 1901 4268 5941 9769
5 1217 5577 9022 9770
5 2573 5844 8869 9771
5 1899 3919 6548 9772
5 4542 998 6896 9773
5 3285 4542 6896 9774
5 5596 1825 8534 9775
5 846 5331 5778 9776
5 2090 6378 6986 9777
5 5979 1522 8432 9778
5 1740 3890 8800 9779
5 1074 3969 6229 9780
5 4746 670 6295 9781
5 3932 1095 6098 9782
5 2616 5054 6324 9783
5 5817 406 8105 9784
5 4086 436 6585 9785
5 923 3923 6131 9786
5 4911 811 7114 9787
5 3020 5734 8795 9788
5 257 258 5174 9789
5 4730 3155 8288 9790
5 3785 219 7152 9791
5 4280 419 6250 9792
5 4576 1361 7008 9793
5 2728 4469 5492 9794
5 2406 5143 7460 9795
5 3792 708 7639 9796
5 2194 3794 6999 9797
5 1704 4094 5666 9798
5 1382 3785 8027 9799
5 234 235 5581 9800
5 3006 4576 7008 9801
5 1359 4171 6350 9802
5 4623 2675 6873 9803
5 3784 1418 7273 9804
5 5016 2231 5032 9805
5 6317 538 8251 9806
5 3662 6317 8251 9807
5 400 5016 5032 9808
5 1839 5585 5929 9809
5 9 10 5593 9810
5 2052 5022 5291 9811
5 5585 2460 5929 9812
5 3213 5577 8916 9813
5 4343 618 6484 9814
5 192 193 5573 9815
5 2321 4180 5510 9816
5 1850 5340 6641 9817
5 1355 4227 6212 9818
5 2087 4343 6484 9819
5 4227 1948 6212 9820
5 6276 633 7963 9821
5 5002 5762 8730 9822
5 980 4178 5895 9823
5 4178 1849 5895 9824
5 1937 4106 9012 9825
5 4501 404 6929 9826
5 2295 4501 6929 9827
5 3943 1460 9187 9828
5 863 5254 6059 9829
5 4288 1351 5456 9830
5 1687 4665 5602 9831
5 3844 2343 8439 9832
5 3796 512 6943 9833
5 1775 4467 8843 9834
5 1994 4243 6355 9835
5 4243 772 6355 9836
5 1332 4321 8604 9837
5 2697 5073 7676 9838
5 4321 2678 8604 9839
5 2263 3847 6466 9840
5 3794 2194 7146 9841
5 4084 798 6864 9842
5 4676 2173 6339 9843
5 2098 6275 6783 9844
5 898 4676 6339 9845
5 6912 1077 7479 9846
5 576 3822 6678 9847
5 588 3844 8439 9848
5 1760 4150 5659 9849
5 2963 6104 7931 9850
5 3579 5135 8266 9851
5 5003 1779 6028 9852
5 4125 424 7418 9853
5 1450 3812 6789 9854
5 6451 1972 7736 9855
5 406 3819 8105 9856
5 4598 445 5185 9857
5 4616 1551 5213 9858
5 5135 2487 8266 9859
5 416 5235 8103 9860
5 2241 4125 7418 9861
5 1815 4598 5185 9862
5 6596 4008 7687 9863
5 5693 6672 9127 9864
5 1680 4296 8515 9865
5 1735 3876 6362 9866
5 1285 4254 5409 9867
5 5377 2159 6883 9868
5 5116 3294 9077 9869
5 4939 1658 5398 9870
5 2559 3838 8316 9871
5 4692 1355 6212 9872
5 3114 4692 6212 9873
5 6202 2468 6823 9874
5 3069 6202 6823 9875
5 4444 2365 8260 9876
5 2354 4194 9032 9877
5 217 218 9172 9878
5 1960 3799 7076 9879
5 3913 1302 8893 9880
5 2813 4752 8931 9881
5 5464 986 8296 9882
5 3985 709 5990 9883
5 1115 6364 7708 9884
5 4141 2128 7015 9885
5 1393 4141 7015 9886
5 1595 4648 5093 9887
5 4779 759 5431 9888
5 6273 4319 8919 9889
5 7508 2688 8803 9890
5 3799 1348 7076 9891
5 6839 1700 7050 9892
5 8842 92 9195 9893
5 3944 1775 9122 9894
5 7478 1241 8677 9895
5 3817 1396 7999 9896
5 4781 858 7979 9897
5 3187 4376 6949 9898
5 1619 3998 6268 9899
5 5128 1779 6700 9900
5 3848 1400 8845 9901
5 2360 3818 9227 9902
5 3712 4279 7013 9903
5 4940 2117 6486 9904
5 4233 5110 9179 9905
5 1604 3805 8743 9906
5 4299 7334 8464 9907
5 1118 6870 9046 9908
5 7521 1069 7842 9909
5 3991 1763 7559 9910
5 1557 4234 6152 9911
5 4592 1825 6241 9912
5 4665 734 5602 9913
5 7632 930 8627 9914
5 200 4339 5759 9915
5 4222 1307 9209 9916
5 2798 4222 9209 9917
5 5270 3212 8929 9918
5 2254 5943 7405 9919
5 4327 1622 6535 9920
5 2452 3886 9161 9921
5 2098 3867 6438 9922
5 2139 3840 6688 9923
5 4605 2768 8277 9924
5 1539 4605 8277 9925
5 1829 5075 7993 9926
5 3682 4055 7327 9927
5 4025 2249 8038 9928
5 4368 2913 8337 9929
5 3874 6135 7820 9930
5 3813 3158 7885 9931
5 3815 628 7162 9932
5 2004 3815 7162 9933
5 4360 1931 5471 9934
5 1443 4360 5471 9935
5 4045 1768 6185 9936
5 2215 3818 8694 9937
5 2700 4818 7698 9938
5 4145 2124 5637 9939
5 3888 1917 6642 9940
5 2006 4925 6586 9941
5 3955 1889 6136 9942
5 4818 1139 7698 9943
5 1975 4820 5838 9944
5 1621 5072 6181 9945
5 1018 3920 6266 9946
5 1248 3874 7820 9947
5 3851 762 8362 9948
5 70 3804 9167 9949
5 3373 5916 7896 9950
5 5916 1446 7896 9951
5 1975 5001 5169 9952
5 2782 4113 6544 9953
5 3808 392 8635 9954
5 1788 3916 6329 9955
5 5129 838 6622 9956
5 4957 949 7407 9957
5 4102 1743 8569 9958
5 499 4313 6040 9959
5 2670 4957 7407 9960
5 6304 3438 8988 9961
5 4394 1523 6287 9962
5 919 4953 8072 9963
5 575 5947 8687 9964
5 3623 5429 8554 9965
5 5500 797 7108 9966
5 1012 4078 6827 9967
5 4078 2042 6827 9968
5 1667 3989 6049 9969
5 1948 3909 6805 9970
5 3909 1322 6805 9971
5 4616 372 7737 9972
5 3813 145 8082 9973
5 2871 5500 7108 9974
5 1763 3809 9029 9975
5 4677 2438 7334 9976
5 1164 5451 7107 9977
5 3975 1309 8360 9978
5 3049 3933 8986 9979
5 1979 3979 8511 9980
5 2002 6481 6671 9981
5 1791 3828 7292 9982
5 5451 2847 7107 9983
5 4310 562 5392 9984
5 1928 6211 8192 9985
5 4404 1565 8161 9986
5 1753 4595 5811 9987
5 2253 4017 8304 9988
5 2578 4404 8161 9989
5 2522 5698 5999 9990
5 5698 1844 5999 9991
5 2735 6176 7867 9992
5 3826 844 8223 9993
5 5326 3183 8102 9994
5 1455 4550 7626 9995
5 2175 3862 6587 9996
5 4992 2099 5109 9997
5 1335 4390 7862 9998
5 1758 4037 7425 9999
5 719 4992 5109 10000
5 20 21 5754 10001
5 3806 1356 7447 10002
5 3811 1214 8851 10003
5 5288 876 6714 10004
5 798 4084 5780 10005
5 4150 1079 5659 10006
5 334 335 7388 10007
5 3556 4519 6788 10008
5 4059 2148 7273 10009
5 1418 4059 7273 10010
5 3506 6203 8268 10011
5 3977 2780 6266 10012
5 1645 8085 8940 10013
5 3035 3980 9286 10014
5 1905 3842 6730 10015
5 4226 508 5539 10016
5 1807 5291 6474 10017
5 4284 625 8358 10018
5 5224 1856 6515 10019
5 2479 5224 6515 10020
5 3079 6850 7122 10021
5 1779 5128 6028 10022
5 586 4296 5430 10023
5 4929 2411 6407 10024
5 3842 2575 8149 10025
5 559 3989 9312 10026
5 1704 3855 7045 10027
5 3886 462 6495 10028
5 419 7133 8164 10029
5 5884 2933 7736 10030
5 2214 3914 7844 10031
5 3914 1169 7844 10032
5 3983 2062 6139 10033
5 4485 2733 8417 10034
5 566 4485 8417 10035
5 1734 4292 6727 10036
5 1473 4167 6524 10037
5 4978 910 9321 10038
5 4175 1747 5633 10039
5 2062 5022 5794 10040
5 5164 972 7351 10041
5 2169 4324 6919 10042
5 4324 1031 6919 10043
5 2636 4618 7261 10044
5 1666 6289 8003 10045
5 804 3833 7935 10046
5 4123 2586 8965 10047
5 3820 2826 7347 10048
5 4366 2511 7065 10049
5 1373 3997 7068 10050
5 689 3898 8638 10051
5 3884 1830 6530 10052
5 360 4039 5958 10053
5 710 4100 6620 10054
5 2768 4605 5257 10055
5 2428 4147 5696 10056
5 3856 837 6704 10057
5 2796 4649 7060 10058
5 1502 4280 7238 10059
5 2630 5377 6883 10060
5 2285 5907 7815 10061
5 2515 8365 8984 10062
5 5907 3318 7815 10063
5 3847 2263 8165 10064
5 1762 4134 6192 10065
5 3857 407 6821 10066
5 5094 963 6806 10067
5 6203 825 8268 10068
5 2518 5094 6806 10069
5 1548 3836 7907 10070
5 4903 6964 7738 10071
5 140 141 6844 10072
5 5069 1723 6765 10073
5 2012 6988 8250 10074
5 5877 3556 8606 10075
5 2504 5877 8606 10076
5 936 5009 8133 10077
5 5356 3500 9327 10078
5 5334 589 7876 10079
5 3058 5334 7876 10080
5 847 6154 6825 10081
5 2012 4021 6988 10082
5 4436 3677 8104 10083
5 2687 5367 8449 10084
5 4473 1295 5462 10085
5 5315 510 8457 10086
5 4226 5189 7817 10087
5 1427 4108 5927 10088
5 881 5926 5992 10089
5 6289 1666 8137 10090
5 3447 5175 8646 10091
5 844 3826 7283 10092
5 6773 3354 6997 10093
5 2384 6773 6997 10094
5 694 3908 8644 10095
5 4735 2743 8295 10096
5 3095 7999 8172 10097
5 4808 2158 6065 10098
5 1520 4808 6065 10099
5 3980 6722 9286 10100
5 359 360 5958 10101
5 3941 1743 6522 10102
5 4705 727 5210 10103
5 7013 2474 7057 10104
5 4108 1806 5927 10105
5 1842 4705 5210 10106
5 1388 4214 6108 10107
5 4671 1766 5768 10108
5 5500 2871 6229 10109
5 618 3913 6484 10110
5 435 4185 6430 10111
5 1882 5948 6904 10112
5 5327 569 7566 10113
5 2512 9099 9297 10114
5 1677 3974 6228 10115
5 6830 2790 6917 10116
5 4114 725 7277 10117
5 1309 4016 8360 10118
5 3831 708 7647 10119
5 4447 1950 5640 10120
5 1057 4447 5640 10121
5 5219 3291 9255 10122
5 4020 688 6078 10123
5 8356 2732 9024 10124
5 6119 2310 8368 10125
5 4503 724 8787 10126
5 5248 3217 9051 10127
5 408 3924 8770 10128
5 2816 6496 8167 10129
5 4744 1068 7431 10130
5 1677 5223 7939 10131
5 1762 4182 6122 10132
5 2310 7544 8368 10133
5 4964 1687 5874 10134
5 132 133 5664 10135
5 577 4922 7546 10136
5 3899 2740 8968 10137
5 5339 2795 7664 10138
5 4466 781 8647 10139
5 2784 4466 8647 10140
5 4240 774 9210 10141
5 3840 7413 8804 10142
5 466 5326 6513 10143
5 4490 510 5395 10144
5 1832 4490 5395 10145
5 5470 1269 8666 10146
5 3892 792 7349 10147
5 3081 3900 9086 10148
5 1420 3832 7356 10149
5 3404 5470 8666 10150
5 1197 5269 7571 10151
5 1897 3857 6821 10152
5 1934 4806 5357 10153
5 4806 541 5357 10154
5 2792 3940 8894 10155
5 3944 1572 6371 10156
5 2438 4677 5733 10157
5 4677 2031 5733 10158
5 3629 7154 8033 10159
5 5677 1851 8239 10160
5 4751 2683 7868 10161
5 5073 984 7676 10162
5 4095 1657 5884 10163
5 2204 4017 6129 10164
5 4693 735 5149 10165
5 1965 4751 7868 10166
5 3833 2091 7935 10167
5 4220 818 6259 10168
5 2309 4220 6259 10169
5 5890 571 6657 10170
5 2650 4347 9132 10171
5 1237 5015 5116 10172
5 2956 4192 6574 10173
5 522 4259 7040 10174
5 4890 1558 7100 10175
5 536 4627 8054 10176
5 2837 5890 6657 10177
5 1837 4251 6478 10178
5 4615 871 5822 10179
5 4239 1772 5720 10180
5 4259 2167 7040 10181
5 5111 446 6480 10182
5 1808 4014 6144 10183
5 1884 3882 7522 10184
5 4014 785 6144 10185
5 1723 5133 6765 10186
5 3889 2950 8425 10187
5 4158 2073 6531 10188
5 7984 4678 9157 10189
5 3957 2045 6340 10190
5 1323 3865 6931 10191
5 3683 5828 8269 10192
5 460 3891 8702 10193
5 2000 4615 5822 10194
5 372 373 7737 10195
5 4664 1417 8711 10196
5 4374 2390 5393 10197
5 4197 2840 6782 10198
5 1437 4552 7136 10199
5 461 4254 8334 10200
5 4425 403 7191 10201
5 5273 1786 7652 10202
5 55 56 6262 10203
5 2204 5610 7218 10204
5 2297 4425 7191 10205
5 4552 2334 7136 10206
5 5360 6643 9166 10207
5 734 4786 5602 10208
5 5572 1821 6445 10209
5 2700 7697 9264 10210
5 1111 3864 8159 10211
5 8680 2476 9212 10212
5 4594 1220 7875 10213
5 2906 7699 9027 10214
5 4568 1154 8073 10215
5 2589 4594 7875 10216
5 4068 447 8769 10217
5 2631 4568 8073 10218
5 5650 4793 7608 10219
5 3528 4890 6431 10220
5 6378 639 7213 10221
5 4176 1781 5864 10222
5 3264 6378 7213 10223
5 4095 2527 6106 10224
5 3473 5729 8553 10225
5 5729 1383 8553 10226
5 1017 7750 8259 10227
5 7662 2823 8970 10228
5 34 5303 6686 10229
5 7548 2416 7918 10230
5 1519 5051 8930 10231
5 5051 3225 8930 10232
5 2594 5104 9101 10233
5 1997 6236 7256 10234
5 6236 3222 7256 10235
5 300 301 9294 10236
5 3426 4604 6149 10237
5 4001 2973 9306 10238
5 4772 442 7540 10239
5 2581 4772 7540 10240
5 4463 773 5335 10241
5 2248 3864 8385 10242
5 2868 4656 8913 10243
5 541 5656 5818 10244
5 5656 2570 5818 10245
5 3912 765 6637 10246
5 4704 777 5158 10247
5 6380 3951 8949 10248
5 2513 6380 8949 10249
5 3873 1656 8224 10250
5 5441 2159 6566 10251
5 3846 2008 7798 10252
5 4120 2425 6558 10253
5 6512 4204 8068 10254
5 3091 5154 5650 10255
5 4200 1900 6051 10256
5 3846 525 7189 10257
5 940 4399 7919 10258
5 4161 1475 5966 10259
5 6016 1039 8356 10260
5 630 3916 8557 10261
5 361 362 6245 10262
5 4119 2200 8064 10263
5 4399 2491 7919 10264
5 2769 5293 8139 10265
5 4441 2409 5665 10266
5 1290 4062 8640 10267
5 6580 893 7672 10268
5 146 147 6454 10269
5 7454 2470 8244 10270
5 4062 2488 8640 10271
5 5314 2596 8437 10272
5 700 4837 8150 10273
5 5106 5899 8453 10274
5 744 5567 6695 10275
5 2649 5046 7453 10276
5 1912 6091 8560 10277
5 2705 5716 9108 10278
5 3172 5057 6944 10279
5 5716 3643 9108 10280
5 6127 3295 7226 10281
5 539 3848 7680 10282
5 4733 3296 5908 10283
5 3858 3126 7050 10284
5 4010 1916 6607 10285
5 5240 1807 6594 10286
5 966 4010 6607 10287
5 4000 1413 6251 10288
5 1766 4213 5693 10289
5 3994 2925 9164 10290
5 1940 4491 6779 10291
5 4924 410 8467 10292
5 1346 3869 8098 10293
5 783 4151 7258 10294
5 1777 4067 8020 10295
5 1813 4480 5382 10296
5 4169 1425 5758 10297
5 4480 391 5382 10298
5 4798 4995 8455 10299
5 680 5295 8573 10300
5 4589 2503 5288 10301
5 2396 7468 8844 10302
5 5684 2904 8089 10303
5 320 321 8222 10304
5 777 4704 5343 10305
5 3903 927 6724 10306
5 2017 5195 5199 10307
5 2762 6092 6331 10308
5 5195 1816 5199 10309
5 4298 317 7664 10310
5 2137 4930 7300 10311
5 6092 1168 6331 10312
5 6225 1152 8960 10313
5 4381 1569 7818 10314
5 5531 1840 7409 10315
5 766 3854 7289 10316
5 219 220 7152 10317
5 4963 2822 8947 10318
5 2147 4217 5708 10319
5 3161 4012 9316 10320
5 6588 2994 9331 10321
5 2999 5235 8176 10322
5 2970 5366 8636 10323
5 4150 2262 7595 10324
5 2276 4186 7836 10325
5 1079 4150 7595 10326
5 3971 749 8975 10327
5 4742 1573 5283 10328
5 644 4059 6093 10329
5 3865 2893 8496 10330
5 6385 3590 8723 10331
5 5157 496 5800 10332
5 2203 5157 5800 10333
5 3858 773 7564 10334
5 1965 5526 6726 10335
5 3854 2018 7289 10336
5 2865 3859 8348 10337
5 2971 4421 5399 10338
5 7712 1078 7938 10339
5 3910 1318 8560 10340
5 520 4067 6496 10341
5 4067 1911 6496 10342
5 6560 850 7330 10343
5 2154 5573 5600 10344
5 1875 5798 8319 10345
5 439 3872 7007 10346
5 2891 4896 9052 10347
5 3863 2333 7601 10348
5 1229 3858 7210 10349
5 2472 5750 7416 10350
5 1699 4165 5802 10351
5 947 6856 8165 10352
5 1977 3869 8332 10353
5 1572 4642 5364 10354
5 3319 6535 8419 10355
5 4079 2119 7199 10356
5 805 4079 7199 10357
5 3975 483 8207 10358
5 6856 3847 8165 10359
5 4186 411 6881 10360
5 7154 1231 8033 10361
5 2085 4186 6881 10362
5 2094 7059 8851 10363
5 3103 4470 7177 10364
5 5234 2303 8059 10365
5 3968 2495 8910 10366
5 776 4153 6285 10367
5 2372 3875 8061 10368
5 4237 2856 6700 10369
5 912 3870 7057 10370
5 1873 5790 8651 10371
5 4198 1741 5993 10372
5 4555 1599 5766 10373
5 736 4082 6473 10374
5 6572 3040 7064 10375
5 4792 2673 5285 10376
5 2356 4253 7936 10377
5 666 4792 5285 10378
5 5178 2106 5556 10379
5 595 4123 8965 10380
5 5136 2420 6084 10381
5 6308 1873 7764 10382
5 4130 1758 7425 10383
5 1954 4135 5911 10384
5 5273 7652 9045 10385
5 5356 841 7113 10386
5 5494 518 8456 10387
5 281 282 5170 10388
5 3895 794 6868 10389
5 4276 1681 6592 10390
5 6836 581 8725 10391
5 3860 2080 9115 10392
5 4449 1953 5989 10393
5 4571 1311 6423 10394
5 4648 1595 5808 10395
5 3064 8187 8572 10396
5 4656 2868 8963 10397
5 2399 4392 6925 10398
5 1755 4151 6079 10399
5 3862 808 7363 10400
5 2333 3863 8014 10401
5 1839 5090 8293 10402
5 4251 936 5761 10403
5 1174 4449 5989 10404
5 4263 686 6086 10405
5 4921 2277 8944 10406
5 5991 2030 7039 10407
5 4949 2705 9108 10408
5 4339 1722 5759 10409
5 3887 2064 8151 10410
5 1893 4263 6086 10411
5 1745 5221 5597 10412
5 1466 3901 8275 10413
5 3881 723 7027 10414
5 5168 1683 5911 10415
5 1594 3923 8510 10416
5 4551 5599 8602 10417
5 3875 2423 8866 10418
5 6393 2471 7109 10419
5 3968 1729 8869 10420
5 987 5639 9171 10421
5 3866 654 7688 10422
5 1011 4218 9242 10423
5 153 154 5358 10424
5 1463 3942 8509 10425
5 189 190 5318 10426
5 2253 3917 8393 10427
5 3889 1475 7000 10428
5 3867 717 8013 10429
5 1195 5425 8709 10430
5 3945 672 7898 10431
5 2220 3945 7898 10432
5 416 8103 9301 10433
5 5425 3370 8709 10434
5 1801 4589 5288 10435
5 4482 249 8685 10436
5 4308 1770 6032 10437
5 4293 1849 5758 10438
5 1425 4293 5758 10439
5 4259 1688 5686 10440
5 248 4482 8397 10441
5 3881 1416 7941 10442
5 56 4054 6262 10443
5 506 4239 5720 10444
5 4039 361 6245 10445
5 943 4532 8006 10446
5 3215 4779 7677 10447
5 44 45 6773 10448
5 3950 1463 8509 10449
5 4265 2421 5685 10450
5 4237 1779 6243 10451
5 2768 7553 8277 10452
5 2549 4179 5836 10453
5 3126 6839 7050 10454
5 4893 3164 6685 10455
5 432 4893 6685 10456
5 3486 6608 7649 10457
5 415 4341 6664 10458
5 4341 2091 6664 10459
5 2363 5297 7310 10460
5 6608 1163 7649 10461
5 6389 1142 8761 10462
5 972 5681 6500 10463
5 5681 2640 6500 10464
5 5665 2409 6309 10465
5 5038 4130 7962 10466
5 1569 4430 7818 10467
5 6206 2440 6403 10468
5 1071 6150 8821 10469
5 4813 828 8294 10470
5 267 268 5197 10471
5 5830 8570 9095 10472
5 5031 2551 6249 10473
5 4097 827 7307 10474
5 1306 5031 6249 10475
5 3878 730 8293 10476
5 5897 2483 6921 10477
5 665 4176 5864 10478
5 2339 3914 8271 10479
5 1508 3892 7953 10480
5 1595 4688 5808 10481
5 4670 2278 6089 10482
5 1233 5534 6961 10483
5 4426 2039 5458 10484
5 7770 3040 9257 10485
5 1768 4045 7257 10486
5 1779 4245 6243 10487
5 6406 4867 8867 10488
5 910 4978 6823 10489
5 5534 2774 6961 10490
5 4860 2235 5654 10491
5 807 4860 5654 10492
5 1525 4349 8857 10493
5 1971 4611 6253 10494
5 3308 4563 8966 10495
5 561 4235 6451 10496
5 4235 1972 6451 10497
5 6109 3375 9117 10498
5 2118 4083 7243 10499
5 4021 1038 6988 10500
5 4139 222 7573 10501
5 2400 5931 7598 10502
5 4819 1753 5811 10503
5 4083 1526 7243 10504
5 3148 8100 8475 10505
5 2419 5206 7957 10506
5 4845 1535 8108 10507
5 5804 2406 7460 10508
5 2640 6629 8780 10509
5 7461 2603 8512 10510
5 2083 4412 5489 10511
5 4468 1467 7073 10512
5 3084 4603 6327 10513
5 271 272 5487 10514
5 2158 5682 6065 10515
5 5682 2477 6065 10516
5 4332 2019 7049 10517
5 2247 3888 7263 10518
5 4349 832 7404 10519
5 2339 4714 5539 10520
5 1548 6050 9193 10521
5 279 4237 6243 10522
5 2596 7175 8437 10523
5 396 4006 6417 10524
5 5517 3538 6322 10525
5 1743 4102 6108 10526
5 2446 3885 7365 10527
5 2132 4155 5930 10528
5 3900 782 7120 10529
5 5188 2769 8139 10530
5 2288 3887 7802 10531
5 3925 1293 7208 10532
5 7607 2594 9101 10533
5 1653 4497 7422 10534
5 6388 1261 6592 10535
5 4046 1795 7489 10536
5 2973 6388 6592 10537
5 7643 1893 7825 10538
5 2443 4816 5520 10539
5 4695 1835 5968 10540
5 2110 5056 6223 10541
5 3956 1510 6670 10542
5 4974 1961 6518 10543
5 5077 1608 5887 10544
5 4544 1369 7733 10545
5 6332 2114 6407 10546
5 4128 1769 7074 10547
5 863 6081 8792 10548
5 1573 4954 5099 10549
5 4910 1512 6628 10550
5 472 3984 6586 10551
5 6308 979 6497 10552
5 4484 787 7915 10553
5 1889 3955 7946 10554
5 1223 6829 8736 10555
5 2403 4333 5628 10556
5 2353 5376 5445 10557
5 3894 1160 7514 10558
5 3932 2047 6845 10559
5 155 156 5226 10560
5 5017 2475 6433 10561
5 383 4193 5979 10562
5 2214 5017 6433 10563
5 5376 1110 5445 10564
5 1916 4010 6435 10565
5 1452 3954 8625 10566
5 2059 4005 7178 10567
5 4005 815 7178 10568
5 982 5651 7865 10569
5 1963 4610 7260 10570
5 4703 1996 5772 10571
5 896 4703 5772 10572
5 2348 3896 7766 10573
5 6790 3516 8162 10574
5 2357 4573 5563 10575
5 2489 4068 8769 10576
5 33 34 6686 10577
5 3487 5771 8881 10578
5 4822 2775 5783 10579
5 3917 922 8393 10580
5 4484 1952 5950 10581
5 4113 1976 7915 10582
5 787 4484 5950 10583
5 2140 6739 7453 10584
5 4910 845 5861 10585
5 1791 4199 6452 10586
5 3936 1939 8847 10587
5 910 6114 9321 10588
5 2023 3904 7297 10589
5 5092 2970 8636 10590
5 1973 4707 6941 10591
5 3963 1884 7522 10592
5 4404 2537 6208 10593
5 1353 4446 8887 10594
5 2474 4946 7057 10595
5 4946 912 7057 10596
5 331 332 7235 10597
5 579 4650 5886 10598
5 1785 4161 5966 10599
5 1988 4410 6449 10600
5 5305 2845 8530 10601
5 6487 3446 8001 10602
5 828 4915 8294 10603
5 3934 1746 7404 10604
5 3904 1374 7297 10605
5 2615 3922 9008 10606
5 4466 2784 6729 10607
5 3917 5701 9233 10608
5 3938 2211 7960 10609
5 857 3938 7960 10610
5 37 38 7682 10611
5 5079 2536 5388 10612
5 1610 4748 6154 10613
5 3918 1876 8272 10614
5 4747 1610 6154 10615
5 3906 1567 7812 10616
5 629 4487 8364 10617
5 4700 628 5891 10618
5 1646 3906 7319 10619
5 5188 1125 7976 10620
5 1875 3950 8509 10621
5 1755 4307 8144 10622
5 889 4670 5699 10623
5 4670 1945 5699 10624
5 5243 1414 9276 10625
5 913 8055 8653 10626
5 1774 4297 6475 10627
5 4423 645 8593 10628
5 2684 4549 5863 10629
5 2010 5928 8016 10630
5 2184 4470 7660 10631
5 2965 6067 8545 10632
5 8097 2968 8864 10633
5 3907 2533 7750 10634
5 771 4993 7845 10635
5 3924 1987 8770 10636
5 4137 1876 6088 10637
5 50 51 8088 10638
5 149 150 5241 10639
5 755 5488 8342 10640
5 313 314 6384 10641
5 3928 478 7017 10642
5 3981 752 6861 10643
5 4552 1437 6158 10644
5 4178 1896 6861 10645
5 1630 5073 5803 10646
5 6066 803 7856 10647
5 1034 7099 8858 10648
5 4405 2437 8672 10649
5 715 4664 5313 10650
5 720 4040 8477 10651
5 2562 4935 7514 10652
5 5862 3072 7376 10653
5 2207 5862 7376 10654
5 2814 5130 8407 10655
5 2586 4123 9285 10656
5 1448 4952 7171 10657
5 5146 2319 9323 10658
5 4611 1971 5859 10659
5 891 4611 5859 10660
5 3592 6736 9152 10661
5 1782 4392 6235 10662
5 1525 4424 7302 10663
5 6289 3239 8003 10664
5 3802 6694 8333 10665
5 6694 2567 8333 10666
5 1892 4325 6035 10667
5 4424 1525 8857 10668
5 860 4436 8104 10669
5 6492 2658 6664 10670
5 4400 3062 6018 10671
5 4977 2064 5127 10672
5 6728 2869 9005 10673
5 2123 6054 6379 10674
5 4687 940 6361 10675
5 4696 3627 7593 10676
5 478 3928 7236 10677
5 1322 6530 8978 10678
5 301 302 5625 10679
5 3928 2028 7236 10680
5 2134 4687 6361 10681
5 4641 1157 7295 10682
5 3984 1345 8727 10683
5 4469 837 5492 10684
5 1668 6438 8013 10685
5 1572 3944 8315 10686
5 4812 2578 5648 10687
5 5411 893 7670 10688
5 1492 4812 5648 10689
5 5100 299 9015 10690
5 2969 5411 7670 10691
5 2192 6307 8009 10692
5 181 182 6573 10693
5 992 4644 6412 10694
5 2491 4399 6383 10695
5 3278 6289 8137 10696
5 297 9017 9194 10697
5 3948 1308 6975 10698
5 4920 3726 6506 10699
5 2145 6447 6469 10700
5 6447 2928 6469 10701
5 2532 6275 7506 10702
5 1509 4018 6568 10703
5 5174 2913 8620 10704
5 3990 540 8716 10705
5 4400 6605 7481 10706
5 5402 1046 7381 10707
5 4846 2679 5932 10708
5 4479 401 5486 10709
5 6186 678 9075 10710
5 2003 5344 5513 10711
5 1721 5142 7180 10712
5 222 4139 8157 10713
5 704 4049 9278 10714
5 3829 6186 9075 10715
5 5015 2067 5116 10716
5 2894 4365 5823 10717
5 2546 5496 7505 10718
5 6006 2405 8007 10719
5 3344 6006 8007 10720
5 5172 549 7102 10721
5 1787 4037 9159 10722
5 6328 3175 9236 10723
5 2883 5464 8296 10724
5 2352 4684 5691 10725
5 3926 1326 7267 10726
5 5337 1694 5907 10727
5 2285 5337 5907 10728
5 6588 2198 7444 10729
5 6850 1135 7122 10730
5 851 5443 6966 10731
5 4549 2684 8722 10732
5 853 7493 7765 10733
5 1486 4333 5715 10734
5 536 8054 8392 10735
5 5534 3370 9211 10736
5 2160 4742 5283 10737
5 3996 3123 8774 10738
5 611 3977 8273 10739
5 4081 66 6625 10740
5 823 4832 6738 10741
5 4656 1564 8913 10742
5 2542 6155 6991 10743
5 3922 2172 7600 10744
5 845 6487 8001 10745
5 1361 4357 7687 10746
5 5110 1499 9128 10747
5 4550 2394 7626 10748
5 5174 258 8337 10749
5 4474 1431 7450 10750
5 4614 2606 8751 10751
5 163 164 5287 10752
5 1121 3980 6824 10753
5 216 217 5533 10754
5 3927 1354 8005 10755
5 4652 534 7575 10756
5 2400 7598 7937 10757
5 5901 779 6238 10758
5 4134 1453 6192 10759
5 2593 5901 6238 10760
5 655 4050 9251 10761
5 4359 716 6030 10762
5 4572 1816 5414 10763
5 9182 587 9313 10764
5 929 4108 6482 10765
5 1192 6618 6894 10766
5 5466 1839 8293 10767
5 6618 3171 6894 10768
5 4753 2245 6648 10769
5 1640 4753 6648 10770
5 5039 838 7160 10771
5 4284 1362 5814 10772
5 2456 4505 6038 10773
5 1869 4009 6666 10774
5 3951 1949 7420 10775
5 2793 4936 8011 10776
5 4153 2191 9002 10777
5 4936 1104 8011 10778
5 1688 4259 5976 10779
5 5734 3020 9275 10780
5 4890 705 6431 10781
5 1570 6856 9157 10782
5 2047 3932 7762 10783
5 3927 1676 7761 10784
5 5215 2360 5726 10785
5 1896 3981 6861 10786
5 750 5215 5726 10787
5 1979 6058 6657 10788
5 1263 7934 8536 10789
5 5936 2376 7551 10790
5 2238 5044 7772 10791
5 1977 4057 6458 10792
5 139 7471 7513 10793
5 6058 2837 6657 10794
5 1379 4208 6712 10795
5 1846 5207 6346 10796
5 3926 385 7628 10797
5 5385 3011 6986 10798
5 2839 5991 7039 10799
5 725 4305 7277 10800
5 4326 1776 6903 10801
5 1287 4015 6674 10802
5 4880 1639 5206 10803
5 4029 1847 9026 10804
5 1067 5189 7617 10805
5 1491 5908 8879 10806
5 3942 1463 7196 10807
5 2313 5705 7379 10808
5 991 4674 7650 10809
5 246 247 5304 10810
5 1293 3925 7912 10811
5 4988 413 6532 10812
5 2031 4677 6019 10813
5 5386 1061 8645 10814
5 3931 2201 7765 10815
5 1806 4256 5899 10816
5 2776 4875 8848 10817
5 4731 1390 8703 10818
5 176 177 5305 10819
5 5021 559 6661 10820
5 737 5473 5970 10821
5 753 4516 5484 10822
5 5473 2349 5970 10823
5 6690 564 7116 10824
5 4677 213 6019 10825
5 3979 1162 8511 10826
5 5185 2053 5186 10827
5 6566 2159 6800 10828
5 1833 5074 5920 10829
5 6860 2136 7357 10830
5 1815 5185 5186 10831
5 694 4018 8891 10832
5 3095 4635 7999 10833
5 4468 404 6236 10834
5 1997 4468 6236 10835
5 6197 1017 8259 10836
5 1270 4025 8038 10837
5 397 5605 8533 10838
5 550 6240 6859 10839
5 3295 4600 8916 10840
5 3589 7643 7825 10841
5 5567 2302 5714 10842
5 942 4580 5435 10843
5 1861 5567 5714 10844
5 1898 5638 6503 10845
5 810 4025 7159 10846
5 4025 2038 7159 10847
5 3939 2549 7981 10848
5 4704 1943 5343 10849
5 2579 4029 8992 10850
5 5937 2257 7269 10851
5 849 5415 5575 10852
5 5415 2197 5575 10853
5 1750 4221 6769 10854
5 612 5824 9085 10855
5 209 210 8229 10856
5 3518 7632 8627 10857
5 505 4614 6376 10858
5 4614 2102 6376 10859
5 4345 5453 7361 10860
5 5926 881 6399 10861
5 3993 482 8622 10862
5 4182 507 6122 10863
5 881 3949 7517 10864
5 3949 2105 7517 10865
5 3898 5860 8638 10866
5 2768 5257 7614 10867
5 2220 7898 8623 10868
5 4856 50 8088 10869
5 1014 5125 8846 10870
5 5125 3174 8846 10871
5 5242 1846 6346 10872
5 3436 4224 8303 10873
5 87 3950 8319 10874
5 4062 876 8957 10875
5 4507 878 6252 10876
5 1670 7541 8865 10877
5 1441 4313 5846 10878
5 4133 1905 6286 10879
5 4953 2686 8072 10880
5 1828 5232 6719 10881
5 1987 3972 8872 10882
5 180 4656 8963 10883
5 4952 3276 7171 10884
5 1931 5477 5875 10885
5 5477 2317 5875 10886
5 99 100 6659 10887
5 3963 1435 7132 10888
5 4546 2153 5491 10889
5 2543 5972 7052 10890
5 4152 429 9073 10891
5 4032 749 6662 10892
5 5001 1811 5169 10893
5 6313 2433 6517 10894
5 3329 3948 7895 10895
5 4213 1829 7993 10896
5 5177 2068 5710 10897
5 3958 584 8181 10898
5 193 194 5600 10899
5 4246 869 5973 10900
5 4593 160 5570 10901
5 1345 3959 8539 10902
5 5975 2513 8949 10903
5 4009 2861 8762 10904
5 1784 3975 8360 10905
5 1384 3981 7025 10906
5 775 4722 7291 10907
5 4722 2412 7291 10908
5 1868 4593 5570 10909
5 285 5710 8556 10910
5 4313 1819 5846 10911
5 5764 1408 8331 10912
5 3348 5764 8331 10913
5 2307 3946 8141 10914
5 649 4272 9250 10915
5 7004 3681 9201 10916
5 939 3974 7071 10917
5 168 4358 7135 10918
5 2417 6043 6817 10919
5 3945 2220 7864 10920
5 810 3948 7486 10921
5 4077 718 6472 10922
5 1154 4568 8211 10923
5 4205 1598 6100 10924
5 5302 1133 6671 10925
5 4358 2177 7135 10926
5 1615 6431 8266 10927
5 6431 3579 8266 10928
5 1479 3988 8446 10929
5 2583 6593 7399 10930
5 4682 786 6127 10931
5 3077 7922 8317 10932
5 2049 4682 6127 10933
5 195 196 5342 10934
5 2437 4405 8811 10935
5 4230 1675 6030 10936
5 1890 5588 5825 10937
5 6571 4145 7911 10938
5 5588 2330 5825 10939
5 3955 1492 7946 10940
5 4052 1698 6619 10941
5 199 200 5759 10942
5 4266 2056 7035 10943
5 42 43 8954 10944
5 4065 2194 7322 10945
5 4668 1832 5395 10946
5 1767 4630 7487 10947
5 6054 2634 6379 10948
5 1654 4004 8808 10949
5 1231 7154 9164 10950
5 4208 1995 6712 10951
5 2405 5485 8007 10952
5 801 4273 5954 10953
5 3953 1350 7605 10954
5 1421 4694 9320 10955
5 520 6654 8713 10956
5 815 4066 6550 10957
5 4002 3044 8637 10958
5 5505 3364 7192 10959
5 2063 6351 7082 10960
5 6351 3115 7082 10961
5 285 286 5710 10962
5 38 39 5591 10963
5 2404 4729 5992 10964
5 1055 6902 7408 10965
5 2432 5676 6346 10966
5 337 4678 7984 10967
5 362 363 5442 10968
5 2858 6834 9061 10969
5 6000 2323 8215 10970
5 5760 511 8525 10971
5 1932 4874 5435 10972
5 4874 942 5435 10973
5 2601 4028 9165 10974
5 2047 5569 6845 10975
5 3962 1436 7338 10976
5 8358 2422 8595 10977
5 7409 1840 7886 10978
5 1934 5165 5267 10979
5 5907 5049 9124 10980
5 2199 3960 7965 10981
5 3959 614 7384 10982
5 3596 5329 8940 10983
5 2755 5304 8397 10984
5 329 4402 6507 10985
5 7725 2379 7886 10986
5 2305 5587 6818 10987
5 1920 4448 8675 10988
5 6213 1877 9216 10989
5 877 4441 5665 10990
5 2422 4379 8595 10991
5 4441 877 5706 10992
5 4290 2674 5924 10993
5 5252 1775 8843 10994
5 4480 1543 6508 10995
5 4406 836 5719 10996
5 1303 3961 7819 10997
5 245 246 6854 10998
5 5562 1879 8174 10999
5 76 77 5365 11000
5 3740 4524 8876 11001
5 5952 2151 8289 11002
5 3194 7056 7308 11003
5 2723 7002 8756 11004
5 5312 2277 5345 11005
5 1763 5312 5345 11006
5 4196 2285 7815 11007
5 4592 2676 7212 11008
5 843 4196 7815 11009
5 225 226 6136 11010
5 7796 5975 8949 11011
5 4820 1679 5838 11012
5 2845 5305 8683 11013
5 6503 2664 7200 11014
5 4759 1294 8911 11015
5 4261 91 8842 11016
5 4185 1327 9289 11017
5 406 3963 7522 11018
5 2553 4571 6423 11019
5 1640 4579 5516 11020
5 17 4709 5694 11021
5 4106 131 9012 11022
5 6649 3016 7222 11023
5 1338 4869 6146 11024
5 4869 2138 6146 11025
5 2042 4078 6577 11026
5 5215 4389 8508 11027
5 7354 3092 9128 11028
5 253 254 7397 11029
5 4672 1112 5427 11030
5 2947 8584 9144 11031
5 4581 2098 6438 11032
5 4379 2422 8806 11033
5 4880 540 6003 11034
5 1668 4581 6438 11035
5 1518 3973 7369 11036
5 5831 2727 9088 11037
5 1632 4601 5894 11038
5 1413 4000 8504 11039
5 4709 1938 5694 11040
5 4222 1818 9235 11041
5 4390 2352 7862 11042
5 2605 4499 6157 11043
5 3696 8680 9212 11044
5 2445 5596 6194 11045
5 7177 2433 7823 11046
5 5596 939 6194 11047
5 7637 2653 7656 11048
5 5594 1924 5947 11049
5 4096 1544 7066 11050
5 4636 2675 8368 11051
5 7513 2791 8198 11052
5 1186 4636 8368 11053
5 4498 5695 9078 11054
5 2364 5594 5947 11055
5 5027 2088 9118 11056
5 1636 3999 7067 11057
5 6618 1192 8395 11058
5 4353 776 6285 11059
5 1589 3987 7278 11060
5 7724 3113 7894 11061
5 4854 2317 5477 11062
5 479 4854 5477 11063
5 2049 6684 8473 11064
5 6314 1899 6461 11065
5 2949 7398 8745 11066
5 7259 2483 8471 11067
5 2277 7183 8944 11068
5 2823 6314 6461 11069
5 4478 1015 8476 11070
5 1061 5939 8474 11071
5 436 4086 9280 11072
5 4599 755 5512 11073
5 6164 1947 8784 11074
5 750 5726 6880 11075
5 241 242 7234 11076
5 2330 5588 7180 11077
5 6923 1042 7173 11078
5 2608 5140 8238 11079
5 1709 4234 6143 11080
5 3977 1367 7436 11081
5 4499 871 6157 11082
5 4848 3375 6109 11083
5 122 4734 7597 11084
5 1313 3992 7524 11085
5 1791 4621 6745 11086
5 4837 700 5700 11087
5 4346 533 5874 11088
5 6307 3231 8009 11089
5 4185 1827 6430 11090
5 562 6906 7225 11091
5 1702 5149 7580 11092
5 5098 1495 9310 11093
5 3275 5098 9310 11094
5 3662 4756 7812 11095
5 2381 7320 7495 11096
5 2182 4081 6625 11097
5 4796 8436 8997 11098
5 4432 4024 9193 11099
5 5230 2572 6295 11100
5 2811 6402 6810 11101
5 3182 4567 8556 11102
5 4182 2378 8234 11103
5 507 4182 8234 11104
5 5139 707 7201 11105
5 2571 5139 7201 11106
5 809 4403 5762 11107
5 4819 916 5328 11108
5 3978 2693 7567 11109
5 32 33 7743 11110
5 7934 3739 8536 11111
5 4066 1423 9120 11112
5 1042 3978 7791 11113
5 5824 1787 9159 11114
5 208 209 5550 11115
5 3993 2127 7271 11116
5 2857 5509 8249 11117
5 2228 5191 8738 11118
5 6120 2612 8457 11119
5 2347 4375 5817 11120
5 5257 1334 7614 11121
5 1781 4539 7242 11122
5 1125 4917 6649 11123
5 4917 2291 6649 11124
5 3636 6442 8426 11125
5 6442 1222 8426 11126
5 5329 724 9029 11127
5 1549 3983 8121 11128
5 4156 6095 8670 11129
5 4119 142 8493 11130
5 3117 5100 9015 11131
5 1707 4164 6350 11132
5 4970 2399 6925 11133
5 1513 4970 6925 11134
5 4765 2218 7164 11135
5 2008 3997 7798 11136
5 2384 4091 7095 11137
5 5292 1614 8832 11138
5 2101 5665 6309 11139
5 4113 2588 6544 11140
5 984 4951 5448 11141
5 3459 5208 9142 11142
5 4251 1837 6369 11143
5 821 4409 5777 11144
5 338 339 8765 11145
5 1849 4178 6321 11146
5 2502 6537 7740 11147
5 6537 3431 7740 11148
5 5293 3033 9246 11149
5 2387 5263 6422 11150
5 124 125 5988 11151
5 2964 4983 8781 11152
5 5414 786 5530 11153
5 5263 1279 6422 11154
5 4149 4836 7508 11155
5 7203 3724 9290 11156
5 53 54 5397 11157
5 682 4489 6947 11158
5 2289 6216 7251 11159
5 2933 6451 7736 11160
5 680 4085 9191 11161
5 2330 3993 8117 11162
5 5783 2775 7881 11163
5 5713 3776 8854 11164
5 2401 4856 5619 11165
5 4856 1963 5619 11166
5 4039 1320 7387 11167
5 2738 6439 8384 11168
5 4274 767 8084 11169
5 674 5092 8636 11170
5 4618 2636 8871 11171
5 2332 7044 9239 11172
5 3183 5326 8586 11173
5 5326 466 8586 11174
5 5137 431 7627 11175
5 4436 860 5740 11176
5 6712 2865 8245 11177
5 1508 4153 6405 11178
5 2135 4311 6003 11179
5 4377 2348 7766 11180
5 4100 1757 6620 11181
5 123 124 8840 11182
5 4977 1785 7080 11183
5 4667 1719 5498 11184
5 5830 2607 8570 11185
5 3462 7041 8244 11186
5 486 4377 7766 11187
5 4092 1378 6761 11188
5 4461 2779 9009 11189
5 4893 432 5728 11190
5 5358 154 7705 11191
5 3212 4755 8929 11192
5 2810 4893 5728 11193
5 632 4491 6072 11194
5 1166 7072 9126 11195
5 4491 1940 6072 11196
5 89 90 5810 11197
5 1269 4461 9009 11198
5 2397 4544 7733 11199
5 2377 6370 9319 11200
5 2058 5080 6900 11201
5 2559 4152 9073 11202
5 5187 898 6483 11203
5 4740 3397 6374 11204
5 2351 5187 6483 11205
5 4294 2770 6597 11206
5 2450 4964 5874 11207
5 147 148 7910 11208
5 4859 1097 6924 11209
5 6182 587 9182 11210
5 676 5190 7290 11211
5 6343 3178 7316 11212
5 481 6343 7316 11213
5 1870 4951 5282 11214
5 1926 5113 5486 11215
5 353 354 8440 11216
5 2127 3993 8622 11217
5 4333 506 9304 11218
5 2402 4114 8526 11219
5 2458 4431 5761 11220
5 5029 685 7585 11221
5 5121 2188 6082 11222
5 1182 5121 6082 11223
5 2144 5346 5347 11224
5 5346 1820 5347 11225
5 800 5079 5388 11226
5 4934 3403 9293 11227
5 4201 1852 6647 11228
5 4752 355 8931 11229
5 2101 5150 5665 11230
5 562 4310 6906 11231
5 514 4308 6032 11232
5 5150 877 5665 11233
5 3337 8346 8401 11234
5 269 270 7800 11235
5 2779 5843 6940 11236
5 4539 1782 8696 11237
5 2155 4302 7187 11238
5 3087 5490 8414 11239
5 1704 5666 8704 11240
5 4302 432 7187 11241
5 2488 4062 8957 11242
5 4589 350 8230 11243
5 2319 7637 9323 11244
5 4010 1765 8002 11245
5 5660 955 6191 11246
5 3124 5744 8667 11247
5 600 7980 8138 11248
5 1036 7337 7739 11249
5 5175 2966 8646 11250
5 266 267 7500 11251
5 4584 515 5898 11252
5 1925 4584 5898 11253
5 4209 2288 6318 11254
5 5964 300 9294 11255
5 7044 3897 9239 11256
5 2370 3999 8080 11257
5 1914 4215 6490 11258
5 5627 1799 7566 11259
5 2207 5582 6614 11260
5 2094 4999 6958 11261
5 272 273 8185 11262
5 4999 2414 6958 11263
5 4491 632 7396 11264
5 2311 4491 7396 11265
5 2283 6355 8805 11266
5 4555 1057 5640 11267
5 1853 5397 7693 11268
5 4577 2190 7496 11269
5 4088 2117 8907 11270
5 5078 1756 8853 11271
5 4531 1120 5669 11272
5 92 93 9195 11273
5 4202 2075 7115 11274
5 6796 533 7480 11275
5 2325 4795 5923 11276
5 1667 4621 7292 11277
5 1073 5028 7207 11278
5 5525 1442 9270 11279
5 826 4047 7011 11280
5 7000 1475 7977 11281
5 5028 2516 7207 11282
5 2913 5174 8337 11283
5 785 7944 9253 11284
5 4995 1583 6237 11285
5 2175 4995 6237 11286
5 4007 859 8155 11287
5 734 4665 7055 11288
5 6414 1549 8500 11289
5 1347 4068 6847 11290
5 4356 2151 5952 11291
5 5870 1907 9324 11292
5 5050 1878 6655 11293
5 2326 5050 6655 11294
5 4302 1428 6096 11295
5 2163 5228 6847 11296
5 1391 4335 6071 11297
5 1962 7004 9201 11298
5 4891 501 5848 11299
5 2045 4891 5848 11300
5 1818 4222 8463 11301
5 403 4425 5831 11302
5 1123 4342 5994 11303
5 3997 1373 7798 11304
5 2473 4021 7246 11305
5 4419 524 5904 11306
5 2161 4000 7871 11307
5 3225 6860 7357 11308
5 4000 623 7871 11309
5 4242 6175 8967 11310
5 1016 5311 7451 11311
5 5311 2765 7451 11312
5 4453 1817 6335 11313
5 724 5536 9029 11314
5 4403 809 7810 11315
5 4326 957 6038 11316
5 4317 1685 6561 11317
5 869 5346 5592 11318
5 5346 2144 5592 11319
5 2588 4113 9307 11320
5 4003 3107 7850 11321
5 4732 6000 8591 11322
5 7240 3521 7295 11323
5 1157 7240 7295 11324
5 4245 278 6243 11325
5 2125 5680 6251 11326
5 138 139 7513 11327
5 1764 4817 6502 11328
5 4050 2424 9251 11329
5 4509 821 6084 11330
5 1941 4509 6084 11331
5 4784 1917 5767 11332
5 5406 3252 9105 11333
5 614 6091 9147 11334
5 2288 4209 7892 11335
5 2813 4784 5767 11336
5 235 236 7518 11337
5 795 6790 8162 11338
5 5667 3454 8958 11339
5 4209 1376 7892 11340
5 4685 2302 9260 11341
5 5278 499 6040 11342
5 2253 5278 6040 11343
5 244 245 7221 11344
5 1230 5667 8958 11345
5 4796 2547 5821 11346
5 1244 4796 5821 11347
5 1786 4611 8538 11348
5 203 204 8941 11349
5 5106 1161 7996 11350
5 2038 4025 7389 11351
5 2077 4090 6816 11352
5 6028 2326 6655 11353
5 3048 4663 7605 11354
5 4176 665 6450 11355
5 4015 1287 9183 11356
5 1834 4242 8700 11357
5 835 7088 8004 11358
5 912 5897 6340 11359
5 7088 3764 8004 11360
5 3794 5516 6999 11361
5 716 5881 8571 11362
5 54 55 7693 11363
5 6814 1138 8212 11364
5 1783 4779 5431 11365
5 151 152 8313 11366
5 3733 7226 9022 11367
5 4125 1413 9082 11368
5 2009 5255 5514 11369
5 5200 2001 5217 11370
5 4444 8260 9134 11371
5 4028 693 8290 11372
5 6837 4322 8795 11373
5 5255 2086 5514 11374
5 2845 4032 8530 11375
5 2762 6331 7952 11376
5 6232 2391 7005 11377
5 4057 1977 8332 11378
5 5355 3111 6889 11379
5 5980 2040 6690 11380
5 2760 5980 6690 11381
5 4025 1270 7389 11382
5 5430 2485 8953 11383
5 901 4019 7482 11384
5 4028 2165 7355 11385
5 6319 537 8218 11386
5 398 5590 7003 11387
5 2967 5055 5481 11388
5 5255 1026 8372 11389
5 5676 415 6346 11390
5 4738 860 8104 11391
5 4633 2095 7091 11392
5 988 5968 6729 11393
5 5022 909 5291 11394
5 110 111 5809 11395
5 4495 105 7287 11396
5 4117 1533 9284 11397
5 1656 4047 7171 11398
5 4040 1667 9204 11399
5 5843 1018 6940 11400
5 2151 7158 8289 11401
5 5055 1551 5481 11402
5 686 4263 8868 11403
5 4446 2652 8887 11404
5 2343 4849 7588 11405
5 808 7350 8974 11406
5 4070 3061 8823 11407
5 4931 2133 5662 11408
5 1841 4419 5904 11409
5 803 4931 5662 11410
5 3466 4750 9043 11411
5 1179 5905 7751 11412
5 5905 3145 7751 11413
5 436 4582 6585 11414
5 91 4261 7248 11415
5 524 4419 6595 11416
5 4313 499 8766 11417
5 4109 3152 9176 11418
5 2543 4383 5972 11419
5 4940 1364 5457 11420
5 4263 2562 8868 11421
5 347 4202 7115 11422
5 2117 4940 5457 11423
5 6406 3066 7038 11424
5 1802 5216 7877 11425
5 441 6406 7038 11426
5 1959 4277 6989 11427
5 4038 1313 7793 11428
5 590 4163 7130 11429
5 5125 1014 8241 11430
5 6091 8581 9147 11431
5 2706 5421 9087 11432
5 3148 4026 8100 11433
5 4778 2050 6080 11434
5 586 4778 6080 11435
5 4423 5939 7561 11436
5 1928 4117 9284 11437
5 2403 4342 8122 11438
5 1811 4211 6589 11439
5 4342 1123 8122 11440
5 5646 2787 8802 11441
5 6698 3928 9137 11442
5 2669 5196 6841 11443
5 1408 4033 8331 11444
5 194 195 8067 11445
5 2850 5461 8807 11446
5 7850 1146 9091 11447
5 3714 4645 7259 11448
5 4694 2940 9320 11449
5 4199 425 6452 11450
5 4717 533 6796 11451
5 2404 4187 8438 11452
5 4187 613 8438 11453
5 2646 6177 8225 11454
5 250 251 7421 11455
5 6214 1704 8704 11456
5 1523 5056 6287 11457
5 4649 2858 7060 11458
5 4502 1069 6021 11459
5 1896 4178 6658 11460
5 4111 2518 6806 11461
5 4391 2283 7547 11462
5 1527 4391 7547 11463
5 1919 4502 6021 11464
5 5059 1614 5292 11465
5 605 8376 8833 11466
5 3092 5110 9128 11467
5 4218 1978 6540 11468
5 4280 1502 6246 11469
5 2651 4063 7102 11470
5 4847 323 7613 11471
5 4142 789 7581 11472
5 1468 4183 9058 11473
5 4037 737 7425 11474
5 475 4038 7414 11475
5 1358 6698 9137 11476
5 4184 2171 7562 11477
5 2082 6794 9242 11478
5 1733 4280 6250 11479
5 5512 755 9092 11480
5 1887 5200 5217 11481
5 5335 773 7558 11482
5 1403 4184 7562 11483
5 5582 2514 6614 11484
5 4855 2433 6313 11485
5 5490 578 8414 11486
5 6004 2381 7495 11487
5 4123 1320 9285 11488
5 1955 4137 8616 11489
5 1622 5000 5604 11490
5 5942 913 8653 11491
5 2641 6500 9071 11492
5 1958 4094 8660 11493
5 1497 4106 7821 11494
5 6063 4582 8443 11495
5 5392 562 5744 11496
5 4132 1928 9284 11497
5 4602 1063 6337 11498
5 171 172 8057 11499
5 4483 382 6198 11500
5 1952 4483 6198 11501
5 5391 3649 8860 11502
5 2005 4631 6193 11503
5 6883 870 7275 11504
5 4631 770 6193 11505
5 1133 6008 6671 11506
5 4036 37 7682 11507
5 5319 1851 7464 11508
5 4796 2455 8436 11509
5 1409 4232 6791 11510
5 5961 2295 6397 11511
5 6988 3151 8250 11512
5 6500 8780 9071 11513
5 1069 4502 7842 11514
5 4706 1856 5807 11515
5 1978 4218 6777 11516
5 1467 4911 7073 11517
5 4218 1011 6777 11518
5 938 5108 6367 11519
5 4711 2698 8424 11520
5 5108 2254 6367 11521
5 697 4711 8424 11522
5 4566 3848 7587 11523
5 2620 7147 8575 11524
5 1533 4132 9284 11525
5 818 4220 6583 11526
5 1530 6109 9117 11527
5 81 82 8287 11528
5 4554 602 5789 11529
5 1873 4554 5789 11530
5 1504 4431 5941 11531
5 858 6027 7588 11532
5 936 4251 6369 11533
5 205 206 8240 11534
5 4444 423 6126 11535
5 2349 5473 5474 11536
5 2365 4444 6126 11537
5 5646 1343 7148 11538
5 5473 1787 5474 11539
5 2787 5646 7148 11540
5 4195 1360 6542 11541
5 2054 4766 6904 11542
5 152 153 6688 11543
5 4091 43 7095 11544
5 1650 5391 8860 11545
5 5710 3182 8556 11546
5 4064 2056 7324 11547
5 796 4064 7324 11548
5 1389 4042 7997 11549
5 4462 6453 8608 11550
5 3543 5371 6751 11551
5 7898 3580 8623 11552
5 3131 7125 9063 11553
5 4643 1699 6005 11554
5 5375 2843 7654 11555
5 1730 4591 7903 11556
5 765 5375 7654 11557
5 1812 5068 9207 11558
5 5791 1397 7249 11559
5 5432 2391 6232 11560
5 2897 5791 7249 11561
5 4111 2255 9042 11562
5 4094 1704 7045 11563
5 4894 243 7568 11564
5 5007 1619 6058 11565
5 769 5325 9146 11566
5 791 4715 6634 11567
5 294 295 6202 11568
5 6074 1566 9020 11569
5 1837 4219 6509 11570
5 1849 4293 7020 11571
5 4046 692 7625 11572
5 4254 2375 8334 11573
5 708 7483 7639 11574
5 2406 5804 7232 11575
5 5165 1933 5267 11576
5 2610 4272 7280 11577
5 643 4750 8662 11578
5 4562 465 5748 11579
5 160 161 5570 11580
5 4905 2363 5644 11581
5 871 4499 5822 11582
5 253 4044 8473 11583
5 5575 2197 6411 11584
5 4416 625 6413 11585
5 1969 4416 6413 11586
5 1800 4898 8083 11587
5 385 4057 8332 11588
5 5726 2360 5902 11589
5 1844 4749 6173 11590
5 1906 5726 5902 11591
5 8480 2446 9018 11592
5 5968 2699 6729 11593
5 4304 1847 9178 11594
5 2557 6055 9016 11595
5 350 351 8230 11596
5 4201 1930 6576 11597
5 2164 6539 7034 11598
5 4055 585 7327 11599
5 5096 2961 8676 11600
5 125 4740 5988 11601
5 2272 4488 6142 11602
5 4178 980 6658 11603
5 4057 1711 7499 11604
5 4886 1531 6599 11605
5 1179 6005 8988 11606
5 6005 3568 8988 11607
5 7591 582 8177 11608
5 2481 6305 9033 11609
5 4200 1446 6807 11610
5 2229 4886 6599 11611
5 21 22 5917 11612
5 1294 4759 8816 11613
5 4759 2870 8816 11614
5 7041 1262 8244 11615
5 1606 4149 7508 11616
5 5327 2803 7636 11617
5 569 5327 7636 11618
5 2043 6663 7214 11619
5 2833 6467 8736 11620
5 137 138 5586 11621
5 2490 6437 7865 11622
5 7056 1159 7308 11623
5 4124 665 7197 11624
5 5434 1168 7982 11625
5 6726 5526 8374 11626
5 6 4162 7742 11627
5 2523 5609 6274 11628
5 2786 8096 9109 11629
5 2991 5434 7982 11630
5 477 8200 8724 11631
5 2998 5067 6504 11632
5 6402 2236 6810 11633
5 1387 4070 7359 11634
5 4583 1792 8179 11635
5 4896 94 9052 11636
5 543 5308 6265 11637
5 1003 5044 6426 11638
5 4302 2155 6333 11639
5 1063 4602 7473 11640
5 4602 2344 7473 11641
5 2325 5923 6400 11642
5 236 237 5607 11643
5 2172 5718 7600 11644
5 8200 4061 8724 11645
5 5002 3142 7997 11646
5 5044 2238 6426 11647
5 322 4847 8737 11648
5 4144 956 6865 11649
5 1125 6649 7222 11650
5 4072 1272 8377 11651
5 4718 1943 5869 11652
5 523 4718 5869 11653
5 4831 2299 6159 11654
5 1448 4115 8938 11655
5 2582 6604 8921 11656
5 532 5340 8468 11657
5 787 5840 9307 11658
5 636 4201 6647 11659
5 4258 1456 6460 11660
5 4104 681 8819 11661
5 4094 612 8660 11662
5 4060 2240 9054 11663
5 6138 968 7296 11664
5 1812 4507 6252 11665
5 5844 2573 6475 11666
5 4557 2108 6673 11667
5 1471 4557 6673 11668
5 573 5844 6475 11669
5 3154 7652 8538 11670
5 1939 4151 8847 11671
5 4076 1365 8528 11672
5 4588 783 7258 11673
5 6053 2024 6616 11674
5 4692 2522 7922 11675
5 2707 6053 6616 11676
5 1355 4692 7922 11677
5 1098 4090 8547 11678
5 983 4143 9199 11679
5 4809 2929 5845 11680
5 4684 2051 5691 11681
5 204 205 5652 11682
5 6755 2700 9264 11683
5 4134 1762 6967 11684
5 1410 4100 7185 11685
5 4181 2075 7371 11686
5 4698 1725 7027 11687
5 6318 2288 8886 11688
5 2763 5358 7705 11689
5 613 4187 6706 11690
5 1321 4863 8797 11691
5 4863 2916 8797 11692
5 5997 4308 8214 11693
5 4063 1190 7998 11694
5 2794 6923 7173 11695
5 1817 4763 7103 11696
5 5033 1764 6502 11697
5 4863 1321 9254 11698
5 3113 4479 7894 11699
5 4129 2508 9044 11700
5 6411 2197 6623 11701
5 1567 4129 9044 11702
5 498 4362 6208 11703
5 539 7680 8740 11704
5 4272 2610 9250 11705
5 139 140 7471 11706
5 5643 694 8891 11707
5 2065 4174 6774 11708
5 4485 5918 7782 11709
5 1436 4574 5820 11710
5 4464 799 6070 11711
5 2219 4464 6070 11712
5 4064 2541 7807 11713
5 5410 1084 7732 11714
5 4740 1974 5988 11715
5 8421 312 8450 11716
5 5054 2637 7704 11717
5 1175 5054 7704 11718
5 2155 4128 7442 11719
5 4162 2308 7742 11720
5 4096 747 7250 11721
5 1912 8049 8581 11722
5 2175 6237 7350 11723
5 6237 3094 7350 11724
5 1585 4192 7700 11725
5 579 4157 6848 11726
5 5432 501 6394 11727
5 4071 1549 8121 11728
5 2391 5432 6394 11729
5 259 4368 8337 11730
5 4067 520 8020 11731
5 546 5893 7463 11732
5 5893 3000 7463 11733
5 4149 1606 9226 11734
5 5528 566 8417 11735
5 4071 567 8085 11736
5 2108 4112 7723 11737
5 5019 2440 6206 11738
5 4121 1394 8889 11739
5 4077 1735 9283 11740
5 1612 5622 7554 11741
5 3196 4904 7089 11742
5 4279 1871 7476 11743
5 202 4976 7663 11744
5 1980 4746 6295 11745
5 784 4762 6118 11746
5 7062 2413 9219 11747
5 4118 344 7126 11748
5 4762 2025 6118 11749
5 4390 71 7377 11750
5 2631 6204 8567 11751
5 2306 5752 7512 11752
5 2156 5166 6525 11753
5 2040 6115 6690 11754
5 5025 1739 5390 11755
5 1365 6828 8528 11756
5 6828 3800 8528 11757
5 98 99 5653 11758
5 2340 5699 5944 11759
5 5984 1209 7851 11760
5 4951 1870 5448 11761
5 5699 1945 5944 11762
5 4080 3173 8306 11763
5 2288 7802 8886 11764
5 4595 453 5811 11765
5 3697 4919 8655 11766
5 4109 500 8729 11767
5 6723 512 7212 11768
5 4561 2554 6417 11769
5 4882 848 6946 11770
5 5469 714 7661 11771
5 2875 5469 7661 11772
5 5747 2633 6736 11773
5 434 5747 6736 11774
5 1311 5274 6423 11775
5 6116 2228 8738 11776
5 1339 4079 7609 11777
5 1306 4139 9039 11778
5 1658 4077 7621 11779
5 1424 4136 8829 11780
5 5577 3057 9022 11781
5 1807 4353 6285 11782
5 1866 5045 6348 11783
5 2670 7662 8415 11784
5 4786 2198 5602 11785
5 6663 3144 7214 11786
5 6669 2480 9328 11787
5 4924 1836 6921 11788
5 471 5630 7970 11789
5 5630 3050 7970 11790
5 641 4476 6742 11791
5 6022 2104 8284 11792
5 3323 6829 7320 11793
5 6829 1223 7320 11794
5 6240 2661 6859 11795
5 3129 7521 7842 11796
5 1028 7063 7498 11797
5 4181 2229 7859 11798
5 801 4181 7859 11799
5 4309 1811 6589 11800
5 5660 2264 6520 11801
5 4131 1518 8947 11802
5 4883 1525 7302 11803
5 2642 5275 8231 11804
5 671 6141 8788 11805
5 4250 1885 8412 11806
5 718 4077 7913 11807
5 2876 4092 9196 11808
5 6141 3530 8788 11809
5 6744 2570 6815 11810
5 4851 800 5557 11811
5 4079 805 8755 11812
5 4081 2182 7808 11813
5 589 4102 8569 11814
5 1426 4341 6347 11815
5 4114 2402 9081 11816
5 998 4542 8746 11817
5 2487 5135 7155 11818
5 5135 950 7155 11819
5 4084 1346 8098 11820
5 480 4107 8585 11821
5 738 4247 8248 11822
5 4216 158 6743 11823
5 4558 1470 6110 11824
5 2111 4558 6110 11825
5 2691 4689 8752 11826
5 860 5147 5740 11827
5 7226 1217 9022 11828
5 1842 4626 5813 11829
5 4136 4666 8829 11830
5 3324 5281 6111 11831
5 5529 584 9216 11832
5 5147 2080 5740 11833
5 2279 4216 6743 11834
5 3148 5984 7851 11835
5 827 4097 8778 11836
5 5840 8330 9307 11837
5 2328 4089 7978 11838
5 2091 6492 6664 11839
5 4392 413 6235 11840
5 2119 4634 7224 11841
5 6327 3415 8190 11842
5 673 6327 8190 11843
5 4330 729 6393 11844
5 5333 2276 9041 11845
5 4297 573 6475 11846
5 4093 471 7970 11847
5 6991 467 7916 11848
5 344 345 7126 11849
5 2549 5836 7981 11850
5 4093 1662 7949 11851
5 3598 6991 7916 11852
5 4986 1557 6152 11853
5 1024 6302 7612 11854
5 1900 4200 6807 11855
5 4916 2975 7479 11856
5 2041 6391 7042 11857
5 2104 4921 8944 11858
5 620 4671 5768 11859
5 5528 2058 6900 11860
5 5731 539 8740 11861
5 16 17 5694 11862
5 3530 6141 6793 11863
5 1593 5700 8111 11864
5 1399 4112 8565 11865
5 5700 3231 8111 11866
5 1833 4455 8856 11867
5 1575 5162 6920 11868
5 2971 6000 8215 11869
5 4316 1439 6441 11870
5 5162 2428 6920 11871
5 4605 1539 5866 11872
5 4985 3922 9110 11873
5 444 4099 7565 11874
5 4129 728 7218 11875
5 6311 2010 8016 11876
5 2810 6914 7085 11877
5 3462 4818 7041 11878
5 2485 7209 8953 11879
5 1798 4450 6150 11880
5 4703 896 6280 11881
5 1756 5688 8853 11882
5 755 6667 9092 11883
5 5522 534 6965 11884
5 1422 4147 8603 11885
5 5129 6622 8578 11886
5 4181 7371 8037 11887
5 270 271 6831 11888
5 6708 2805 8871 11889
5 4575 934 5923 11890
5 601 5191 7718 11891
5 2362 7244 7917 11892
5 1991 4198 8127 11893
5 4097 1296 7689 11894
5 511 4414 6415 11895
5 1047 6316 6485 11896
5 6316 2739 6485 11897
5 4445 1072 6444 11898
5 4784 357 6642 11899
5 7772 5044 8520 11900
5 976 4164 7019 11901
5 4734 1652 8309 11902
5 3370 5534 8948 11903
5 1968 4445 6444 11904
5 6868 2477 7194 11905
5 4131 1015 7261 11906
5 1700 5094 5403 11907
5 1517 4105 7592 11908
5 4534 1821 8226 11909
5 328 329 6507 11910
5 1352 4118 8568 11911
5 6353 2107 6960 11912
5 1956 4458 6392 11913
5 4458 667 6392 11914
5 2519 7746 8545 11915
5 4908 804 7364 11916
5 5708 3100 9014 11917
5 376 377 6748 11918
5 4458 1956 6962 11919
5 1123 5842 8122 11920
5 2152 6257 6791 11921
5 6552 1096 7037 11922
5 1847 4407 9178 11923
5 3066 6552 7037 11924
5 5978 381 6036 11925
5 2490 5978 6036 11926
5 4127 2862 8693 11927
5 232 233 5722 11928
5 4099 444 7883 11929
5 914 5703 6099 11930
5 5703 2378 6099 11931
5 3158 4119 8493 11932
5 4577 1309 9262 11933
5 4662 1068 5928 11934
5 4706 423 6515 11935
5 515 4584 7899 11936
5 2542 4460 6155 11937
5 665 4124 8649 11938
5 2262 4150 8420 11939
5 5768 1766 9127 11940
5 617 4171 8516 11941
5 6359 992 6412 11942
5 3004 4646 7848 11943
5 6372 5027 9118 11944
5 2714 6359 6412 11945
5 5734 1989 8795 11946
5 4106 1937 7821 11947
5 4435 4986 8019 11948
5 984 5448 7676 11949
5 1054 6124 6693 11950
5 2003 5782 6200 11951
5 5906 3545 8210 11952
5 2062 5794 6455 11953
5 4112 890 8812 11954
5 2461 5662 6715 11955
5 4688 2024 5808 11956
5 6124 2745 6693 11957
5 5782 2444 6200 11958
5 792 4583 8179 11959
5 2021 5359 5507 11960
5 5359 2078 5507 11961
5 3750 8813 8908 11962
5 105 106 7287 11963
5 297 298 9017 11964
5 5399 1511 8591 11965
5 900 4179 9245 11966
5 2199 4241 6752 11967
5 4179 2549 9245 11968
5 80 81 5734 11969
5 1827 4185 9289 11970
5 142 4119 8064 11971
5 3260 5651 9297 11972
5 5841 1116 8032 11973
5 5017 107 7332 11974
5 2475 5017 7332 11975
5 2744 7500 8648 11976
5 7475 2880 7919 11977
5 1749 4594 5939 11978
5 532 4111 9042 11979
5 932 5801 7415 11980
5 5801 2911 7415 11981
5 2949 6256 7398 11982
5 2709 5965 6943 11983
5 2461 4584 7856 11984
5 2137 6206 6403 11985
5 5181 827 6655 11986
5 4584 1925 7856 11987
5 2500 4807 8343 11988
5 4475 1977 6458 11989
5 2778 4122 8367 11990
5 954 4475 6458 11991
5 3893 5687 9079 11992
5 4859 3355 8350 11993
5 5178 1883 6551 11994
5 5778 5331 9330 11995
5 4475 1854 6160 11996
5 1518 4963 8947 11997
5 5282 1910 7264 11998
5 3679 6669 9328 11999
5 554 5091 7535 12000
5 3041 7667 7967 12001
5 485 6073 8972 12002
5 5101 2682 6703 12003
5 2284 6682 7416 12004
5 7858 3048 8726 12005
5 740 4640 5903 12006
5 3440 5188 8139 12007
5 278 279 6243 12008
5 2230 6978 7509 12009
5 6464 3339 7973 12010
5 4116 1600 8168 12011
5 3407 4544 6042 12012
5 2516 5028 7043 12013
5 2173 5081 6339 12014
5 5081 2583 6339 12015
5 4151 1755 7258 12016
5 4544 497 6042 12017
5 3064 5569 8187 12018
5 4123 595 8370 12019
5 5028 1528 7043 12020
5 1929 5609 6817 12021
5 2928 7429 7549 12022
5 5569 1506 8187 12023
5 1646 4706 5807 12024
5 4763 1996 6101 12025
5 426 4763 6101 12026
5 1631 4320 8049 12027
5 292 4117 8192 12028
5 2893 7518 8496 12029
5 390 6279 8906 12030
5 1514 4297 6632 12031
5 6938 2293 7093 12032
5 4263 1893 7643 12033
5 1089 6557 7956 12034
5 4151 783 8847 12035
5 2009 4416 7655 12036
5 4340 1468 9058 12037
5 2648 5202 9031 12038
5 4147 2428 9272 12039
5 423 4444 7376 12040
5 4444 2207 7376 12041
5 1944 5653 6659 12042
5 988 4695 5968 12043
5 5297 1864 8782 12044
5 488 4987 8861 12045
5 2110 6031 6287 12046
5 6279 3584 8906 12047
5 663 4252 6782 12048
5 721 6244 8423 12049
5 4731 2067 6396 12050
5 4194 5324 9032 12051
5 4256 2053 9072 12052
5 7944 3770 9253 12053
5 946 4731 6396 12054
5 4198 1991 7375 12055
5 1528 4199 7043 12056
5 7725 3106 9216 12057
5 4686 780 5880 12058
5 4912 824 5915 12059
5 2013 4912 5915 12060
5 2523 6274 7744 12061
5 5576 2919 8286 12062
5 1418 4285 6696 12063
5 4810 2481 9033 12064
5 2488 4914 6568 12065
5 3325 5134 8281 12066
5 7390 950 8498 12067
5 732 4146 7432 12068
5 938 4366 8731 12069
5 3500 5381 7331 12070
5 2414 4999 6121 12071
5 4306 1869 6666 12072
5 1785 5605 7080 12073
5 4914 1509 6568 12074
5 5499 1167 7861 12075
5 4926 995 6762 12076
5 6002 3098 8906 12077
5 5707 3106 7886 12078
5 4126 2209 7904 12079
5 4828 1892 6035 12080
5 5436 2074 5742 12081
5 6462 2060 7144 12082
5 4434 861 9143 12083
5 2010 4662 5928 12084
5 5959 2427 7252 12085
5 2450 4717 6306 12086
5 411 4186 8186 12087
5 4186 2276 8186 12088
5 4133 1054 8274 12089
5 382 4483 6190 12090
5 4130 1219 7962 12091
5 2603 6541 8512 12092
5 3050 5630 8580 12093
5 74 4525 6660 12094
5 4525 2051 6660 12095
5 1996 4763 5772 12096
5 1881 5305 8530 12097
5 4775 650 5925 12098
5 894 4320 6643 12099
5 2298 7436 7581 12100
5 6599 3339 7859 12101
5 751 4224 8880 12102
5 4620 2718 8154 12103
5 2017 4620 8154 12104
5 2988 8067 8999 12105
5 1831 4889 8846 12106
5 5627 7566 9322 12107
5 591 6839 8406 12108
5 1435 4375 6457 12109
5 4987 1554 8875 12110
5 5028 2820 9296 12111
5 2382 5613 8163 12112
5 6199 2593 6972 12113
5 319 320 6436 12114
5 4238 3133 6931 12115
5 1143 5750 7468 12116
5 5750 2895 7468 12117
5 6772 1145 8367 12118
5 4204 2181 8068 12119
5 4136 1424 8045 12120
5 5138 2451 6356 12121
5 1184 5138 6356 12122
5 2073 4158 7832 12123
5 3233 4140 8323 12124
5 4552 678 6186 12125
5 4689 1446 8752 12126
5 721 4173 8950 12127
5 6465 2426 7296 12128
5 2334 4552 6186 12129
5 6506 4456 8915 12130
5 5209 952 7282 12131
5 6775 1208 8340 12132
5 2326 5128 6767 12133
5 4170 965 8897 12134
5 2501 4562 8679 12135
5 5128 1004 6767 12136
5 2689 6178 6603 12137
5 6178 2202 6603 12138
5 785 4512 7944 12139
5 4292 444 6727 12140
5 4535 3050 6334 12141
5 6906 2990 7225 12142
5 4875 1488 8848 12143
5 1200 5713 8854 12144
5 1820 4246 6917 12145
5 2176 5565 6811 12146
5 772 4243 6930 12147
5 4191 2297 9135 12148
5 4228 1987 8872 12149
5 842 4773 6277 12150
5 4165 2311 7396 12151
5 4773 2041 6277 12152
5 4745 964 8895 12153
5 1895 6387 8330 12154
5 963 6443 6806 12155
5 1987 4228 8770 12156
5 1847 4304 8905 12157
5 5592 2144 6227 12158
5 2051 4442 9162 12159
5 1708 5021 6661 12160
5 2944 4156 8670 12161
5 386 6087 9136 12162
5 4366 1471 6523 12163
5 2061 4934 6959 12164
5 3782 8421 8450 12165
5 4414 1879 6415 12166
5 4283 2506 7070 12167
5 4710 2122 6565 12168
5 806 4710 6565 12169
5 7996 1161 8488 12170
5 914 4453 6335 12171
5 3947 6288 8216 12172
5 6227 1000 6679 12173
5 510 8992 9026 12174
5 2753 8047 9223 12175
5 4145 2416 7911 12176
5 2955 4970 9163 12177
5 6050 3236 9193 12178
5 2178 6901 7417 12179
5 4498 1862 9304 12180
5 4329 1923 7192 12181
5 4781 2730 6027 12182
5 4620 866 7969 12183
5 5601 722 8131 12184
5 2737 8709 8948 12185
5 5134 825 8281 12186
5 4186 2085 7474 12187
5 4153 1508 7953 12188
5 2191 4153 7953 12189
5 4442 2051 6835 12190
5 1105 4442 6835 12191
5 6194 939 8989 12192
5 4766 2054 6345 12193
5 4376 869 6949 12194
5 563 4766 6345 12195
5 8132 2918 8289 12196
5 989 5998 7717 12197
5 858 4781 6027 12198
5 1611 4629 6034 12199
5 5709 2280 5859 12200
5 1971 5709 5859 12201
5 4162 2447 7498 12202
5 5147 2232 7987 12203
5 6244 3361 8423 12204
5 5883 2344 7415 12205
5 2911 5883 7415 12206
5 928 6955 8910 12207
5 6955 3968 8910 12208
5 4802 1871 6713 12209
5 5945 2865 6712 12210
5 5560 3018 8118 12211
5 1004 5560 8118 12212
5 4156 1181 7584 12213
5 2510 5272 6134 12214
5 2644 4637 6606 12215
5 6594 1807 9002 12216
5 4464 2178 6476 12217
5 1151 6410 7622 12218
5 799 4464 6476 12219
5 645 4930 6403 12220
5 4930 2137 6403 12221
5 220 6479 7152 12222
5 2156 6224 6508 12223
5 5401 751 7901 12224
5 6391 2853 7042 12225
5 614 4521 7384 12226
5 4521 2242 7384 12227
5 67 68 8609 12228
5 4947 3632 8048 12229
5 240 4372 6954 12230
5 6410 3209 7622 12231
5 838 5039 5684 12232
5 5039 2904 5684 12233
5 2780 8026 9009 12234
5 5164 2026 5681 12235
5 972 5164 5681 12236
5 815 4332 7049 12237
5 5568 3075 8489 12238
5 6539 2704 7034 12239
5 3118 4166 8634 12240
5 6104 993 7064 12241
5 6543 2035 7365 12242
5 4324 1546 6733 12243
5 3040 6104 7064 12244
5 4446 802 8000 12245
5 5204 2332 7283 12246
5 4402 1967 6507 12247
5 7149 2027 8409 12248
5 4483 1489 8712 12249
5 4500 1708 6269 12250
5 4597 1975 6161 12251
5 281 5170 8199 12252
5 5162 1575 8514 12253
5 2428 5692 6920 12254
5 1546 5083 6733 12255
5 4687 2139 6802 12256
5 1307 4222 9235 12257
5 2171 4184 7456 12258
5 940 4687 6802 12259
5 4660 762 8002 12260
5 4236 1804 9100 12261
5 5357 2264 6191 12262
5 2808 5348 8544 12263
5 2887 5236 6668 12264
5 2520 4345 8822 12265
5 4345 1556 8822 12266
5 3018 5601 8131 12267
5 996 5767 6799 12268
5 5898 2361 5942 12269
5 1925 5898 5942 12270
5 8301 3233 8323 12271
5 2620 5455 7207 12272
5 490 4195 7504 12273
5 5523 3990 8018 12274
5 5455 1073 7207 12275
5 4168 619 7645 12276
5 4158 659 7832 12277
5 6384 2032 8450 12278
5 1029 6615 6715 12279
5 5170 282 8517 12280
5 6267 2362 7917 12281
5 7034 2704 8055 12282
5 2088 4215 9118 12283
5 7371 1204 8037 12284
5 1759 5387 8379 12285
5 5197 268 7958 12286
5 2131 4173 8657 12287
5 422 4198 7375 12288
5 5329 1645 8940 12289
5 1279 5155 6422 12290
5 5155 2225 6422 12291
5 4790 629 5955 12292
5 4219 1066 9123 12293
5 2499 4790 5955 12294
5 2324 4661 6336 12295
5 2075 4202 7371 12296
5 4196 843 7400 12297
5 113 4457 7352 12298
5 4457 2356 7352 12299
5 4645 2483 7259 12300
5 4177 1455 7626 12301
5 5536 3952 7559 12302
5 2029 4459 7206 12303
5 155 5226 7705 12304
5 6244 721 8950 12305
5 6317 1567 9044 12306
5 3254 6214 8704 12307
5 1679 4795 5838 12308
5 2940 5468 8497 12309
5 4604 1881 6149 12310
5 4347 1888 7934 12311
5 1475 4161 7977 12312
5 3055 7826 9190 12313
5 4163 2619 8022 12314
5 1872 4526 7463 12315
5 6099 2378 7378 12316
5 1429 4180 8610 12317
5 339 340 6293 12318
5 4253 2356 8430 12319
5 1284 4253 8430 12320
5 4643 2540 8325 12321
5 1043 4643 8325 12322
5 5225 1581 7109 12323
5 2624 7234 8739 12324
5 4762 784 5906 12325
5 4823 2806 7440 12326
5 222 223 7573 12327
5 296 4422 7516 12328
5 1507 4965 8327 12329
5 6753 630 8557 12330
5 5060 1473 6524 12331
5 2108 5416 5615 12332
5 3240 7109 7785 12333
5 5416 2071 5615 12334
5 5353 2798 5546 12335
5 1751 5353 5546 12336
5 2127 4371 7272 12337
5 4371 811 7272 12338
5 3548 6926 8097 12339
5 2713 5626 5806 12340
5 5626 1714 5806 12341
5 4422 296 9194 12342
5 7420 516 8949 12343
5 6577 1342 9303 12344
5 14 5675 7456 12345
5 3677 6753 8557 12346
5 91 92 8842 12347
5 6200 992 8624 12348
5 6926 2968 8097 12349
5 4289 1958 8660 12350
5 5141 1708 6661 12351
5 2529 5013 6865 12352
5 6171 2772 8070 12353
5 4400 691 6605 12354
5 7085 2227 8516 12355
5 6269 1708 7494 12356
5 4375 864 7955 12357
5 3007 7964 8194 12358
5 799 4685 6070 12359
5 2193 7290 7830 12360
5 5153 2667 8967 12361
5 1654 5119 5702 12362
5 2294 5630 6499 12363
5 4310 1814 6906 12364
5 1762 6122 6967 12365
5 5611 2138 6781 12366
5 5241 150 7824 12367
5 5405 2287 9234 12368
5 443 5140 6226 12369
5 4279 2474 7013 12370
5 4215 971 9118 12371
5 5140 2608 6226 12372
5 4443 1568 6499 12373
5 4565 3316 7819 12374
5 939 7071 8989 12375
5 3441 8842 9195 12376
5 3357 6701 7763 12377
5 2371 4417 6580 12378
5 4463 2032 7564 12379
5 2592 4278 7047 12380
5 6701 2244 7763 12381
5 4541 1914 6490 12382
5 1446 4200 8752 12383
5 4840 1917 6094 12384
5 2574 4797 6389 12385
5 7467 547 7868 12386
5 1495 5261 8385 12387
5 2585 7984 9157 12388
5 1986 4844 5829 12389
5 2229 4181 8037 12390
5 830 5960 9201 12391
5 5496 962 7505 12392
5 1883 5178 5556 12393
5 2378 4182 8032 12394
5 7687 4008 8793 12395
5 4674 2584 7345 12396
5 5055 2967 8898 12397
5 5426 1737 5428 12398
5 2647 5426 5428 12399
5 149 5241 8035 12400
5 4356 475 7414 12401
5 1718 5209 7282 12402
5 2151 4356 7414 12403
5 5949 4922 7992 12404
5 6085 943 8006 12405
5 5755 1971 6253 12406
5 1003 5055 8898 12407
5 1103 6234 8154 12408
5 261 262 5996 12409
5 4205 2252 9281 12410
5 4682 1696 6117 12411
5 5071 1520 6065 12412
5 2477 5071 6065 12413
5 5450 1060 8623 12414
5 4653 808 6172 12415
5 5218 1718 7282 12416
5 2301 5442 7502 12417
5 5442 2757 7502 12418
5 4293 592 7020 12419
5 1489 4484 6409 12420
5 3235 5723 8593 12421
5 5723 1749 8593 12422
5 6845 5569 9151 12423
5 2656 6228 8534 12424
5 4554 1873 6308 12425
5 573 4297 7010 12426
5 5259 2188 7887 12427
5 6856 947 7526 12428
5 6266 2780 6940 12429
5 691 4680 6605 12430
5 3113 5386 7822 12431
5 957 4326 6903 12432
5 1469 5157 7891 12433
5 4680 2069 6605 12434
5 5030 2305 8345 12435
5 2060 6511 8722 12436
5 1941 5669 7534 12437
5 5624 545 6630 12438
5 2287 5405 7088 12439
5 1975 5169 6161 12440
5 1898 5320 7703 12441
5 2900 4210 8747 12442
5 1543 5166 6508 12443
5 206 207 6012 12444
5 5982 3425 8834 12445
5 2250 6596 7687 12446
5 1030 5982 8834 12447
5 5448 2696 7676 12448
5 3486 6244 8950 12449
5 4725 1913 6290 12450
5 4653 1480 9021 12451
5 3041 4832 7667 12452
5 1145 6772 7772 12453
5 6315 2653 7637 12454
5 213 214 6019 12455
5 429 6391 8344 12456
5 2022 4455 6527 12457
5 6043 900 9245 12458
5 6772 3384 7772 12459
5 5290 872 6153 12460
5 3025 5290 6153 12461
5 1319 4220 8814 12462
5 3951 7420 8949 12463
5 633 5877 6456 12464
5 2590 6370 7932 12465
5 854 4191 9135 12466
5 5451 2886 8546 12467
5 5877 2504 6456 12468
5 40 41 6025 12469
5 2389 6292 7706 12470
5 3097 4229 8942 12471
5 4602 6366 8927 12472
5 924 4190 8087 12473
5 2341 4624 7719 12474
5 2709 6723 8815 12475
5 1361 7687 8793 12476
5 7334 2438 8464 12477
5 802 4513 8000 12478
5 4624 695 7719 12479
5 4317 959 6982 12480
5 5334 1896 8147 12481
5 4919 2960 8655 12482
5 7485 2286 8708 12483
5 5368 857 5479 12484
5 2573 5368 5479 12485
5 6169 830 9201 12486
5 4784 2813 8931 12487
5 4379 1362 8595 12488
5 2195 4292 7079 12489
5 4970 1513 9163 12490
5 1135 6850 8254 12491
5 4915 1592 8294 12492
5 4261 2373 7248 12493
5 6183 981 6874 12494
5 5791 2897 9200 12495
5 2785 6183 6874 12496
5 5041 2244 6701 12497
5 558 5041 6701 12498
5 356 4784 8931 12499
5 5375 765 8272 12500
5 5460 1502 7238 12501
5 1986 4321 8902 12502
5 1417 4217 8711 12503
5 5165 1934 6191 12504
5 1899 4651 6461 12505
5 2265 4904 6954 12506
5 1090 4533 6387 12507
5 4904 239 6954 12508
5 1959 5629 6818 12509
5 979 4713 6163 12510
5 4713 1947 6163 12511
5 6352 3627 9282 12512
5 1996 4354 6957 12513
5 4200 921 9309 12514
5 3268 5424 7665 12515
5 2153 4219 9123 12516
5 4337 1575 6920 12517
5 1789 5248 6877 12518
5 2276 6644 9041 12519
5 4262 748 8402 12520
5 2640 5681 7054 12521
5 1883 5556 8702 12522
5 4217 2147 8711 12523
5 4530 538 7023 12524
5 7340 386 9136 12525
5 4221 2797 9011 12526
5 1711 4236 7499 12527
5 7129 3298 9250 12528
5 835 4448 7570 12529
5 4498 506 7195 12530
5 423 4706 6126 12531
5 5457 2087 5668 12532
5 63 64 6069 12533
5 2117 5457 5668 12534
5 5574 2181 7253 12535
5 1882 4766 7150 12536
5 2271 4257 8166 12537
5 4257 908 8166 12538
5 2746 7582 8481 12539
5 1911 5472 8167 12540
5 1939 4606 6296 12541
5 2510 6697 9027 12542
5 2182 4275 7808 12543
5 4275 1185 7808 12544
5 5423 526 6041 12545
5 4580 2016 6341 12546
5 2077 6249 6785 12547
5 5072 1621 7560 12548
5 967 4227 7669 12549
5 4228 408 8770 12550
5 1039 4437 6641 12551
5 5304 247 8397 12552
5 2172 4985 7266 12553
5 1864 5956 8782 12554
5 4232 1409 7629 12555
5 1947 4713 9220 12556
5 4727 2216 7121 12557
5 5154 1717 5650 12558
5 1016 4727 7121 12559
5 2971 5399 8591 12560
5 4352 763 6898 12561
5 2030 4387 7681 12562
5 5521 2590 6455 12563
5 4936 1857 6970 12564
5 4430 1569 7756 12565
5 6771 3606 8900 12566
5 3372 4910 5861 12567
5 5305 177 8683 12568
5 2667 4242 8967 12569
5 4739 513 6112 12570
5 2515 4252 9131 12571
5 4267 2584 9269 12572
5 4252 663 9131 12573
5 4280 1733 7238 12574
5 4426 1927 7955 12575
5 5221 2466 5597 12576
5 1001 5033 6502 12577
5 9017 3576 9194 12578
5 855 4405 8672 12579
5 2220 6313 6517 12580
5 221 222 8157 12581
5 1867 4867 9292 12582
5 3119 4727 7299 12583
5 4220 2309 8814 12584
5 893 5411 7672 12585
5 6456 2504 8219 12586
5 658 4574 6381 12587
5 1622 5604 8419 12588
5 2621 4233 8741 12589
5 4994 2331 5946 12590
5 1824 4602 6337 12591
5 2451 4947 8048 12592
5 528 6288 9328 12593
5 6288 3679 9328 12594
5 6446 2688 6448 12595
5 1949 6446 6448 12596
5 2329 5847 7665 12597
5 5808 2024 6053 12598
5 4232 793 8349 12599
5 2078 5359 7341 12600
5 4741 79 9275 12601
5 3020 4741 9275 12602
5 6049 559 7879 12603
5 809 4960 7810 12604
5 1363 6631 8238 12605
5 5566 1358 5727 12606
5 2161 5566 5727 12607
5 601 7718 8482 12608
5 5269 2263 9236 12609
5 4230 2773 7804 12610
5 4369 593 8335 12611
5 2431 6082 6113 12612
5 2376 4369 8335 12613
5 3175 5269 9236 12614
5 6082 2188 6113 12615
5 2855 4532 8799 12616
5 4532 943 8799 12617
5 6218 1946 8465 12618
5 254 4271 7397 12619
5 5994 1940 8942 12620
5 2824 5981 8625 12621
5 7600 5718 8488 12622
5 1532 5783 7881 12623
5 2843 5375 7949 12624
5 4239 506 8768 12625
5 1057 4555 9287 12626
5 4555 2747 9287 12627
5 1992 4428 9096 12628
5 5527 457 7697 12629
5 6021 1069 8043 12630
5 5886 1941 7534 12631
5 5781 1972 6419 12632
5 3141 6021 8043 12633
5 2806 5527 7697 12634
5 4804 1821 6238 12635
5 6179 1963 7260 12636
5 4255 873 9037 12637
5 3299 6089 8396 12638
5 6089 656 8396 12639
5 4906 1954 5911 12640
5 978 4241 7965 12641
5 4916 2258 7737 12642
5 4241 2199 7965 12643
5 8507 2510 9027 12644
5 1018 6266 6940 12645
5 2773 4230 8571 12646
5 1979 5007 6058 12647
5 2365 6126 7319 12648
5 4951 984 6635 12649
5 4524 1915 7373 12650
5 4570 2369 7947 12651
5 855 4570 7947 12652
5 2509 6298 8612 12653
5 2538 4229 8232 12654
5 5521 896 5772 12655
5 1683 4906 5911 12656
5 4727 2764 7299 12657
5 1366 4493 9315 12658
5 538 4587 7023 12659
5 4233 2659 9070 12660
5 76 5365 9170 12661
5 1538 5152 7611 12662
5 2413 6231 9219 12663
5 1625 6724 8852 12664
5 2565 6011 6468 12665
5 2210 4418 7671 12666
5 6873 2675 9094 12667
5 6011 791 6468 12668
5 4385 625 6893 12669
5 4418 1478 7671 12670
5 5022 2052 5794 12671
5 5098 556 7370 12672
5 223 224 6537 12673
5 170 171 6162 12674
5 677 5909 6694 12675
5 1632 4507 6538 12676
5 531 4541 6490 12677
5 4242 1188 8700 12678
5 4993 771 9225 12679
5 5909 2567 6694 12680
5 2152 4232 8349 12681
5 2134 6361 7009 12682
5 2460 4850 7794 12683
5 4850 1034 7794 12684
5 6361 2880 7009 12685
5 4748 2115 6154 12686
5 6354 2629 8357 12687
5 832 4972 5876 12688
5 2448 4833 6246 12689
5 979 6163 6497 12690
5 6163 2580 6497 12691
5 4711 1877 6213 12692
5 6667 2383 8205 12693
5 3452 6667 8205 12694
5 308 309 8607 12695
5 2067 4598 6396 12696
5 4713 1946 6218 12697
5 5113 1926 7964 12698
5 6175 703 8967 12699
5 4305 1769 7277 12700
5 5280 1911 7351 12701
5 71 72 7377 12702
5 2069 4747 6889 12703
5 2562 4263 9030 12704
5 6779 1117 8321 12705
5 2580 4241 7908 12706
5 4270 2229 8037 12707
5 705 4391 6907 12708
5 5985 1809 5986 12709
5 2864 5985 5986 12710
5 4372 2265 6954 12711
5 4749 1278 6173 12712
5 1204 4270 8037 12713
5 1501 4530 8588 12714
5 5486 401 7722 12715
5 2314 7400 8029 12716
5 7440 2806 7698 12717
5 2635 4478 6638 12718
5 5664 1937 9012 12719
5 1997 4373 7145 12720
5 744 4590 6812 12721
5 1414 4281 9276 12722
5 865 4933 7200 12723
5 4746 1980 6283 12724
5 1445 4746 6283 12725
5 5160 975 6933 12726
5 1822 5406 7090 12727
5 2338 5160 6933 12728
5 1483 4502 8017 12729
5 6454 2072 8082 12730
5 918 4373 7256 12731
5 2105 4275 7517 12732
5 782 4363 7120 12733
5 1684 4666 6323 12734
5 743 4828 6035 12735
5 4514 806 6565 12736
5 6279 390 6781 12737
5 4363 2046 7120 12738
5 1141 4329 7192 12739
5 953 6843 8606 12740
5 2853 6867 6892 12741
5 4248 3203 8719 12742
5 565 4279 7476 12743
5 2042 5548 6787 12744
5 832 4349 7093 12745
5 8258 6043 9245 12746
5 4592 6241 8552 12747
5 5389 1789 6877 12748
5 7290 3405 7830 12749
5 5161 2829 8400 12750
5 625 4416 6893 12751
5 2107 4384 6960 12752
5 1070 5161 8400 12753
5 3065 7374 7983 12754
5 4629 1611 7596 12755
5 2445 5595 5596 12756
5 5595 1825 5596 12757
5 4416 2009 6893 12758
5 5172 1800 5705 12759
5 2364 5369 6714 12760
5 2229 4270 8917 12761
5 4247 738 7888 12762
5 7317 3597 7867 12763
5 5410 1667 7292 12764
5 380 7317 7867 12765
5 5369 1801 6714 12766
5 5824 612 7045 12767
5 3046 7795 8980 12768
5 1908 4625 7504 12769
5 4243 1375 8664 12770
5 6272 2586 7448 12771
5 4295 740 7405 12772
5 998 4902 6896 12773
5 8256 47 8531 12774
5 4902 2218 6896 12775
5 444 4292 7883 12776
5 5304 1935 6854 12777
5 4292 2195 7883 12778
5 1174 5989 8758 12779
5 5989 3361 8758 12780
5 1376 4247 7892 12781
5 2958 5382 6886 12782
5 5089 931 6639 12783
5 2212 5089 6639 12784
5 6670 2872 8897 12785
5 2196 4303 7388 12786
5 5916 3387 6807 12787
5 1663 4771 6176 12788
5 5151 443 6226 12789
5 2575 6560 7330 12790
5 1950 4447 6947 12791
5 5073 2697 5803 12792
5 5455 1920 8675 12793
5 6874 2786 9109 12794
5 2129 5151 6226 12795
5 840 4357 8381 12796
5 4811 1902 6105 12797
5 4556 1501 8588 12798
5 4451 1482 6783 12799
5 4357 2359 8381 12800
5 4247 1894 8248 12801
5 4774 1225 7679 12802
5 3214 4774 7679 12803
5 5051 3443 7279 12804
5 7663 4976 8852 12805
5 3007 5113 7964 12806
5 2819 5979 8432 12807
5 1683 5673 8764 12808
5 5991 2839 7491 12809
5 781 4466 9220 12810
5 871 8485 8708 12811
5 4283 421 9112 12812
5 2506 4283 9112 12813
5 49 50 7857 12814
5 4277 2721 8971 12815
5 5923 934 6400 12816
5 2000 4527 7161 12817
5 634 4250 8412 12818
5 3562 8480 9018 12819
5 1756 5078 5815 12820
5 4786 5977 9050 12821
5 7301 2217 8536 12822
5 4279 565 9038 12823
5 2474 4279 9038 12824
5 4269 2496 8773 12825
5 2484 4359 8236 12826
5 1861 5714 8254 12827
5 5797 2464 6254 12828
5 946 5797 6254 12829
5 2157 5811 8503 12830
5 4295 2535 9230 12831
5 1604 4295 9230 12832
5 884 4840 6094 12833
5 2167 4259 9274 12834
5 1934 5357 6191 12835
5 1050 4719 7659 12836
5 5471 1931 8707 12837
5 918 4725 6290 12838
5 90 91 7248 12839
5 1671 5137 7627 12840
5 4260 746 8174 12841
5 4264 3075 8542 12842
5 5524 1822 7090 12843
5 5468 412 8497 12844
5 4278 1032 7811 12845
5 2909 4839 9305 12846
5 638 5309 7459 12847
5 4839 515 9305 12848
5 4801 1571 8371 12849
5 3232 4307 9279 12850
5 432 6685 7187 12851
5 5220 1796 5717 12852
5 5757 2125 6233 12853
5 7477 1253 7900 12854
5 3689 7477 7900 12855
5 335 5351 7388 12856
5 2348 5757 6233 12857
5 954 6458 7499 12858
5 8813 2551 8908 12859
5 1546 4324 7419 12860
5 1504 4268 8209 12861
5 742 4345 7361 12862
5 1352 4273 8042 12863
5 2019 4398 7049 12864
5 5163 1601 8864 12865
5 2968 5163 8864 12866
5 5201 450 8233 12867
5 921 6051 7923 12868
5 5770 2362 6267 12869
5 1119 5770 6267 12870
5 930 6351 7957 12871
5 1252 4994 5946 12872
5 430 7731 9184 12873
5 4398 2059 7178 12874
5 3180 4315 9302 12875
5 2244 4996 6598 12876
5 1499 4301 9128 12877
5 4311 2135 7616 12878
5 1227 4311 7616 12879
5 4996 826 6598 12880
5 409 7054 9229 12881
5 1931 5553 8707 12882
5 5128 2326 6028 12883
5 859 4309 8155 12884
5 6409 4484 7915 12885
5 2799 4732 6320 12886
5 3532 7028 8126 12887
5 2464 6056 6345 12888
5 4309 2262 8155 12889
5 7109 2471 7785 12890
5 840 7426 7890 12891
5 6056 563 6345 12892
5 7028 2300 8126 12893
5 5275 2642 6420 12894
5 2184 5275 6420 12895
5 4582 1808 6585 12896
5 4012 6674 9316 12897
5 2262 4309 7595 12898
5 4287 5239 8279 12899
5 2265 4372 7620 12900
5 5103 1707 5905 12901
5 5833 1861 8254 12902
5 2123 8091 8783 12903
5 5122 757 8582 12904
5 1950 4489 8659 12905
5 5606 2918 8132 12906
5 2923 5077 5887 12907
5 7732 2328 9312 12908
5 1067 4398 7817 12909
5 2597 6302 8197 12910
5 2734 5857 7098 12911
5 5857 2318 7098 12912
5 6679 1000 8998 12913
5 4684 73 6660 12914
5 5194 1671 7627 12915
5 7752 2648 9031 12916
5 5303 2146 6686 12917
5 2251 6325 7976 12918
5 6188 1883 8702 12919
5 2574 6389 6933 12920
5 5294 2907 6760 12921
5 7105 1255 8786 12922
5 4363 1382 8027 12923
5 6998 2223 7268 12924
5 1914 4541 6705 12925
5 4649 2082 6853 12926
5 3227 6998 7268 12927
5 5321 2781 7668 12928
5 1012 4649 6853 12929
5 3946 5589 8141 12930
5 3208 5049 6491 12931
5 2455 4512 8469 12932
5 4512 1430 8469 12933
5 1000 8541 8998 12934
5 2977 6057 7638 12935
5 3489 5322 7860 12936
5 6057 2434 7638 12937
5 4282 1202 8050 12938
5 7054 3911 9229 12939
5 4488 2272 7814 12940
5 922 4488 7814 12941
5 2177 4379 7734 12942
5 2190 6741 7496 12943
5 6741 3213 7496 12944
5 5890 2534 8346 12945
5 66 67 6625 12946
5 765 5882 8272 12947
5 4379 852 7734 12948
5 4415 3060 7068 12949
5 1362 4284 8595 12950
5 4489 1950 6947 12951
5 4405 2454 8728 12952
5 1371 4405 8728 12953
5 427 4989 6691 12954
5 1883 6010 6551 12955
5 6341 875 6739 12956
5 4959 2670 8415 12957
5 691 4959 8415 12958
5 5504 3286 8677 12959
5 6365 879 7269 12960
5 4887 3035 6678 12961
5 4451 933 8773 12962
5 1960 4488 9233 12963
5 631 4335 9186 12964
5 3402 7123 7124 12965
5 7123 2020 7124 12966
5 2496 4451 8773 12967
5 5058 1209 5984 12968
5 3459 6443 8600 12969
5 6443 963 8600 12970
5 4655 474 8093 12971
5 818 4785 6259 12972
5 8612 6298 9231 12973
5 5074 500 5920 12974
5 4288 637 8025 12975
5 4579 1640 6648 12976
5 4559 3220 7359 12977
5 4619 1483 8017 12978
5 4328 495 7583 12979
5 5035 60 8678 12980
5 2812 5035 8678 12981
5 5709 1971 6471 12982
5 4283 1539 8277 12983
5 5247 2837 6058 12984
5 1619 5247 6058 12985
5 2282 6312 6966 12986
5 730 5418 7849 12987
5 6018 1324 8914 12988
5 3391 6018 8914 12989
5 2473 7246 7358 12990
5 1746 4349 7404 12991
5 877 5150 7454 12992
5 4504 3718 6913 12993
5 4308 514 8976 12994
5 4373 1997 7256 12995
5 3556 6788 8606 12996
5 1100 4287 8279 12997
5 5150 2470 7454 12998
5 4292 1734 8476 12999
5 3476 4944 9025 13000
5 544 4553 7219 13001
5 498 5301 8789 13002
5 6614 2514 7368 13003
5 2596 4315 8206 13004
5 1106 5523 8018 13005
5 7225 2990 8435 13006
5 1974 4740 6374 13007
5 1013 6199 6972 13008
5 501 4891 7163 13009
5 4338 1464 7525 13010
5 4694 839 7909 13011
5 5040 2152 8349 13012
5 3360 5306 9067 13013
5 5347 1820 8635 13014
5 4878 2336 7429 13015
5 1280 4878 7429 13016
5 3544 4314 8987 13017
5 4304 2320 7969 13018
5 812 5267 7313 13019
5 1439 4316 9019 13020
5 1009 4294 8152 13021
5 7029 3614 8359 13022
5 2536 7029 8359 13023
5 3313 7149 8409 13024
5 5794 2052 6280 13025
5 3866 5639 8292 13026
5 1447 4299 8464 13027
5 5618 1837 6478 13028
5 5935 867 6545 13029
5 2681 4913 6553 13030
5 2489 5935 6545 13031
5 6418 1604 9230 13032
5 137 5586 9057 13033
5 1605 4350 7806 13034
5 4984 2872 6670 13035
5 1510 4984 6670 13036
5 210 4299 8229 13037
5 2002 4728 6481 13038
5 105 4495 9273 13039
5 6110 3277 7205 13040
5 6421 2065 9145 13041
5 4519 2660 6788 13042
5 4728 816 6481 13043
5 1926 5341 7964 13044
5 4909 1412 6429 13045
5 2237 4909 6429 13046
5 5789 2482 5790 13047
5 1873 5789 5790 13048
5 6788 953 8606 13049
5 707 5139 7245 13050
5 4656 181 6573 13051
5 5139 2398 7245 13052
5 410 4645 6944 13053
5 827 5003 6028 13054
5 5203 1797 5826 13055
5 1147 7724 7894 13056
5 2492 4300 8405 13057
5 4316 654 9114 13058
5 4307 601 8144 13059
5 8798 3303 8923 13060
5 6600 2243 7438 13061
5 5928 1068 7677 13062
5 1819 4313 8766 13063
5 2225 4323 7874 13064
5 4319 1632 8919 13065
5 4405 1371 8811 13066
5 4150 6023 8420 13067
5 2421 4342 8519 13068
5 662 4669 6558 13069
5 2306 5058 5984 13070
5 131 132 9012 13071
5 2320 4304 8775 13072
5 7999 1396 8172 13073
5 5161 1688 5976 13074
5 2556 5906 8210 13075
5 5538 4028 8290 13076
5 1923 5769 5770 13077
5 5769 2362 5770 13078
5 4321 1332 8902 13079
5 1015 7230 7261 13080
5 766 5599 8827 13081
5 1554 4762 8875 13082
5 4613 514 7293 13083
5 50 4856 7857 13084
5 6478 1504 8209 13085
5 5070 1178 8462 13086
5 5758 1849 6321 13087
5 850 5537 7330 13088
5 3667 6852 9168 13089
5 3989 7732 9312 13090
5 4769 2372 8061 13091
5 5661 2395 8729 13092
5 346 347 7115 13093
5 73 74 6660 13094
5 798 4508 6864 13095
5 5266 740 5903 13096
5 2174 5266 5903 13097
5 533 4346 9331 13098
5 6914 2227 7085 13099
5 5892 2209 6630 13100
5 2496 5892 6630 13101
5 4404 2578 9256 13102
5 4542 3756 8746 13103
5 4807 1638 8343 13104
5 5248 417 6877 13105
5 2051 4525 6835 13106
5 4322 3020 8795 13107
5 1933 5165 7279 13108
5 8546 2886 9110 13109
5 4344 886 9237 13110
5 4314 1494 8303 13111
5 1590 4971 8943 13112
5 108 4477 7332 13113
5 4477 2475 7332 13114
5 1984 5970 5971 13115
5 5970 2349 5971 13116
5 229 230 7748 13117
5 5933 2393 6301 13118
5 937 5933 6301 13119
5 2352 4390 7377 13120
5 5228 657 9069 13121
5 3036 5228 9069 13122
5 626 6105 6534 13123
5 4865 3651 8841 13124
5 1856 4706 6515 13125
5 2029 5922 7232 13126
5 6122 2568 6967 13127
5 3341 4318 8462 13128
5 6631 3242 8238 13129
5 437 4504 6913 13130
5 6570 2528 8540 13131
5 2344 4602 8927 13132
5 819 4871 6248 13133
5 832 5876 7404 13134
5 142 143 8493 13135
5 6928 3070 7035 13136
5 1440 4336 7855 13137
5 2056 6928 7035 13138
5 7252 2427 8292 13139
5 2976 5072 9205 13140
5 4333 2403 8768 13141
5 506 4333 8768 13142
5 6249 2551 6785 13143
5 5072 678 9205 13144
5 1764 5033 6071 13145
5 2551 5031 8908 13146
5 1894 4340 9058 13147
5 5361 3485 7544 13148
5 5797 946 6396 13149
5 1454 4332 8012 13150
5 648 5069 6765 13151
5 4895 1498 7775 13152
5 4742 799 6476 13153
5 2844 5544 7132 13154
5 8346 2534 8401 13155
5 1906 5902 8431 13156
5 3337 4644 6699 13157
5 2696 5448 6278 13158
5 1917 4784 6642 13159
5 4623 1732 6707 13160
5 7604 4104 8819 13161
5 2441 7604 8819 13162
5 359 5958 7263 13163
5 1759 4988 6532 13164
5 6610 3190 7774 13165
5 3643 6680 6852 13166
5 6680 1936 6852 13167
5 4336 3182 8973 13168
5 2041 4874 6277 13169
5 5878 2651 7102 13170
5 549 5878 7102 13171
5 2310 4564 7119 13172
5 4564 325 7119 13173
5 2449 4937 7770 13174
5 6819 1267 8136 13175
5 5750 2472 8193 13176
5 3433 6819 8136 13177
5 4937 1500 7770 13178
5 7730 1112 8494 13179
5 670 5554 8551 13180
5 5554 3034 8551 13181
5 2863 4986 6152 13182
5 458 6486 7301 13183
5 6486 2992 7301 13184
5 4331 854 8201 13185
5 276 277 6493 13186
5 2293 6524 7093 13187
5 898 6339 6483 13188
5 6339 2583 6483 13189
5 2711 5741 5957 13190
5 768 4721 6528 13191
5 3690 6276 7963 13192
5 1142 4797 7455 13193
5 1830 5160 5953 13194
5 4797 2299 7455 13195
5 2287 7628 9234 13196
5 2807 6796 7480 13197
5 5443 851 7633 13198
5 2426 6465 7799 13199
5 6465 3162 7799 13200
5 5374 3463 9265 13201
5 224 225 8633 13202
5 4719 2070 6534 13203
5 4529 3263 7185 13204
5 6469 885 9162 13205
5 7152 2046 8027 13206
5 5047 946 6254 13207
5 2597 8197 8443 13208
5 1999 5339 6436 13209
5 296 297 9194 13210
5 2604 5690 7312 13211
5 2054 5047 6254 13212
5 6767 2736 8456 13213
5 4797 1142 6389 13214
5 1060 4855 6313 13215
5 5129 1627 6703 13216
5 2208 5129 6703 13217
5 2874 5928 7677 13218
5 1196 5629 8754 13219
5 5629 3138 8754 13220
5 1050 7051 7139 13221
5 5348 977 8544 13222
5 4644 2444 6699 13223
5 6226 2608 6681 13224
5 4370 2127 8622 13225
5 7378 2378 8032 13226
5 4567 284 8556 13227
5 5604 2921 8419 13228
5 2129 6226 6681 13229
5 6593 1092 7399 13230
5 5639 1718 8688 13231
5 6867 2213 6892 13232
5 5549 1726 6646 13233
5 5984 3148 8475 13234
5 6593 2104 8944 13235
5 5139 2571 8882 13236
5 7691 2512 7852 13237
5 4754 2521 6482 13238
5 295 296 7516 13239
5 773 4463 7564 13240
5 6850 3191 8254 13241
5 1897 5614 8451 13242
5 4621 720 6745 13243
5 851 5467 7633 13244
5 4654 544 7219 13245
5 5919 2354 6533 13246
5 4662 2010 6689 13247
5 1007 5417 7374 13248
5 5417 2552 7374 13249
5 5177 3741 6784 13250
5 618 4343 8850 13251
5 3065 5023 7374 13252
5 547 5526 7868 13253
5 6014 1906 8431 13254
5 4532 3508 8006 13255
5 6519 2594 6885 13256
5 4342 2403 8123 13257
5 1870 5282 8124 13258
5 1537 4662 6689 13259
5 143 2 7897 13260
5 4517 1986 8902 13261
5 80 5734 9275 13262
5 4344 3305 8129 13263
5 2829 5161 5976 13264
5 600 4520 7980 13265
5 4520 2299 7980 13266
5 4799 1964 6973 13267
5 5594 2364 6714 13268
5 1150 8374 8387 13269
5 48 4334 8531 13270
5 2407 4344 9237 13271
5 7046 2602 7627 13272
5 1946 4713 8171 13273
5 2051 4684 6660 13274
5 4610 1963 8088 13275
5 4668 1847 8905 13276
5 3285 6896 7623 13277
5 6896 2218 7623 13278
5 134 135 8389 13279
5 2116 4911 7114 13280
5 7222 2251 7976 13281
5 4470 941 7177 13282
5 5771 3203 8881 13283
5 4793 568 8971 13284
5 5482 2570 6744 13285
5 2721 4793 8971 13286
5 3699 5549 6646 13287
5 4399 940 7541 13288
5 2499 5955 6639 13289
5 8485 3823 8708 13290
5 5955 2212 6639 13291
5 2073 5436 5742 13292
5 1989 5734 8287 13293
5 5519 1250 7140 13294
5 1162 5782 7906 13295
5 1826 4800 7239 13296
5 2093 6685 7574 13297
5 6685 3164 7574 13298
5 2177 4358 7854 13299
5 5934 2515 8984 13300
5 5946 2331 6363 13301
5 5495 2659 9267 13302
5 3743 5252 8843 13303
5 5735 2242 5736 13304
5 6165 1926 7722 13305
5 239 240 6954 13306
5 2006 5735 5736 13307
5 1373 7068 8283 13308
5 8100 651 8475 13309
5 4090 5298 8547 13310
5 4349 1746 8857 13311
5 1871 4802 7476 13312
5 2933 5884 7134 13313
5 5727 2246 6048 13314
5 5720 3381 7195 13315
5 2161 5727 6048 13316
5 1685 4397 7615 13317
5 1721 4943 8196 13318
5 4943 2547 8196 13319
5 2682 5091 6255 13320
5 5091 554 6255 13321
5 115 116 6581 13322
5 913 4354 8055 13323
5 1907 4530 7023 13324
5 4383 2543 9290 13325
5 925 5115 6531 13326
5 659 4383 9290 13327
5 4359 2484 9084 13328
5 1663 4359 9084 13329
5 144 145 7885 13330
5 2472 7527 8193 13331
5 5227 1100 8022 13332
5 5787 2233 5788 13333
5 3582 6780 8724 13334
5 4528 2804 7033 13335
5 2035 5787 5788 13336
5 6780 477 8724 13337
5 89 5810 8599 13338
5 4655 1922 6761 13339
5 5483 3418 8354 13340
5 4868 1982 6756 13341
5 569 7636 8036 13342
5 2074 5436 5795 13343
5 6546 3167 7773 13344
5 1310 6546 7773 13345
5 4800 1141 7239 13346
5 5690 1080 7312 13347
5 1737 4485 7157 13348
5 1821 4804 6445 13349
5 4366 938 9173 13350
5 2511 4366 9173 13351
5 5312 530 7167 13352
5 3084 6074 9020 13353
5 18 19 6596 13354
5 4379 2177 7854 13355
5 1362 4379 7854 13356
5 1736 4381 7818 13357
5 4422 2468 7516 13358
5 4513 2055 7106 13359
5 5784 1254 8077 13360
5 4506 2558 7101 13361
5 2531 4897 8190 13362
5 4897 673 8190 13363
5 4801 818 6583 13364
5 4408 2327 7624 13365
5 2046 4363 8027 13366
5 2207 4444 9134 13367
5 3656 8256 8531 13368
5 3785 7152 8027 13369
5 821 5136 6084 13370
5 1396 6617 8172 13371
5 6617 3332 8172 13372
5 1129 5019 6206 13373
5 1444 4513 7106 13374
5 2041 4773 8344 13375
5 4773 2852 8344 13376
5 6908 3687 8798 13377
5 7323 2388 9160 13378
5 1246 6908 8798 13379
5 2367 4423 7561 13380
5 1680 4816 6463 13381
5 827 5181 7307 13382
5 1210 4388 7840 13383
5 6281 2760 7116 13384
5 1512 4654 8252 13385
5 3076 5768 9127 13386
5 1689 4361 8180 13387
5 7554 2268 8404 13388
5 5436 882 5795 13389
5 2259 6744 6815 13390
5 6187 2054 6904 13391
5 4847 7613 8756 13392
5 5572 3622 8226 13393
5 1159 7056 8431 13394
5 3389 4789 7430 13395
5 1861 5066 6695 13396
5 5072 2976 6181 13397
5 4885 2898 6405 13398
5 4418 2210 7653 13399
5 4898 4063 7998 13400
5 1146 4986 9091 13401
5 303 304 6640 13402
5 4986 2863 9091 13403
5 8235 2952 8899 13404
5 1633 5109 7331 13405
5 4554 2043 7214 13406
5 5678 418 7634 13407
5 4398 2019 7817 13408
5 2746 5678 7634 13409
5 6967 2568 7406 13410
5 4511 810 7159 13411
5 1382 4363 8328 13412
5 955 5051 7279 13413
5 5075 897 7993 13414
5 7573 2502 9039 13415
5 4139 7573 9039 13416
5 6377 757 6498 13417
5 2569 6377 6498 13418
5 4384 1537 9144 13419
5 6085 1993 6087 13420
5 2411 6085 6087 13421
5 1909 4498 7195 13422
5 2619 5227 8022 13423
5 1713 5201 8233 13424
5 3139 6801 7188 13425
5 6801 1059 7188 13426
5 792 4758 7349 13427
5 941 4955 7864 13428
5 1794 4403 7810 13429
5 7044 553 8877 13430
5 2035 5788 7202 13431
5 6892 2213 6979 13432
5 3040 6572 9257 13433
5 4817 2782 6502 13434
5 1900 5676 6051 13435
5 2187 4438 7533 13436
5 6425 3174 7255 13437
5 475 6425 7255 13438
5 1616 4870 7305 13439
5 2598 6376 6584 13440
5 6376 2102 6584 13441
5 4365 442 8896 13442
5 4747 847 6889 13443
5 189 5318 8134 13444
5 6455 2590 7932 13445
5 4755 306 8929 13446
5 5267 812 7285 13447
5 2232 5146 9323 13448
5 2165 4647 7355 13449
5 4464 2219 7408 13450
5 4647 1114 7355 13451
5 5699 2340 5781 13452
5 503 4557 7065 13453
5 5318 2730 8134 13454
5 2847 6432 7107 13455
5 5812 1377 9261 13456
5 3346 5812 9261 13457
5 5885 2699 5968 13458
5 1835 5885 5968 13459
5 893 5085 7670 13460
5 5085 2457 7670 13461
5 921 5162 9309 13462
5 4794 4125 9082 13463
5 728 4386 8116 13464
5 593 4369 8382 13465
5 2624 4372 8759 13466
5 6432 2200 7107 13467
5 1553 4852 8690 13468
5 1430 4370 8469 13469
5 2042 6787 6827 13470
5 4585 2418 7274 13471
5 6787 2885 6827 13472
5 265 4585 7274 13473
5 6879 2767 8833 13474
5 4370 482 8436 13475
5 5 6 7742 13476
5 717 4397 8013 13477
5 482 4370 8622 13478
5 870 5619 7275 13479
5 6254 2464 6345 13480
5 2054 6254 6345 13481
5 1528 5028 9296 13482
5 5112 560 9168 13483
5 6302 2597 7612 13484
5 4391 705 9063 13485
5 4440 2131 8657 13486
5 6940 2780 9009 13487
5 3110 4382 8253 13488
5 2411 6087 6332 13489
5 3573 6717 8829 13490
5 6087 386 6332 13491
5 4448 1920 7570 13492
5 6717 1424 8829 13493
5 6661 559 9312 13494
5 1892 4828 8924 13495
5 852 4379 8806 13496
5 4690 1512 8252 13497
5 5206 930 7957 13498
5 2214 4495 7287 13499
5 947 4433 7749 13500
5 3031 5219 9241 13501
5 5219 118 9241 13502
5 2984 6853 6994 13503
5 6853 2082 6994 13504
5 4631 2005 8712 13505
5 1569 4381 8390 13506
5 5859 2280 6128 13507
5 6866 3738 9295 13508
5 2223 4515 8532 13509
5 891 5859 6128 13510
5 4526 1524 7194 13511
5 2512 6489 7852 13512
5 1051 4929 6407 13513
5 1070 6015 7624 13514
5 625 4385 8358 13515
5 772 4663 8805 13516
5 4456 2346 8915 13517
5 4673 3353 7010 13518
5 2777 5620 7642 13519
5 5620 437 7642 13520
5 5873 3188 6052 13521
5 5207 2432 6346 13522
5 1431 4472 7450 13523
5 2714 6412 6413 13524
5 5354 2910 7165 13525
5 6133 529 6338 13526
5 2954 6133 6338 13527
5 734 5314 5977 13528
5 6412 1969 6413 13529
5 4645 1970 6944 13530
5 2233 5787 6002 13531
5 5787 1053 6002 13532
5 924 4842 8616 13533
5 5597 2466 8086 13534
5 2741 6198 7112 13535
5 6198 382 7112 13536
5 1529 4559 7141 13537
5 4389 2894 8387 13538
5 5158 3689 7900 13539
5 4894 7568 8715 13540
5 129 130 8231 13541
5 5914 2638 8720 13542
5 5464 1937 8630 13543
5 4389 2917 8508 13544
5 784 6118 8146 13545
5 6118 3088 8146 13546
5 2807 8213 9100 13547
5 2553 5547 7172 13548
5 5056 2110 6287 13549
5 5712 2658 6492 13550
5 418 5678 6556 13551
5 261 5996 9080 13552
5 5130 2814 6426 13553
5 6334 1199 8221 13554
5 1031 6171 8070 13555
5 3201 6334 8221 13556
5 5858 3005 8441 13557
5 572 4633 7061 13558
5 4633 3378 7061 13559
5 578 4450 7668 13560
5 3663 7554 8404 13561
5 7434 2335 9238 13562
5 6294 1026 7655 13563
5 380 4771 7556 13564
5 2124 5721 5724 13565
5 5169 859 6161 13566
5 3413 7235 7717 13567
5 7235 2600 7717 13568
5 1288 6553 9152 13569
5 6553 3592 9152 13570
5 1913 4725 6771 13571
5 2246 5727 9137 13572
5 2558 5756 7101 13573
5 5756 1035 7101 13574
5 1984 5971 6513 13575
5 4783 1478 8411 13576
5 2073 5742 6531 13577
5 1804 4717 6796 13578
5 158 159 6743 13579
5 4758 1578 8204 13580
5 2794 4892 6923 13581
5 5721 2123 5724 13582
5 4974 1248 7820 13583
5 4539 888 7242 13584
5 492 5458 6554 13585
5 63 6069 8308 13586
5 4425 2297 7945 13587
5 567 6139 7932 13588
5 6025 41 9156 13589
5 2241 5946 6363 13590
5 1150 5823 7532 13591
5 5823 2766 7532 13592
5 2774 5871 6103 13593
5 4851 1643 8107 13594
5 7776 1469 9013 13595
5 4189 7776 9013 13596
5 2537 4404 8285 13597
5 4774 1984 8102 13598
5 4659 2119 7188 13599
5 5730 1283 7841 13600
5 2834 5730 7841 13601
5 1059 4659 7188 13602
5 5130 2238 6910 13603
5 4795 2325 7738 13604
5 1465 4415 8109 13605
5 5507 2078 6132 13606
5 864 4426 7955 13607
5 574 4795 7738 13608
5 6722 576 9286 13609
5 2028 5501 6809 13610
5 2125 6251 9143 13611
5 602 4554 7214 13612
5 1012 6827 6834 13613
5 4881 1892 8924 13614
5 726 5578 8310 13615
5 6827 2885 6834 13616
5 369 5130 6910 13617
5 5079 1588 8615 13618
5 6839 3126 8406 13619
5 4455 1833 8895 13620
5 5054 1175 6324 13621
5 2733 4485 7782 13622
5 5901 2593 6199 13623
5 955 5165 6191 13624
5 6515 423 7083 13625
5 3046 6653 7795 13626
5 4697 2264 6876 13627
5 4689 2312 7896 13628
5 1446 4689 7896 13629
5 4564 2310 7781 13630
5 5715 4333 9304 13631
5 4433 947 8165 13632
5 4433 2263 9083 13633
5 2263 4433 8165 13634
5 6289 3278 7719 13635
5 2138 5611 9202 13636
5 6069 64 8962 13637
5 2037 4825 8562 13638
5 6319 3447 8663 13639
5 7116 564 8262 13640
5 3097 6779 8321 13641
5 2239 4932 6471 13642
5 695 6289 7719 13643
5 4850 3080 7099 13644
5 1643 4871 8107 13645
5 2581 7540 8565 13646
5 4556 883 7233 13647
5 969 5316 9281 13648
5 5045 552 6348 13649
5 5171 2005 6193 13650
5 887 4769 8061 13651
5 1886 5470 6676 13652
5 6046 2396 6808 13653
5 1972 5036 7736 13654
5 3674 5222 8855 13655
5 2477 5682 7194 13656
5 4846 1682 6606 13657
5 127 128 6798 13658
5 2837 5247 8617 13659
5 6156 1897 8451 13660
5 7350 3094 8974 13661
5 4967 2007 6927 13662
5 1820 6037 8635 13663
5 2436 5519 7140 13664
5 425 5493 7325 13665
5 6871 2812 9174 13666
5 5247 1044 8617 13667
5 2023 4661 8731 13668
5 3416 5460 7238 13669
5 5493 2530 7325 13670
5 2630 6883 7275 13671
5 874 4920 6506 13672
5 6135 1961 7820 13673
5 2403 8122 8768 13674
5 5910 2880 7475 13675
5 8122 4239 8768 13676
5 2011 5027 6372 13677
5 1398 5910 7475 13678
5 2227 6914 7111 13679
5 6020 692 9198 13680
5 2176 4448 8004 13681
5 2580 6163 6164 13682
5 6163 1947 6164 13683
5 4975 1617 7895 13684
5 5735 2006 8727 13685
5 2621 7728 8087 13686
5 1053 7788 8023 13687
5 2820 6811 6952 13688
5 605 4563 8376 13689
5 1224 4524 7373 13690
5 1716 5990 7424 13691
5 5281 1809 6111 13692
5 3078 4435 8019 13693
5 4414 511 8753 13694
5 4794 2086 6846 13695
5 3178 4675 7316 13696
5 1306 6249 8408 13697
5 1129 5997 8214 13698
5 424 4794 6846 13699
5 6342 2473 7358 13700
5 4431 2458 8976 13701
5 104 105 9273 13702
5 514 4431 8976 13703
5 5184 1051 6407 13704
5 2114 5184 6407 13705
5 6728 2885 6787 13706
5 412 6728 6787 13707
5 5649 2539 7651 13708
5 2439 6045 6612 13709
5 5074 3513 8446 13710
5 5635 2981 5846 13711
5 1819 5635 5846 13712
5 5736 856 8909 13713
5 7922 2522 8317 13714
5 7525 2581 8812 13715
5 3127 6015 8400 13716
5 6184 2947 6689 13717
5 4615 2000 7161 13718
5 889 5699 5781 13719
5 1685 5336 6561 13720
5 5388 2536 8359 13721
5 5710 2068 8973 13722
5 3182 5710 8973 13723
5 6015 1070 8400 13724
5 1390 4440 8657 13725
5 2652 4446 8000 13726
5 2079 4641 7295 13727
5 6041 526 6594 13728
5 5888 2517 6530 13729
5 1830 5888 6530 13730
5 4453 914 9319 13731
5 1298 4452 7939 13732
5 2613 5623 7572 13733
5 4665 1793 7055 13734
5 4448 835 8004 13735
5 1749 4423 8593 13736
5 2779 5786 5843 13737
5 5340 2732 6641 13738
5 2656 4592 7212 13739
5 766 5175 7392 13740
5 5317 2594 6519 13741
5 6536 2739 6929 13742
5 5487 2036 6831 13743
5 2828 4428 8280 13744
5 4777 836 6778 13745
5 2050 4777 6778 13746
5 1500 4937 8680 13747
5 7833 2955 9163 13748
5 7916 2785 9109 13749
5 2637 7099 8977 13750
5 3236 4432 9193 13751
5 2395 6301 7265 13752
5 6279 2111 7205 13753
5 4598 2067 8297 13754
5 8834 2767 8936 13755
5 1119 4802 6713 13756
5 4721 2525 8996 13757
5 1763 5536 7559 13758
5 1456 5433 8409 13759
5 1632 5894 8919 13760
5 6365 3077 8317 13761
5 1821 5572 8226 13762
5 7448 2586 9285 13763
5 4526 546 7463 13764
5 4792 1493 9048 13765
5 5415 849 6253 13766
5 4462 1147 7894 13767
5 2765 5311 7189 13768
5 103 104 8217 13769
5 23 24 6875 13770
5 3225 5051 6860 13771
5 294 6202 9097 13772
5 5051 955 6860 13773
5 5027 850 6560 13774
5 6389 2338 6933 13775
5 5612 2227 7111 13776
5 4429 1317 8882 13777
5 1067 5959 5969 13778
5 5959 2304 5969 13779
5 2362 4595 7244 13780
5 2088 5027 6560 13781
5 51 4610 8088 13782
5 1990 5555 8959 13783
5 2116 6536 7073 13784
5 6217 2615 6220 13785
5 1163 6608 8454 13786
5 312 313 8450 13787
5 2948 5268 8274 13788
5 5561 186 7653 13789
5 1995 4810 6722 13790
5 7329 2629 8318 13791
5 6158 2566 7835 13792
5 5516 1036 6999 13793
5 1919 4757 6851 13794
5 2976 6158 7835 13795
5 1015 7079 8476 13796
5 2492 5528 6900 13797
5 1953 6217 6220 13798
5 5195 2017 7069 13799
5 7471 2791 7513 13800
5 2673 4792 9048 13801
5 4796 1244 8265 13802
5 2455 4796 8265 13803
5 2290 4438 8618 13804
5 2388 6766 9160 13805
5 2418 5322 7274 13806
5 5322 264 7274 13807
5 4963 1518 7369 13808
5 2441 4963 7369 13809
5 7950 2985 8478 13810
5 4588 1488 7310 13811
5 2050 5995 8243 13812
5 4699 3343 7855 13813
5 1072 4445 9149 13814
5 368 369 6910 13815
5 6468 2061 6501 13816
5 2565 6468 6501 13817
5 2664 6503 8701 13818
5 6722 4810 9033 13819
5 4515 2223 8389 13820
5 5317 889 6419 13821
5 4710 2070 7139 13822
5 7443 1136 8242 13823
5 309 310 6926 13824
5 945 4879 8127 13825
5 4610 3135 7260 13826
5 2030 4873 7039 13827
5 833 5131 8717 13828
5 6663 2043 7908 13829
5 428 5011 6918 13830
5 1601 4437 8864 13831
5 130 4834 8231 13832
5 5011 2169 6918 13833
5 2767 6961 8936 13834
5 817 4720 6979 13835
5 6675 831 8935 13836
5 2162 4545 8270 13837
5 4438 1091 8618 13838
5 2409 4441 8828 13839
5 4441 1419 8828 13840
5 2035 7202 7365 13841
5 5273 550 6859 13842
5 5264 2096 6264 13843
5 655 5264 6264 13844
5 1987 5962 6555 13845
5 1136 6398 8242 13846
5 5085 893 6580 13847
5 4494 405 7714 13848
5 2070 4719 7139 13849
5 5450 1713 8233 13850
5 3961 4565 7819 13851
5 4936 2793 6789 13852
5 944 4566 7587 13853
5 6429 3458 8074 13854
5 6009 2272 6031 13855
5 2110 6009 6031 13856
5 6941 4707 8763 13857
5 1962 4613 7293 13858
5 483 4805 7309 13859
5 897 5779 6672 13860
5 5779 2397 6672 13861
5 2686 6934 8072 13862
5 1981 5423 6041 13863
5 2643 6567 7780 13864
5 6841 5196 9222 13865
5 6080 2050 8243 13866
5 2191 7953 9116 13867
5 5299 3210 7181 13868
5 7429 2336 7549 13869
5 5419 1994 6981 13870
5 7601 2333 7603 13871
5 1740 5517 6322 13872
5 2358 4458 8211 13873
5 404 6536 6929 13874
5 2327 5527 8145 13875
5 4621 1791 7292 13876
5 5197 7958 9089 13877
5 1521 4529 7603 13878
5 5623 1265 7572 13879
5 4513 1444 9317 13880
5 241 7234 8759 13881
5 1951 6093 6696 13882
5 6386 1655 8628 13883
5 2119 4659 7199 13884
5 5085 1616 7305 13885
5 5061 1553 8690 13886
5 1547 4651 7666 13887
5 2025 4762 8148 13888
5 2533 5840 5950 13889
5 5840 787 5950 13890
5 4459 2800 9244 13891
5 726 6291 9101 13892
5 6291 3437 9101 13893
5 1985 4654 7219 13894
5 4968 835 7570 13895
5 985 6232 7005 13896
5 2180 4657 7576 13897
5 4657 413 7576 13898
5 1042 5250 7173 13899
5 5645 2208 6255 13900
5 4922 577 9244 13901
5 4701 352 7951 13902
5 554 5645 6255 13903
5 2800 4922 9244 13904
5 2080 4639 9115 13905
5 2356 4457 8430 13906
5 1597 4454 8566 13907
5 4874 2041 7042 13908
5 3991 7559 8887 13909
5 7559 1353 8887 13910
5 4455 813 8856 13911
5 2123 5721 6054 13912
5 2395 7985 8729 13913
5 4901 1992 9096 13914
5 4495 2214 7844 13915
5 1474 4639 8639 13916
5 1273 6916 8550 13917
5 6916 3502 8550 13918
5 7985 4109 8729 13919
5 5171 1020 7466 13920
5 5658 3290 8721 13921
5 1165 5658 8721 13922
5 2095 4633 8058 13923
5 839 5101 7909 13924
5 670 5230 6295 13925
5 5786 1838 5843 13926
5 5179 720 8477 13927
5 5557 3927 8005 13928
5 183 184 7014 13929
5 1910 4951 6635 13930
5 4938 1647 6650 13931
5 4636 2095 8058 13932
5 8992 4029 9026 13933
5 4466 1947 9220 13934
5 4503 1453 8175 13935
5 4866 2959 6863 13936
5 2481 4810 8384 13937
5 1734 4478 8476 13938
5 4810 1049 8384 13939
5 5088 2298 8246 13940
5 2476 5614 9212 13941
5 7991 3019 8413 13942
5 2034 4903 7220 13943
5 6354 1165 6832 13944
5 1379 6712 8245 13945
5 5200 990 7695 13946
5 2629 6354 6832 13947
5 2316 4895 7775 13948
5 2993 8240 9006 13949
5 4818 2700 7041 13950
5 4460 923 8577 13951
5 5387 1759 6532 13952
5 5745 503 7065 13953
5 2511 5745 7065 13954
5 560 4506 7833 13955
5 7356 3832 8826 13956
5 1451 4460 8904 13957
5 4607 2202 7748 13958
5 1147 4462 8608 13959
5 4840 2167 6799 13960
5 230 4607 7748 13961
5 816 5082 6481 13962
5 2278 6519 6885 13963
5 1317 4465 8492 13964
5 4061 5502 8724 13965
5 3337 6699 8346 13966
5 6811 597 6952 13967
5 4772 2581 7525 13968
5 1464 4772 7525 13969
5 4581 408 7506 13970
5 2449 7770 9257 13971
5 1572 5364 7186 13972
5 5067 843 6504 13973
5 920 4868 6756 13974
5 3614 6064 8359 13975
5 5442 363 8398 13976
5 6064 1676 8359 13977
5 7015 2899 8548 13978
5 4991 3031 9241 13979
5 119 4991 9241 13980
5 2238 5130 6426 13981
5 7705 5226 8865 13982
5 1963 4856 8088 13983
5 2293 5060 6524 13984
5 5255 2009 7655 13985
5 1765 4660 8002 13986
5 43 44 7095 13987
5 5821 2033 9125 13988
5 4563 2331 8376 13989
5 4474 644 8391 13990
5 1906 5192 6880 13991
5 4467 1624 8843 13992
5 4469 2728 9126 13993
5 4616 2258 7943 13994
5 1551 4616 7943 13995
5 2033 5854 9125 13996
5 5739 909 6414 13997
5 2458 8214 8976 13998
5 8214 4308 8976 13999
5 7213 2690 9120 14000
5 2114 6332 7827 14001
5 6858 2634 6935 14002
5 6147 1810 6148 14003
5 4719 1050 7139 14004
5 69 70 9167 14005
5 6699 571 8346 14006
5 3311 6147 6148 14007
5 145 146 8082 14008
5 652 5746 6328 14009
5 5693 4213 7993 14010
5 5143 2406 8502 14011
5 4877 2030 7681 14012
5 5746 2267 6328 14013
5 5021 2014 7694 14014
5 6326 3094 8075 14015
5 1086 6326 8075 14016
5 982 6380 6489 14017
5 1857 5967 6970 14018
5 6380 2513 6489 14019
5 5256 1999 8132 14020
5 2684 7144 8722 14021
5 2569 6498 7552 14022
5 352 353 7951 14023
5 4764 522 7040 14024
5 4512 2455 7944 14025
5 4586 2409 8828 14026
5 4502 1919 8017 14027
5 2149 6566 7650 14028
5 5308 1895 6265 14029
5 2753 7257 8487 14030
5 6032 3382 7293 14031
5 1992 4901 6764 14032
5 2244 6598 7763 14033
5 4521 614 9147 14034
5 6146 2138 9202 14035
5 5306 1783 9067 14036
5 4538 1664 7847 14037
5 61 4969 8678 14038
5 4969 2812 8678 14039
5 1247 7024 8699 14040
5 1099 7080 7538 14041
5 5406 420 7090 14042
5 6039 2284 8831 14043
5 325 326 7119 14044
5 4907 376 6748 14045
5 5675 3051 6813 14046
5 491 5849 6958 14047
5 415 5242 6346 14048
5 1104 4936 6970 14049
5 2745 6809 7291 14050
5 2171 5675 6813 14051
5 2190 4577 9262 14052
5 4501 2295 8307 14053
5 1401 4501 8307 14054
5 5589 1082 8141 14055
5 3562 7018 8669 14056
5 7018 626 8669 14057
5 167 168 7135 14058
5 5090 1839 9248 14059
5 4533 2463 7914 14060
5 7056 3261 8431 14061
5 6351 930 7632 14062
5 1648 5215 8508 14063
5 5057 410 6944 14064
5 4630 448 7487 14065
5 1850 7558 8468 14066
5 948 5924 8651 14067
5 1863 4926 6762 14068
5 4624 2341 8324 14069
5 418 6556 6725 14070
5 4625 490 7504 14071
5 477 4799 6973 14072
5 7144 2684 8336 14073
5 3499 7144 8336 14074
5 3139 7188 7224 14075
5 7188 2119 7224 14076
5 1427 4624 8324 14077
5 892 5507 6132 14078
5 5145 970 7179 14079
5 2561 6720 9066 14080
5 2343 4814 8439 14081
5 1565 4505 8161 14082
5 2275 4767 7784 14083
5 4767 463 7784 14084
5 964 6527 8895 14085
5 5741 1858 5957 14086
5 789 4998 7581 14087
5 4886 575 7047 14088
5 266 7500 9291 14089
5 2270 4508 8156 14090
5 6286 747 9240 14091
5 2824 6173 9049 14092
5 5514 831 9218 14093
5 4763 426 7103 14094
5 1678 5853 7172 14095
5 5853 2553 7172 14096
5 4562 5748 8679 14097
5 7557 3536 8979 14098
5 4493 1915 9315 14099
5 1513 4486 9163 14100
5 2198 4786 7444 14101
5 4488 922 9233 14102
5 2666 4866 6863 14103
5 4786 1608 7444 14104
5 106 5017 7287 14105
5 2329 5424 6450 14106
5 2266 4504 8629 14107
5 4789 3017 7430 14108
5 1517 4494 9300 14109
5 510 4490 8457 14110
5 5334 3058 7025 14111
5 619 4852 7053 14112
5 4852 2122 7053 14113
5 5395 510 9026 14114
5 6612 2154 7940 14115
5 5538 1238 6281 14116
5 7099 3080 8977 14117
5 1228 5922 9150 14118
5 5922 3274 9150 14119
5 2712 5785 7669 14120
5 2165 5538 6281 14121
5 5785 967 7669 14122
5 981 4528 8069 14123
5 4962 2931 6742 14124
5 4495 3395 9273 14125
5 5938 383 5979 14126
5 4943 833 6768 14127
5 6581 116 9255 14128
5 7953 3892 9116 14129
5 47 48 8531 14130
5 1035 5096 7101 14131
5 1487 4521 8143 14132
5 5768 3076 7075 14133
5 506 4498 9304 14134
5 7667 1130 7967 14135
5 366 5518 8270 14136
5 6852 1180 9108 14137
5 5276 2012 8250 14138
5 3643 6852 9108 14139
5 8239 2561 9066 14140
5 4489 1379 8659 14141
5 4783 8411 8691 14142
5 4508 2270 8801 14143
5 6168 1870 8124 14144
5 6029 2289 7251 14145
5 3303 5550 8923 14146
5 4494 2370 9300 14147
5 4510 1576 8299 14148
5 4766 563 7150 14149
5 4531 2420 8164 14150
5 2258 4916 7479 14151
5 2132 5930 6572 14152
5 1859 7735 8366 14153
5 7735 3793 8366 14154
5 2179 5124 6948 14155
5 668 4540 9325 14156
5 4540 2546 9325 14157
5 4939 5398 8958 14158
5 5676 2432 6051 14159
5 1862 4498 9078 14160
5 5166 2156 6508 14161
5 2139 4687 7413 14162
5 389 6031 6142 14163
5 6031 2272 6142 14164
5 2418 4585 7938 14165
5 5152 2316 7611 14166
5 5124 1636 6948 14167
5 5417 1007 6357 14168
5 2142 5417 6357 14169
5 86 87 8319 14170
5 5117 2194 6999 14171
5 1036 5117 6999 14172
5 6640 304 9090 14173
5 1998 5432 6232 14174
5 2237 5098 7370 14175
5 6263 2408 6264 14176
5 2096 6263 6264 14177
5 4511 1484 8410 14178
5 2857 5443 7633 14179
5 4789 2096 7306 14180
5 607 4534 8226 14181
5 2112 4652 7575 14182
5 871 4615 8485 14183
5 849 5755 6253 14184
5 2277 5312 7167 14185
5 5437 1577 8404 14186
5 5810 2910 8599 14187
5 4017 6297 8304 14188
5 5121 1182 7942 14189
5 5045 3452 7216 14190
5 7370 556 7823 14191
5 2462 5121 7942 14192
5 135 4515 8389 14193
5 4504 437 8629 14194
5 2268 4647 8262 14195
5 5046 521 7453 14196
5 2258 4616 7737 14197
5 5298 2077 6785 14198
5 6328 2267 7973 14199
5 2123 6379 8091 14200
5 4663 1527 7547 14201
5 4552 6158 9205 14202
5 4615 2380 8485 14203
5 6398 2899 7015 14204
5 5018 2144 6838 14205
5 464 5981 7783 14206
5 5981 2824 7783 14207
5 2322 4705 7381 14208
5 5503 1140 8809 14209
5 4458 6962 8211 14210
5 4892 2693 6923 14211
5 6178 2689 9189 14212
5 4994 1252 8979 14213
5 264 265 7274 14214
5 2708 4994 8979 14215
5 8436 482 8997 14216
5 2810 5827 6914 14217
5 1783 5431 9067 14218
5 1792 7882 8179 14219
5 1862 5715 9304 14220
5 4549 1519 8930 14221
5 1798 6150 8573 14222
5 5721 880 6054 14223
5 5274 1885 6423 14224
5 3288 5084 7941 14225
5 3417 4975 8410 14226
5 2443 5520 8044 14227
5 4987 488 7198 14228
5 4765 446 7623 14229
5 2218 4765 7623 14230
5 2067 4731 8703 14231
5 1584 5012 6770 14232
5 1892 4881 7335 14233
5 2006 6586 8727 14234
5 5012 2106 6770 14235
5 6124 2028 6809 14236
5 2818 6895 8767 14237
5 2757 5442 8398 14238
5 4808 822 7294 14239
5 2158 4808 7294 14240
5 6520 998 8746 14241
5 4531 2320 8775 14242
5 6483 2583 7399 14243
5 1017 6795 7750 14244
5 448 4630 7758 14245
5 8381 2359 8610 14246
5 1559 4699 7460 14247
5 2869 5468 8578 14248
5 5468 1627 8578 14249
5 6113 492 6554 14250
5 3731 4518 8820 14251
5 1823 5500 6229 14252
5 1527 7858 7925 14253
5 7858 3632 7925 14254
5 5705 943 7379 14255
5 4180 8381 8610 14256
5 899 5178 6551 14257
5 6616 392 6862 14258
5 2707 6616 6862 14259
5 2416 5637 7918 14260
5 5370 1994 6355 14261
5 5351 336 7984 14262
5 2595 5523 7768 14263
5 5523 1106 7768 14264
5 4530 1907 8588 14265
5 469 4601 7893 14266
5 4522 1487 8744 14267
5 4674 991 9269 14268
5 2585 5351 7984 14269
5 2584 4674 9269 14270
5 107 108 7332 14271
5 2660 4519 8789 14272
5 7027 723 9263 14273
5 4560 954 8213 14274
5 4953 1439 9019 14275
5 2686 4953 9019 14276
5 211 212 7334 14277
5 410 4924 6921 14278
5 7080 3125 7538 14279
5 2426 6408 7296 14280
5 2264 5357 6876 14281
5 5357 541 6876 14282
5 4802 2563 9177 14283
5 2939 6775 8340 14284
5 4524 3256 8876 14285
5 2618 6563 6564 14286
5 6563 2079 6564 14287
5 3612 5562 8174 14288
5 7374 2552 7983 14289
5 2506 4637 8494 14290
5 1120 4531 8775 14291
5 2398 5139 8492 14292
5 7017 2246 9137 14293
5 2133 4927 7048 14294
5 4927 409 7048 14295
5 1657 5008 7134 14296
5 112 113 7352 14297
5 2891 5413 7062 14298
5 7413 1094 8804 14299
5 2075 5400 7115 14300
5 2234 6908 8830 14301
5 4901 1055 7408 14302
5 2219 4901 7408 14303
5 5816 2534 8553 14304
5 6934 2686 9114 14305
5 888 4539 8696 14306
5 2167 4840 7311 14307
5 976 4836 7574 14308
5 4840 884 7311 14309
5 4873 504 7039 14310
5 4553 2535 8442 14311
5 5180 2187 7533 14312
5 363 364 8398 14313
5 2081 5692 7439 14314
5 3076 6672 7733 14315
5 4901 2219 9106 14316
5 6672 2397 7733 14317
5 2819 5938 5979 14318
5 3012 5571 7063 14319
5 5105 2034 7220 14320
5 57 58 7382 14321
5 942 4874 7042 14322
5 7304 394 7853 14323
5 1099 4977 7080 14324
5 5017 2214 7287 14325
5 83 84 8461 14326
5 4548 1604 8743 14327
5 1627 5101 6703 14328
5 4690 907 7599 14329
5 3805 4938 8743 14330
5 3886 5658 9161 14331
5 1178 5070 7395 14332
5 2328 5141 6661 14333
5 2147 4664 8711 14334
5 2448 5401 7901 14335
5 5584 1768 7257 14336
5 1289 4551 8602 14337
5 1034 4850 7099 14338
5 919 4714 8271 14339
5 1526 4788 7243 14340
5 4714 2339 8271 14341
5 897 5693 7993 14342
5 813 5921 8418 14343
5 678 4552 9205 14344
5 5790 2482 7096 14345
5 948 5790 7096 14346
5 5291 909 6474 14347
5 293 294 9097 14348
5 4646 2986 7848 14349
5 4758 1981 7349 14350
5 5341 2485 6463 14351
5 6294 3337 8401 14352
5 6044 2772 6171 14353
5 4085 8314 9191 14354
5 3112 4696 7593 14355
5 4603 1086 8075 14356
5 4587 2508 8208 14357
5 1453 4657 8175 14358
5 1053 5787 7788 14359
5 6061 953 7555 14360
5 2751 6061 7555 14361
5 1578 4758 7362 14362
5 476 4596 8140 14363
5 935 4967 6927 14364
5 88 89 8599 14365
5 2143 5592 6227 14366
5 1700 5403 7050 14367
5 1635 5058 7511 14368
5 5058 2306 7511 14369
5 2503 4589 8230 14370
5 3461 7434 9238 14371
5 5339 319 6436 14372
5 5275 2184 6798 14373
5 1739 4744 7431 14374
5 5063 2815 9264 14375
5 128 5275 6798 14376
5 1803 5873 6052 14377
5 1885 5274 8412 14378
5 6285 4153 9002 14379
5 1004 5128 6700 14380
5 457 5063 9264 14381
5 6776 2234 8830 14382
5 4915 2097 7428 14383
5 1796 5220 7762 14384
5 4568 2631 8521 14385
5 2880 6361 7919 14386
5 2236 6402 7843 14387
5 7216 3452 8205 14388
5 661 8301 8323 14389
5 1184 7216 8205 14390
5 4928 1710 7021 14391
5 5364 3273 7186 14392
5 2332 5204 8583 14393
5 4627 2001 8054 14394
5 5374 1075 7131 14395
5 4793 1717 7276 14396
5 5495 2928 6447 14397
5 517 5495 6447 14398
5 2205 6117 7179 14399
5 2803 5374 7131 14400
5 1809 5281 8825 14401
5 2064 4977 8151 14402
5 1087 4789 7306 14403
5 5591 3369 8697 14404
5 4669 3129 7842 14405
5 4633 572 8058 14406
5 834 5006 7022 14407
5 2491 7475 7919 14408
5 2437 4700 8673 14409
5 4700 1438 8673 14410
5 4582 2597 8443 14411
5 1878 5181 6655 14412
5 4570 855 8672 14413
5 1438 4570 8673 14414
5 7036 3095 8484 14415
5 889 5781 6419 14416
5 6521 2385 7411 14417
5 2877 6521 7411 14418
5 2200 6844 8064 14419
5 7838 2545 9199 14420
5 4143 7838 9199 14421
5 748 4803 8402 14422
5 5295 2555 6711 14423
5 1628 5374 8631 14424
5 2795 5256 7629 14425
5 4563 3197 8966 14426
5 7759 2530 8095 14427
5 5374 2803 8631 14428
5 6689 2947 9144 14429
5 141 142 8064 14430
5 445 4598 8297 14431
5 4571 2553 9113 14432
5 5053 997 7228 14433
5 526 5240 6594 14434
5 6953 1064 7681 14435
5 4971 2013 8943 14436
5 6009 2110 7727 14437
5 5871 1886 6103 14438
5 5149 2234 7580 14439
5 46 47 8256 14440
5 4911 2116 7073 14441
5 5239 2037 8562 14442
5 2602 7046 9215 14443
5 4904 2265 7089 14444
5 5691 2051 9162 14445
5 5542 525 8399 14446
5 4921 2104 7484 14447
5 2809 5542 8399 14448
5 5609 1929 6274 14449
5 2340 5944 6570 14450
5 5944 395 6570 14451
5 2196 5351 7526 14452
5 5361 2310 7119 14453
5 326 5361 7119 14454
5 5351 2585 7526 14455
5 5293 557 6996 14456
5 3033 5293 6996 14457
5 889 5317 6519 14458
5 968 6465 7296 14459
5 1381 6352 6763 14460
5 5326 1984 6513 14461
5 1921 6390 8823 14462
5 5093 523 8982 14463
5 2741 6197 6198 14464
5 6197 1952 6198 14465
5 4713 6218 9220 14466
5 3037 4979 6990 14467
5 6204 2631 8073 14468
5 4912 1641 7111 14469
5 536 5083 7878 14470
5 5083 2402 7878 14471
5 3795 8684 8718 14472
5 3558 6205 7580 14473
5 4918 2890 8170 14474
5 2115 5245 6609 14475
5 1027 6928 7807 14476
5 370 371 8407 14477
5 243 244 7568 14478
5 6048 831 6675 14479
5 4719 1902 7659 14480
5 2454 5303 7690 14481
5 2369 7186 7947 14482
5 5303 35 7690 14483
5 3557 6390 6677 14484
5 2744 4585 9291 14485
5 3312 5024 6916 14486
5 1948 6013 6654 14487
5 1999 5606 8132 14488
5 2676 4592 8552 14489
5 5133 2545 6765 14490
5 4872 2155 7187 14491
5 4638 1706 8183 14492
5 1922 4655 8093 14493
5 1698 5048 7715 14494
5 1419 4586 8828 14495
5 5404 1063 8505 14496
5 2775 5404 8505 14497
5 288 289 7606 14498
5 5890 2837 8617 14499
5 121 122 7597 14500
5 2716 8434 8598 14501
5 3473 5890 8617 14502
5 3322 8388 8767 14503
5 2109 5212 6679 14504
5 2097 4915 8110 14505
5 143 7897 8493 14506
5 5112 1936 6814 14507
5 2693 4892 9280 14508
5 4892 436 9280 14509
5 323 324 7613 14510
5 4838 997 7280 14511
5 421 4637 9112 14512
5 4637 2506 9112 14513
5 890 5615 8189 14514
5 2458 5019 8214 14515
5 2324 6224 6225 14516
5 6224 2156 6225 14517
5 5019 1129 8214 14518
5 4742 2160 8522 14519
5 5279 2057 8664 14520
5 4693 2648 7877 14521
5 2961 7086 8739 14522
5 5631 890 8189 14523
5 5438 2797 6888 14524
5 909 5739 6474 14525
5 418 5438 6888 14526
5 4033 5738 8331 14527
5 4961 829 7074 14528
5 2012 5276 6627 14529
5 4611 891 8538 14530
5 6702 1073 8675 14531
5 8512 2602 9215 14532
5 4818 2206 7594 14533
5 8314 2555 9191 14534
5 2309 4626 8814 14535
5 4657 2180 8175 14536
5 2389 5463 8529 14537
5 1139 4818 7594 14538
5 7 8 7648 14539
5 6321 4178 6861 14540
5 5894 3010 8919 14541
5 2128 5014 8486 14542
5 838 5129 7160 14543
5 5336 2685 6561 14544
5 5129 2208 7160 14545
5 201 202 7663 14546
5 2419 5064 8018 14547
5 5064 1106 8018 14548
5 317 318 7664 14549
5 1882 6571 7911 14550
5 6335 2599 6467 14551
5 866 4668 8905 14552
5 3567 5583 8351 14553
5 914 6335 6467 14554
5 2507 4672 8177 14555
5 2940 4694 7909 14556
5 5223 3796 7939 14557
5 5532 2436 8301 14558
5 1154 4673 8073 14559
5 5796 2225 7874 14560
5 5080 1451 6900 14561
5 4600 3213 8916 14562
5 4654 1985 8252 14563
5 4701 1509 9001 14564
5 2503 4701 9001 14565
5 35 36 7690 14566
5 1662 6007 7949 14567
5 6007 2843 7949 14568
5 5929 2460 6996 14569
5 557 5929 6996 14570
5 5409 1768 6488 14571
5 2138 5167 6781 14572
5 6076 2217 6097 14573
5 1302 4609 8893 14574
5 2224 6076 6097 14575
5 2124 7393 7986 14576
5 1148 6063 8443 14577
5 8018 3990 8716 14578
5 2419 8018 8716 14579
5 154 155 7705 14580
5 1020 5171 7026 14581
5 5006 2109 7022 14582
5 894 5360 6740 14583
5 5360 2174 6740 14584
5 242 4894 7234 14585
5 1644 4868 7385 14586
5 8085 3068 8940 14587
5 1660 5006 7032 14588
5 6273 3010 8153 14589
5 3016 6649 8961 14590
5 622 6273 8153 14591
5 2383 6667 8342 14592
5 4903 1089 7220 14593
5 6007 1113 8742 14594
5 2110 6223 7727 14595
5 2085 5117 7739 14596
5 541 5818 6876 14597
5 430 4743 7731 14598
5 5185 445 9072 14599
5 3774 5593 7485 14600
5 2536 5079 8615 14601
5 6592 1681 9306 14602
5 6476 2178 7417 14603
5 311 312 8421 14604
5 7083 423 7376 14605
5 3072 7083 7376 14606
5 2399 5387 6532 14607
5 2675 4636 9094 14608
5 5378 581 7983 14609
5 2552 5378 7983 14610
5 3777 5469 8620 14611
5 2960 7602 8183 14612
5 2068 5177 6784 14613
5 6460 1456 8409 14614
5 2975 4916 8643 14615
5 5117 2085 6881 14616
5 5232 491 6719 14617
5 1263 8937 9132 14618
5 2334 6186 8328 14619
5 4626 1319 8814 14620
5 2972 4883 7302 14621
5 7391 3731 8820 14622
5 1927 7391 8820 14623
5 2609 4923 8143 14624
5 7186 3273 7947 14625
5 4923 1487 8143 14626
5 1489 4631 8712 14627
5 2576 6049 7879 14628
5 762 6435 8002 14629
5 4933 1898 7200 14630
5 6233 861 6382 14631
5 5151 2129 7956 14632
5 2348 6233 6382 14633
5 4916 374 8643 14634
5 332 333 8650 14635
5 2197 5273 6859 14636
5 4961 1678 7172 14637
5 4793 2721 7608 14638
5 6721 1389 7997 14639
5 3142 6721 7997 14640
5 391 6224 6336 14641
5 6224 2324 6336 14642
5 7104 2980 8710 14643
5 4639 2080 8639 14644
5 7426 2945 7890 14645
5 3184 6123 6145 14646
5 5686 996 9274 14647
5 4855 2237 7370 14648
5 5917 3420 7569 14649
5 2169 5011 8761 14650
5 2585 6856 7526 14651
5 2130 5575 6411 14652
5 5567 744 6812 14653
5 4767 2275 8041 14654
5 2366 5917 7569 14655
5 1472 4767 8041 14656
5 5372 2629 7329 14657
5 1188 6995 9016 14658
5 7590 1176 8210 14659
5 3545 7590 8210 14660
5 1768 5584 6488 14661
5 6633 2232 6937 14662
5 1958 5901 6199 14663
5 896 5521 6455 14664
5 2459 5302 6671 14665
5 5660 2136 6860 14666
5 150 151 7824 14667
5 2091 4821 7935 14668
5 1514 6632 7223 14669
5 2721 6077 7608 14670
5 2299 4831 7455 14671
5 6077 1078 7608 14672
5 2680 6633 6937 14673
5 1241 7478 9071 14674
5 5153 2085 7739 14675
5 6398 1136 7721 14676
5 2899 6398 7721 14677
5 4691 915 8613 14678
5 2387 4691 8613 14679
5 7440 1139 9093 14680
5 3234 6675 8935 14681
5 896 5794 6280 14682
5 1007 5023 7070 14683
5 5358 2139 6688 14684
5 3852 7440 9093 14685
5 836 5224 6778 14686
5 4639 485 9115 14687
5 2719 7221 9308 14688
5 7068 3060 8283 14689
5 6890 1437 7136 14690
5 1214 4999 8851 14691
5 2879 6890 7136 14692
5 916 4819 8031 14693
5 188 189 8134 14694
5 2103 5982 9040 14695
5 2274 6858 6935 14696
5 1252 7557 8979 14697
5 4714 919 8072 14698
5 6987 2716 8598 14699
5 1478 4783 7671 14700
5 5543 2113 7231 14701
5 5467 851 8034 14702
5 1984 5326 8102 14703
5 2628 6137 6140 14704
5 1930 6044 6171 14705
5 900 8537 9104 14706
5 5755 2239 6471 14707
5 1971 5755 6471 14708
5 6137 1988 6140 14709
5 5008 2081 7134 14710
5 6232 985 7464 14711
5 3010 6273 8919 14712
5 2 144 7897 14713
5 3052 6114 6591 14714
5 3306 8513 9047 14715
5 6114 910 6591 14716
5 5823 1150 8387 14717
5 4680 691 8415 14718
5 2894 5823 8387 14719
5 1913 6771 8900 14720
5 5887 414 8928 14721
5 1801 5288 6714 14722
5 2149 5441 6566 14723
5 7783 2824 9049 14724
5 6809 775 7291 14725
5 5236 2887 9314 14726
5 1773 5236 9314 14727
5 4687 2134 9098 14728
5 6123 1853 6145 14729
5 921 7923 9272 14730
5 7923 4147 9272 14731
5 1110 5476 6935 14732
5 5476 2274 6935 14733
5 4836 2688 7508 14734
5 252 253 8473 14735
5 4661 938 8731 14736
5 6820 2616 8605 14737
5 3434 6820 8605 14738
5 2494 4987 7198 14739
5 5458 2039 6554 14740
5 268 269 7958 14741
5 4676 1681 8524 14742
5 2284 7416 8831 14743
5 947 6602 7526 14744
5 6786 3272 7784 14745
5 7532 2766 8543 14746
5 1831 4908 7364 14747
5 4713 979 8171 14748
5 7031 3063 8353 14749
5 5183 2435 7920 14750
5 3306 5434 8513 14751
5 5725 840 7890 14752
5 852 4780 7734 14753
5 1056 5370 7125 14754
5 5370 2283 7125 14755
5 336 337 7984 14756
5 4689 523 8835 14757
5 598 5595 7354 14758
5 5595 2445 7354 14759
5 1584 5183 7920 14760
5 714 4830 7661 14761
5 1934 5267 7285 14762
5 5548 2042 7215 14763
5 5404 4104 7604 14764
5 2162 5518 6772 14765
5 5805 784 8146 14766
5 5469 1637 8620 14767
5 5518 3384 6772 14768
5 6247 2514 6882 14769
5 596 6247 6882 14770
5 4666 3573 8829 14771
5 1608 4786 9050 14772
5 3510 5449 8329 14773
5 5625 3574 8112 14774
5 1002 5321 6711 14775
5 6356 2451 6611 14776
5 452 4809 7651 14777
5 2269 6356 6611 14778
5 3246 8584 9228 14779
5 861 6233 9143 14780
5 7051 2987 7053 14781
5 4667 671 8859 14782
5 2122 7051 7053 14783
5 11 12 8028 14784
5 6469 2928 7549 14785
5 5860 3086 8638 14786
5 153 5358 6688 14787
5 148 149 8035 14788
5 6373 2612 7729 14789
5 2875 6373 7729 14790
5 4836 2093 7574 14791
5 5537 1868 7330 14792
5 7849 2089 8129 14793
5 5193 2737 8948 14794
5 8047 3224 9138 14795
5 1233 5193 8948 14796
5 2124 5724 7393 14797
5 1000 4688 8541 14798
5 4726 532 9042 14799
5 1788 4738 8104 14800
5 928 5294 6760 14801
5 4762 5906 8875 14802
5 512 6723 6943 14803
5 2151 5040 7158 14804
5 6723 2709 6943 14805
5 5796 713 6427 14806
5 2225 5796 6427 14807
5 291 292 8192 14808
5 6207 3015 8320 14809
5 3647 6619 7715 14810
5 1024 6411 6623 14811
5 1660 6207 8320 14812
5 2365 7319 8162 14813
5 4929 2313 7379 14814
5 1299 6735 7184 14815
5 6735 2822 7184 14816
5 6190 4483 8712 14817
5 6274 1128 7744 14818
5 5794 896 6455 14819
5 5134 2494 8268 14820
5 825 5134 8268 14821
5 2820 6952 9296 14822
5 6952 3638 9296 14823
5 2632 5618 6478 14824
5 4678 338 8765 14825
5 6762 995 8760 14826
5 6726 1150 7532 14827
5 2959 6726 7532 14828
5 1051 5184 7315 14829
5 3629 5561 7154 14830
5 5184 2257 7315 14831
5 2912 7336 7505 14832
5 31 32 8671 14833
5 6151 580 8016 14834
5 2874 6151 8016 14835
5 4958 657 8587 14836
5 2431 6113 6554 14837
5 2144 5347 6838 14838
5 5301 2537 8142 14839
5 1602 5301 8142 14840
5 2179 6948 7108 14841
5 5246 2126 7208 14842
5 2067 5015 8297 14843
5 2906 5501 6698 14844
5 5990 2478 7424 14845
5 1363 6196 6631 14846
5 1592 4915 7428 14847
5 1957 4942 7368 14848
5 6948 2871 7108 14849
5 8782 3936 8847 14850
5 5969 2304 6556 14851
5 551 5298 6785 14852
5 2059 5969 6556 14853
5 3568 6304 8988 14854
5 4832 2727 7667 14855
5 2626 5627 7966 14856
5 5332 2873 6780 14857
5 5627 1107 7966 14858
5 8458 1843 8477 14859
5 4040 8458 8477 14860
5 6250 419 8164 14861
5 869 5592 6949 14862
5 3750 5616 8813 14863
5 1131 4681 9138 14864
5 1961 6516 6518 14865
5 4833 2448 7683 14866
5 6428 1088 7673 14867
5 3297 6428 7673 14868
5 1710 4928 8679 14869
5 6516 3073 6518 14870
5 4928 2501 8679 14871
5 4678 1570 9157 14872
5 6010 2449 6551 14873
5 2715 5775 9203 14874
5 1743 5881 6522 14875
5 7412 2914 8135 14876
5 280 281 8199 14877
5 2625 5739 6414 14878
5 5118 841 9327 14879
5 3209 7286 7630 14880
5 7286 585 7630 14881
5 2312 4689 8835 14882
5 1621 4877 7560 14883
5 506 5720 7195 14884
5 6047 1065 8637 14885
5 3044 6047 8637 14886
5 973 5367 8549 14887
5 5367 2687 8549 14888
5 2266 6216 6282 14889
5 6216 2289 6282 14890
5 7527 3013 8339 14891
5 1609 4685 9260 14892
5 2446 5799 9018 14893
5 4827 1581 8264 14894
5 3476 4798 8455 14895
5 6184 2010 8321 14896
5 2694 4730 8288 14897
5 5638 594 6503 14898
5 6172 808 8974 14899
5 5115 925 8750 14900
5 2606 5115 8750 14901
5 1679 4820 7757 14902
5 5371 1599 6751 14903
5 3223 7315 7644 14904
5 7315 2257 7644 14905
5 5617 4065 7322 14906
5 6202 3069 9097 14907
5 548 6512 8068 14908
5 7392 1990 8959 14909
5 4950 1536 7713 14910
5 2256 4950 7713 14911
5 873 4921 7484 14912
5 1400 5765 8845 14913
5 1480 6741 9021 14914
5 5900 2164 7034 14915
5 2181 5095 7254 14916
5 5095 1691 7254 14917
5 4954 1573 7417 14918
5 5514 2086 8935 14919
5 5040 1313 7524 14920
5 879 5937 7269 14921
5 2092 5053 7228 14922
5 5577 3213 6741 14923
5 1480 5577 6741 14924
5 5171 2112 7026 14925
5 7158 5040 8349 14926
5 7617 3633 8491 14927
5 2427 7617 8491 14928
5 2996 5158 7900 14929
5 2505 6600 7438 14930
5 6225 2156 7889 14931
5 3047 5438 6725 14932
5 4762 1554 8148 14933
5 4750 2259 8662 14934
5 5438 418 6725 14935
5 2136 5660 6520 14936
5 1650 4842 7728 14937
5 6394 501 7163 14938
5 2004 6222 6579 14939
5 1575 4718 8514 14940
5 6222 3198 6579 14941
5 6050 1087 7930 14942
5 3236 6050 7930 14943
5 62 63 8308 14944
5 2395 7265 7985 14945
5 378 379 8535 14946
5 6762 2725 8626 14947
5 1225 4774 8102 14948
5 1725 4698 8983 14949
5 6174 1213 8380 14950
5 2997 6174 8380 14951
5 4729 2404 8438 14952
5 1981 4758 8204 14953
5 258 259 8337 14954
5 246 5304 6854 14955
5 2479 6515 7083 14956
5 4801 2215 8694 14957
5 660 5086 7367 14958
5 1596 5278 8304 14959
5 6608 3486 8950 14960
5 2182 6625 8609 14961
5 1200 5712 6492 14962
5 5635 1819 7113 14963
5 4707 3136 8763 14964
5 6937 2232 9323 14965
5 2838 8394 8981 14966
5 3100 5411 8090 14967
5 950 4947 8498 14968
5 4886 2229 8917 14969
5 4947 2451 8498 14970
5 4922 1751 7546 14971
5 342 343 8386 14972
5 1923 5505 7192 14973
5 2159 5441 6883 14974
5 247 248 8397 14975
5 7915 787 9307 14976
5 4113 7915 9307 14977
5 1313 5040 7793 14978
5 5655 2825 9122 14979
5 6879 1233 6961 14980
5 1064 4877 7681 14981
5 8684 1273 8718 14982
5 2767 6879 6961 14983
5 2015 5253 6939 14984
5 2010 6311 8321 14985
5 5674 2778 8367 14986
5 2299 4797 7980 14987
5 2039 4933 7528 14988
5 4889 2193 7830 14989
5 5575 2130 7519 14990
5 4986 1146 8019 14991
5 865 5234 8059 14992
5 2578 4812 9256 14993
5 1145 5674 8367 14994
5 5485 2405 7457 14995
5 648 5485 7457 14996
5 4812 904 9256 14997
5 2641 5511 8228 14998
5 5511 600 8228 14999
5 5347 392 6838 15000
5 2906 6698 7699 15001
5 7826 1173 9190 15002
5 4725 918 9004 15003
5 1511 4732 8591 15004
5 2952 7110 8899 15005
5 3101 7105 8786 15006
5 2249 6975 8181 15007
5 2674 7764 8651 15008
5 7333 969 9281 15009
5 799 4742 8522 15010
5 4955 3945 7864 15011
5 6059 2752 6993 15012
5 863 6059 6993 15013
5 5298 3085 8547 15014
5 805 5799 7202 15015
5 5799 2446 7202 15016
5 2017 6234 7069 15017
5 7030 3019 7457 15018
5 2657 5229 8386 15019
5 2405 7030 7457 15020
5 5678 2059 6556 15021
5 282 283 8517 15022
5 7398 1249 8745 15023
5 4761 854 9135 15024
5 1673 5519 7346 15025
5 5519 2436 7346 15026
5 2357 5563 7641 15027
5 1676 5388 8359 15028
5 444 5034 7345 15029
5 5229 342 8386 15030
5 29 30 8518 15031
5 2387 6422 6427 15032
5 6422 2225 6427 15033
5 5384 3200 7372 15034
5 284 285 8556 15035
5 5939 1061 7561 15036
5 1132 7637 7656 15037
5 7309 3476 8455 15038
5 483 7309 8455 15039
5 2391 6394 6395 15040
5 5393 2390 8391 15041
5 6394 2201 6395 15042
5 6095 588 8670 15043
5 2689 4716 9189 15044
5 2713 5525 9270 15045
5 6881 411 7322 15046
5 1208 7520 9247 15047
5 583 5195 7069 15048
5 703 5078 8853 15049
5 6337 1063 7604 15050
5 5023 1007 7374 15051
5 354 4752 8440 15052
5 2766 6833 8543 15053
5 5189 1067 7817 15054
5 374 375 8643 15055
5 5995 2479 8021 15056
5 5003 827 8778 15057
5 1139 7440 7698 15058
5 1889 5366 9169 15059
5 2191 6041 6594 15060
5 60 61 8678 15061
5 321 322 8737 15062
5 521 5552 7453 15063
5 249 250 8685 15064
5 4734 123 8840 15065
5 5742 925 6531 15066
5 177 178 8683 15067
5 4856 2401 7857 15068
5 2368 4725 9004 15069
5 450 5637 7986 15070
5 6562 3491 6837 15071
5 5032 2231 7543 15072
5 1672 5032 7543 15073
5 315 316 9213 15074
5 4819 2157 8031 15075
5 7964 760 8194 15076
5 1535 4845 7921 15077
5 2325 4903 7738 15078
5 2457 5085 7305 15079
5 1540 5092 8312 15080
5 5092 2456 8312 15081
5 8266 2487 8467 15082
5 5628 908 8123 15083
5 2255 4726 9042 15084
5 882 5689 7342 15085
5 848 5482 6744 15086
5 5475 844 7283 15087
5 2332 5475 7283 15088
5 5250 2239 7173 15089
5 847 5355 6889 15090
5 5348 1594 8994 15091
5 4935 2562 9030 15092
5 6382 861 9141 15093
5 2801 5348 8994 15094
5 1868 5773 7330 15095
5 3308 6382 9141 15096
5 4738 1788 8945 15097
5 5118 1695 7251 15098
5 8145 1290 8640 15099
5 5498 1719 7839 15100
5 6989 4277 8971 15101
5 2254 5108 8960 15102
5 3908 8145 8640 15103
5 1258 4935 9030 15104
5 5080 2058 7797 15105
5 5774 570 9151 15106
5 831 6048 6404 15107
5 3064 5774 9151 15108
5 6800 2159 7988 15109
5 5862 2207 6614 15110
5 3104 6800 7988 15111
5 6911 3299 8395 15112
5 255 256 8839 15113
5 2022 6626 8433 15114
5 1192 6911 8395 15115
5 8860 2756 9263 15116
5 430 6597 7328 15117
5 6597 2770 7328 15118
5 1014 4889 7830 15119
5 1857 5831 9088 15120
5 6066 2704 6539 15121
5 5567 1861 6695 15122
5 781 4753 8647 15123
5 2235 4860 8495 15124
5 355 356 8931 15125
5 306 307 8929 15126
5 392 6616 6838 15127
5 3156 6106 9064 15128
5 6106 593 9064 15129
5 64 65 8962 15130
5 5634 11 8028 15131
5 1833 4745 8895 15132
5 179 180 8963 15133
5 299 300 9015 15134
5 5609 2523 7745 15135
5 604 5609 7745 15136
5 5070 2066 7395 15137
5 2129 5421 7956 15138
5 136 137 9057 15139
5 94 95 9052 15140
5 5653 99 6659 15141
5 260 261 9080 15142
5 304 305 9090 15143
5 413 4988 7576 15144
5 2605 5634 8028 15145
5 3828 5410 7292 15146
5 6852 1936 9168 15147
5 41 42 9156 15148
5 101 102 9155 15149
5 5182 1721 7180 15150
5 75 76 9170 15151
5 5452 3925 7208 15152
5 509 4748 8970 15153
5 118 119 9241 15154
5 3346 5471 8707 15155
5 6048 2246 6404 15156
5 116 117 9255 15157
5 79 80 9275 15158
5 5109 2099 7331 15159
5 7882 3286 8179 15160
5 6601 2196 6602 15161
5 7070 2506 7344 15162
5 2497 6601 6602 15163
5 1478 4781 8411 15164
5 5116 2067 8703 15165
5 2524 5389 6877 15166
5 2156 6525 7889 15167
5 7210 3858 7564 15168
5 2032 7210 7564 15169
5 5785 1728 9130 15170
5 2143 5212 8008 15171
5 4995 2175 8207 15172
5 4751 812 8921 15173
5 6177 621 8286 15174
5 2919 6177 8286 15175
5 4998 2298 7581 15176
5 6698 1358 7699 15177
5 3618 5380 7625 15178
5 3377 4898 7998 15179
5 5351 2196 7388 15180
5 683 5282 7264 15181
5 6755 1262 7041 15182
5 2243 6615 7438 15183
5 2117 5668 8907 15184
5 2700 6755 7041 15185
5 3088 6118 7847 15186
5 5881 3554 6522 15187
5 1088 6428 7696 15188
5 6428 3321 7696 15189
5 8521 2631 8567 15190
5 8267 3755 8561 15191
5 1757 6001 6620 15192
5 6001 3551 6620 15193
5 1063 5404 7604 15194
5 783 8782 8847 15195
5 4750 3118 9043 15196
5 2126 5452 7208 15197
5 1349 5548 7215 15198
5 2096 5264 7306 15199
5 4922 2800 7992 15200
5 6102 1826 7239 15201
5 7140 3233 8301 15202
5 6154 2115 6825 15203
5 2484 4771 9084 15204
5 2600 5243 9276 15205
5 4771 1663 9084 15206
5 6708 2636 7578 15207
5 8054 2888 8392 15208
5 5501 775 6809 15209
5 5913 2226 6624 15210
5 1970 4851 8107 15211
5 271 5487 6831 15212
5 6344 2452 6624 15213
5 6963 2945 7426 15214
5 6125 2811 6810 15215
5 2215 4801 8371 15216
5 3310 4813 8294 15217
5 1608 5077 7444 15218
5 2291 4917 7872 15219
5 2146 5856 7972 15220
5 2683 5402 7467 15221
5 2211 5034 7565 15222
5 5034 444 7565 15223
5 2152 5040 7524 15224
5 2321 6963 7426 15225
5 3338 5531 8744 15226
5 994 5724 8783 15227
5 5165 955 7279 15228
5 4834 2642 8231 15229
5 2408 6969 7716 15230
5 5671 2135 8281 15231
5 4803 2107 8402 15232
5 2629 6832 8318 15233
5 5124 2179 7523 15234
5 2710 5927 7996 15235
5 2569 7552 8873 15236
5 3237 5579 7196 15237
5 6105 626 7018 15238
5 2655 7744 7778 15239
5 5927 1806 7996 15240
5 1075 6567 7131 15241
5 5441 870 6883 15242
5 5573 2154 7912 15243
5 5378 2128 8486 15244
5 2352 5691 7863 15245
5 6567 2643 7131 15246
5 4841 2266 8629 15247
5 2297 4761 9135 15248
5 5049 1109 9124 15249
5 2771 6918 6919 15250
5 6918 2169 6919 15251
5 6629 2640 7054 15252
5 409 6629 7054 15253
5 5204 3493 8583 15254
5 2153 5919 6533 15255
5 6178 229 7748 15256
5 1674 4967 7792 15257
5 3128 5029 7585 15258
5 1061 5386 7561 15259
5 5386 2367 7561 15260
5 2257 5184 7269 15261
5 6088 924 8616 15262
5 6533 2354 7873 15263
5 6810 2236 9034 15264
5 7535 3616 8698 15265
5 2520 7535 8698 15266
5 273 4857 8185 15267
5 1792 5454 7882 15268
5 5662 2133 6715 15269
5 6357 2507 6358 15270
5 2142 6357 6358 15271
5 1049 5858 7077 15272
5 5114 88 8599 15273
5 2236 6819 9034 15274
5 698 4783 8691 15275
5 6633 701 7987 15276
5 2644 5805 8146 15277
5 1993 6732 9136 15278
5 6375 3600 7936 15279
5 6732 3432 9136 15280
5 997 5053 7577 15281
5 5622 2268 7554 15282
5 4879 1991 8127 15283
5 1194 5385 6986 15284
5 7461 1253 7477 15285
5 5239 3029 8279 15286
5 3156 7461 7477 15287
5 3483 5330 7066 15288
5 2471 6393 7021 15289
5 2302 5567 6812 15290
5 5640 1950 6751 15291
5 4898 731 8083 15292
5 884 6094 7866 15293
5 6201 2186 7640 15294
5 4839 1507 8327 15295
5 2273 4862 8717 15296
5 5181 1957 7307 15297
5 5701 1960 9233 15298
5 6411 1024 7612 15299
5 1961 4974 7820 15300
5 5704 2206 6808 15301
5 2186 6219 7640 15302
5 7221 3401 9308 15303
5 2325 6400 6557 15304
5 5930 899 6572 15305
5 2923 5887 8928 15306
5 95 5413 9052 15307
5 6517 941 7864 15308
5 5413 2891 9052 15309
5 2465 6888 7771 15310
5 2453 5190 8255 15311
5 5190 676 8255 15312
5 970 6120 7179 15313
5 1293 5246 7208 15314
5 841 5356 9327 15315
5 5962 2622 6555 15316
5 905 5862 6614 15317
5 2833 6829 9277 15318
5 559 5021 7694 15319
5 1446 5916 6807 15320
5 6342 1083 6878 15321
5 2473 6342 6878 15322
5 5682 2158 7805 15323
5 3540 9140 9305 15324
5 818 4801 8694 15325
5 2526 5218 7282 15326
5 1093 6123 9221 15327
5 6123 3184 9221 15328
5 1199 5879 8918 15329
5 4917 2157 8503 15330
5 5609 604 6817 15331
5 5044 2300 8520 15332
5 6222 2004 8077 15333
5 3855 5824 7045 15334
5 493 8267 8561 15335
5 5443 1852 6966 15336
5 3933 5601 8986 15337
5 5601 1659 8986 15338
5 6170 455 7372 15339
5 1618 4822 8567 15340
5 2566 6170 7372 15341
5 4366 6523 8731 15342
5 7947 3273 7972 15343
5 1938 5725 7890 15344
5 2393 7012 8011 15345
5 4915 828 8110 15346
5 6006 1008 7030 15347
5 2405 6006 7030 15348
5 7091 2095 7092 15349
5 3282 7091 7092 15350
5 2839 6546 7217 15351
5 2272 4997 7814 15352
5 2815 4859 8350 15353
5 5254 863 8792 15354
5 5629 1196 6818 15355
5 6008 2002 6671 15356
5 417 5248 9051 15357
5 857 5368 7097 15358
5 5377 548 7988 15359
5 5081 2173 9282 15360
5 5866 2020 7123 15361
5 1819 5356 7113 15362
5 3414 7509 8892 15363
5 6587 3975 8207 15364
5 5221 1340 8300 15365
5 4993 1771 7845 15366
5 2466 5221 8300 15367
5 5175 1990 7392 15368
5 1978 6271 6540 15369
5 5048 2187 7715 15370
5 5867 892 7975 15371
5 448 6315 6477 15372
5 7960 3735 8689 15373
5 6836 3065 7983 15374
5 6315 2319 6477 15375
5 581 6836 7983 15376
5 5036 960 7736 15377
5 1023 5913 6624 15378
5 495 5124 7523 15379
5 6559 3379 9292 15380
5 803 6066 6539 15381
5 886 6559 9292 15382
5 3335 7881 8505 15383
5 7333 3511 8734 15384
5 2547 4796 8997 15385
5 7140 1250 8113 15386
5 2625 6414 8500 15387
5 3233 7140 8113 15388
5 969 7333 8734 15389
5 1708 5141 7494 15390
5 4808 1520 8807 15391
5 6379 2634 6858 15392
5 6969 2985 7716 15393
5 2267 5746 8042 15394
5 4800 1826 8961 15395
5 3864 5159 8159 15396
5 5159 3022 8159 15397
5 2493 7537 8982 15398
5 3234 4794 9082 15399
5 6030 716 8571 15400
5 657 5228 8587 15401
5 6621 2736 8118 15402
5 5286 1547 7666 15403
5 3018 6621 8118 15404
5 6895 2818 7167 15405
5 530 6895 7167 15406
5 3305 7849 8129 15407
5 4842 1955 8616 15408
5 5040 2151 7793 15409
5 7075 3076 7733 15410
5 1369 7075 7733 15411
5 540 4880 8716 15412
5 4880 2419 8716 15413
5 2683 7467 7868 15414
5 4860 1555 8495 15415
5 5381 1633 7331 15416
5 6691 1740 8800 15417
5 3289 6691 8800 15418
5 774 4824 8803 15419
5 872 5354 7165 15420
5 5413 2413 7062 15421
5 1268 6062 7752 15422
5 364 5214 8398 15423
5 857 7960 8689 15424
5 5141 2328 7978 15425
5 5231 4076 8528 15426
5 5899 4256 9072 15427
5 902 5141 7978 15428
5 2005 5171 7466 15429
5 6062 2648 7752 15430
5 6962 1154 8211 15431
5 6098 1796 7762 15432
5 5993 945 8127 15433
5 3117 5964 7708 15434
5 6746 2528 7510 15435
5 5242 2658 7470 15436
5 5948 944 6904 15437
5 1032 5704 6808 15438
5 2456 6038 8195 15439
5 912 4946 8471 15440
5 7586 2677 7640 15441
5 6654 2715 8713 15442
5 5267 1933 7313 15443
5 3385 5216 7584 15444
5 8217 104 9273 15445
5 955 5660 6860 15446
5 996 6799 9274 15447
5 2425 8015 9047 15448
5 2540 7176 8325 15449
5 7176 3315 8325 15450
5 4914 2488 8957 15451
5 1253 7461 8512 15452
5 1569 5983 7756 15453
5 5520 935 8044 15454
5 2815 5063 7787 15455
5 876 4914 8957 15456
5 5234 2664 7437 15457
5 3581 5234 7437 15458
5 1408 5764 6815 15459
5 5764 2259 6815 15460
5 1075 5374 9265 15461
5 3515 5038 7962 15462
5 5400 346 7115 15463
5 1552 4847 8756 15464
5 6045 2154 6612 15465
5 4887 1686 8481 15466
5 8937 3772 9132 15467
5 2193 5598 7290 15468
5 4981 2402 8526 15469
5 1769 4981 8526 15470
5 991 6566 6800 15471
5 6542 1908 7504 15472
5 1910 6442 7264 15473
5 2231 5016 7928 15474
5 2303 7731 7921 15475
5 6626 3571 8056 15476
5 5098 2237 8074 15477
5 6529 2783 6559 15478
5 886 6529 6559 15479
5 8010 3390 8570 15480
5 7336 2546 7505 15481
5 5659 1079 7303 15482
5 923 6131 8577 15483
5 2353 5659 7303 15484
5 5592 2143 6949 15485
5 6709 3079 7122 15486
5 3253 7764 7801 15487
5 588 6026 8670 15488
5 960 5036 8540 15489
5 2957 5344 8624 15490
5 2843 6007 8742 15491
5 5344 2003 8624 15492
5 5503 2147 9014 15493
5 6074 673 8676 15494
5 2961 6074 8676 15495
5 2677 6201 7640 15496
5 5315 1644 7385 15497
5 6013 2715 6654 15498
5 6026 2944 8670 15499
5 5408 1997 7145 15500
5 1144 5828 6899 15501
5 4977 1099 8151 15502
5 607 6709 8668 15503
5 5755 849 6932 15504
5 514 6032 7293 15505
5 4137 6088 8616 15506
5 6556 2304 6725 15507
5 267 5197 7500 15508
5 2842 6434 6462 15509
5 445 5899 9072 15510
5 5677 3428 8180 15511
5 972 5280 7351 15512
5 5828 2296 6899 15513
5 5832 2895 7193 15514
5 5258 293 9097 15515
5 2560 5832 7193 15516
5 6257 591 8406 15517
5 2938 6257 8406 15518
5 5090 3878 8293 15519
5 6241 958 8552 15520
5 8570 1279 9095 15521
5 2062 6455 7932 15522
5 4941 1540 8312 15523
5 6165 1264 7209 15524
5 2485 6165 7209 15525
5 523 5869 8982 15526
5 5097 543 9106 15527
5 6416 3589 7523 15528
5 6271 2832 6540 15529
5 5117 1036 7739 15530
5 1354 7142 8005 15531
5 7142 3163 8005 15532
5 4867 2407 9237 15533
5 5271 2192 8009 15534
5 5832 2560 7811 15535
5 1032 5832 7811 15536
5 6916 1273 8684 15537
5 3312 6916 8684 15538
5 5578 1846 8310 15539
5 5418 2089 7849 15540
5 2765 7142 8079 15541
5 1995 5945 6712 15542
5 3454 4939 8958 15543
5 2226 6344 6624 15544
5 2383 5138 8205 15545
5 5138 1184 8205 15546
5 3123 4865 8841 15547
5 6637 765 9068 15548
5 5612 617 8516 15549
5 2187 5180 9107 15550
5 6996 2460 7794 15551
5 3033 6996 7794 15552
5 7206 4459 9244 15553
5 7618 3765 9133 15554
5 2654 7618 9133 15555
5 5854 3266 9125 15556
5 6023 563 8420 15557
5 5619 1963 7275 15558
5 455 6170 9302 15559
5 4867 1867 8867 15560
5 673 4897 8676 15561
5 3206 5652 8257 15562
5 2350 7462 9265 15563
5 5894 1171 9062 15564
5 6170 3180 9302 15565
5 3010 5894 9062 15566
5 2853 6391 6867 15567
5 2161 6048 6675 15568
5 6434 2060 6462 15569
5 956 4964 8826 15570
5 5754 2366 8793 15571
5 2632 6478 8209 15572
5 1566 4894 8715 15573
5 5726 1906 6880 15574
5 5391 1650 7728 15575
5 2621 5391 7728 15576
5 6278 416 7741 15577
5 5733 901 7482 15578
5 2696 6278 7741 15579
5 6675 3234 8504 15580
5 2083 5489 7128 15581
5 6485 2739 6536 15582
5 2438 5733 7482 15583
5 1788 6329 8945 15584
5 2591 5524 7090 15585
5 3766 5182 8299 15586
5 5629 1959 6989 15587
5 5884 1657 7134 15588
5 2835 8313 8804 15589
5 5064 2419 7957 15590
5 483 4995 8207 15591
5 5451 1164 7166 15592
5 2293 6938 7112 15593
5 6938 2741 7112 15594
5 2188 5121 7887 15595
5 2800 6298 7992 15596
5 6298 1102 7992 15597
5 695 5718 8094 15598
5 5571 2308 7063 15599
5 6922 2084 6924 15600
5 3186 6922 6924 15601
5 4889 1014 8846 15602
5 371 5213 8407 15603
5 3024 6656 8888 15604
5 8300 1340 8872 15605
5 8091 3147 8783 15606
5 2440 5019 8133 15607
5 684 5426 8654 15608
5 3972 8300 8872 15609
5 5426 2647 8654 15610
5 917 5076 8874 15611
5 5076 2531 8874 15612
5 1830 5953 8445 15613
5 1246 8798 8923 15614
5 2602 5194 7627 15615
5 2655 6884 7744 15616
5 1029 5940 7702 15617
5 2579 5315 7385 15618
5 2308 5571 8535 15619
5 6218 781 9220 15620
5 575 4886 8917 15621
5 5637 450 7918 15622
5 793 8132 8289 15623
5 2298 4998 8246 15624
5 6196 3083 6631 15625
5 2347 5817 8105 15626
5 722 5026 8131 15627
5 5563 920 7641 15628
5 5044 1003 8126 15629
5 5857 183 7014 15630
5 2206 6046 6808 15631
5 571 5890 8346 15632
5 4906 1683 8764 15633
5 5067 1586 8029 15634
5 2318 5857 7014 15635
5 2300 5044 8126 15636
5 5359 895 7341 15637
5 886 4867 9237 15638
5 2985 6969 8478 15639
5 6234 3009 7069 15640
5 944 6187 6904 15641
5 2181 5574 8068 15642
5 5163 311 8421 15643
5 4867 886 9292 15644
5 6603 2202 8705 15645
5 1120 8775 9178 15646
5 6635 2934 9188 15647
5 8775 4304 9178 15648
5 6674 1918 9316 15649
5 715 5463 7707 15650
5 5463 2389 7707 15651
5 6329 3116 8945 15652
5 3119 7299 7711 15653
5 5598 2193 7755 15654
5 7299 640 7711 15655
5 5407 3007 8194 15656
5 5655 1303 8883 15657
5 6061 2275 6843 15658
5 1588 4945 8615 15659
5 5613 2382 7495 15660
5 1223 5613 7495 15661
5 8030 865 8059 15662
5 3484 8030 8059 15663
5 7764 2674 7801 15664
5 4964 2450 8826 15665
5 6400 2323 6557 15666
5 2825 5655 8883 15667
5 7697 457 9264 15668
5 3453 5066 8101 15669
5 2278 6885 8692 15670
5 5605 3125 7080 15671
5 2239 5755 6932 15672
5 2774 6103 8936 15673
5 6550 2690 8012 15674
5 2001 5200 7695 15675
5 5657 2169 8761 15676
5 985 7005 7411 15677
5 5191 1848 7718 15678
5 7005 2877 7411 15679
5 2010 6184 6689 15680
5 6466 3847 8791 15681
5 2331 4994 8376 15682
5 7931 1500 8680 15683
5 5282 683 8124 15684
5 553 4918 8877 15685
5 2648 6062 7877 15686
5 3696 7931 8680 15687
5 1806 5106 7996 15688
5 6062 1802 7877 15689
5 8313 3840 8804 15690
5 2787 7276 8802 15691
5 2612 6120 7729 15692
5 6120 970 7729 15693
5 93 4896 9195 15694
5 5810 90 7248 15695
5 2373 5810 7248 15696
5 2154 6045 7912 15697
5 6641 2732 8356 15698
5 985 5319 7464 15699
5 3202 6404 8045 15700
5 1055 4901 9096 15701
5 5005 1660 8320 15702
5 812 7313 8921 15703
5 5246 2343 7588 15704
5 6550 4066 9120 15705
5 5561 2210 7154 15706
5 834 7022 7536 15707
5 5924 2674 8651 15708
5 2678 7792 8779 15709
5 4914 876 9000 15710
5 6736 3509 9152 15711
5 3027 5277 8046 15712
5 1509 4914 9001 15713
5 5504 2761 7362 15714
5 2042 6577 7215 15715
5 2579 7385 8619 15716
5 5827 824 6914 15717
5 6964 574 7738 15718
5 2116 6485 6536 15719
5 2788 7061 8771 15720
5 2506 6759 7344 15721
5 7061 3378 8771 15722
5 5444 2501 8203 15723
5 5876 3934 7404 15724
5 1214 5544 9153 15725
5 5774 3064 8572 15726
5 5544 2844 9153 15727
5 2298 5088 8273 15728
5 1195 5444 8203 15729
5 926 5483 8354 15730
5 4198 5993 8127 15731
5 1872 7463 9181 15732
5 1093 6179 7260 15733
5 649 5683 8375 15734
5 2745 6124 6809 15735
5 4995 483 8455 15736
5 2438 7482 8464 15737
5 5828 3317 8269 15738
5 5157 2203 7891 15739
5 1495 5098 8074 15740
5 6344 2226 8416 15741
5 5779 1892 7335 15742
5 2147 5708 9014 15743
5 5958 2247 7263 15744
5 455 5384 7372 15745
5 6855 2728 7490 15746
5 2611 5792 8120 15747
5 5792 1202 8120 15748
5 6228 2656 8081 15749
5 6051 2432 7923 15750
5 874 6506 8915 15751
5 5863 4549 8930 15752
5 665 5864 7197 15753
5 4937 2449 9010 15754
5 7509 1292 8892 15755
5 681 4963 8819 15756
5 4963 2441 8819 15757
5 1581 5225 8264 15758
5 5865 751 8880 15759
5 6210 1938 7890 15760
5 1026 5255 7655 15761
5 6116 1210 7933 15762
5 8411 2435 8691 15763
5 3795 5265 8684 15764
5 5447 3367 7432 15765
5 5349 1481 7481 15766
5 7366 2278 8692 15767
5 6034 2201 7163 15768
5 565 4945 9038 15769
5 5220 2047 7762 15770
5 4945 2474 9038 15771
5 855 7947 7972 15772
5 706 4937 9010 15773
5 6313 2220 8623 15774
5 6457 4375 7955 15775
5 7375 1991 8989 15776
5 517 5391 8741 15777
5 5391 2621 8741 15778
5 2598 6584 7096 15779
5 6584 948 7096 15780
5 5928 2874 8016 15781
5 5849 2094 6958 15782
5 752 6321 6861 15783
5 4944 3204 9025 15784
5 2077 6816 8408 15785
5 6678 3035 9286 15786
5 2134 7009 8757 15787
5 1799 5327 7566 15788
5 4976 1625 8852 15789
5 3006 6899 7452 15790
5 3116 6477 8945 15791
5 5042 721 8423 15792
5 6141 1918 6793 15793
5 2479 7083 8021 15794
5 2089 6529 8129 15795
5 2827 6901 6902 15796
5 844 6097 8223 15797
5 1243 6708 7578 15798
5 6905 2747 7245 15799
5 6901 2178 6902 15800
5 2398 6905 7245 15801
5 2925 5286 7666 15802
5 3103 4934 9293 15803
5 5568 417 9051 15804
5 2583 5081 8284 15805
5 3719 5631 8189 15806
5 1850 5335 7558 15807
5 1215 6185 8922 15808
5 6083 2258 7479 15809
5 5453 2632 7361 15810
5 6158 2976 9205 15811
5 953 6061 6843 15812
5 6185 3030 8922 15813
5 1316 5914 8720 15814
5 7788 2905 8023 15815
5 6888 2797 7771 15816
5 6302 1024 6969 15817
5 1556 4980 8822 15818
5 906 6125 6810 15819
5 2408 6302 6969 15820
5 2212 5955 7880 15821
5 5366 1019 9169 15822
5 7088 835 8837 15823
5 6281 1238 8024 15824
5 2760 6281 8024 15825
5 6101 1996 6957 15826
5 518 5050 8456 15827
5 8106 505 9055 15828
5 5088 611 8273 15829
5 5054 2616 8858 15830
5 2592 8687 9093 15831
5 6808 2396 8844 15832
5 2974 6645 7714 15833
5 6067 2965 7747 15834
5 5173 911 8558 15835
5 2453 5173 8558 15836
5 420 5406 9105 15837
5 3019 7030 8413 15838
5 6390 1921 6677 15839
5 5641 660 7367 15840
5 2310 5361 7544 15841
5 2277 7167 7183 15842
5 7167 2818 7183 15843
5 333 5243 8650 15844
5 1318 5065 8560 15845
5 1710 5355 9148 15846
5 2844 4958 9153 15847
5 6683 2146 7972 15848
5 1927 6457 7955 15849
5 4976 203 8941 15850
5 6008 3262 8140 15851
5 5417 2142 7443 15852
5 5883 2911 8109 15853
5 450 5201 7918 15854
5 5958 4039 7387 15855
5 1614 5002 8730 15856
5 410 5057 8467 15857
5 2589 7326 8474 15858
5 7326 3349 8474 15859
5 7022 2860 7536 15860
5 2601 7726 8576 15861
5 5823 4365 8896 15862
5 1893 6349 7825 15863
5 2753 5584 7257 15864
5 6349 2703 7825 15865
5 5555 1990 8218 15866
5 2526 5555 8218 15867
5 2202 6977 8705 15868
5 6932 849 7519 15869
5 1735 6472 9079 15870
5 2881 6577 9303 15871
5 512 5223 8081 15872
5 2812 4969 9174 15873
5 5190 2453 8554 15874
5 5131 2273 8717 15875
5 1582 5190 8554 15876
5 6833 2766 7394 15877
5 2684 5863 8336 15878
5 2498 6833 7394 15879
5 2068 6849 8973 15880
5 5863 608 8336 15881
5 2150 5003 8778 15882
5 7393 2914 7986 15883
5 1814 5125 8241 15884
5 6797 3778 7272 15885
5 811 6797 7272 15886
5 5142 1721 8196 15887
5 4999 2094 8851 15888
5 3238 7078 7775 15889
5 5243 2600 8650 15890
5 6076 1263 8536 15891
5 2681 6951 7691 15892
5 3173 7058 8306 15893
5 5016 2713 9270 15894
5 2321 6073 6963 15895
5 6073 1585 6963 15896
5 1393 7015 8548 15897
5 5598 676 7290 15898
5 7058 1183 8306 15899
5 6998 134 8389 15900
5 5967 3152 6970 15901
5 6257 2938 6791 15902
5 6333 2155 7442 15903
5 2742 6386 8628 15904
5 2131 5731 8454 15905
5 5320 864 7703 15906
5 7701 1307 9235 15907
5 5731 2668 8454 15908
5 1305 8053 8305 15909
5 8053 3529 8305 15910
5 3755 7701 9235 15911
5 1719 5373 8095 15912
5 5031 1306 9039 15913
5 2502 5031 9039 15914
5 7246 646 7358 15915
5 2886 4985 9110 15916
5 523 5093 8835 15917
5 5308 2724 7789 15918
5 6505 1405 8748 15919
5 3089 6505 8748 15920
5 6415 1879 7618 15921
5 2654 6415 7618 15922
5 1534 5900 7034 15923
5 3635 7346 8682 15924
5 5212 552 8008 15925
5 2514 6247 7368 15926
5 6247 1957 7368 15927
5 3729 4978 9321 15928
5 392 5347 8635 15929
5 7881 2775 8505 15930
5 8388 2818 8767 15931
5 2263 5269 9083 15932
5 301 5625 9294 15933
5 2240 5363 9054 15934
5 6590 5 7742 15935
5 1546 8601 9081 15936
5 8601 4114 9081 15937
5 6718 2480 7127 15938
5 2587 6718 7127 15939
5 2252 5667 7803 15940
5 5858 2185 7077 15941
5 6284 2747 6905 15942
5 6352 2173 6763 15943
5 1271 6284 6905 15944
5 656 6089 7366 15945
5 5679 926 8354 15946
5 868 5259 7887 15947
5 5753 414 7638 15948
5 2434 5753 7638 15949
5 993 6609 7064 15950
5 5582 2207 9134 15951
5 1213 6656 8380 15952
5 6656 3024 8380 15953
5 7897 3158 8493 15954
5 6818 1196 8345 15955
5 6993 2752 7241 15956
5 2390 6993 7241 15957
5 5046 1716 8981 15958
5 856 5531 7409 15959
5 2678 5494 7792 15960
5 2980 5106 8453 15961
5 411 5617 7322 15962
5 5494 1674 7792 15963
5 1138 7089 8212 15964
5 1675 5478 8236 15965
5 1967 4993 9225 15966
5 5875 1259 9318 15967
5 5478 2484 8236 15968
5 5766 4127 8693 15969
5 707 5766 8693 15970
5 908 5685 8519 15971
5 5807 3661 8116 15972
5 5732 2223 8532 15973
5 2465 7582 7634 15974
5 3023 5061 8690 15975
5 2341 7719 7929 15976
5 7680 3848 8845 15977
5 7673 2368 7968 15978
5 3297 7673 7968 15979
5 5756 2265 7620 15980
5 6020 2751 7153 15981
5 1602 6020 7153 15982
5 2005 6190 8712 15983
5 7795 1276 8980 15984
5 5784 2004 7162 15985
5 2617 7991 8413 15986
5 2488 6568 8644 15987
5 3094 6237 8075 15988
5 5121 2462 8817 15989
5 5773 1048 8149 15990
5 5398 1658 7621 15991
5 2575 5773 8149 15992
5 2707 6862 7323 15993
5 2469 6101 6957 15994
5 2731 5398 7621 15995
5 7719 3278 7929 15996
5 5712 1200 8854 15997
5 2788 5712 8854 15998
5 2820 6702 6811 15999
5 1846 6047 8310 16000
5 5714 1135 8254 16001
5 6737 2748 6945 16002
5 5296 188 8134 16003
5 2392 7696 8063 16004
5 7696 3321 8063 16005
5 5398 2731 9192 16006
5 2057 6930 8664 16007
5 1230 5398 9192 16008
5 8055 2704 8653 16009
5 7031 706 8099 16010
5 2897 7546 9200 16011
5 1134 7710 7937 16012
5 3063 7031 8099 16013
5 2402 5083 9081 16014
5 5037 595 8965 16015
5 5552 2140 7453 16016
5 1116 5841 8071 16017
5 7340 3432 8776 16018
5 5841 2564 8071 16019
5 1432 6397 7348 16020
5 2712 7340 8776 16021
5 1386 5743 7472 16022
5 5657 3001 7419 16023
5 584 5834 8181 16024
5 2867 7155 7390 16025
5 5743 3386 7472 16026
5 7155 950 7390 16027
5 5518 2162 8270 16028
5 5437 2268 8262 16029
5 2561 5319 7869 16030
5 2794 6932 7519 16031
5 999 5546 9208 16032
5 5546 2798 9208 16033
5 5788 805 7202 16034
5 700 5271 8009 16035
5 2628 6140 7948 16036
5 949 6314 7407 16037
5 2618 7412 8135 16038
5 6140 1010 7948 16039
5 765 7654 9068 16040
5 5235 1778 8103 16041
5 5322 2418 7860 16042
5 6314 2823 7407 16043
5 6000 2971 8591 16044
5 6623 2197 6859 16045
5 2607 8010 8570 16046
5 454 7527 8339 16047
5 6756 3195 7641 16048
5 563 6023 7150 16049
5 7411 2385 7869 16050
5 6023 3480 7150 16051
5 3294 5042 9077 16052
5 6869 3385 9006 16053
5 5397 54 7693 16054
5 2517 5888 7826 16055
5 5888 1173 7826 16056
5 2910 5114 8599 16057
5 2451 5138 8498 16058
5 1855 6869 9006 16059
5 3376 6146 9202 16060
5 5675 2171 7456 16061
5 6261 2914 7412 16062
5 5424 2329 7665 16063
5 1412 6261 7412 16064
5 3108 7311 7828 16065
5 1771 5998 7845 16066
5 2201 6034 7765 16067
5 5998 2876 7845 16068
5 6773 2384 7095 16069
5 2661 7950 8478 16070
5 4114 7277 8526 16071
5 7311 884 7828 16072
5 969 6272 7502 16073
5 2731 5037 9192 16074
5 3361 6244 8198 16075
5 2242 5735 8539 16076
5 3230 6597 9184 16077
5 6597 430 9184 16078
5 7044 2332 8583 16079
5 7265 2393 8011 16080
5 6244 1748 8198 16081
5 5052 1531 9129 16082
5 7320 1223 7495 16083
5 8480 3562 9303 16084
5 5154 687 8449 16085
5 5261 2248 8385 16086
5 4230 6030 8571 16087
5 5087 1637 8785 16088
5 1627 5129 8578 16089
5 557 6325 8932 16090
5 2365 8162 8260 16091
5 8162 3516 8260 16092
5 1963 6179 7275 16093
5 1205 5585 8592 16094
5 5515 1094 9098 16095
5 592 5506 7720 16096
5 8260 1155 9134 16097
5 5467 1964 7633 16098
5 555 6379 6858 16099
5 5864 2726 7197 16100
5 5493 1719 8095 16101
5 793 5256 8132 16102
5 3523 5192 8338 16103
5 7726 3408 8576 16104
5 5605 1785 8533 16105
5 7430 587 8597 16106
5 3389 7430 8597 16107
5 3388 7375 8989 16108
5 6033 3445 7446 16109
5 5610 1122 8208 16110
5 4359 6030 8236 16111
5 2508 5610 8208 16112
5 5512 1866 7596 16113
5 5593 2286 7485 16114
5 6466 652 9236 16115
5 5225 2963 8264 16116
5 2647 5428 8956 16117
5 5428 977 8956 16118
5 5302 2459 8036 16119
5 2371 5376 7853 16120
5 6391 429 6867 16121
5 5449 3479 8329 16122
5 849 5575 7519 16123
5 5454 2337 7882 16124
5 6459 2938 8483 16125
5 1229 6459 8483 16126
5 2274 5476 7672 16127
5 6948 1636 7067 16128
5 2871 6948 7067 16129
5 1848 6195 7718 16130
5 6195 2776 7718 16131
5 8728 4036 9035 16132
5 5586 138 7513 16133
5 2545 5133 9199 16134
5 5133 983 9199 16135
5 8687 3852 9093 16136
5 5341 760 7964 16137
5 2941 5529 8355 16138
5 5630 2294 8580 16139
5 5536 1763 9029 16140
5 6357 1007 7344 16141
5 2507 6357 7344 16142
5 5068 1274 9207 16143
5 3232 6116 8738 16144
5 3016 6909 7222 16145
5 6956 3194 7308 16146
5 1375 5279 8664 16147
5 568 6989 8971 16148
5 6056 2262 8420 16149
5 5083 1546 9081 16150
5 5491 2153 9123 16151
5 5222 2290 8618 16152
5 5922 2029 7206 16153
5 6528 4721 8996 16154
5 5583 2355 8351 16155
5 3934 6343 9259 16156
5 570 5774 7329 16157
5 236 5607 7518 16158
5 1981 6041 9116 16159
5 5773 2575 7330 16160
5 5198 2022 8433 16161
5 3127 8400 8735 16162
5 1729 5368 8869 16163
5 5368 2573 8869 16164
5 5724 994 7393 16165
5 2751 6020 9198 16166
5 2432 5207 8603 16167
5 2226 7024 8416 16168
5 5207 1422 8603 16169
5 2730 5296 8134 16170
5 2397 5779 7335 16171
5 5213 2814 8407 16172
5 298 5100 9017 16173
5 7480 2994 8934 16174
5 6927 3320 8044 16175
5 1371 8728 9035 16176
5 2403 5628 8123 16177
5 5692 561 7439 16178
5 5214 2757 8398 16179
5 1926 5486 7722 16180
5 5776 2322 7381 16181
5 1046 5776 7381 16182
5 6068 745 8762 16183
5 2861 6068 8762 16184
5 5315 2579 8992 16185
5 510 5315 8992 16186
5 387 5081 9282 16187
5 5922 1228 7232 16188
5 7750 2533 8259 16189
5 5795 882 7342 16190
5 2219 5097 9106 16191
5 8537 3342 9104 16192
5 6239 2692 8115 16193
5 3479 8024 8329 16194
5 1388 6239 8115 16195
5 2385 6656 7094 16196
5 8024 1238 8329 16197
5 1989 6562 6837 16198
5 549 5276 8250 16199
5 5179 1692 8575 16200
5 2210 5561 7653 16201
5 195 5342 8067 16202
5 3149 5144 8809 16203
5 5506 2462 7720 16204
5 5104 726 9101 16205
5 5802 4165 7396 16206
5 632 5802 7396 16207
5 1054 6693 8274 16208
5 6693 2948 8274 16209
5 2159 5377 7988 16210
5 1652 5254 8309 16211
5 3015 6348 8320 16212
5 7170 3611 9048 16213
5 6223 2922 7727 16214
5 5324 1124 9032 16215
5 6220 1237 9077 16216
5 6963 1585 7700 16217
5 6349 906 8040 16218
5 2459 5672 8036 16219
5 5672 569 8036 16220
5 5943 2254 8960 16221
5 823 6738 6950 16222
5 1661 5475 9239 16223
5 5263 2577 9095 16224
5 6738 3347 6950 16225
5 1279 5263 9095 16226
5 2428 5162 9272 16227
5 3026 5886 7534 16228
5 8872 1340 9271 16229
5 4228 8872 9271 16230
5 2703 6349 8040 16231
5 5750 1143 7416 16232
5 2441 6337 7604 16233
5 5110 945 9179 16234
5 5183 698 8691 16235
5 2766 5823 8896 16236
5 5278 2253 8304 16237
5 5669 1120 7534 16238
5 2435 5183 8691 16239
5 2304 5959 7252 16240
5 2130 6411 7612 16241
5 1936 5112 9168 16242
5 5691 885 7863 16243
5 581 8486 8725 16244
5 589 5334 8147 16245
5 2086 5255 8372 16246
5 2467 6804 6980 16247
5 6804 2529 6980 16248
5 2934 8106 9188 16249
5 6424 2130 7612 16250
5 7201 2862 8092 16251
5 1935 6172 8974 16252
5 3066 7037 7038 16253
5 7037 2170 7038 16254
5 944 5948 7548 16255
5 3465 6526 8142 16256
5 5948 2416 7548 16257
5 1876 5375 8272 16258
5 3425 5982 7267 16259
5 1537 6689 9144 16260
5 2276 5333 8186 16261
5 5771 420 9105 16262
5 6120 2205 7179 16263
5 6702 2176 6811 16264
5 6652 2941 8355 16265
5 1115 6652 8355 16266
5 6713 1871 8996 16267
5 1078 5650 7608 16268
5 6064 2964 9154 16269
5 1676 6064 9154 16270
5 2661 6623 6859 16271
5 1130 6090 7967 16272
5 6090 2576 7967 16273
5 2347 6983 6984 16274
5 5230 670 8551 16275
5 6983 2623 6984 16276
5 7619 3055 9190 16277
5 5690 2604 7556 16278
5 8900 3606 9243 16279
5 5421 1089 7956 16280
5 5787 2035 7788 16281
5 1719 5493 7839 16282
5 2463 7383 7642 16283
5 5851 1983 8801 16284
5 2310 6119 7781 16285
5 5191 601 8738 16286
5 2614 7663 8852 16287
5 2099 5118 9327 16288
5 2111 6110 7205 16289
5 6511 2912 7505 16290
5 5899 445 8453 16291
5 12 5480 8028 16292
5 2128 6398 7015 16293
5 5228 2163 8587 16294
5 6523 2023 8731 16295
5 6479 2046 7152 16296
5 5737 46 8256 16297
5 2135 5671 7616 16298
5 2973 6592 9306 16299
5 2513 5975 7852 16300
5 5975 1126 7852 16301
5 7503 1505 8912 16302
5 3472 7503 8912 16303
5 1867 6552 8867 16304
5 1989 6837 8795 16305
5 6552 3066 8867 16306
5 723 5132 9263 16307
5 5480 2605 8028 16308
5 5877 4121 8889 16309
5 5513 3426 7906 16310
5 769 5239 8562 16311
5 2003 5513 7906 16312
5 2369 6371 7186 16313
5 5133 1723 9268 16314
5 7415 2344 8927 16315
5 6495 2270 8156 16316
5 2165 6281 7116 16317
5 1718 5218 8688 16318
5 3758 8515 8604 16319
5 8515 1332 8604 16320
5 8213 2807 8934 16321
5 5745 2511 8158 16322
5 7880 629 8364 16323
5 1754 5745 8158 16324
5 3362 6102 7239 16325
5 1683 5168 9024 16326
5 2206 5704 7594 16327
5 3478 8106 9055 16328
5 1976 6409 7915 16329
5 5813 547 7467 16330
5 5449 449 8056 16331
5 663 6180 8641 16332
5 6180 2832 8641 16333
5 1117 6184 8321 16334
5 5272 2510 8507 16335
5 567 7990 8085 16336
5 6417 2554 7550 16337
5 396 6417 7550 16338
5 1287 5851 9183 16339
5 5526 1965 7868 16340
5 2468 6202 7516 16341
5 2049 6127 7226 16342
5 6202 295 7516 16343
5 566 5528 8405 16344
5 5528 2492 8405 16345
5 2268 5437 8404 16346
5 2427 5959 7617 16347
5 5959 1067 7617 16348
5 2603 7461 9064 16349
5 5515 2341 7929 16350
5 7072 3170 7469 16351
5 2457 7321 7670 16352
5 7321 2969 7670 16353
5 3109 6080 8243 16354
5 5566 2161 7871 16355
5 2300 5674 8520 16356
5 5411 2969 8090 16357
5 2431 6554 7528 16358
5 5294 2495 8452 16359
5 6470 3269 7318 16360
5 2355 6470 7318 16361
5 1728 5785 8776 16362
5 5785 2712 8776 16363
5 2627 6063 8227 16364
5 6063 1148 8227 16365
5 2431 7528 8030 16366
5 3646 6385 8723 16367
5 5762 3267 8730 16368
5 7401 3281 7402 16369
5 2216 7401 7402 16370
5 6964 2034 6968 16371
5 3768 6964 6968 16372
5 5673 1683 9024 16373
5 2732 5673 9024 16374
5 5860 2307 8141 16375
5 5614 1221 8451 16376
5 6157 871 8708 16377
5 6260 3863 7601 16378
5 6865 956 6980 16379
5 5584 2753 9223 16380
5 2529 6865 6980 16381
5 961 5584 9223 16382
5 2342 5449 8056 16383
5 1094 5515 7929 16384
5 2247 5958 7387 16385
5 3668 7741 9301 16386
5 7741 416 9301 16387
5 5378 2552 8242 16388
5 6326 1935 8974 16389
5 2645 6039 8831 16390
5 5263 2387 8613 16391
5 3066 6406 8867 16392
5 3392 7880 8364 16393
5 1810 5314 8437 16394
5 5270 308 8607 16395
5 6637 2231 7928 16396
5 5162 921 9272 16397
5 6306 1420 7356 16398
5 8015 3306 9047 16399
5 5853 480 9113 16400
5 6992 3318 9124 16401
5 1109 6992 9124 16402
5 7084 3246 9228 16403
5 2450 6306 7356 16404
5 5811 453 8503 16405
5 2053 5185 9072 16406
5 2294 5879 8580 16407
5 2825 8315 9122 16408
5 5222 2926 8855 16409
5 5502 3582 8724 16410
5 570 7329 8318 16411
5 7202 2446 7365 16412
5 5180 1393 9107 16413
5 3932 6098 7762 16414
5 1912 5484 8049 16415
5 5495 517 9070 16416
5 2659 5495 9070 16417
5 7100 2842 8422 16418
5 3131 7100 8422 16419
5 5288 2503 9000 16420
5 1007 7070 7344 16421
5 2509 6636 7809 16422
5 6636 3366 7809 16423
5 1263 6076 8937 16424
5 3361 5989 8423 16425
5 7232 1228 8502 16426
5 5226 1670 8865 16427
5 5202 460 9031 16428
5 1383 5729 7646 16429
5 3335 7473 8589 16430
5 7473 2344 8589 16431
5 6764 4901 9106 16432
5 5752 2306 8475 16433
5 2424 5264 9251 16434
5 5265 3312 8684 16435
5 1722 5211 8999 16436
5 6942 2652 9317 16437
5 7372 3200 9258 16438
5 5295 1798 8573 16439
5 2842 6462 8422 16440
5 5613 1223 8736 16441
5 2599 5613 8736 16442
5 7861 1167 8926 16443
5 1035 5756 7620 16444
5 1651 5197 9089 16445
5 3307 7543 9068 16446
5 6179 2630 7275 16447
5 6383 660 7427 16448
5 2491 6383 7427 16449
5 1863 5978 7865 16450
5 5978 2490 7865 16451
5 7541 2763 8865 16452
5 5714 2302 8925 16453
5 3925 5573 7912 16454
5 6410 2539 9121 16455
5 4263 7643 9030 16456
5 2584 6727 7345 16457
5 6727 444 7345 16458
5 5262 101 9155 16459
5 3550 5262 9155 16460
5 5283 2849 8668 16461
5 2737 5193 9197 16462
5 7643 1258 9030 16463
5 1477 7674 9277 16464
5 7674 3608 9277 16465
5 2046 6479 9086 16466
5 6479 3081 9086 16467
5 5921 1968 8418 16468
5 8096 1411 9109 16469
5 429 5208 9073 16470
5 2366 7008 8793 16471
5 5667 1230 7803 16472
5 7125 3131 8422 16473
5 5340 1850 8468 16474
5 1056 7125 8422 16475
5 5194 961 9223 16476
5 6089 2278 7366 16477
5 2530 5493 8095 16478
5 3034 6707 8551 16479
5 2492 6900 8904 16480
5 6029 631 9186 16481
5 2323 6400 8215 16482
5 6720 2561 7094 16483
5 6103 1030 8936 16484
5 5196 1288 9222 16485
5 3596 8071 8787 16486
5 8071 2564 8787 16487
5 1213 6720 7094 16488
5 2354 5621 7873 16489
5 1785 5966 8533 16490
5 2480 6669 7127 16491
5 6669 995 7127 16492
5 3163 5557 8005 16493
5 2626 7966 8939 16494
5 5868 1403 7562 16495
5 6338 1913 8900 16496
5 2954 6338 8900 16497
5 7966 3613 8939 16498
5 2201 6394 7163 16499
5 5208 2852 9142 16500
5 546 5682 7805 16501
5 2260 6737 6945 16502
5 6462 1056 8422 16503
5 7318 1071 8821 16504
5 2377 6099 7378 16505
5 7142 1354 8079 16506
5 6590 2308 8535 16507
5 7327 585 7347 16508
5 6878 2465 6891 16509
5 2473 6878 6891 16510
5 5902 1159 8431 16511
5 5472 975 8167 16512
5 6371 1572 7186 16513
5 1080 5478 8170 16514
5 2826 7327 7347 16515
5 5651 1863 7865 16516
5 7718 2776 8482 16517
5 7016 2745 7291 16518
5 6647 2857 8249 16519
5 636 6647 8249 16520
5 3370 5425 8278 16521
5 564 5437 8262 16522
5 5614 2476 8353 16523
5 7583 2703 8985 16524
5 2668 5731 8740 16525
5 8513 662 9047 16526
5 1221 5614 8353 16527
5 5453 2520 8698 16528
5 1066 5453 8698 16529
5 3054 5450 8233 16530
5 7339 3495 9185 16531
5 1265 7339 9185 16532
5 2413 6033 7446 16533
5 1058 5825 8117 16534
5 1240 8235 8899 16535
5 2557 6995 7337 16536
5 6995 2667 7337 16537
5 7253 2181 7254 16538
5 3301 7253 7254 16539
5 6857 3322 8767 16540
5 2832 6271 8642 16541
5 6271 1239 8642 16542
5 6745 720 7147 16543
5 6183 2333 8014 16544
5 2516 6745 7147 16545
5 7910 2882 9046 16546
5 3624 7910 9046 16547
5 901 5991 7491 16548
5 6301 2393 7265 16549
5 7303 2851 7304 16550
5 5508 3671 8955 16551
5 5469 2875 8785 16552
5 2353 7303 7304 16553
5 1637 5469 8785 16554
5 5294 928 8910 16555
5 2495 5294 8910 16556
5 2375 5936 7551 16557
5 783 5297 8782 16558
5 581 5378 8486 16559
5 2382 6004 7495 16560
5 2469 6957 8447 16561
5 918 5338 9004 16562
5 6903 3504 8352 16563
5 2355 5583 8461 16564
5 1065 6047 7470 16565
5 5295 680 9191 16566
5 2555 5295 9191 16567
5 5574 548 8068 16568
5 5801 932 7786 16569
5 7081 1344 7129 16570
5 2392 5801 7786 16571
5 2610 7081 7129 16572
5 656 6039 8396 16573
5 5695 3763 9078 16574
5 6039 2645 8396 16575
5 5940 3058 7702 16576
5 8332 3869 9234 16577
5 385 8332 9234 16578
5 1804 6796 9100 16579
5 3977 7436 8273 16580
5 6045 1293 7912 16581
5 2027 6460 8409 16582
5 5963 2801 8103 16583
5 1778 5963 8103 16584
5 5777 3257 7776 16585
5 8026 1269 9009 16586
5 1201 5233 9266 16587
5 5637 2124 7986 16588
5 5931 2358 7598 16589
5 876 5288 9000 16590
5 2733 5412 8417 16591
5 6046 616 7542 16592
5 8163 426 8596 16593
5 730 5466 8293 16594
5 1077 6083 7479 16595
5 2396 6046 7542 16596
5 3043 9182 9313 16597
5 7948 1010 9258 16598
5 5475 2332 9239 16599
5 3069 5258 9097 16600
5 550 5273 9045 16601
5 6517 2433 7177 16602
5 941 6517 7177 16603
5 7211 3536 7557 16604
5 6788 2660 7555 16605
5 953 6788 7555 16606
5 1039 6641 8356 16607
5 1840 5707 7886 16608
5 6656 1213 7094 16609
5 5433 3313 8409 16610
5 5269 1197 9083 16611
5 6747 2738 7077 16612
5 2185 6747 7077 16613
5 3512 5538 8290 16614
5 6397 2295 7348 16615
5 5885 527 8784 16616
5 5839 2345 8267 16617
5 2699 5885 8784 16618
5 2523 7602 7745 16619
5 577 7206 9244 16620
5 3617 6312 8383 16621
5 9140 2909 9305 16622
5 2577 5263 9158 16623
5 8269 686 8868 16624
5 3683 8269 8868 16625
5 915 5373 9158 16626
5 5373 2577 9158 16627
5 986 5464 8630 16628
5 3395 8217 9273 16629
5 6187 944 7587 16630
5 2391 6395 7631 16631
5 5488 2867 8342 16632
5 3433 8040 9034 16633
5 5776 1874 9036 16634
5 1252 5946 8373 16635
5 5747 2271 7861 16636
5 576 6678 9286 16637
5 5604 31 8671 16638
5 6231 2413 7446 16639
5 1193 6231 7446 16640
5 2306 5984 8475 16641
5 5264 655 9251 16642
5 6516 1072 9149 16643
5 3073 6516 9149 16644
5 7438 1029 7702 16645
5 1121 6824 8695 16646
5 6863 2959 8543 16647
5 2550 5625 8112 16648
5 6256 2166 7398 16649
5 2726 7242 7406 16650
5 1124 5621 9032 16651
5 6802 2763 7541 16652
5 7244 1033 7917 16653
5 1342 8480 9303 16654
5 940 6802 7541 16655
5 6184 1117 9228 16656
5 2947 6184 9228 16657
5 6408 2424 7296 16658
5 6442 3636 7264 16659
5 5526 2917 8374 16660
5 6622 3716 9005 16661
5 2877 7005 7631 16662
5 3738 8051 9295 16663
5 8051 1296 9295 16664
5 2719 7563 9020 16665
5 5616 551 8813 16666
5 2666 6863 7539 16667
5 6863 1037 7539 16668
5 5434 2991 8513 16669
5 5658 1165 9161 16670
5 7117 2212 7880 16671
5 1737 5426 9299 16672
5 2598 7096 7143 16673
5 7096 2482 7143 16674
5 2374 6342 7358 16675
5 977 5428 8544 16676
5 567 6370 7990 16677
5 2160 6709 7122 16678
5 6114 1818 9321 16679
5 971 6372 9118 16680
5 5367 973 8802 16681
5 2134 5515 9098 16682
5 5429 1582 8554 16683
5 6546 1310 7217 16684
5 5883 669 8589 16685
5 6825 3240 7785 16686
5 5615 2071 8189 16687
5 44 6773 7095 16688
5 1178 7754 8462 16689
5 7754 3341 8462 16690
5 8382 2603 9064 16691
5 6577 2881 7215 16692
5 6299 2370 8080 16693
5 6673 2108 7723 16694
5 7702 3058 7876 16695
5 6066 1925 8653 16696
5 2704 6066 8653 16697
5 6038 957 8195 16698
5 5964 2550 7708 16699
5 3809 5329 9029 16700
5 4663 7547 8805 16701
5 2936 7380 8991 16702
5 7380 3377 8991 16703
5 5946 2241 8373 16704
5 5782 2003 7906 16705
5 2321 5510 8972 16706
5 5780 4084 8098 16707
5 2301 6272 7448 16708
5 8584 2947 9228 16709
5 2239 6932 7173 16710
5 1392 6871 8841 16711
5 6871 3123 8841 16712
5 805 5788 8755 16713
5 7328 2770 8115 16714
5 6505 3390 8010 16715
5 2847 5451 8546 16716
5 4314 5401 8987 16717
5 5401 1502 8987 16718
5 2355 6167 8351 16719
5 5918 1076 7782 16720
5 2803 7131 7636 16721
5 7131 2643 7636 16722
5 6111 1809 9326 16723
5 1301 5333 9041 16724
5 6342 2374 8173 16725
5 3338 7760 8964 16726
5 3078 8062 8247 16727
5 5325 1845 9146 16728
5 2543 7052 7169 16729
5 5556 460 8702 16730
5 5833 484 8101 16731
5 2179 6416 7523 16732
5 5718 2172 8094 16733
5 6363 2331 9141 16734
5 6632 2983 7223 16735
5 6176 2735 7577 16736
5 5983 2846 7756 16737
5 5663 103 8217 16738
5 1379 8245 8659 16739
5 8245 3543 8659 16740
5 7242 888 7406 16741
5 5466 3305 8592 16742
5 1122 6009 7727 16743
5 5599 3708 8602 16744
5 5316 4205 9281 16745
5 3983 6139 8121 16746
5 5955 629 7880 16747
5 1940 6779 8942 16748
5 6272 2301 7502 16749
5 6779 3097 8942 16750
5 7147 2620 7207 16751
5 5385 2738 8885 16752
5 2534 5816 8401 16753
5 5816 1026 8401 16754
5 5652 2993 8257 16755
5 5363 451 9054 16756
5 2516 7147 7207 16757
5 5788 2233 8755 16758
5 7543 2231 9068 16759
5 1095 7586 7640 16760
5 1495 8385 9310 16761
5 8385 3864 9310 16762
5 2436 5532 8682 16763
5 5683 2544 8375 16764
5 747 5330 9240 16765
5 2466 7834 8086 16766
5 3423 8163 8596 16767
5 7834 3218 8086 16768
5 2346 6304 8915 16769
5 2346 5975 7796 16770
5 2386 6187 7587 16771
5 7383 2777 7642 16772
5 2381 6273 8263 16773
5 477 6973 8200 16774
5 5950 1952 8259 16775
5 2533 5950 8259 16776
5 84 6470 8461 16777
5 5850 2400 7937 16778
5 2335 6024 9238 16779
5 3540 6872 9140 16780
5 1073 5455 8675 16781
5 5639 987 8292 16782
5 6264 2408 7716 16783
5 2482 5789 8282 16784
5 627 6549 7497 16785
5 5789 602 8282 16786
5 6205 1702 7580 16787
5 6549 2517 7497 16788
5 4128 7074 7442 16789
5 7602 2960 7745 16790
5 3859 5981 8348 16791
5 2905 6687 7753 16792
5 6687 1406 7753 16793
5 384 5677 8239 16794
5 5651 982 9297 16795
5 1754 5360 9166 16796
5 5331 1720 9330 16797
5 6842 2969 7321 16798
5 2505 7702 7876 16799
5 1364 6842 7321 16800
5 1037 6863 8543 16801
5 5856 855 7972 16802
5 6052 1097 7787 16803
5 2710 7996 8488 16804
5 5479 857 8689 16805
5 2711 6067 7747 16806
5 825 5671 8281 16807
5 7582 2746 7634 16808
5 2543 7169 7203 16809
5 6638 650 7829 16810
5 2635 6638 7829 16811
5 2004 5784 8077 16812
5 4309 6589 7595 16813
5 6589 1079 7595 16814
5 7049 4398 7178 16815
5 4195 6542 7504 16816
5 2351 6483 7399 16817
5 5398 1230 8958 16818
5 2249 5834 8038 16819
5 5942 2361 9028 16820
5 5583 83 8461 16821
5 7920 2435 7979 16822
5 1102 6298 7809 16823
5 6298 2509 7809 16824
5 2416 5948 7911 16825
5 3191 7831 9232 16826
5 6451 2933 7439 16827
5 561 6451 7439 16828
5 3205 7920 7979 16829
5 5786 494 8278 16830
5 2761 5504 8677 16831
5 5902 2360 9227 16832
5 6458 4057 7499 16833
5 635 6201 8506 16834
5 3735 5551 8689 16835
5 6219 1095 7640 16836
5 6201 2677 8506 16837
5 710 6260 7601 16838
5 1076 7062 9219 16839
5 5948 1882 7911 16840
5 7081 2610 7579 16841
5 2735 7081 7579 16842
5 2660 7153 7555 16843
5 7153 2751 7555 16844
5 2914 7393 8135 16845
5 6624 2452 8357 16846
5 2895 5750 8193 16847
5 5623 3825 8824 16848
5 586 5430 8953 16849
5 8191 3572 8883 16850
5 5571 378 8535 16851
5 1303 8191 8883 16852
5 6077 2418 7938 16853
5 6119 1045 7781 16854
5 1145 7772 8520 16855
5 2230 5679 8354 16856
5 5532 1399 8682 16857
5 1121 8695 9249 16858
5 6913 2463 7642 16859
5 760 5763 8194 16860
5 1807 6285 9002 16861
5 5956 3936 8782 16862
5 939 5596 8534 16863
5 6406 441 8076 16864
5 6932 2794 7173 16865
5 144 7885 7897 16866
5 5871 2774 9211 16867
5 494 5871 9211 16868
5 5825 2330 8117 16869
5 5756 2558 8212 16870
5 3205 7816 7920 16871
5 1968 6444 8418 16872
5 2173 6352 9282 16873
5 2227 5612 8516 16874
5 7816 1584 7920 16875
5 2465 6878 7582 16876
5 6055 2480 9016 16877
5 7029 565 9177 16878
5 2259 5764 8662 16879
5 926 5679 9133 16880
5 2202 6178 7748 16881
5 5679 2654 9133 16882
5 5732 2668 8658 16883
5 5515 2134 8757 16884
5 6408 2426 7930 16885
5 6672 3076 9127 16886
5 3108 7828 7837 16887
5 7828 2442 7837 16888
5 1102 5949 7992 16889
5 7885 3158 7897 16890
5 2725 6762 8760 16891
5 6832 1165 7403 16892
5 2758 6832 7403 16893
5 6888 2465 7634 16894
5 6724 2614 8852 16895
5 6443 3459 7840 16896
5 7110 2952 7778 16897
5 1128 7110 7778 16898
5 4008 5754 8793 16899
5 2035 6543 7788 16900
5 1925 6066 7856 16901
5 2879 7136 7137 16902
5 8126 1003 8898 16903
5 7136 2334 7137 16904
5 5734 81 8287 16905
5 1304 5454 8955 16906
5 2319 6315 7637 16907
5 2385 6521 8888 16908
5 5553 756 8707 16909
5 2548 7118 7138 16910
5 1198 6167 8894 16911
5 7118 2554 7138 16912
5 6179 1093 8444 16913
5 6167 2792 8894 16914
5 2630 6179 8444 16915
5 5431 2015 9067 16916
5 2636 7230 7578 16917
5 7990 3068 8085 16918
5 3532 8126 8898 16919
5 6605 2069 7481 16920
5 2420 6250 8164 16921
5 6453 3155 8608 16922
5 2408 6263 8197 16923
5 1126 7691 7852 16924
5 1082 5860 8141 16925
5 6554 2039 7528 16926
5 2954 8900 9243 16927
5 8040 906 9034 16928
5 2707 7323 8574 16929
5 5834 2249 8181 16930
5 7247 2821 7678 16931
5 3869 5405 9234 16932
5 8092 2862 9190 16933
5 2655 7247 7678 16934
5 5490 3087 8918 16935
5 3115 6351 7632 16936
5 6537 2502 7573 16937
5 6909 2251 7222 16938
5 223 6537 7573 16939
5 7300 1147 8608 16940
5 3155 7300 8608 16941
5 7052 2542 7169 16942
5 6525 3074 7889 16943
5 914 6099 9319 16944
5 5738 3348 8331 16945
5 7610 3351 8830 16946
5 655 6264 7716 16947
5 1246 7610 8830 16948
5 6302 2408 8197 16949
5 7805 2158 8969 16950
5 2827 6902 8128 16951
5 6902 1055 8128 16952
5 5830 671 8788 16953
5 2607 5830 8788 16954
5 7175 1098 8547 16955
5 3085 7175 8547 16956
5 2221 6907 7925 16957
5 6891 2465 7771 16958
5 5608 868 8817 16959
5 962 6511 7505 16960
5 815 7049 7178 16961
5 1170 5995 8021 16962
5 5674 1145 8520 16963
5 6615 1029 7438 16964
5 2889 5591 8697 16965
5 885 6469 7549 16966
5 2043 6497 7908 16967
5 6497 2580 7908 16968
5 6223 820 9324 16969
5 1211 7860 8951 16970
5 2922 6223 9324 16971
5 6759 2507 7344 16972
5 6622 2869 8578 16973
5 6567 1075 8015 16974
5 2921 5604 8671 16975
5 6395 1131 7631 16976
5 5897 912 8471 16977
5 1078 6077 7938 16978
5 831 5514 8935 16979
5 5685 2421 8519 16980
5 5832 1032 8844 16981
5 7148 1343 8749 16982
5 2295 6929 7348 16983
5 3138 7148 8749 16984
5 6366 2954 9243 16985
5 932 6366 9243 16986
5 6650 2100 7686 16987
5 6617 2515 9131 16988
5 3191 5833 8254 16989
5 2597 6424 7612 16990
5 1085 6884 7678 16991
5 6373 2875 7661 16992
5 6498 2394 7552 16993
5 6884 2655 7678 16994
5 6143 3599 9266 16995
5 1140 5503 9014 16996
5 8715 2719 9020 16997
5 2228 6116 7933 16998
5 493 5839 8267 16999
5 3273 6683 7972 17000
5 7841 3193 9085 17001
5 5534 1233 8948 17002
5 5798 86 8319 17003
5 900 6043 8537 17004
5 7349 1981 9116 17005
5 592 7720 8993 17006
5 6656 2385 8888 17007
5 6862 2388 7323 17008
5 7476 4802 9177 17009
5 5718 2710 8488 17010
5 5550 3014 8923 17011
5 6092 3889 8425 17012
5 6016 3548 8097 17013
5 1993 6085 8006 17014
5 6139 2062 7932 17015
5 1168 6092 8425 17016
5 3427 6128 8050 17017
5 2918 5952 8289 17018
5 6057 957 8352 17019
5 502 6611 8048 17020
5 7169 1457 7203 17021
5 5511 2641 9071 17022
5 7744 1128 7778 17023
5 6014 487 8338 17024
5 5555 1284 8959 17025
5 5999 879 8317 17026
5 2522 5999 8317 17027
5 1039 6016 8097 17028
5 5882 3918 8272 17029
5 3461 6822 7434 17030
5 6822 1137 7434 17031
5 5943 1152 8442 17032
5 892 6132 7975 17033
5 2535 5943 8442 17034
5 5599 1951 8827 17035
5 1728 5506 9130 17036
5 1866 5512 9092 17037
5 6750 900 9104 17038
5 6602 2196 7526 17039
5 3371 6270 8153 17040
5 6270 622 8153 17041
5 6874 981 8069 17042
5 2786 6874 8069 17043
5 6538 3143 7893 17044
5 5840 1895 8330 17045
5 2462 5608 8817 17046
5 500 5661 8729 17047
5 7536 2860 7537 17048
5 2493 7536 7537 17049
5 6096 1428 8046 17050
5 7005 2391 7631 17051
5 7156 493 8561 17052
5 3052 7156 8561 17053
5 986 7168 8296 17054
5 2215 6956 7308 17055
5 6209 3865 8496 17056
5 5799 2048 9018 17057
5 2945 6210 7890 17058
5 6090 1843 8458 17059
5 651 5752 8475 17060
5 6575 3253 7801 17061
5 1163 5732 8532 17062
5 2576 6090 8458 17063
5 1152 6225 7889 17064
5 6652 1115 7708 17065
5 2550 6652 7708 17066
5 1983 6864 8801 17067
5 2412 7016 7291 17068
5 7785 2471 9148 17069
5 5735 1345 8539 17070
5 3501 5623 8824 17071
5 1443 6971 7336 17072
5 6971 2546 7336 17073
5 2175 6587 8207 17074
5 2495 5844 8448 17075
5 5844 573 8448 17076
5 2423 5904 9076 17077
5 7198 3472 8160 17078
5 1142 5657 8761 17079
5 2237 6429 8074 17080
5 2009 5514 9218 17081
5 2566 7372 9258 17082
5 3013 7571 8339 17083
5 3279 7511 7512 17084
5 7511 2306 7512 17085
5 511 6415 8674 17086
5 731 7087 8083 17087
5 7087 2855 8083 17088
5 6929 2739 7348 17089
5 968 5934 8984 17090
5 1262 6755 8350 17091
5 2736 6767 8118 17092
5 6767 1004 8118 17093
5 6755 2815 8350 17094
5 7654 2843 8742 17095
5 3307 7654 8742 17096
5 6332 386 7827 17097
5 7451 2765 8079 17098
5 2183 5568 9051 17099
5 1090 6387 7789 17100
5 1877 5529 9216 17101
5 6297 1596 8304 17102
5 6946 3466 7395 17103
5 2066 6946 7395 17104
5 981 6183 8014 17105
5 2774 5534 9211 17106
5 2379 7409 7886 17107
5 1487 7760 8744 17108
5 7760 3338 8744 17109
5 572 6873 9094 17110
5 2523 6884 7602 17111
5 7237 2604 7312 17112
5 6885 2594 7607 17113
5 7720 3368 8993 17114
5 1191 6885 7607 17115
5 7598 1134 7937 17116
5 6162 171 8057 17117
5 6527 4455 8895 17118
5 5546 999 9200 17119
5 2563 6267 7917 17120
5 6981 3499 8336 17121
5 608 6981 8336 17122
5 6566 991 7650 17123
5 2478 7423 7424 17124
5 7423 2838 7424 17125
5 2950 8235 8777 17126
5 7527 454 8193 17127
5 2924 7026 7575 17128
5 7026 2112 7575 17129
5 289 6636 7606 17130
5 5995 1170 8243 17131
5 6636 2509 7606 17132
5 4092 6761 9196 17133
5 3192 7779 8760 17134
5 7899 3540 9305 17135
5 515 7899 9305 17136
5 5569 3064 9151 17137
5 2527 6746 7510 17138
5 7157 2808 8544 17139
5 7221 2719 7568 17140
5 244 7221 7568 17141
5 3091 7712 8648 17142
5 1261 6388 8790 17143
5 6619 1698 7715 17144
5 206 6012 8240 17145
5 2830 7325 7515 17146
5 922 6129 8393 17147
5 2295 5961 8307 17148
5 6182 2627 8597 17149
5 587 6182 8597 17150
5 6558 2425 9047 17151
5 7012 2793 8011 17152
5 6602 947 7749 17153
5 1235 7181 9065 17154
5 7181 3210 9065 17155
5 6030 1675 8236 17156
5 1155 5582 9134 17157
5 2877 7631 8594 17158
5 6438 3867 8013 17159
5 6430 3254 7905 17160
5 435 6430 7905 17161
5 2771 6919 8070 17162
5 6919 1031 8070 17163
5 5713 1200 9003 17164
5 2572 5713 9003 17165
5 5621 2354 9032 17166
5 2618 7151 7412 17167
5 7151 1412 7412 17168
5 7680 2486 8740 17169
5 5888 1830 8445 17170
5 6049 2576 9204 17171
5 6459 1229 8884 17172
5 2848 6459 8884 17173
5 7175 3085 8437 17174
5 5668 790 8907 17175
5 5748 1710 8679 17176
5 943 5705 8799 17177
5 5688 3715 8853 17178
5 3309 5553 9318 17179
5 5582 1155 9180 17180
5 2452 6354 8357 17181
5 6899 2296 7452 17182
5 1345 5735 8727 17183
5 3601 6168 8124 17184
5 2670 7407 7662 17185
5 7407 2823 7662 17186
5 1929 6043 8258 17187
5 891 7492 8538 17188
5 7492 3154 8538 17189
5 2429 7710 7711 17190
5 7710 3119 7711 17191
5 4147 7923 8603 17192
5 6097 2217 8223 17193
5 3078 6974 8062 17194
5 994 6563 8135 17195
5 6563 2618 8135 17196
5 2410 6855 7490 17197
5 5724 2123 8783 17198
5 5790 948 8651 17199
5 5981 464 8348 17200
5 2483 5897 8471 17201
5 6361 940 7919 17202
5 6892 1605 7806 17203
5 6231 2733 9219 17204
5 6288 528 8216 17205
5 6041 2191 9116 17206
5 6331 2350 7952 17207
5 2772 7488 8070 17208
5 671 5830 8859 17209
5 5830 2577 8859 17210
5 7333 2252 7803 17211
5 6325 2769 7976 17212
5 132 5664 9012 17213
5 5611 1462 9202 17214
5 580 6311 8016 17215
5 6484 3913 8893 17216
5 511 5760 8753 17217
5 5614 1897 9212 17218
5 1139 7594 9093 17219
5 2422 6717 8806 17220
5 2423 6385 8866 17221
5 8994 3668 9301 17222
5 952 6375 7936 17223
5 2539 5649 9121 17224
5 6543 2905 7788 17225
5 2308 6590 7742 17226
5 5760 2892 8753 17227
5 3948 6975 7486 17228
5 6975 2249 7486 17229
5 7613 2723 8756 17230
5 6047 3044 8310 17231
5 2601 7237 7312 17232
5 6567 2425 7780 17233
5 2342 7494 8169 17234
5 4097 7689 8778 17235
5 7689 2150 8778 17236
5 2497 6602 7749 17237
5 5625 2550 9294 17238
5 1135 5714 8925 17239
5 3150 6882 9180 17240
5 5879 1199 8580 17241
5 426 6101 8596 17242
5 7384 2242 8539 17243
5 2344 5883 8589 17244
5 1775 5655 9122 17245
5 1087 6408 7930 17246
5 6489 2513 7852 17247
5 5918 1737 9299 17248
5 433 6575 7801 17249
5 6370 2377 7990 17250
5 2434 6057 8352 17251
5 754 6299 8080 17252
5 920 6756 7641 17253
5 2681 6553 9214 17254
5 6769 4221 9011 17255
5 6234 2017 8154 17256
5 7730 2644 8146 17257
5 3088 7730 8146 17258
5 5869 1943 9217 17259
5 7193 2895 8193 17260
5 454 7193 8193 17261
5 3171 6618 8429 17262
5 8062 2759 8247 17263
5 6343 481 9259 17264
5 6211 291 8192 17265
5 2006 5736 8909 17266
5 1010 7835 9258 17267
5 5687 1735 9079 17268
5 2979 6673 7723 17269
5 3122 7542 8429 17270
5 8103 2801 9301 17271
5 7542 616 8429 17272
5 1107 5627 9322 17273
5 3261 6014 8431 17274
5 2220 6517 7864 17275
5 3595 8472 8926 17276
5 8472 2633 8926 17277
5 8506 2677 8721 17278
5 2385 7094 7869 17279
5 7591 2595 7768 17280
5 2900 7591 7768 17281
5 1667 6049 9204 17282
5 7074 829 7442 17283
5 6353 1232 8501 17284
5 2639 6353 8501 17285
5 7053 2987 8611 17286
5 619 7053 8611 17287
5 7615 3127 8735 17288
5 7343 2726 7406 17289
5 6666 4009 8762 17290
5 745 6666 8762 17291
5 6984 2623 7703 17292
5 864 6984 7703 17293
5 438 6533 7873 17294
5 5966 2762 8533 17295
5 3742 7926 7927 17296
5 7926 2307 7927 17297
5 6878 1083 7582 17298
5 1048 6730 8149 17299
5 1165 6354 9161 17300
5 2380 7622 7630 17301
5 5951 537 8663 17302
5 2541 5951 8663 17303
5 986 7268 8658 17304
5 7902 3063 8099 17305
5 6730 3842 8149 17306
5 1766 5693 9127 17307
5 2281 7072 7469 17308
5 6358 2507 8177 17309
5 563 6056 8420 17310
5 1101 5957 8572 17311
5 7021 1710 9148 17312
5 6653 2290 7795 17313
5 3556 5877 8889 17314
5 885 5691 9162 17315
5 1952 6197 8259 17316
5 7622 3209 7630 17317
5 6073 2321 8972 17318
5 6884 1085 7602 17319
5 2675 6119 8368 17320
5 6263 1148 8197 17321
5 7811 2560 9129 17322
5 2223 6998 8389 17323
5 439 6547 8836 17324
5 6547 2836 8836 17325
5 6435 4010 8002 17326
5 3882 5778 9330 17327
5 6076 2224 8937 17328
5 7940 2988 8999 17329
5 2267 6464 7973 17330
5 7706 3248 7707 17331
5 2389 7706 7707 17332
5 7933 1210 9142 17333
5 6379 555 8091 17334
5 3055 7497 7826 17335
5 2359 6753 8610 17336
5 7403 2677 7586 17337
5 2758 7403 7586 17338
5 2270 5851 8801 17339
5 5964 3117 9015 17340
5 300 5964 9015 17341
5 6410 1151 8125 17342
5 2229 6599 7859 17343
5 418 6888 7634 17344
5 4259 5686 9274 17345
5 6548 1231 9164 17346
5 1925 5942 8653 17347
5 6167 1198 8351 17348
5 7568 2719 8715 17349
5 2925 6548 9164 17350
5 2539 6410 8125 17351
5 2425 6567 8015 17352
5 2480 6055 9328 17353
5 2407 6406 8076 17354
5 2628 7948 8302 17355
5 7433 2697 7676 17356
5 7948 3200 8302 17357
5 4085 6792 8314 17358
5 381 5978 8626 17359
5 1083 6342 8173 17360
5 5727 1358 9137 17361
5 6457 1927 8820 17362
5 437 6913 7642 17363
5 7463 3000 9181 17364
5 2823 6461 8970 17365
5 543 6764 9106 17366
5 6530 2517 8978 17367
5 6461 509 8970 17368
5 1990 6319 8218 17369
5 6273 622 8263 17370
5 6043 2417 8537 17371
5 2627 8227 8597 17372
5 8227 3389 8597 17373
5 1405 6505 8010 17374
5 3681 6169 9201 17375
5 582 6358 8177 17376
5 6470 2355 8461 17377
5 1090 8772 9139 17378
5 6376 2598 9055 17379
5 6759 2506 8494 17380
5 2322 5776 9036 17381
5 8400 2829 8735 17382
5 2217 6076 8536 17383
5 3437 7607 9101 17384
5 146 6454 8082 17385
5 6067 1101 8545 17386
5 997 7577 7579 17387
5 505 6376 9055 17388
5 7280 997 7579 17389
5 7083 3072 8021 17390
5 3132 5865 8880 17391
5 2601 7312 7726 17392
5 2568 7343 7406 17393
5 6617 1396 8365 17394
5 7679 2908 8661 17395
5 3214 7679 8661 17396
5 3522 6156 8451 17397
5 6415 2654 8674 17398
5 463 6786 7784 17399
5 5904 524 9076 17400
5 2638 7902 8099 17401
5 938 6367 9173 17402
5 3225 5863 8930 17403
5 2261 5771 9105 17404
5 6091 3910 8560 17405
5 2480 6718 9016 17406
5 2553 5853 9113 17407
5 927 6612 7940 17408
5 6037 3808 8635 17409
5 847 6825 7785 17410
5 6220 2615 8710 17411
5 6091 1912 8581 17412
5 7879 3041 7967 17413
5 7694 3041 7879 17414
5 2576 7879 7967 17415
5 3524 8424 8946 17416
5 559 7694 7879 17417
5 3323 7320 8263 17418
5 1237 6220 8710 17419
5 5906 2556 8875 17420
5 6951 2512 7691 17421
5 3784 8769 9175 17422
5 8769 447 9175 17423
5 5872 2930 8990 17424
5 5869 2493 8982 17425
5 459 5872 8990 17426
5 6884 2523 7744 17427
5 6400 934 8215 17428
5 6101 2469 8596 17429
5 6106 2527 9007 17430
5 449 6626 8056 17431
5 2945 6963 7700 17432
5 1393 8548 9107 17433
5 8548 3647 9107 17434
5 8361 3423 8596 17435
5 2469 8361 8596 17436
5 7249 1397 9023 17437
5 3274 7249 9023 17438
5 2232 6633 7987 17439
5 6311 3097 8321 17440
5 6856 2585 9157 17441
5 8424 2698 8946 17442
5 7458 3260 9099 17443
5 609 7458 9099 17444
5 6249 2077 8408 17445
5 8285 4404 9256 17446
5 7544 1186 8368 17447
5 6081 2415 8792 17448
5 1038 6891 7771 17449
5 8040 3433 8985 17450
5 2577 5830 9095 17451
5 570 6845 9151 17452
5 1244 5821 9125 17453
5 7621 4077 9283 17454
5 6310 1115 8355 17455
5 8378 1528 9296 17456
5 3638 8378 9296 17457
5 6621 3018 8131 17458
5 2222 7211 7557 17459
5 6611 2451 8048 17460
5 8335 593 9007 17461
5 3698 8335 9007 17462
5 6746 960 8540 17463
5 1780 6209 8496 17464
5 5986 1809 8825 17465
5 7266 3239 8094 17466
5 1026 6294 8401 17467
5 8150 3482 9091 17468
5 2863 8150 9091 17469
5 2172 7266 8094 17470
5 7320 2381 8263 17471
5 6526 1602 8142 17472
5 2853 6892 7806 17473
5 7769 3462 8244 17474
5 225 6136 8633 17475
5 879 6365 8317 17476
5 2512 6951 9099 17477
5 7325 2530 7515 17478
5 7234 2624 8759 17479
5 2802 7483 7572 17480
5 899 6551 9257 17481
5 1046 6604 8184 17482
5 6604 2582 8184 17483
5 1152 5943 8960 17484
5 2899 7721 8586 17485
5 7721 3183 8586 17486
5 5851 2270 9183 17487
5 8628 1655 8732 17488
5 3518 8628 8732 17489
5 7230 2635 7578 17490
5 6572 899 9257 17491
5 7006 1967 9225 17492
5 3713 7006 9225 17493
5 6366 932 8927 17494
5 8309 5254 8792 17495
5 6644 3577 9041 17496
5 7577 2735 7579 17497
5 6391 2041 8344 17498
5 1075 7462 8015 17499
5 2610 7280 7579 17500
5 913 5942 9028 17501
5 2493 5869 9217 17502
5 462 6344 8416 17503
5 4004 6166 8808 17504
5 7183 1092 8944 17505
5 1094 7413 9098 17506
5 3318 5907 9124 17507
5 2449 6010 9010 17508
5 1119 6713 8878 17509
5 2003 6200 8624 17510
5 3547 8222 9311 17511
5 8222 3003 9311 17512
5 2801 8994 9301 17513
5 7685 2407 8076 17514
5 3080 7685 8076 17515
5 7435 582 7591 17516
5 2900 7435 7591 17517
5 2679 7553 7614 17518
5 7553 2768 7614 17519
5 2286 6157 8708 17520
5 8325 3315 8403 17521
5 1043 8325 8403 17522
5 6512 3331 8322 17523
5 982 6489 9297 17524
5 8590 3653 9198 17525
5 692 8590 9198 17526
5 2616 6392 8605 17527
5 6392 667 8605 17528
5 2821 7658 7678 17529
5 7658 1085 7678 17530
5 8713 2715 9203 17531
5 3722 8713 9203 17532
5 7078 2316 7775 17533
5 7271 1058 8117 17534
5 1159 5902 9227 17535
5 820 5870 9324 17536
5 3891 6188 8702 17537
5 5977 3271 9050 17538
5 5982 1030 9040 17539
5 7363 2190 9262 17540
5 5967 1857 9088 17541
5 7168 2668 8740 17542
5 313 6384 8450 17543
5 447 7035 9175 17544
5 7035 3070 9175 17545
5 2622 5962 9206 17546
5 5962 959 9206 17547
5 2702 6144 9253 17548
5 793 7158 8349 17549
5 6144 785 9253 17550
5 599 8546 9110 17551
5 2508 6317 9044 17552
5 6439 2481 8384 17553
5 6087 1993 9136 17554
5 7720 2462 7942 17555
5 3368 7720 7942 17556
5 6578 2876 9196 17557
5 1922 6578 9196 17558
5 8202 2645 8831 17559
5 527 6164 8784 17560
5 1839 5929 9248 17561
5 3224 8047 8487 17562
5 8047 2753 8487 17563
5 1890 6512 8322 17564
5 7175 2596 8206 17565
5 6077 2721 8951 17566
5 6166 3270 8808 17567
5 3377 7998 8991 17568
5 7998 1190 8991 17569
5 3265 5918 9299 17570
5 7905 3254 8704 17571
5 2884 7905 8704 17572
5 6648 2245 8216 17573
5 5960 1962 9201 17574
5 6667 3452 9092 17575
5 2792 6167 8821 17576
5 7483 2613 7572 17577
5 6444 3039 8418 17578
5 2104 6593 8284 17579
5 6593 2583 8284 17580
5 1019 7740 9169 17581
5 2990 6906 8241 17582
5 6906 1814 8241 17583
5 2554 7118 9298 17584
5 7656 2653 7658 17585
5 3361 8198 8758 17586
5 1060 6313 8623 17587
5 2821 7656 7658 17588
5 8198 2791 8758 17589
5 1024 6623 8478 17590
5 6623 2661 8478 17591
5 2370 6299 9300 17592
5 6472 2622 9079 17593
5 2828 7709 8128 17594
5 7421 3057 8685 17595
5 250 7421 8685 17596
5 7094 2561 7869 17597
5 593 6106 9007 17598
5 2586 6272 8734 17599
5 6272 969 8734 17600
5 6446 774 8803 17601
5 6551 2449 9257 17602
5 2688 6446 8803 17603
5 537 6319 8663 17604
5 2430 6388 8559 17605
5 7058 3899 8968 17606
5 6844 141 8064 17607
5 2550 5964 9294 17608
5 957 6903 8352 17609
5 1183 7058 8968 17610
5 3255 8026 8810 17611
5 7326 2589 8459 17612
5 7312 1080 7726 17613
5 3511 7333 7803 17614
5 551 6785 8813 17615
5 2289 6029 9186 17616
5 935 6927 8044 17617
5 3392 7117 7880 17618
5 1269 8026 8666 17619
5 1110 6935 8078 17620
5 6305 576 9033 17621
5 8026 3255 8666 17622
5 6935 2634 8078 17623
5 2951 6846 8372 17624
5 6846 2086 8372 17625
5 2696 7433 7676 17626
5 1809 5985 9326 17627
5 6024 422 9238 17628
5 3290 8506 8721 17629
5 1125 7222 7976 17630
5 2565 6501 8818 17631
5 2763 7705 8865 17632
5 6075 69 9167 17633
5 2328 6661 9312 17634
5 379 6590 8535 17635
5 1023 6624 8357 17636
5 2515 6617 8365 17637
5 7697 2700 7698 17638
5 7414 4038 7793 17639
5 2151 7414 7793 17640
5 7473 3335 8505 17641
5 2806 7697 7698 17642
5 2505 7438 7702 17643
5 2600 7235 8650 17644
5 617 7176 8326 17645
5 4032 6662 8530 17646
5 2337 7478 7882 17647
5 7813 3082 8392 17648
5 2888 7813 8392 17649
5 2655 7778 8066 17650
5 2241 7418 8373 17651
5 6571 3480 8460 17652
5 7578 2635 8714 17653
5 1991 6194 8989 17654
5 7778 2952 8066 17655
5 2959 7532 8543 17656
5 6974 1325 8062 17657
5 6721 2717 8598 17658
5 1389 6721 8598 17659
5 603 7247 8066 17660
5 7176 2540 8326 17661
5 6173 1278 9049 17662
5 8197 1148 8443 17663
5 880 6571 8460 17664
5 453 7872 8503 17665
5 7982 2950 8777 17666
5 7684 2637 8977 17667
5 6541 2602 8512 17668
5 904 6603 8705 17669
5 1942 6182 9182 17670
5 7212 512 8081 17671
5 3529 8053 8619 17672
5 3414 8525 8674 17673
5 8525 511 8674 17674
5 6618 3122 8429 17675
5 6055 528 9328 17676
5 1032 6808 8844 17677
5 3705 7270 8884 17678
5 6608 2131 8454 17679
5 6385 887 8866 17680
5 2190 7363 9021 17681
5 2592 7047 8687 17682
5 8138 3160 8228 17683
5 600 8138 8228 17684
5 3368 8108 8993 17685
5 8108 2942 8993 17686
5 6355 772 8805 17687
5 7419 3001 8601 17688
5 1546 7419 8601 17689
5 6099 2377 9319 17690
5 6304 874 8915 17691
5 3067 6318 8886 17692
5 3908 8640 8644 17693
5 8640 2488 8644 17694
5 1116 7378 8032 17695
5 7143 1222 8794 17696
5 3218 7834 7913 17697
5 7834 718 7913 17698
5 6388 2430 8790 17699
5 7684 2907 7704 17700
5 987 7252 8292 17701
5 1150 6726 8374 17702
5 3421 6763 8524 17703
5 8076 441 8977 17704
5 6792 1176 8314 17705
5 7753 2840 8023 17706
5 2942 7020 8993 17707
5 7020 592 8993 17708
5 2905 7753 8023 17709
5 2887 6668 9288 17710
5 6668 1348 9288 17711
5 6325 2251 8932 17712
5 7958 2859 9089 17713
5 7126 2671 8568 17714
5 4118 7126 8568 17715
5 1092 7183 8388 17716
5 7183 2818 8388 17717
5 8000 4513 9317 17718
5 6330 2626 8939 17719
5 459 6330 8939 17720
5 2637 7684 7704 17721
5 6973 3300 8200 17722
5 2302 6812 9260 17723
5 6915 1341 8555 17724
5 2759 6915 8555 17725
5 6467 2599 8736 17726
5 2635 7829 8714 17727
5 6684 252 8473 17728
5 3094 6326 8974 17729
5 6832 2758 8318 17730
5 6233 2125 9143 17731
5 2305 6818 8345 17732
5 759 6941 8763 17733
5 6864 4508 8801 17734
5 6662 1881 8530 17735
5 6330 459 8990 17736
5 7497 2517 7826 17737
5 2345 7701 8267 17738
5 6511 962 8722 17739
5 7550 2554 9298 17740
5 7265 1104 7985 17741
5 1114 7237 9165 17742
5 1236 7323 9160 17743
5 7435 2900 9053 17744
5 1104 7265 8011 17745
5 8434 1389 8598 17746
5 7024 3456 8416 17747
5 2136 6520 8746 17748
5 6625 67 8609 17749
5 8482 2776 8848 17750
5 3430 8482 8848 17751
5 6937 1132 8369 17752
5 2680 6937 8369 17753
5 1871 6528 8996 17754
5 6500 2640 8780 17755
5 2935 6710 9145 17756
5 6710 1021 9145 17757
5 7294 3730 8969 17758
5 7631 1131 8594 17759
5 1735 6362 9283 17760
5 2571 7201 8092 17761
5 7478 3286 7882 17762
5 6586 3984 8727 17763
5 6362 2731 9283 17764
5 4342 8123 8519 17765
5 2656 7212 8081 17766
5 9119 3595 9181 17767
5 3267 8611 8832 17768
5 8474 3349 8645 17769
5 1061 8474 8645 17770
5 2867 7390 8342 17771
5 7390 2383 8342 17772
5 8196 2547 8997 17773
5 1112 6759 8494 17774
5 7247 2655 8066 17775
5 6501 1111 8818 17776
5 2616 6820 8858 17777
5 6510 2437 8811 17778
5 8153 3010 9062 17779
5 3371 8153 9062 17780
5 603 8066 8220 17781
5 7355 1114 9165 17782
5 7104 2615 9008 17783
5 2589 7875 8459 17784
5 3386 7550 9298 17785
5 1277 7437 8701 17786
5 579 6848 8665 17787
5 6821 3696 9212 17788
5 3993 7271 8117 17789
5 6298 2800 9231 17790
5 2528 6746 8540 17791
5 1897 6821 9212 17792
5 7773 3063 7902 17793
5 3197 7767 8966 17794
5 7767 1212 8966 17795
5 2747 6284 9287 17796
5 2494 7198 8160 17797
5 1505 8632 8912 17798
5 8632 3471 8912 17799
5 6819 3433 9034 17800
5 861 6363 9141 17801
5 6354 2452 9161 17802
5 6799 2167 9274 17803
5 1098 7175 8206 17804
5 6521 606 8888 17805
5 7323 1236 8574 17806
5 2457 7305 8850 17807
5 6465 968 8984 17808
5 7716 2985 8291 17809
5 655 7716 8291 17810
5 6643 3604 9166 17811
5 8772 3380 9139 17812
5 2535 6418 9230 17813
5 3770 7944 8265 17814
5 7462 3306 8015 17815
5 6553 1288 9214 17816
5 2692 7328 8115 17817
5 7800 2859 7958 17818
5 269 7800 7958 17819
5 2908 7435 9053 17820
5 2476 7031 8353 17821
5 6833 1037 8543 17822
5 7695 2888 8054 17823
5 2001 7695 8054 17824
5 7500 2744 9291 17825
5 2677 7403 8721 17826
5 6720 2878 9066 17827
5 2668 7168 8658 17828
5 1021 6421 9145 17829
5 8188 2531 8190 17830
5 3415 8188 8190 17831
5 2048 7018 9018 17832
5 1090 7789 8772 17833
5 7158 793 8289 17834
5 2436 7140 8301 17835
5 7436 2298 8273 17836
5 4247 7888 7892 17837
5 3045 8130 8745 17838
5 7888 2288 7892 17839
5 2764 7451 8079 17840
5 2517 6549 8978 17841
5 7030 1008 8413 17842
5 7168 2486 8296 17843
5 2540 7751 8326 17844
5 6737 1240 8899 17845
5 2748 6737 8899 17846
5 8395 3299 8396 17847
5 2645 8395 8396 17848
5 2233 7609 8755 17849
5 7393 994 8135 17850
5 7488 2771 8070 17851
5 1099 7538 8886 17852
5 6969 1024 8478 17853
5 7862 2352 7863 17854
5 3769 7862 7863 17855
5 7538 3067 8886 17856
5 1092 6593 8944 17857
5 1310 7773 7902 17858
5 3177 7961 8182 17859
5 7701 3755 8267 17860
5 3959 7384 8539 17861
5 6908 1246 8830 17862
5 2738 6747 8885 17863
5 6747 398 8885 17864
5 774 6446 9210 17865
5 2862 7201 8693 17866
5 7201 707 8693 17867
5 3000 9119 9181 17868
5 662 6558 9047 17869
5 2191 6594 9002 17870
5 6848 2639 8665 17871
5 6824 2374 8695 17872
5 7288 1597 8566 17873
5 2500 7036 8484 17874
5 2846 7288 8566 17875
5 6723 2676 8815 17876
5 2263 6466 9236 17877
5 8066 2952 8220 17878
5 2636 6708 8871 17879
5 2869 6622 9005 17880
5 2690 6550 9120 17881
5 7079 4292 8476 17882
5 7298 1498 8706 17883
5 2890 7298 8706 17884
5 2896 7971 8178 17885
5 6713 2525 8878 17886
5 1161 7600 8488 17887
5 6885 1191 8692 17888
5 7668 2781 8414 17889
5 7971 2953 8178 17890
5 6613 1942 9182 17891
5 2717 6987 8598 17892
5 3606 7786 9243 17893
5 6930 4243 8664 17894
5 6785 2551 8813 17895
5 3351 6776 8830 17896
5 6489 2512 9297 17897
5 7910 148 8035 17898
5 1373 8283 8920 17899
5 8235 1240 8777 17900
5 8283 3309 8920 17901
5 2882 7910 8035 17902
5 7022 2109 8998 17903
5 2860 7022 8998 17904
5 8143 4521 9147 17905
5 2109 6679 8998 17906
5 7268 986 8630 17907
5 7547 2283 8805 17908
5 4570 8672 8673 17909
5 8672 2437 8673 17910
5 2231 6637 9068 17911
5 2733 7782 9219 17912
5 1494 6857 8767 17913
5 6900 1451 8904 17914
5 553 7044 8583 17915
5 2287 7088 8837 17916
5 7802 3887 8151 17917
5 2901 7805 8969 17918
5 1099 7802 8151 17919
5 8748 3219 8870 17920
5 3471 8654 8656 17921
5 3045 8745 9060 17922
5 8654 2647 8656 17923
5 3900 7120 9086 17924
5 6697 2906 9027 17925
5 6820 1034 8858 17926
5 2525 6713 8996 17927
5 3043 6613 9182 17928
5 7709 2827 8128 17929
5 631 7326 8459 17930
5 1030 8834 8936 17931
5 1208 8130 8340 17932
5 8130 3045 8340 17933
5 3267 7645 8611 17934
5 6977 3465 8705 17935
5 6718 1188 9016 17936
5 1910 6635 9188 17937
5 6766 3124 9160 17938
5 576 6722 9033 17939
5 7209 3535 8953 17940
5 2708 6879 8833 17941
5 7563 2719 9308 17942
5 6741 2190 9021 17943
5 1589 7278 9087 17944
5 7872 4917 8503 17945
5 3637 7752 9031 17946
5 8611 2987 8832 17947
5 2406 7232 8502 17948
5 7190 2287 8837 17949
5 932 7415 8927 17950
5 1218 6769 9011 17951
5 7047 575 8687 17952
5 2835 7824 8313 17953
5 3722 8020 8713 17954
5 8020 520 8713 17955
5 8541 2860 8998 17956
5 3200 7948 9258 17957
5 7418 3610 8373 17958
5 1256 8612 9231 17959
5 2728 6855 9126 17960
5 7692 3219 8748 17961
5 7277 1769 8526 17962
5 2781 7989 8414 17963
5 3270 7366 8692 17964
5 2740 7227 8968 17965
5 2410 6750 9104 17966
5 7008 1361 8793 17967
5 906 6810 9034 17968
5 2615 7104 8710 17969
5 3057 7421 9022 17970
5 7421 3733 9022 17971
5 7346 2436 8682 17972
5 7969 866 8905 17973
5 7168 986 8658 17974
5 3284 8119 8120 17975
5 8119 2611 8120 17976
5 7086 2624 8739 17977
5 7060 2858 9059 17978
5 615 7060 9059 17979
5 640 7299 8838 17980
5 7989 3087 8414 17981
5 442 7394 8896 17982
5 7571 2665 8339 17983
5 3080 8076 8977 17984
5 8497 3400 9320 17985
5 2470 7769 8244 17986
5 6796 2807 9100 17987
5 3118 7754 9043 17988
5 7754 1178 9043 17989
5 7071 3388 8989 17990
5 6761 1922 9196 17991
5 8322 3331 9221 17992
5 6961 2774 8936 17993
5 3928 7017 9137 17994
5 8695 3121 9249 17995
5 7235 332 8650 17996
5 3227 7268 8630 17997
5 2486 7168 8740 17998
5 7637 1132 9323 17999
5 7961 2657 8182 18000
5 2815 6755 9264 18001
5 2224 7545 8937 18002
5 2662 8563 8564 18003
5 8563 3449 8564 18004
5 2779 6940 9009 18005
5 6855 1166 9126 18006
5 7610 1246 8923 18007
5 1063 7473 8505 18008
5 2598 7143 8794 18009
5 3014 7610 8923 18010
5 6794 1011 9242 18011
5 2785 6874 9109 18012
5 7416 1143 8831 18013
5 516 7796 8949 18014
5 3319 8419 9056 18015
5 7751 3145 8326 18016
5 3184 8322 9221 18017
5 3509 6841 9222 18018
5 2900 8747 9053 18019
5 6872 2092 9140 18020
5 7270 315 9213 18021
5 2544 8039 8375 18022
5 3747 7761 9154 18023
5 7048 409 9229 18024
5 2777 7383 9139 18025
5 578 7668 8414 18026
5 384 8239 9066 18027
5 7824 151 8313 18028
5 7110 2748 8899 18029
5 7944 2455 8265 18030
5 7018 3562 9018 18031
5 1482 7959 9103 18032
5 7959 3188 9103 18033
5 6951 609 9099 18034
5 2903 7190 8837 18035
5 8780 1241 9071 18036
5 2252 7333 9281 18037
5 7313 2582 8921 18038
5 2092 7228 9140 18039
5 7228 2909 9140 18040
5 4914 9000 9001 18041
5 9000 2503 9001 18042
5 1161 7104 9008 18043
5 8403 3315 8816 18044
5 2950 8220 8235 18045
5 2950 7982 8425 18046
5 7654 3307 9068 18047
5 7982 1168 8425 18048
5 7403 1165 8721 18049
5 8661 2908 9053 18050
5 2606 8750 8751 18051
5 8750 3779 8751 18052
5 3717 8447 9028 18053
5 8447 913 9028 18054
5 7566 3280 9322 18055
5 2471 7021 9148 18056
5 3430 8144 8482 18057
5 8144 601 8482 18058
5 7437 2664 8701 18059
5 8220 2952 8235 18060
5 3344 8007 9065 18061
5 7299 2764 8838 18062
5 8007 1235 9065 18063
5 7046 2996 9215 18064
5 7829 3245 8714 18065
5 7887 5121 8817 18066
5 7270 2848 8884 18067
5 1132 6937 9323 18068
5 2450 7356 8826 18069
5 3854 7392 8959 18070
5 8581 2609 9147 18071
5 7120 2046 9086 18072
5 7227 1183 8968 18073
5 7552 1180 8873 18074
5 8501 3451 8665 18075
5 2639 8501 8665 18076
5 7645 619 8611 18077
5 8039 3356 8375 18078
5 1716 7424 8981 18079
5 1493 7170 9048 18080
5 7743 2921 8671 18081
5 7875 3259 8459 18082
5 4028 7355 9165 18083
5 2546 6971 9325 18084
5 3524 8052 8424 18085
5 3089 8748 8870 18086
5 32 7743 8671 18087
5 3099 7048 9229 18088
5 8298 2997 8380 18089
5 3024 8298 8380 18090
5 2576 8458 9204 18091
5 2158 7294 8969 18092
5 1117 7084 9228 18093
5 1243 7578 8714 18094
5 8444 1093 9221 18095
5 3331 8444 9221 18096
5 8052 697 8424 18097
5 7394 2766 8896 18098
5 7712 2744 8648 18099
5 1685 7615 8735 18100
5 8399 3326 8579 18101
5 2750 8862 8863 18102
5 8862 3534 8863 18103
5 2610 7129 9250 18104
5 3562 8669 9303 18105
5 2939 8340 8341 18106
5 8340 3045 8341 18107
5 8752 4200 9309 18108
5 7609 4079 8755 18109
5 8525 3414 8892 18110
5 2598 8794 9055 18111
5 7118 1291 9298 18112
5 3176 8523 8980 18113
5 2868 8913 8914 18114
5 8913 3391 8914 18115
5 7278 2706 9087 18116
5 2878 7777 9066 18117
5 1405 7692 8748 18118
5 7237 2601 9165 18119
5 7424 2838 8981 18120
5 8565 4112 8812 18121
5 2807 7480 8934 18122
5 7923 2432 8603 18123
5 4636 8058 9094 18124
5 8183 1706 8655 18125
5 1173 8092 9190 18126
5 8123 908 8519 18127
5 8406 3126 8483 18128
5 868 7887 8817 18129
5 7484 3328 9037 18130
5 873 7484 9037 18131
5 2543 7203 9290 18132
5 3332 8641 8642 18133
5 8641 2832 8642 18134
5 2848 7270 9213 18135
5 2889 7635 9035 18136
5 2852 7933 9142 18137
5 3432 7340 9136 18138
5 3922 7600 9008 18139
5 3892 7349 9116 18140
5 7600 1161 9008 18141
5 7461 3156 9064 18142
5 1288 9152 9222 18143
5 7545 3772 8937 18144
5 9152 3509 9222 18145
5 7480 533 9331 18146
5 2994 7480 9331 18147
5 7779 2725 8760 18148
5 4370 8436 8469 18149
5 2486 7680 8845 18150
5 7789 2724 8772 18151
5 7682 2889 9035 18152
5 8053 2579 8619 18153
5 1320 7448 9285 18154
5 7383 1090 9139 18155
5 8510 3668 8994 18156
5 1614 8730 8832 18157
5 8730 3267 8832 18158
5 7413 4687 9098 18159
5 1143 8202 8831 18160
5 3502 8549 8550 18161
5 8549 2687 8550 18162
5 3585 8733 9288 18163
5 4036 7682 9035 18164
5 1255 8523 8786 18165
5 8523 3176 8786 18166
5 7928 5016 9270 18167
5 7563 3084 9020 18168
5 2938 8406 8483 18169
5 7802 1099 8886 18170
5 3862 7363 9262 18171
5 8436 2455 8469 18172
5 1253 8512 9215 18173
5 3749 9208 9209 18174
5 9208 2798 9209 18175
5 441 7684 8977 18176
5 565 7476 9177 18177
5 2960 8183 8655 18178
5 3464 7783 9049 18179
5 7635 1371 9035 18180
5 2991 7982 8777 18181
5 3758 8604 8779 18182
5 7652 3469 9045 18183
5 1224 8507 9027 18184
5 887 8061 8866 18185
5 7760 2672 8964 18186
5 3087 8221 8918 18187
5 8221 1199 8918 18188
5 8222 321 8737 18189
5 2949 8130 9247 18190
5 7462 1075 9265 18191
5 2809 8399 8579 18192
5 8130 2949 8745 18193
5 8026 2780 8810 18194
5 8504 3234 9082 18195
5 1413 8504 9082 18196
5 8741 4233 9070 18197
5 3246 8490 8584 18198
5 3003 8222 8737 18199
5 8490 399 8584 18200
5 2862 7619 9190 18201
5 4304 7969 8905 18202
5 8627 2742 8628 18203
5 3518 8627 8628 18204
5 7777 384 9066 18205
5 8061 3875 8866 18206
5 8645 3349 8797 18207
5 7628 385 9234 18208
5 8613 915 9158 18209
5 5263 8613 9158 18210
5 1086 7563 9308 18211
5 8686 3101 8786 18212
5 3176 8686 8786 18213
5 2731 7621 9283 18214
5 7740 3431 9169 18215
5 7761 1676 9154 18216
5 2834 7841 9085 18217
5 8330 2588 9307 18218
5 2703 8040 8985 18219
5 8577 2492 8904 18220
5 2415 8309 8792 18221
5 7782 1076 9219 18222
5 7786 932 9243 18223
5 2996 7900 9215 18224
5 7991 1328 9111 18225
5 3019 7991 9111 18226
5 8745 1249 9060 18227
5 7831 2850 9232 18228
5 2870 8403 8816 18229
5 7835 2566 9258 18230
5 8472 3595 9119 18231
5 8594 1131 9138 18232
5 3224 8594 9138 18233
5 7900 1253 9215 18234
5 8058 572 9094 18235
5 8883 3572 8890 18236
5 2825 8883 8890 18237
5 8604 2678 8779 18238
5 2581 8565 8812 18239
5 8106 3478 9188 18240
5 1442 7928 9270 18241
5 8527 390 8906 18242
5 2916 8645 8797 18243
5 8749 3136 8754 18244
5 3138 8749 8754 18245
5 2609 8143 9147 18246
5 2854 8525 8892 18247
5 3098 8527 8906 18248
5 4460 8577 8904 18249
5 2652 8000 9317 18250
5 2549 8258 9245 18251
5 3628 8836 8903 18252
5 8130 1208 9247 18253
5 8523 3046 8980 18254
5 593 8382 9064 18255
5 1219 8661 9053 18256
5 1594 8510 8994 18257
5 8315 3944 9122 18258
5 8419 2921 9056 18259
5 8747 1219 9053 18260
5 3124 8667 9160 18261
5 904 8285 9256 18262
5 1566 8715 9020 18263
5 8836 2836 8903 18264
5 1022 8472 9119 18265
5 8458 4040 9204 18266
5 9059 2858 9061 18267
5 3725 9059 9061 18268
5 9019 4316 9114 18269
5 517 8741 9070 18270
5 8794 3478 9055 18271
5 8667 1236 9160 18272
5 9023 3244 9150 18273
5 3274 9023 9150 18274
5 2940 8497 9320 18275
5 8669 2881 9303 18276
5 42 8954 9156 18277
5 8954 3228 9156 18278
5 8733 2887 9288 18279
5 2686 9019 9114 18280
5 2691 8752 9309 18281
NPOIN= 9332
-0.2 0 0
0 0 1
0.8 0.291176 2
0.8 0.7 3
-0.2 0.3 4
-0.1925925925926131 0 5
-0.1851851851852261 0 6
-0.1777777777778392 0 7
-0.1703703703704523 0 8
-0.1629629629630653 0 9
-0.1555555555556784 0 10
-0.1481481481482914 0 11
-0.1407407407409045 0 12
-0.1333333333335175 0 13
-0.1259259259261306 0 14
-0.1185185185187437 0 15
-0.1111111111113568 0 16
-0.1037037037039698 0 17
-0.09629629629656261 0 18
-0.08888888888913514 0 19
-0.08148148148170727 0 20
-0.0740740740742791 0 21
-0.0666666666668527 0 22
-0.05925925925942527 0 23
-0.05185185185199678 0 24
-0.0444444444445703 0 25
-0.03703703703714284 0 26
-0.02962962962971533 0 27
-0.02222222222228667 0 28
-0.01481481481485775 0 29
-0.007407407407428901 0 30
0.007017543859636526 0.002554175438591906 31
0.01403508771927329 0.005108350877183898 32
0.02105263157890979 0.007662526315775796 33
0.02807017543854541 0.01021670175436737 34
0.03508771929817978 0.01277087719295849 35
0.04210526315781341 0.01532505263154934 36
0.04912280701744924 0.017879228070141 37
0.05614035087708735 0.02043340350873348 38
0.06315789473672716 0.02298757894732658 39
0.0701754385963677 0.02554175438591995 40
0.0771929824560063 0.02809592982451261 41
0.08421052631564602 0.03065010526310568 42
0.09122807017528588 0.0332042807016988 43
0.09824561403492243 0.03575845614029071 44
0.1052631578945555 0.03831263157888135 45
0.1122807017541854 0.04086680701747086 46
0.1192982456138144 0.04342098245606004 47
0.126315789473443 0.04597515789464904 48
0.1333333333330717 0.04852933333323811 49
0.140350877192701 0.05108350877182737 50
0.1473684210523278 0.05363768421041573 51
0.1543859649119519 0.05619185964900315 52
0.1614035087715801 0.05874603508759199 53
0.1684210526312092 0.06130021052618122 54
0.1754385964908383 0.06385438596477043 55
0.1824561403504679 0.06640856140335978 56
0.1894736842100974 0.06896273684194916 57
0.196491228069727 0.07151691228053852 58
0.2035087719293565 0.07407108771912789 59
0.2105263157889861 0.07662526315771725 60
0.2175438596486156 0.07917943859630662 61
0.2245614035082452 0.081733614034896 62
0.2315789473678747 0.08428778947348535 63
0.2385964912275042 0.08684196491207469 64
0.2456140350871324 0.08939614035066359 65
0.2526315789467601 0.09195031578925225 66
0.2596491228063882 0.0945044912278411 67
0.2666666666660173 0.09705866666643032 68
0.2736842105256469 0.09961284210501968 69
0.2807017543852765 0.1021670175436091 70
0.2877192982449061 0.1047211929821985 71
0.2947368421045342 0.1072753684207873 72
0.3017543859641529 0.1098295438593727 73
0.3087719298237756 0.1123837192979596 74
0.3157894736834052 0.114937894736549 75
0.3228070175430347 0.1174920701751383 76
0.3298245614026643 0.1200462456137277 77
0.3368421052622939 0.1226004210523171 78
0.3438596491219235 0.1251545964909065 79
0.3508771929815531 0.1277087719294959 80
0.3578947368411827 0.1302629473680852 81
0.3649122807008122 0.1328171228066746 82
0.3719298245604418 0.135371298245264 83
0.3789473684200714 0.1379254736838534 84
0.3859649122797009 0.1404796491224427 85
0.3929824561393306 0.1430338245610321 86
0.3999999999989714 0.1455879999996256 87
0.4070175438586295 0.1481421754382254 88
0.4140350877182991 0.1506963508768293 89
0.4210526315779721 0.1532505263154345 90
0.4280701754376378 0.155804701754037 91
0.4350877192973035 0.1583588771926395 92
0.4421052631569692 0.1609130526312421 93
0.4491228070166431 0.1634672280698476 94
0.4561403508763102 0.1660214035084506 95
0.4631578947359759 0.1685755789470531 96
0.4701754385956416 0.1711297543856556 97
0.4771929824553107 0.1736839298242594 98
0.4842105263149825 0.1762381052628642 99
0.4912280701746483 0.1787922807014667 100
0.4982456140343139 0.1813464561400692 101
0.5052631578939796 0.1839006315786717 102
0.5122807017536546 0.1864548070172777 103
0.5192982456133294 0.1890089824558835 104
0.5263157894729843 0.1915631578944821 105
0.5333333333326457 0.194117333333083 106
0.5403508771923222 0.1966715087716895 107
0.5473684210519986 0.1992256842102959 108
0.5543859649116617 0.2017798596488975 109
0.5614035087713166 0.2043340350874961 110
0.5684210526309897 0.2068882105261013 111
0.5754385964906662 0.2094423859647078 112
0.582456140350339 0.2119965614033129 113
0.5894736842099946 0.2145507368419117 114
0.5964912280696607 0.2171049122805144 115
0.603508771929341 0.2196590877191223 116
0.6105263157890072 0.2222132631577249 117
0.6175438596486628 0.2247674385963238 118
0.6245614035083354 0.2273216140349288 119
0.6315789473680119 0.2298757894735353 120
0.6385964912276851 0.2324299649121405 121
0.6456140350873401 0.2349841403507391 122
0.6526315789470032 0.2375383157893407 123
0.6596491228066796 0.2400924912279472 124
0.6666666666663561 0.2426466666665536 125
0.6736842105260175 0.2452008421051546 126
0.6807017543856725 0.2477550175437532 127
0.6877192982453491 0.2503091929823597 128
0.6947368421050295 0.2528633684209676 129
0.7017543859647045 0.2554175438595735 130
0.708771929824362 0.257971719298173 131
0.7157894736840252 0.2605258947367746 132
0.7228070175436978 0.2630800701753797 133
0.7298245614033703 0.2656342456139847 134
0.7368421052630257 0.2681884210525834 135
0.7438596491226771 0.2707425964911808 136
0.7508771929823497 0.2732967719297857 137
0.7578947368420222 0.2758509473683908 138
0.7649122807016874 0.2784051228069931 139
0.7719298245613384 0.2809592982455903 140
0.7789473684210015 0.2835134736841919 141
0.7859649122806741 0.2860676491227969 142
0.7929824561403467 0.288621824561402 143
0.8 0.2986091636363516 144
0.8 0.3060423272726924 145
0.8 0.3134754909090331 146
0.8 0.3209086545453773 147
0.8 0.3283418181817364 148
0.8 0.3357749818180984 149
0.8 0.3432081454544396 150
0.8 0.3506413090907628 151
0.8 0.3580744727270994 152
0.8 0.365507636363454 153
0.8 0.3729407999998026 154
0.8 0.3803739636361333 155
0.8 0.3878071272724625 156
0.8 0.3952402909088095 157
0.8 0.4026734545451657 158
0.8 0.4101066181815281 159
0.8 0.4175397818178689 160
0.8 0.4249729454541891 161
0.8 0.4324061090905372 162
0.8 0.4398392727268863 163
0.8 0.4472724363632414 164
0.8 0.4547055999995814 165
0.8 0.4621387636359078 166
0.8 0.4695719272722418 167
0.8 0.477005090908597 168
0.8 0.4844382545449519 169
0.8 0.4918714181812964 170
0.8 0.4993045818176534 171
0.8 0.5067377454540446 172
0.8 0.5141709090904358 173
0.8 0.5216040727267837 174
0.8 0.529037236363175 175
0.8 0.5364703999995661 176
0.8 0.5439035636359575 177
0.8 0.5513367272723486 178
0.8 0.55876989090874 179
0.8 0.5662030545451311 180
0.8 0.5736362181815224 181
0.8 0.5810693818178971 182
0.8 0.5885025454542614 183
0.8 0.5959357090906436 184
0.8 0.6033688727270006 185
0.8 0.6108020363633919 186
0.8 0.618235199999783 187
0.8 0.6256683636361743 188
0.8 0.6331015272725655 189
0.8 0.6405346909089569 190
0.8 0.647967854545348 191
0.8 0.6554010181817168 192
0.8 0.6628341818180872 193
0.8 0.6702673454544634 194
0.8 0.6777005090908262 195
0.8 0.6851336727272175 196
0.8 0.6925668363636088 197
0.7930555555555401 0.697222222222216 198
0.78611111111108 0.694444444444432 199
0.77916666666662 0.691666666666648 200
0.7722222222221601 0.688888888888864 201
0.7652777777777001 0.68611111111108 202
0.75833333333324 0.6833333333332959 203
0.7513888888887801 0.6805555555555119 204
0.7444444444443201 0.677777777777728 205
0.7374999999998602 0.674999999999944 206
0.7305555555554002 0.67222222222216 207
0.7236111111109401 0.669444444444376 208
0.7166666666664752 0.66666666666659 209
0.7097222222220085 0.6638888888888034 210
0.7027777777775452 0.6611111111110181 211
0.6958333333330852 0.6583333333332341 212
0.6888888888886252 0.65555555555545 213
0.6819444444441674 0.6527777777776669 214
0.6749999999997239 0.6499999999998896 215
0.6680555555553138 0.6472222222221254 216
0.6611111111109182 0.6444444444443672 217
0.6541666666665247 0.6416666666666098 218
0.6472222222221311 0.6388888888888524 219
0.6402777777777375 0.636111111111095 220
0.6333333333333441 0.6333333333333375 221
0.6263888888889505 0.6305555555555802 222
0.6194444444445569 0.6277777777778227 223
0.6125000000001635 0.6250000000000653 224
0.6055555555557699 0.6222222222223079 225
0.5986111111113763 0.6194444444445505 226
0.5916666666669829 0.616666666666793 227
0.5847222222225893 0.6138888888890357 228
0.5777777777781958 0.6111111111112782 229
0.5708333333338023 0.6083333333335208 230
0.5638888888894087 0.6055555555557635 231
0.5569444444450152 0.602777777778006 232
0.5500000000006217 0.6000000000002486 233
0.5430555555562281 0.5972222222224912 234
0.5361111111118346 0.5944444444447338 235
0.5291666666674411 0.5916666666669763 236
0.5222222222230475 0.588888888889219 237
0.5152777777786539 0.5861111111114615 238
0.5083333333342605 0.5833333333337041 239
0.5013888888898628 0.5805555555559451 240
0.4944444444454505 0.5777777777781802 241
0.4875000000010238 0.5750000000004094 242
0.480555555556597 0.5722222222226387 243
0.4736111111121703 0.5694444444448681 244
0.4666666666677436 0.5666666666670974 245
0.4597222222233168 0.5638888888893266 246
0.4527777777788901 0.561111111111556 247
0.4458333333344633 0.5583333333337853 248
0.4388888888900366 0.5555555555560145 249
0.4319444444456099 0.5527777777782439 250
0.4250000000011832 0.5500000000004732 251
0.4180555555567564 0.5472222222227026 252
0.4111111111123296 0.5444444444449318 253
0.4041666666679029 0.5416666666671611 254
0.3972222222234761 0.5388888888893903 255
0.3902777777790494 0.5361111111116197 256
0.3833333333346227 0.533333333333849 257
0.3763888888901959 0.5305555555560784 258
0.3694444444457692 0.5277777777783077 259
0.3625000000013425 0.5250000000005369 260
0.3555555555569157 0.5222222222227663 261
0.3486111111124889 0.5194444444449955 262
0.3416666666680622 0.5166666666672248 263
0.3347222222236354 0.5138888888894542 264
0.3277777777792087 0.5111111111116835 265
0.3208333333347819 0.5083333333339127 266
0.3138888888903552 0.5055555555561421 267
0.3069444444459274 0.5027777777783708 268
0.3000000000014924 0.5000000000005969 269
0.2930555555570407 0.4972222222228162 270
0.2861111111125758 0.4944444444450303 271
0.2791666666681092 0.4916666666672436 272
0.2722222222236446 0.4888888888894578 273
0.2652777777791796 0.4861111111116718 274
0.2583333333347141 0.4833333333338856 275
0.2513888888902499 0.4805555555560999 276
0.2444444444457833 0.4777777777783133 277
0.2375000000013165 0.4750000000005266 278
0.2305555555568533 0.4722222222227412 279
0.223611111112387 0.4694444444449547 280
0.2166666666679203 0.4666666666671681 281
0.2097222222234536 0.4638888888893814 282
0.2027777777789886 0.4611111111115954 283
0.1958333333345254 0.4583333333338101 284
0.1888888888900612 0.4555555555560244 285
0.1819444444455945 0.4527777777782378 286
0.1750000000011278 0.4500000000004511 287
0.1680555555566612 0.4472222222226644 288
0.1611111111121973 0.4444444444448789 289
0.154166666667734 0.4416666666670936 290
0.1472222222232686 0.4388888888893074 291
0.1402777777788019 0.4361111111115207 292
0.1333333333343353 0.4333333333337341 293
0.1263888888898694 0.4305555555559477 294
0.1194444444454061 0.4277777777781624 295
0.1125000000009427 0.4250000000003771 296
0.1055555555564761 0.4222222222225904 297
0.09861111111200949 0.4194444444448038 298
0.09166666666754275 0.4166666666670171 299
0.08472222222307813 0.4138888888892312 300
0.07777777777861483 0.4111111111114459 301
0.07083333333415021 0.4083333333336601 302
0.06388888888968347 0.4055555555558734 303
0.05694444444521685 0.4027777777780867 304
0.05000000000075022 0.4000000000003001 305
0.04305555555628682 0.3972222222225147 306
0.03611111111182352 0.3944444444447294 307
0.02916666666735768 0.3916666666669431 308
0.02222222222289105 0.3888888888891564 309
0.01527777777842432 0.3861111111113697 310
0.008333333333958914 0.3833333333335835 311
0.001388888889495621 0.3805555555557982 312
-0.005555555554968117 0.3777777777780127 313
-0.01249999999943485 0.375000000000226 314
-0.01944444444390159 0.3722222222224393 315
-0.02638888888836821 0.3694444444446527 316
-0.03333333333283495 0.366666666666866 317
-0.04027777777729946 0.3638888888890802 318
-0.04722222222176276 0.3611111111112948 319
-0.05416666666622738 0.358333333333509 320
-0.06111111111069401 0.3555555555557224 321
-0.06805555555516074 0.3527777777779357 322
-0.07499999999962736 0.350000000000149 323
-0.08194444444409077 0.3472222222223637 324
-0.08888888888855406 0.3444444444445783 325
-0.09583333333301991 0.341666666666792 326
-0.1027777777774865 0.3388888888890054 327
-0.109722222221953 0.3361111111112188 328
-0.1166666666664183 0.3333333333334326 329
-0.1236111111108817 0.3305555555556473 330
-0.1305555555553454 0.3277777777778618 331
-0.1374999999998119 0.3250000000000752 332
-0.1444444444442785 0.3222222222222886 333
-0.151388888888745 0.319444444444502 334
-0.1583333333332093 0.3166666666667162 335
-0.1652777777776725 0.313888888888931 336
-0.1722222222221373 0.311111111111145 337
-0.1791666666666039 0.3083333333333584 338
-0.1861111111110706 0.3055555555555717 339
-0.1930555555555368 0.3027777777777853 340
-0.2 0.2925000000000108 341
-0.2 0.2850000000000108 342
-0.2 0.2775000000000259 343
-0.2 0.2700000000000324 344
-0.2 0.2625000000000541 345
-0.2 0.2550000000000779 346
-0.2 0.2475000000001192 347
-0.2 0.2400000000001408 348
-0.2 0.2325000000001625 349
-0.2 0.2250000000001842 350
-0.2 0.2175000000002058 351
-0.2 0.2100000000002275 352
-0.2 0.2025000000002492 353
-0.2 0.1950000000002708 354
-0.2 0.1875000000002871 355
-0.2 0.1800000000003034 356
-0.2 0.1725000000003251 357
-0.2 0.1650000000003467 358
-0.2 0.1575000000003684 359
-0.2 0.1500000000003847 360
-0.2 0.1425000000003716 361
-0.2 0.1350000000003478 362
-0.2 0.1275000000003315 363
-0.2 0.1200000000003109 364
-0.2 0.112500000000287 365
-0.2 0.1050000000002729 366
-0.2 0.09750000000025014 367
-0.2 0.09000000000022845 368
-0.2 0.08250000000021329 369
-0.2 0.07500000000018942 370
-0.2 0.06750000000016559 371
-0.2 0.06000000000015038 372
-0.2 0.05250000000012875 373
-0.2 0.04500000000012117 374
-0.2 0.03750000000009734 375
-0.2 0.03000000000008224 376
-0.2 0.02250000000006058 377
-0.2 0.01500000000003676 378
-0.2 0.007500000000023821 379
0.6106488241559854 0.4215557641702277 380
0.4385387412544107 0.3563072120455787 381
0.2685111197534331 0.2914018855837218 382
0.1010206285395253 0.2275183973744003 383
-0.0404087890632026 0.1564817872870382 384
0.6797485520294141 0.5224372848140663 385
0.550345298158323 0.3241209479706637 386
0.5004111373264235 0.4548649161743437 387
0.3776782874892674 0.2598857693632169 388
0.328933738366279 0.3874628883013805 389
0.2078079171302927 0.1945324370871226 390
0.1606377271538579 0.3220940111839556 391
-0.002678310630413881 0.260625741238541 392
0.05969844688703938 0.1325335270732428 393
0.6966309783122827 0.3639567328211567 394
-0.1024998039489276 0.2340591619533224 395
0.5860106438464081 0.5130397739831962 396
-0.1077826639071031 0.09250874283207852 397
0.4736840992417115 0.2721265021299167 398
0.4087300224127076 0.4458160101826559 399
0.3022169079418431 0.2068150644939308 400
0.2393434407677672 0.3790189267874807 401
0.0725762840919294 0.3104499640002235 402
0.7160702399217597 0.4449425447789289 403
0.14347823284971 0.1414115401053211 404
-0.01436935059875845 0.08151365272180869 405
0.6316828792294885 0.3160257217199278 406
0.724303806648122 0.5868000648799234 407
-0.1266124551475199 0.1640576174700075 408
0.5446588306637242 0.3971597061870588 409
0.02190492441537072 0.1933771203929883 410
0.371483897364034 0.3306978826453184 411
0.2034597617866427 0.265780242395766 412
0.5203518704915904 0.5174060229847987 413
0.6291014457090256 0.5624737688807048 414
-0.0633647168339516 0.2853667040802453 415
0.4308451929290541 0.2243478782223146 416
0.3451871225048268 0.449192447686069 417
0.5372183829953882 0.2621351595295853 418
0.4509180854410614 0.4913970258355347 419
0.1762531350562691 0.382834116598175 420
0.3638545056837448 0.199307344182393 421
0.2601958388278235 0.1613934997448951 422
0.2789850771304437 0.4246479088345318 423
0.7379594356969852 0.5032740067985459 424
0.6561319234923896 0.4673852640609169 425
0.5614746203822945 0.4570528230712099 426
0.1126449492345736 0.3587620479744146 427
0.4987113071116063 0.3554060616014307 428
0.01160681579615001 0.3193037340638435 429
0.5952092193078213 0.3647091792916242 430
-0.04466380941712708 0.2176707129261647 431
0.4589542439230817 0.4121907292294968 432
0.4221755539050847 0.2991855451281876 433
0.3886864630584445 0.3880281777546506 434
0.3278607473212533 0.2900113775346865 435
0.2024730115184575 0.1365196763892746 436
0.2881516337997991 0.3464804022705783 437
0.2187343861547822 0.322970837128201 438
0.1595144108929865 0.2266636536408002 439
0.2532221880228789 0.2356962676102127 440
0.04212724955918723 0.07698725303102272 441
0.120689502059061 0.2817095295239725 442
0.7432024133809769 0.3961908798062137 443
0.1063243239693334 0.09930501599367354 444
0.74253549138217 0.3317250487318212 445
0.05448735406414482 0.2574623391212061 446
0.5907223837819567 0.2768990273708333 447
-0.06460143718153029 0.05614113604021412 448
0.6656901586322177 0.4099400801372257 449
0.6858179524179457 0.3074369850875176 450
0.09713716733264076 0.1723645321019064 451
-0.1452592419196144 0.05520953516484288 452
0.00597420668555756 0.1310985151388879 453
-0.1467349458127243 0.263707502801207 454
0.6716834408041171 0.5924578639638417 455
-0.05732729114108598 0.1094332583847756 456
-0.1483684632935288 0.210051479891912 457
0.6476057377170515 0.3632299126043238 458
-0.1499176085367953 0.1201424257237817 459
0.7506080819595601 0.6270624907897818 460
-0.08179003646293968 0.1852479009004748 461
0.6338601441059255 0.5065162001850074 462
0.555590416486483 0.5503888194601005 463
0.5033837029825916 0.3084790260751321 464
0.7524159338143875 0.5487002138581091 465
0.3317387491373139 0.2435165546321657 466
0.4787515768270674 0.2214865224107256 467
0.3802115472640146 0.4813926100425251 468
0.6076099652241038 0.4698424609838358 469
0.2107459562248805 0.4144654934034021 470
0.3285817781895655 0.1688117371600142 471
0.06653049753785432 0.3580748999523891 472
0.1659844291728101 0.1817669579089339 473
-0.1085706219014459 0.2884961300854739 474
-0.03342172944835289 0.3188985706126976 475
-0.08758182432798747 0.1426323471637583 476
0.4616337452615669 0.3195560500966061 477
0.7561308492296306 0.462554084680345 478
0.06508225336225261 0.2021409360048815 479
0.5027855209273047 0.4110840073245763 480
0.2910322781804016 0.2540565812781579 481
0.1699744890339301 0.1081431673745516 482
0.4777580587189522 0.5245439465414568 483
0.3301183772025308 0.3467285699177037 484
-0.105030492932258 0.04257819435052793 485
0.6994826103618326 0.4852443247438861 486
0.1632173096241892 0.2804574289723565 487
0.4057439883053634 0.1907435606685445 488
0.01225666874117182 0.04891172537801971 489
0.3048492843069971 0.4570996393734848 490
0.6343021219787457 0.2750300622983014 491
0.5916609891501775 0.323615132689172 492
0.134910271933541 0.3897330923718211 493
0.7105222929849778 0.5490871059888943 494
-0.02767348992163825 0.04005839942035511 495
0.4599257320453593 0.4527212083160088 496
0.1295251861726354 0.1984161208372286 497
0.590325292023457 0.5724493569322086 498
0.2883342981463205 0.3855096403755481 499
0.7056414124703512 0.4072575737957248 500
-0.01714089935507102 0.1896329460913129 501
0.02395003392661822 0.2325341977100122 502
0.1211977481465 0.3210619285827335 503
0.7021479819991945 0.6179142022654075 504
0.437350137744432 0.2634321208243158 505
0.3587611795044924 0.4136012859745355 506
0.5526930248892387 0.4940381109117603 507
0.5155730283580473 0.2297593620718626 508
0.7613808249705383 0.5899480959514497 509
0.4122896696675951 0.5031665766973703 510
0.08078208299176168 0.07010788229691985 511
0.263654461584889 0.1989893972144082 512
0.2397641581675904 0.1284257135418789 513
0.1900445566824228 0.3475288060579385 514
0.573989678340605 0.4207316569593446 515
0.4268662066945764 0.3942112295982235 516
0.2968497160964552 0.1481622315061404 517
0.2420777197177572 0.4352857000661889 518
0.7621699163300366 0.3629088739912286 519
0.5355766538076882 0.3593243036361304 520
0.02550755686478304 0.2837842081360905 521
-0.1624829586030688 0.1765506585155047 522
-0.0415638068243001 0.2554928160942797 523
0.2561876622810826 0.3268373975256431 524
0.04950340593786295 0.1681500246405625 525
0.5335783392264153 0.4324178851506644 526
0.3837619989976728 0.2958655898836525 527
0.4079691795265727 0.3327683980182731 528
0.1070446383285091 0.1364704983532186 529
0.4952658874478897 0.4906588159954727 530
0.7631902077780429 0.4272249982360847 531
0.02867275050075954 0.351238977921403 532
0.664799998528256 0.5559284484209406 533
0.2341668210080767 0.2871364266433774 534
0.1960246597449815 0.2300919185202867 535
0.4685492830740479 0.3768509412727813 536
0.5686824884538283 0.2458893364303404 537
0.32080463612113 0.4228365399608041 538
0.7217701512642051 0.3011454031931061 539
0.3950419513643045 0.2269321532907546 540
0.09074310361936751 0.2623742531986441 541
-0.1611944098661264 0.08689913877839973 542
0.2984635914823502 0.3117621734410624 543
0.1519263378081104 0.3570883344272632 544
-0.1142475095410495 0.2001540932130794 545
0.3602000154287588 0.3654092815620598 546
0.1306053445852809 0.2475321784063827 547
0.1408905638506065 0.08802046403444722 548
0.5595218127265699 0.2898787242953361 549
0.2252018398143324 0.1643054716022694 550
0.6358527706137893 0.5964057988022479 551
-0.01065971175173877 0.2265003723774999 552
0.6221313270315487 0.3896960995090153 553
0.1926645400075727 0.2989894889161316 554
0.6699201924548457 0.3408767449000087 555
0.6670646220922904 0.2792363731541243 556
0.01540118292545499 0.09714353910051007 557
-0.0238092176511124 0.1147198486727764 558
0.6815392530641942 0.4410010354074724 559
0.5220439845295748 0.5518647266420705 560
-0.07463815556978834 0.2534268394390309 561
-0.0103403808426508 0.2938023066259789 562
0.7097411837333194 0.3323720296054684 563
0.6438247399141097 0.4366627727254446 564
0.005065398198750829 0.1654716714037827 565
0.4527045800890346 0.2008393750815434 566
0.5293144975518037 0.4682278615702018 567
0.346360657484603 0.480221629807953 568
-0.1188981437854034 0.1250353118082512 569
0.612004026604225 0.5322177566114704 570
0.7676427662976468 0.5198697563968308 571
-0.08418155583602689 0.3106837131712582 572
0.06578795500522323 0.1006339673091771 573
0.7295227642955928 0.3663163729093921 574
-0.1670539234671796 0.2379386810505082 575
0.5069762819818165 0.2751433869722599 576
0.177450046797503 0.4134350357802913 577
0.3619393030645123 0.1652213258405934 578
0.4232684933887779 0.4726893176840528 579
0.3766018566351693 0.4403417953823472 580
0.3344451427418955 0.2115534544186626 581
0.3624327675832391 0.2307533696404329 582
0.445664795513265 0.5237544631183869 583
0.0874907076681308 0.3805527611695151 584
-0.1681542159112541 0.03068162899629472 585
0.2527937600511493 0.4058788145012609 586
0.1740985256234954 0.1507691451771594 587
0.7683871549355028 0.653287365699029 588
0.5749950844127757 0.3890087640994327 589
0.2068011377445169 0.3746554786032131 590
-0.01025720872243434 0.3402724642531214 591
0.5650950652024972 0.3499500678400391 592
-0.07605284398402554 0.2159723362575607 593
0.6203949594844065 0.3455894639902818 594
-0.1686308721741005 0.1447238074740275 595
0.2741755727930579 0.4551242686559961 596
0.6626020378024473 0.4961858049480649 597
0.2889345772311581 0.1781901372241314 598
0.7684228101177623 0.3126676625566381 599
0.515866881929814 0.3829353960664936 600
0.04251502609070133 0.3237046425618469 601
0.406182150144002 0.2718615837412748 602
-0.07855459793324181 0.0836450331348413 603
-0.04541240897373275 0.08062182634634849 604
0.7095164960606978 0.5160172805864027 605
-0.05286570297582763 0.1863818830661291 606
0.3437293802390948 0.3179462212024969 607
0.06916329755017722 0.2336051484899412 608
0.4082489055804064 0.3647199736255922 609
0.2021645843791117 0.1065242564627356 610
0.6953513264083 0.5733077645124507 611
0.3574997838186987 0.2825494270477173 612
0.2708217529025356 0.1314366368198213 613
0.08842207082420894 0.3374944624228376 614
0.1750395467218354 0.253291876945746 615
-0.1326094946300987 0.2367397905246951 616
0.4313627777490039 0.4232857494719529 617
0.6708821034714616 0.3809257145177569 618
0.252163172593815 0.2673368903078965 619
0.1270010015219204 0.1688333324632832 620
0.450966737055142 0.2910028966536322 621
0.5804454267674093 0.4831655908105783 622
0.7284288151143176 0.475094644021284 623
0.236129412978401 0.2093806073755778 624
0.7698706715427642 0.4893060548357783 625
0.2233752855463467 0.2442951145986819 626
0.5217177693045575 0.3334676666883701 627
0.04219647311842418 0.04706530446063114 628
-0.1372032205048022 0.292919932458269 629
-0.07777777777799318 0.02949464438965679 630
0.2606878359833827 0.3570248012713926 631
0.3952730028999022 0.41684280160474 632
0.5845927114074618 0.5432942899884033 633
0.4813809502992156 0.4318780063765054 634
0.6434321777798262 0.5364001664273768 635
0.4718371396380348 0.3474647516778921 636
0.2786713044141933 0.2272490906816443 637
0.7230588683844751 0.6370526378677417 638
0.4932071349796551 0.2461572336310043 639
0.03265538895414401 0.1438481245083001 640
-0.1341626169964915 0.08089476523772127 641
0.2990538871464556 0.2821035751158924 642
0.09260910288870429 0.2914487493726975 643
0.612323754302658 0.2535185056720076 644
0.2258115215617792 0.3501926258612742 645
0.5288617399917851 0.2950532621699408 646
-0.1308424072841994 0.02913317412788501 647
0.05574128472614651 0.2881503967990053 648
0.5919305270632355 0.4441831943600085 649
0.130509980300009 0.1148071209594675 650
0.309144425419698 0.3667379314209548 651
-0.1713297141200002 0.2804629949448544 652
0.736151503700091 0.42321612309719 653
0.5454285733787678 0.2297373251579453 654
0.1967106033120506 0.1704581994013743 655
-0.1151080997763632 0.2598186192218608 656
0.607439069340279 0.3001882528950482 657
0.1098873858666115 0.07068419289777314 658
0.4546892735501735 0.241260200117923 659
0.7714242766915784 0.3908003521122833 660
0.1409231675570506 0.301512349383508 661
-0.08469568906285577 0.1136854375399131 662
0.1822015525580354 0.205185342433879 663
0.6585720465381686 0.3056854863623462 664
0.5579360121968839 0.5213509047507412 665
-0.06015912035574553 0.1371467515459905 666
0.04081978318212273 0.1112539682218193 667
0.09327498210876828 0.2003413438167626 668
0.07482855947762661 0.155983090385273 669
-0.0597561652661113 0.3255541468880118 670
0.6334790041203396 0.4790020814130795 671
0.6998309435948841 0.2846801895933749 672
0.4935649055203973 0.5477519394323583 673
0.6055212789333604 0.5932242645540059 674
0.4345665875286726 0.3240202822868358 675
-0.03632517901591262 0.2814287884120008 676
0.6093832484730024 0.4958335635139118 677
0.6726293974539312 0.6190814784308712 678
-0.1724443593400354 0.06085292582121413 679
0.3882434856471554 0.1698331169672535 680
0.0848125137779849 0.1201350785694332 681
0.4796064495253524 0.2979905341326015 682
0.4148707486452728 0.2457511018640109 683
0.4318107973027662 0.1861454167008935 684
-0.01938921107576402 0.1410319369451929 685
-0.05012649013240648 0.0273481898019679 686
0.3202029173632315 0.4791896560976236 687
0.7340498297297487 0.5294743258587763 688
0.3081405645745651 0.2331622780570216 689
-0.003814527476285828 0.02715421354787413 690
0.7735326510748524 0.5652045679279619 691
0.5632188300158382 0.5768310083190501 692
0.6400908529716784 0.4080671849948977 693
-0.1731793073612488 0.2001573201340768 694
0.7735067708213036 0.3393172360240433 695
0.4715631398538019 0.4774043710023338 696
0.1100078444164821 0.3961306517824688 697
0.7734919431783976 0.6133955167855545 698
-0.06554702759495309 0.1634360415579918 699
-0.1003445506825161 0.1652613548012205 700
-0.09757765972695788 0.06804690337309272 701
0.1518024600534097 0.4122108123962183 702
0.3838004632233923 0.3526970570920627 703
0.2429673691667484 0.183860725806166 704
0.03965414549160285 0.2117582895658007 705
0.7291483799449259 0.6117514075896583 706
0.4918970431696933 0.331593590404191 707
0.3202895513936382 0.2654654313390335 708
0.02629546797349401 0.2569308895255291 709
0.5014406947836945 0.208687585200306 710
-0.1741375156923825 0.1081619878197338 711
0.4341420507086382 0.4490671628754809 712
0.6204149531246848 0.4469358188580945 713
0.3860975212436017 0.5064935544224543 714
0.6437913974813039 0.3387409145641734 715
0.5977456184960537 0.4022277172207889 716
-0.1381891297983909 0.186590912896544 717
-0.1433992163929448 0.1448196280207685 718
0.2636803801470409 0.3827023584700427 719
0.6835124882355982 0.4662230932449939 720
0.747342720031353 0.2991403512706294 721
0.2164194598328137 0.4391858073816474 722
0.3218906168055495 0.1444940737513066 723
0.5189943006984583 0.4913394186936251 724
0.4901178021814986 0.387187086796472 725
-0.08527903878509153 0.2746832275067987 726
0.1346193652852701 0.2226347246765464 727
0.2982123403749685 0.4094779339510124 728
0.7312448660752815 0.5627139265439597 729
0.008264330538465111 0.0736445768010671 730
0.5828889704946462 0.3011464568703166 731
0.3538683604379649 0.3887660048394201 732
0.7120658336960709 0.3846266179242975 733
0.651940832884369 0.5764266469568605 734
0.7435959173980849 0.6512236623962642 735
0.04463016472324881 0.3707805444042611 736
0.3535847717879864 0.2569314799329234 737
-0.1217639548575928 0.06038820058366185 738
0.5391521935589606 0.5689624170200175 739
0.1306636767424019 0.343802426865584 740
0.687237781811185 0.5457429040442734 741
0.1850558097414537 0.3237266693603798 742
0.1521910747847773 0.2029292455853139 743
0.3092573641338062 0.3343023992311897 744
0.2258010570273941 0.1082532104987485 745
0.06661196328502121 0.05034219211976126 746
0.7767108689037682 0.4497333484968992 747
0.3999270893410347 0.4660707911257453 748
0.7758557994396913 0.5416429978239214 749
0.1413409803989718 0.2693202066353021 750
0.4730139897097962 0.5000913281162205 751
0.5569590645570223 0.3741272679003939 752
0.09762716082263474 0.3143324564879721 753
-0.009275353798273473 0.05734561706773412 754
0.0008954310106980679 0.2056214311962787 755
0.07460243033430775 0.1790741569355868 756
0.5380203453875678 0.5339152660328665 757
0.1648579436599402 0.08497312616145838 758
0.367020758078096 0.461337553341477 759
0.2300729187626726 0.3998236278177866 760
0.3424478832789108 0.1882793495653381 761
-0.130710493810397 0.1052638894816428 762
0.4778919726875971 0.1994562727703988 763
0.3640911752217579 0.4995449315268088 764
0.311209779246004 0.1849068841019916 765
0.5927322487379724 0.2406756304757722 766
0.6055390130751592 0.5562565696392943 767
-0.01853750152374681 0.1659242247999775 768
0.1969494546681943 0.3950947195773253 769
0.2488840909444608 0.3044367953446002 770
-0.1076048477293072 0.3117436136006245 771
0.04741596889717704 0.2357431234185746 772
0.005653995211307292 0.3573695507618106 773
0.4456861389864616 0.3788612286727565 774
0.7391439969809426 0.4467948151182702 775
0.5097568248542027 0.4327594250891943 776
-0.05628824537440494 0.237775317006336 777
0.1947686401522631 0.4324066914587489 778
0.3637681758633915 0.3049465255280585 779
0.3438180535481653 0.149942247835125 780
0.4023649116502691 0.3115007797794627 781
0.6497536971952496 0.6155227265602081 782
0.06278450844409643 0.3339699228376156 783
0.3863086646374397 0.2051413006682558 784
0.1806484665568222 0.129095842598584 785
0.4224145482234234 0.5242907826047664 786
0.2753402617668107 0.3127453587892799 787
0.15068131638693 0.1639947254689802 788
0.7018979814272459 0.5949255556236852 789
0.6498130318708202 0.3874564522048159 790
0.6527870300383145 0.261874697742031 791
0.5248867828190518 0.4104581395853352 792
-0.03379123041831728 0.3418888221314421 793
0.3378826753037483 0.3670792384008363 794
0.3002029763733029 0.4344169244830079 795
0.56972975060121 0.2692792121357094 796
-0.04264549654697672 0.05844066511288332 797
0.6572432007529805 0.5178807450199358 798
0.3212869772895747 0.3124300859012664 799
0.02661004308114083 0.1706513381970756 800
-0.177380792029053 0.2583378354563063 801
0.4974621740401206 0.5140715814708301 802
0.5514183980712598 0.4182639475953736 803
-0.05138086232013999 0.3047884730147119 804
0.2169860542552801 0.2213613295798809 805
0.2296410674969284 0.2654602816644874 806
0.1694287706804617 0.3019834414208624 807
0.4606876121606841 0.5400616849774318 808
0.2695972398690986 0.250420886361111 809
0.0649042018830408 0.3816137020671292 810
0.150921405077788 0.1212288137701936 811
0.1080813680379343 0.2489484899338393 812
0.6864165259055571 0.397544648120265 813
0.1311481811305052 0.3681367364009343 814
0.5171505449812031 0.2518284978287201 815
-0.1119989365377405 0.1466382927786341 816
-0.01057751062842883 0.3171677057224366 817
0.153080850213306 0.2482093303527229 818
0.04472547127275933 0.1903087976331935 819
0.3368168458829512 0.4092068900649471 820
0.4453235044500967 0.4698632127954852 821
0.3534192389070743 0.3438584281057943 822
0.7016783124110324 0.4303408190116857 823
0.4492741162035121 0.4324082230590277 824
0.4121420580505596 0.2130362128237864 825
-0.03830266423040483 0.1307533521038953 826
0.2515720799533442 0.4568386865674794 827
0.3234669220994992 0.4449170460009219 828
0.4808876082822502 0.4084680922905072 829
0.1682081283465866 0.3438109908564084 830
0.7488557371435755 0.4837939066124549 831
0.2765234983903573 0.2707703997529831 832
0.185382450086481 0.0906782877139501 833
-0.03101138504862203 0.2342223666629863 834
0.6846863435447579 0.5003518711817376 835
0.2746411443459352 0.4031865870069744 836
-0.005931635784844713 0.1015279868857826 837
0.1845766629900045 0.2788366420524031 838
0.209899312965011 0.2865961735659553 839
-0.09815313632075136 0.02133690264093558 840
0.2794385503595497 0.3666067538500548 841
0.02909126280884878 0.3063636960604771 842
0.2880396725642762 0.4716479897153138 843
0.6241366443080982 0.3671165772682611 844
0.1550266035881346 0.3788780196107703 845
0.6383519808825083 0.2959904013375932 846
0.7518548649458989 0.570234714157367 847
0.07479630005823616 0.2783172538200963 848
0.2238921383943325 0.1426140638192553 849
0.7787061732522689 0.4109704616751969 850
0.4518861452641121 0.3387215869147567 851
0.7784634310774892 0.469075018603765 852
-0.02331881246017984 0.2099140977444426 853
0.7038781814411751 0.4631975678062286 854
0.02627030335405997 0.0324825899808241 855
0.08828756611252431 0.3593045245621829 856
0.08633541631978786 0.09099233990765042 857
0.7787582158295069 0.6345627467397152 858
0.7272889454176563 0.3450571577429815 859
-0.08509699881766866 0.04994180960475593 860
0.7188206261505132 0.4954025935602625 861
-0.09359196043406251 0.2035608145791156 862
0.6332749415327474 0.2523324021831377 863
0.6122745265868308 0.3259542260065528 864
0.5995998625284527 0.3428865707320422 865
0.4329924622616775 0.5060043907959584 866
0.6129172305536053 0.2801115214881651 867
0.5711891735437644 0.3294748892472962 868
0.004578981595138416 0.2411388695488736 869
0.1306801911036758 0.0694101622387011 870
-0.1495182248359611 0.02083401781028079 871
0.4109183378612059 0.1715565974178339 872
0.507727622589599 0.4747067870785446 873
0.4061900173286539 0.3991641307275058 874
0.005650397074952023 0.280007319323695 875
-0.1790456066771323 0.220495632386 876
-0.1189034780737852 0.2206507412511368 877
0.5819380932647513 0.462351381525082 878
0.5312484953208705 0.3148539763851061 879
0.6891361199272428 0.3285477738375359 880
0.2569331644783788 0.1156237144893524 881
0.4738929179367223 0.2501930604616588 882
0.344589888725512 0.4283444134767609 883
-0.1792492551382295 0.1628801889913005 884
0.2912691453483188 0.1278060195975395 885
0.02795749265574134 0.06302600595050628 886
0.2364547845069259 0.3337227598126182 887
0.5407966185812473 0.5120064425398951 888
-0.09500423100700697 0.2534342364829585 889
0.1136125195670189 0.3021546974175712 890
0.2438269392527379 0.1482181941483834 891
0.1111278795933238 0.1882180537856519 892
0.6763606420928986 0.3600978608365432 893
0.1089124987674747 0.3377798880539324 894
0.1116975449674629 0.2101852060537234 895
0.5415849506561021 0.4514625800645459 896
0.1449648745065868 0.1842059966142532 897
0.4798887819971929 0.4575389217595041 898
0.7490868671361285 0.6065003124818872 899
-0.03921376953832305 0.1004734919664002 900
0.7024288019161096 0.6388687714055064 901
0.6637612933521391 0.4305716559299991 902
0.3391849435817464 0.2724911210145511 903
0.5871569052528148 0.5928515970058243 904
0.2627986997670398 0.4382498313017598 905
-0.0320523906322487 0.02027191899774109 906
0.1761140875172635 0.3623208091609255 907
0.377918511277553 0.4057620082827655 908
0.5208485502502588 0.450982715442756 909
0.1301583777000555 0.4099486459063054 910
-0.02292047364429122 0.2659616653469608 911
0.003167453101384503 0.1848656641370023 912
0.5606696340971755 0.4364815064961921 913
0.549432239028141 0.4734830166393938 914
0.6373309144453247 0.4593241978314854 915
0.02541179876475438 0.1247140902041366 916
0.5097443640055452 0.5348541021412643 917
0.1239046180770777 0.1477680946476552 918
0.5316465104045681 0.2151192615101467 919
0.3998517810953926 0.4869742276440091 920
-0.05802524425359742 0.2654215778224367 921
0.3087391332121312 0.3918136458259291 922
0.4581162621935022 0.2208865851053174 923
0.3088404712442183 0.1641148857191108 924
0.456783812462261 0.2612426546760395 925
0.09565647333792536 0.05620099436191779 926
0.779101851981733 0.6698922190870684 927
0.0640965128800426 0.07788753155454489 928
0.7467080793181156 0.3511989740183709 929
0.3938904752090924 0.2474905747641604 930
-0.1287252737330835 0.2744582455025486 931
0.09472718793486509 0.1522981921457281 932
-0.1137446727657026 0.1799587758965649 933
0.7475385418331935 0.3756280684677574 934
0.2301715870792619 0.4197871689337084 935
0.2082653670203444 0.3388930459921704 936
0.7248838409769087 0.4052093317063791 937
0.1407134576135752 0.326392659705967 938
0.267232295625065 0.179143592253652 939
0.780130861131775 0.3728246850259479 940
0.6852156660888742 0.270991498533582 941
0.01000051987042327 0.2996025554194677 942
0.5645319241863698 0.3099741706702432 943
0.7061594781117339 0.3132999179785476 944
0.2803574548284319 0.1610861391308483 945
0.7260567841957108 0.3198214369909909 946
-0.1570620261881071 0.2953992767894147 947
0.4255565621181088 0.2800491906974614 948
0.779885573581657 0.5850835042398604 949
0.01993001039665313 0.2132466590515211 950
0.04524251561687163 0.3468326728942835 951
0.5646910178665964 0.2271897482116658 952
0.5737220991448814 0.5602469347490509 953
0.6662565640658151 0.5365538125045662 954
0.08792329825866181 0.2423169539086164 955
0.6752353651081929 0.5728004888690851 956
0.6117450928357457 0.5736186496536098 957
0.2845469525952485 0.1988692911882032 958
-0.1472850797427235 0.1646047018177406 959
-0.08249082883213502 0.2351782967793663 960
-0.06025554405089477 0.2042731320420549 961
0.08063392017271594 0.2157065173722305 962
0.01278370404312319 0.3393570414431364 963
0.6848533688025973 0.4177705533885193 964
0.5699646170672894 0.500953427633025 965
-0.1506626273488235 0.09772683446163812 966
0.5486852146493459 0.3437649144706946 967
0.1854836868168107 0.1859261071803168 968
-0.1801870546235431 0.1281779856061099 969
0.4003583759857562 0.520792309086672 970
0.7588774832217201 0.4076188476228374 971
0.5355366440231863 0.3789031969934827 972
0.3356070572426849 0.4668971136202442 973
0.261995873208522 0.2185919865571809 974
0.5175292799008104 0.3624924046669284 975
0.4455572601595699 0.3996775780399187 976
0.4361291979054977 0.2049682114900954 977
0.3870428542683182 0.2763870184125972 978
0.404118112204194 0.2915443188172876 979
0.5769025968895352 0.3703328294642744 980
0.4985814638145274 0.2296645946779699 981
0.4263231355638379 0.3721321962542457 982
0.05345647104540015 0.3064345806343303 983
0.4353704980251012 0.24425674725673 984
-0.03411993894236779 0.1776431734153794 985
0.7190536398428307 0.2821658668108832 986
0.5500259821344911 0.2484477916502 987
0.3815722685013153 0.3150602872724644 988
-0.1264859909497809 0.3078607611154545 989
0.4572722804398415 0.3620710910528489 990
0.121111793739638 0.086729083635276 991
0.7817764273767348 0.5059283675376094 992
0.7422324679319411 0.5872299673331723 993
0.670506803158644 0.3222607635319489 994
0.4206957344084207 0.3503716136619165 995
-0.1807215311638612 0.1822707218420616 996
0.5929694277847862 0.4245036838642495 997
0.07222537554066658 0.2535715299131277 998
0.1669660795285889 0.4002361807331783 999
-0.01495825347550631 0.2453071056106795 1000
0.273783153244162 0.334471735133062 1001
0.3725987107311406 0.181541507474394 1002
-0.1808881088908528 0.07725953438905149 1003
0.2313751145977674 0.4518617970809993 1004
0.2245147623639961 0.182688734179509 1005
0.2210908362065796 0.3029837202340073 1006
0.3530093125425369 0.2144653477228619 1007
0.04210772191862965 0.2737771383683103 1008
0.6027209198351753 0.382397995375115 1009
0.6853955052604912 0.6056566842562419 1010
0.1774425724207744 0.2331576779708829 1011
0.1938464808164532 0.249111209366196 1012
0.3450542666512587 0.2978774976104573 1013
-0.02747177481333617 0.2986558316743751 1014
0.1110008083461403 0.1174995486261848 1015
0.05108295302103168 0.1490731410576937 1016
0.2868759209911841 0.2965970357217208 1017
0.7128293320353457 0.5660777275873494 1018
0.620497339638873 0.6076982374079822 1019
0.2515209905688152 0.2838222953212567 1020
0.4400146739487918 0.3057934590624032 1021
0.3800363647321818 0.3720628962401769 1022
0.6157333176354636 0.5135424376577361 1023
0.2087423192497436 0.1547646838039437 1024
0.6458617535719601 0.5546026525111512 1025
0.7567262612182507 0.5027828965301356 1026
0.584817699183634 0.2578617820781002 1027
-0.1808072161011938 0.01941099821759306 1028
0.5619579603211267 0.4019976754214265 1029
0.7003094578710782 0.5321592437488392 1030
0.481028393513654 0.3647889613081101 1031
-0.1494039666466934 0.2454856350785327 1032
0.01515044556888909 0.148447089151517 1033
0.0340714716764107 0.09345511823439599 1034
0.5064667416554308 0.5618509752723307 1035
0.3893075035000086 0.3348233137028909 1036
0.1064015701654815 0.2677346673313649 1037
0.544093085909169 0.2805942080589217 1038
0.02445558140541315 0.3703263723522007 1039
-0.1501851933791963 0.07217406059345852 1040
0.1070237817928545 0.376372994434502 1041
0.2173181772465949 0.1249862447285032 1042
0.4115460581011098 0.4242352618390355 1043
0.7506374585335186 0.5291428834980995 1044
-0.07872466801094195 0.3279031385757374 1045
0.1192038222911595 0.2329009531128551 1046
0.1626401308634414 0.1346368139570835 1047
0.7816813505120206 0.4307871123698529 1048
0.4895119144263013 0.2839656624030039 1049
0.2410029031611751 0.2497270559877727 1050
0.5460195296366932 0.3048314185801861 1051
0.466538795667692 0.3936721031346256 1052
0.2000160093257659 0.2114404386893587 1053
0.7578215242393863 0.4437817059811007 1054
0.3102212341796184 0.2982561352166885 1055
0.05934828390542327 0.2196940955153304 1056
0.4797767222336415 0.3165955202103216 1057
0.1526397847840793 0.1028805666403998 1058
0.2359228119818107 0.2283651405221909 1059
0.6820907617675511 0.291431141372771 1060
0.2410218989062637 0.3591069749598365 1061
-0.1166639271990537 0.01839177142878917 1062
0.08247479519200898 0.1389702814367158 1063
0.684048001455814 0.6337427178077117 1064
-0.0795256175447677 0.2927394240431211 1065
0.2020714314065299 0.3150849472661031 1066
0.532408745184444 0.242798798932269 1067
0.3855147024660477 0.4580967279020559 1068
-0.07070001798804582 0.1222898245405086 1069
-0.156734356383372 0.1940801874258535 1070
0.3768409061976807 0.1564883064825836 1071
0.6933530005289135 0.3823286669405704 1072
0.6774026524651178 0.4838849158202236 1073
-0.0260317432822969 0.06689272412313678 1074
-0.1045069064652256 0.1110639904264732 1075
0.4494882909245295 0.1833302224518776 1076
-0.181895835213709 0.04332900677725452 1077
0.3325184949284977 0.4931144852917926 1078
0.7103421532173583 0.3507652403195439 1079
0.620964684506246 0.4072596190361832 1080
0.6517356893828331 0.4825919463498627 1081
0.3182040724670112 0.2175880737883232 1082
0.5251593489033231 0.2760758519201514 1083
0.6637912871104317 0.4494027064825508 1084
-0.06197021126824094 0.07387462866664872 1085
0.4763521025786586 0.5503808088577585 1086
0.1777074399664696 0.167311038489868 1087
0.1110572784629384 0.1602696956982504 1088
0.7295510221130942 0.3843726683839712 1089
0.2916777295740545 0.3282800420435019 1090
0.3088549724709305 0.2511985330173115 1091
0.4902078605209725 0.473411455393391 1092
0.1500206332940904 0.07317461834253894 1093
0.7819438365225417 0.3548721159981105 1094
0.6266622409855942 0.5447601571586701 1095
0.05265580323741723 0.06173086816999798 1096
-0.1311690034329155 0.2017385258475227 1097
0.654560167869717 0.5985794626939318 1098
-0.1169751163241785 0.07791465174240475 1099
0.2143017783013936 0.3912758947385833 1100
0.5953032846306143 0.5297265179641857 1101
0.1639585304841673 0.4259642868723013 1102
0.4555626999736789 0.5097695410569257 1103
0.7158557594850667 0.4224241871402445 1104
0.3106150744037559 0.1318500142393289 1105
0.3802582024410566 0.2367754948345678 1106
-0.1342993827522239 0.1287233794712584 1107
0.6296573384637533 0.5796226429762245 1108
0.301919379650986 0.4821765585617108 1109
0.6884649711032165 0.3480195895960826 1110
0.6497778041937901 0.2814962245862115 1111
0.371047648325228 0.2151920388189582 1112
0.3267203631570594 0.1952371753952971 1113
0.6302567875192108 0.4230838322860279 1114
0.09256328216093641 0.3976226577018479 1115
0.5363278103230995 0.4858283208214921 1116
0.3931491564482064 0.4341309688714554 1117
0.7822664399310795 0.325026278731865 1118
-0.004060561794750967 0.1488843352097918 1119
0.4315182975644022 0.4877043993676276 1120
0.5120463312974607 0.2931523899608121 1121
0.3187248300447993 0.4053252092364874 1122
0.3738113293949328 0.4228231294920587 1123
0.2356041128144511 0.3153777918047577 1124
0.007260612947798429 0.113772042891364 1125
0.4116837415916543 0.3828367376454351 1126
0.5754408739481379 0.52785391348678 1127
-0.06071750748883878 0.09182238626086145 1128
0.2051476722428374 0.3567192793292805 1129
0.6977957265510555 0.4483268361261569 1130
-0.03553296873512713 0.1968023151558731 1131
-0.07916281537489371 0.06635353938217683 1132
-0.09928361065740895 0.1284303483199018 1133
0.04246832914811885 0.1291951064017371 1134
0.3296540578780351 0.3279522905053192 1135
0.3408559268420269 0.2272200960012994 1136
0.2423074722261555 0.166809913877398 1137
0.5219364356227744 0.5696810411363031 1138
-0.1518240736766703 0.2279381533805207 1139
0.6599643523553361 0.3538169327714666 1140
-0.01209965902034254 0.1257725299349043 1141
0.5007243956837855 0.3737926020425053 1142
-0.1317890190812793 0.25429293920038 1143
-0.06530124019522589 0.01735456842185393 1144
-0.1826627087840378 0.09472723803943291 1145
-0.08369536983610439 0.1583189487846212 1146
0.223233320087009 0.3685144424927735 1147
0.1921799584910429 0.1502480489498356 1148
0.3595803400569145 0.4384167445100445 1149
0.124441933017273 0.2639890718810867 1150
-0.1505921103827747 0.03925500207155893 1151
0.1508138647964442 0.3402365097162187 1152
-0.05176827377356111 0.340844040522132 1153
0.05783232628483513 0.1149286653558748 1154
0.2839644844186406 0.4415686826309404 1155
0.6700657035095168 0.2621864295021868 1156
0.6477611239919099 0.3205981628799174 1157
0.4190520274776482 0.3162525533384573 1158
0.1613355025414931 0.2634717887638791 1159
-0.06392891588265223 0.03953902123185917 1160
0.7603273195276897 0.3282578730458027 1161
0.7830019647504131 0.5260288469401357 1162
0.7347107267140154 0.2869534113947049 1163
0.7844273384977309 0.3024778314557079 1164
0.628559435745063 0.5255868192693132 1165
-0.02328288343305954 0.09504531253484935 1166
0.3702261817010988 0.3865522070497551 1167
-0.09013105265720664 0.09593228272826922 1168
0.5163196217668571 0.2063626078610213 1169
0.2630896060266383 0.4217846056443354 1170
0.5970805965838835 0.4836248230684413 1171
0.5816411651110218 0.4050327712193181 1172
0.5059085299808684 0.342608374405732 1173
0.7646738293153047 0.2967420915314073 1174
0.05125313301802845 0.09290522433584711 1175
0.3883751442249063 0.1883560808597354 1176
0.5747127819554902 0.4465027034778136 1177
0.07557497536183366 0.2941639812228922 1178
0.4205554986575025 0.4076105431504083 1179
0.5393840950371603 0.551374271866558 1180
0.7551933734865236 0.6633770755206561 1181
0.5817868034055165 0.3436631991000421 1182
-0.1221364280985317 0.0448397629264366 1183
0.005554882344336617 0.2251867173903066 1184
0.2424524858814042 0.1057458691301575 1185
-0.09582289409275482 0.3234396064209555 1186
0.01267849319623473 0.02322914785307785 1187
0.4015661812316013 0.3494646584194096 1188
0.190977077323537 0.3722702978254346 1189
0.5773104737313342 0.2839193020865785 1190
-0.1018459643682365 0.2728715008575183 1191
-0.1158848913041633 0.2424149778069728 1192
0.4662350235804599 0.1876310742595648 1193
0.4910422271394486 0.26465978869284 1194
0.7292822382465387 0.5461250075508428 1195
0.3644469160987344 0.4793617784424166 1196
-0.1497303486823015 0.2804465575730258 1197
0.3606896909155708 0.1484926585453547 1198
0.345596590415689 0.171294377859266 1199
-0.06730031935786225 0.3048784372177603 1200
-0.09852685197163727 0.1873017917460627 1201
0.2595902240657129 0.1439081832830423 1202
0.2150126310707284 0.0958270066521754 1203
-0.1844011063688076 0.242303374081179 1204
0.02577948226513038 0.07900196396783267 1205
0.4929325391136577 0.5310972803123335 1206
-0.0931610104865235 0.2179089618237892 1207
0.4673142063003701 0.2851004395322931 1208
0.3152341348874892 0.3493970813524301 1209
0.02638521383257563 0.3279000326348415 1210
0.3475757998106819 0.5007551303275575 1211
0.7009176257955174 0.5002496017801152 1212
-0.0514135262358735 0.1710779463848733 1213
0.6229638218732392 0.2929755820173152 1214
-0.06534944068977198 0.1808571284322557 1215
0.1226145195867995 0.3827714138271398 1216
0.4342211370929338 0.5360022647225401 1217
0.5533775978097865 0.2640219226570449 1218
0.3669465311446737 0.2477068847490567 1219
0.2506290950107767 0.3426260817605492 1220
0.7124163722828389 0.6088175357821494 1221
0.4198526719117989 0.2618520754907567 1222
0.5670500428404677 0.4727480616381573 1223
0.7282035736793119 0.4602077479229139 1224
0.349267706221533 0.240348165650947 1225
0.4205399533758024 0.1984320460967543 1226
0.4155590438470597 0.2300069573957578 1227
0.195250407354881 0.4126110907780267 1228
-0.01050900548318311 0.3581648716800279 1229
-0.1642950196193775 0.1289821665200088 1230
0.7832629432439375 0.5998685063262497 1231
0.4192986774265314 0.4565339514182537 1232
0.7169651390135164 0.5317864557270811 1233
0.686292720302637 0.5876073316897469 1234
0.04006196012585352 0.2938779579103352 1235
-0.01199325165967458 0.2777359569546574 1236
0.7492381749082293 0.3154502263963788 1237
0.652119372037322 0.4163724297262308 1238
0.167147806033388 0.2110810049756297 1239
-0.0743944236653141 0.1015156152788393 1240
0.5273319434424664 0.3937027870030967 1241
-0.09546192081299039 0.298522840437222 1242
0.1226816578560074 0.1313879560846849 1243
0.1870889210505016 0.1138728148728012 1244
0.3696543580544232 0.347164975052778 1245
0.7271021360443808 0.6529510767928413 1246
0.6251033364673279 0.4931618089497967 1247
0.713030400056055 0.3671113193882001 1248
0.4632268923093077 0.3034516798390702 1249
0.1471049775654766 0.2846081359622638 1250
0.5711140452671013 0.590662923504872 1251
0.7266368035467079 0.5141680736401256 1252
-0.06062968283304492 0.2219635423726899 1253
0.05602274871165847 0.03809609036035981 1254
0.2960693938039264 0.2217370915143461 1255
0.1789369571231447 0.4322547294936523 1256
0.6349836732020044 0.3776944210467731 1257
-0.04415908303328419 0.0424277732900563 1258
0.05846613036806805 0.1814368876131959 1259
0.4345248749641736 0.3399812634399045 1260
0.4663481484987369 0.4360944416802591 1261
-0.1350784291793692 0.2200478706716772 1262
0.6351046514102603 0.352165509919423 1263
0.2490098969329441 0.3899320912026717 1264
0.3020226557218335 0.2664696699393668 1265
-0.1627611081957533 0.2657949158459439 1266
-0.01432201230294642 0.01600134458224564 1267
0.7637947265107909 0.6364426511201389 1268
0.6992737231152741 0.5563728066541337 1269
0.07697120368356909 0.3928565763365097 1270
0.4720331658786031 0.3294343829892004 1271
0.6297657956349779 0.3322370151344124 1272
0.3193744848642349 0.4638206783333336 1273
0.6055541760983235 0.452882095952529 1274
0.01249732496309798 0.2652211121046272 1275
0.2906547874109949 0.2372539587733057 1276
0.6103919317794789 0.3584168495802658 1277
0.5082109219406811 0.3244334076292522 1278
0.623029394234369 0.4656990141402728 1279
0.2807678272988948 0.1441433583086957 1280
0.0823640244372088 0.0466490451575415 1281
-0.1655136846152937 0.01591872876983076 1282
0.3733130759213991 0.2732885742659477 1283
0.5820494005102228 0.2281844480833014 1284
-0.07442243131973456 0.2000928312655209 1285
-0.1599963850017022 0.1599866326640084 1286
0.6469790261734394 0.4978492577361904 1287
0.3956689080874155 0.3722330863667342 1288
0.6092714459464454 0.2380633269563628 1289
-0.163393178611526 0.2141842602776918 1290
0.5884777608860674 0.4970808409069892 1291
0.09643715174213355 0.07893033163579147 1292
0.7847692862165596 0.6516754804377212 1293
0.4240165898496034 0.4367105865010965 1294
0.447773004983901 0.2746131043050219 1295
0.2624221624653362 0.4677213791823901 1296
0.2946426616454971 0.3612396988836902 1297
0.2479757257797112 0.199258872368295 1298
0.0914013054083854 0.1060944986378541 1299
-0.1841826621988336 0.2892975945787813 1300
0.3554809977835813 0.327606108025826 1301
0.6636188098807998 0.3940301073459606 1302
-0.0113707542566188 0.04186442821466975 1303
0.505080743661663 0.3958626577556198 1304
0.417438308540946 0.4860498659008963 1305
0.6346996092455719 0.6169695624948881 1306
0.1514209868320666 0.3961394959907906 1307
0.07566136794106049 0.3696704107754796 1308
0.4617301556933541 0.5236816466770932 1309
0.7155599645778087 0.6230862940783291 1310
0.4971995518997292 0.4239064311141115 1311
-0.002565485017648176 0.3289684529257584 1312
-0.02088565980919061 0.3287358822229165 1313
0.0007104528944858867 0.08678495300025368 1314
0.1293110528199043 0.1004093950719335 1315
0.7346826594396694 0.6266889562821132 1316
0.4868425121521962 0.3455808008594359 1317
0.08379920254318125 0.3223108529020318 1318
0.1449881748076102 0.2338500186745172 1319
-0.1837982247954942 0.1469104807669571 1320
0.2533520205785843 0.3700975105416877 1321
0.5248862804371002 0.3490373739757098 1322
0.5480463729718634 0.5821333928246192 1323
0.7844478762172655 0.5535069403976369 1324
-0.07391616570924714 0.1463652524343396 1325
0.6958649572703051 0.5163062423709333 1326
0.3157339690029619 0.2807441757965619 1327
0.06115080952874824 0.272882751035308 1328
0.1869283304297022 0.2633668288404932 1329
0.7485077879835792 0.4313213396677995 1330
0.5687812604499587 0.5416651180517783 1331
0.2468885380442461 0.4203380907097108 1332
0.6474553855103347 0.4491948165704774 1333
0.3563414692356054 0.1821353604601504 1334
0.278975001612114 0.1178286004217825 1335
0.4260854606316591 0.1714431462928531 1336
-0.04380879228588462 0.1153941716443261 1337
0.2120266493110857 0.1730454681531394 1338
0.2206421545241171 0.2065507137264747 1339
-0.1269249339722071 0.147228747440246 1340
-0.05405316887834267 0.152685305485794 1341
0.2060570837161568 0.2413567585750658 1342
0.3514452085036898 0.4668916429686811 1343
0.6064001255551338 0.4374123010012975 1344
0.07476024339412515 0.3445986481243223 1345
0.6705348603329326 0.5095288388630238 1346
0.5949909121567012 0.2918085384159411 1347
0.3236428766436823 0.3723702095223052 1348
0.2161392764062229 0.2576848678276459 1349
0.0337743471389859 0.2430590965187003 1350
0.2755386416176549 0.2117243099785308 1351
-0.1839299280312994 0.2727291668215752 1352
0.5068496696861851 0.5009885949308228 1353
0.03540238567965986 0.1591181625088092 1354
0.5373835570459877 0.3337811557850816 1355
-0.03034756553210879 0.08226977956361237 1356
0.1986311214882198 0.121394924975979 1357
0.7406252489393251 0.4651777873047896 1358
0.4433860765060845 0.4127259742445395 1359
0.2888009794102505 0.4554403430796134 1360
-0.08399986967768273 0.01578479467327925 1361
0.7845299871766607 0.4837230670980059 1362
0.7452790629842327 0.4106753596974674 1363
0.6594313400577697 0.3685192850200528 1364
0.3695917607389513 0.2897967832689022 1365
0.7134108537439033 0.4754710920922099 1366
0.7092085996535803 0.5809068140573622 1367
0.577411508663162 0.3159064197848548 1368
0.1241766426200847 0.1832114068726855 1369
0.4356365031252789 0.2912457444460665 1370
0.04172609389138757 0.03148665208625552 1371
0.3943424686058769 0.2623287893594884 1372
0.06500329608151323 0.1673042703826852 1373
0.1574156617583876 0.3074015120192187 1374
0.06024985124339467 0.2440292211039966 1375
-0.1354878763119235 0.06632340008949859 1376
0.08981755452650382 0.1858617740460759 1377
-0.1222882226757553 0.2939611273514531 1378
0.4938590885559128 0.2959248829211204 1379
0.1151241330522067 0.4098381225900609 1380
0.4942323943287953 0.4399194757907103 1381
0.6592581732638252 0.627620669065116 1382
0.7478064316913291 0.513534049179083 1383
0.5569625893170455 0.3899296856074348 1384
-0.1222349024523818 0.09212880966724038 1385
0.602678188654169 0.509609328149927 1386
0.3723467861898576 0.5126480632582522 1387
0.5861912104517133 0.3809998440213802 1388
0.2678320295778888 0.2350914016803368 1389
0.7353640002248032 0.3087413816125055 1390
0.2727609449785643 0.3468063881539692 1391
0.1994991948500077 0.0880992638921205 1392
0.3219329051613152 0.2303744970708 1393
0.5905091274060537 0.5570880766647827 1394
-0.1647016737650996 0.04675149781674873 1395
0.1698561116997016 0.1948111133375423 1396
0.1824333343468834 0.4003505122876772 1397
0.7623300146323048 0.380943381527351 1398
0.1277970259660666 0.2951613372440602 1399
0.7066460820040167 0.2979801700895935 1400
0.1365687542851243 0.1563582145728437 1401
0.5954378396342315 0.308928304054703 1402
-0.1369002322401994 0.01442359498200381 1403
0.3329207584927223 0.2574426247048608 1404
0.6140267238490081 0.4825638247715789 1405
0.1838227799825301 0.2203167901088127 1406
0.785558285599032 0.3964724253748362 1407
0.09561940380876767 0.2749052268753629 1408
-0.02354123191405692 0.3537190150729904 1409
0.4926513927799527 0.1954084674311888 1410
0.4831622061853288 0.2386605631339126 1411
0.6724685108415112 0.3022862467194678 1412
0.73050214131928 0.4894131317190718 1413
-0.1424357979971531 0.3071311616599982 1414
0.02556121355825506 0.1100055111686655 1415
0.3357744547892947 0.1377590125338127 1416
0.6587518616834784 0.3310719724460026 1417
0.5983012708375262 0.2634997523951286 1418
-0.1058589497057605 0.2128338028211128 1419
0.6860393594052921 0.5611600236493534 1420
0.2171107572423611 0.2731994227928451 1421
-0.07293273403688635 0.2682689625514432 1422
0.5038101948101903 0.2613590128821994 1423
0.7645413285846684 0.4753654206979683 1424
0.5537961943691605 0.3580121305780093 1425
-0.04865262004649553 0.2898912776309413 1426
0.7619211510658573 0.3491661336660776 1427
0.4716520239225417 0.4187691582954377 1428
-0.09085358372592331 0.03690711184694635 1429
0.1676071169101525 0.1229472543832964 1430
0.6200562801260936 0.2671237978798618 1431
0.1614385307018139 0.1524486717879913 1432
0.445659334360212 0.2269290125708265 1433
0.6422988323582812 0.5197806346507962 1434
0.6177178921470537 0.3125623857540021 1435
0.1199591020935177 0.05954750920866619 1436
0.6658445515610344 0.6050285523691535 1437
0.02712346010247229 0.04822832009452989 1438
0.546855055890618 0.2147210065323137 1439
0.2030117632338332 0.4451144810130378 1440
0.3018924342148818 0.3784575120915616 1441
0.295956768705411 0.1900780984872038 1442
0.08025346839685617 0.1942396000153819 1443
0.4852565539179182 0.5039512417537237 1444
-0.04549988783424031 0.3272164319526317 1445
-0.0436633709061573 0.2697372698546361 1446
0.7147182204210234 0.6505622933483662 1447
-0.03357979279103161 0.1432703863122262 1448
0.6231364872436446 0.2422188431667407 1449
0.7276608499074267 0.4371140486635706 1450
0.4706934055732566 0.2123166676882817 1451
0.5197874169612237 0.3046988934532868 1452
0.5278780902570862 0.5052219926934562 1453
0.5083392788636976 0.2395865704303662 1454
0.553381588797528 0.5354520507013198 1455
0.2466309204724311 0.2202107752921452 1456
0.469192117026386 0.2359027905398889 1457
0.01855666870237852 0.2464288340230099 1458
0.08548842910545702 0.3068850095868806 1459
0.06573763946414715 0.0647726071596556 1460
0.1400625098470658 0.2087975431806643 1461
0.1993144173702389 0.1839113969086224 1462
0.4000103635962914 0.1612460307847979 1463
0.1064122180725104 0.2888779807230226 1464
0.08344172852471132 0.1680534750455178 1465
0.03643610021496761 0.3391688259735682 1466
0.1390348497109176 0.1281748227958052 1467
-0.1365394761171488 0.04273681062314685 1468
0.460978750859966 0.4677335621459504 1469
0.2338685330020224 0.1952234269664741 1470
0.1339964660843012 0.3132201468055765 1471
0.5535572573648948 0.5656575202969245 1472
0.2626583796059135 0.275552046788226 1473
-0.1074219744623014 0.05692493269168211 1474
-0.09143649441127989 0.08128792321454464 1475
0.255519177886963 0.1297521989536783 1476
0.5658225854287418 0.4872759618385145 1477
0.786030054739132 0.6219765557293975 1478
0.7010835730746474 0.3938646403758585 1479
0.4472841393222388 0.5434993036310785 1480
0.7676432004353299 0.5514666814353374 1481
-0.124545566194575 0.1891288372564175 1482
-0.08375380798146335 0.1274957086120274 1483
0.05056528746875921 0.3846382523549927 1484
-0.009231235943916206 0.177223886659412 1485
0.3647762072275578 0.3995498412175426 1486
0.09862975642362212 0.3478731283185315 1487
0.05974851791801194 0.3199903156556121 1488
0.2630011639537522 0.3053023189148318 1489
0.1947355217456186 0.1978581072479257 1490
0.3260131809214342 0.3591742955519923 1491
0.5976849158275545 0.6033838619199468 1492
-0.05742995047376405 0.1222933420804333 1493
0.4798045012198359 0.4889167567654795 1494
0.6604155490373065 0.2935050992751317 1495
0.2546293985998633 0.1743581663831346 1496
0.6998396788685833 0.2698433434670762 1497
0.6344826394378871 0.3927910278320407 1498
0.2953335357161267 0.1646443034917774 1499
0.7319643124311623 0.5975025183204273 1500
0.3311916850723928 0.4321586792912347 1501
0.4628558092187606 0.4886676068434203 1502
0.3917003777029028 0.4020967003277919 1503
0.1951317653252725 0.3339288767194108 1504
0.4183035899947667 0.1824015867569471 1505
0.599646460392809 0.5439036017498553 1506
0.5814967944709076 0.4334913604058255 1507
0.5134355616761919 0.4192481359277011 1508
-0.1868834559935831 0.207328850102111 1509
0.5590392472384274 0.5085723573754587 1510
0.7574411378436179 0.3927206270553756 1511
0.1614625783346365 0.3661185257071512 1512
0.5259465854138022 0.5376800045099724 1513
0.07227934179348146 0.112896915457691 1514
0.1129516969973108 0.174077811118628 1515
0.3426506977103507 0.3342408707680063 1516
-0.004479707160122137 0.07063792756942058 1517
0.09884677574831713 0.1248754900023538 1518
0.08739356486348944 0.2273374589683917 1519
0.342614467233478 0.3543164602900059 1520
0.485759379800685 0.2113891082332496 1521
0.09305768546892118 0.2163610300328231 1522
0.3408097895150424 0.3958602230064415 1523
0.3500672689414118 0.3744770997224165 1524
0.2858239809455276 0.2807684836733033 1525
-0.04346459974197707 0.01379928205092218 1526
0.03728803456895889 0.2259415032984735 1527
0.6637123309733628 0.4762817509211164 1528
0.3774049501480563 0.49549436486912 1529
0.1577343855180154 0.2942152556965153 1530
-0.1632641226331034 0.2523993905436355 1531
0.06388738351288459 0.1451171241169593 1532
0.1403053970815731 0.4207937866478613 1533
0.5469677502889628 0.4377739088570536 1534
0.5836813162377841 0.3569362165409381 1535
0.4474512828889174 0.3179174648204151 1536
0.3971672730255384 0.4524661208944764 1537
0.6538171750427121 0.4042930184301311 1538
0.3495243829419874 0.2012005993701627 1539
0.6224978917372016 0.5920455616426343 1540
0.2221662610535103 0.3363266430940161 1541
-0.09850952992326269 0.1515045352532688 1542
0.1724028413954408 0.3304051401245927 1543
0.7859567809278103 0.4575739662752358 1544
0.4227672696482955 0.3320063184357491 1545
0.4829883699320228 0.3766695757273977 1546
0.7623419863957641 0.6039786255326555 1547
0.1647349704207473 0.165287685020748 1548
0.5170519494072116 0.4644306760166967 1549
0.1239254389041336 0.397718190782503 1550
-0.1861737492643122 0.06401731829364195 1551
-0.06659917443479571 0.3376856208760209 1552
0.2410726897451059 0.2741544279200192 1553
0.4004043257517633 0.2053261546954301 1554
0.1744306216072518 0.2889001431379226 1555
0.1816575685410638 0.3095072446897793 1556
-0.07862654832917726 0.171807300271389 1557
0.04984028731717696 0.201765332718853 1558
0.2078164185703054 0.4283465432443265 1559
0.1741569492848535 0.2695231635140102 1560
0.2250841885066795 0.3821715618781771 1561
0.2348527876666325 0.3022181233143181 1562
-0.1584767967994337 0.06099830345453904 1563
0.7874534162431077 0.5733582167723639 1564
0.6007164975713994 0.580730539175625 1565
0.4886588421005021 0.560952468949141 1566
0.305499694954798 0.4220329814747586 1567
0.3309214737964374 0.1544793885392805 1568
-0.1630983472946189 0.1006404952982412 1569
-0.1721842114840999 0.2966833504703744 1570
0.1640657579448666 0.2398618672878511 1571
0.007988206215842873 0.0360920477265305 1572
0.3334940253083462 0.3040672796076908 1573
0.2063194641523336 0.3004055310405182 1574
-0.05412908169926313 0.2509011171933161 1575
0.1769749121083637 0.07938073997151376 1576
0.6348045054409582 0.4454759882906729 1577
0.5397881556522128 0.4118340074136173 1578
-0.02587005231361312 0.1287888091809547 1579
0.1254881681701028 0.2111100313240332 1580
0.7329902992281149 0.5762508532969259 1581
-0.02074112663815982 0.2853784433206035 1582
0.4820271664998121 0.539738585626199 1583
0.7634102239472207 0.6246924614073643 1584
-0.1147734054722597 0.03263875428719028 1585
0.2738287313281075 0.4761334911841793 1586
0.1071472845437117 0.08501011198245098 1587
0.01354330719454916 0.1760878072440314 1588
0.7147676159484642 0.3974401817294347 1589
0.4470554583682518 0.4559368203816102 1590
0.4332968766324541 0.4629429131684813 1591
0.3150929155521217 0.4350209131470481 1592
-0.1129990113373804 0.1588706091665409 1593
0.4464520186332037 0.2147482782969836 1594
-0.02656075489525662 0.2525911635404526 1595
0.2881296412270632 0.4001411257366023 1596
-0.1477067411279141 0.08542876772350595 1597
-0.1865108334195958 0.1166236271267112 1598
0.4939323426808061 0.3175358689279298 1599
-0.1660883270142152 0.07252330610771389 1600
0.01199155734731932 0.3696157350854802 1601
0.5757070916774959 0.578678942261609 1602
0.3989067414774876 0.1792720736453312 1603
0.1373794083931889 0.3560455567568561 1604
-0.002876026850103292 0.3051061540166813 1605
0.4569782623835401 0.3853980459646691 1606
0.5707166835406254 0.5146049877608709 1607
0.6411260435105953 0.5663845539415986 1608
0.3094959302412356 0.3195584262722629 1609
0.7640667955629541 0.5765081065517412 1610
-0.01274405766820875 0.202890100438144 1611
0.6193648758888468 0.4322576092637265 1612
0.530690293206159 0.2283348862772733 1613
0.2557200528930881 0.2475220709394048 1614
0.03528894930178489 0.1981998647625285 1615
0.6841279645906697 0.3732066445466822 1616
0.05861021081047729 0.3692506593533875 1617
0.07315107156350657 0.1284034820667757 1618
0.7630425694400085 0.5397749443932536 1619
-0.01832724147740003 0.02971951776879945 1620
0.6865725841797445 0.6198318379985793 1621
-0.002491578971147996 0.01317406826978371 1622
0.368964387150843 0.3176328383924462 1623
0.005127373014451573 0.06072918406360921 1624
0.7650482198734839 0.6718977770748533 1625
0.5097981783433276 0.5478354582653862 1626
0.1995548298762902 0.2793706211362113 1627
-0.1174083907813742 0.1051970072340817 1628
-0.04457784175769886 0.2313797659061269 1629
0.4466884483724194 0.2518868904175051 1630
0.1078395239705856 0.3248740927434217 1631
0.5933377643357438 0.4702095647204208 1632
0.276057396484372 0.3900161615904792 1633
0.2627901836204912 0.3962589193772824 1634
0.3018897101005719 0.3450971859133189 1635
-0.02340021394727574 0.0535304066931683 1636
0.3881503310915139 0.5208619617347018 1637
0.146961183891732 0.2195147238620318 1638
0.4039493889360153 0.2373345008135191 1639
0.3980499591959418 0.3232854463310399 1640
0.4368404235506655 0.4355548406805377 1641
0.7413962933310339 0.5400715214460468 1642
0.03975511741721029 0.1769023284895372 1643
0.3988700768190535 0.4998627344935636 1644
0.5201795002170615 0.4772452704501722 1645
0.2917733331422477 0.4209334927253404 1646
0.1458756598405716 0.3688458880301413 1647
0.1421318176691475 0.2552528810171401 1648
-0.1866535826656989 0.03119829681072125 1649
0.3095543439182481 0.1517861557079705 1650
0.3139017150760807 0.4906233794257043 1651
0.6477885563022419 0.2494552176638116 1652
0.4395605307775268 0.1733807341942753 1653
-0.1162882532978567 0.2772836339636779 1654
0.407545663107734 0.257625792042835 1655
-0.04720365124419181 0.1413089768499293 1656
-0.06858542897468269 0.231752007167032 1657
-0.1495295384216575 0.1339547575733758 1658
0.2185176944710629 0.4532181395708109 1659
-0.02393107811425572 0.2234654282511908 1660
0.6114394473712114 0.371969387742457 1661
0.3306562429333106 0.1811532159317374 1662
0.6016823171655181 0.4140665499212393 1663
0.3819425514481026 0.2235126700270225 1664
0.4620579331828021 0.273552383546431 1665
0.7865127650798626 0.3394935834278076 1666
0.6776082344566963 0.4541808493918352 1667
-0.1367244819940451 0.1733338873233919 1668
0.6539959441894007 0.5422227524380147 1669
0.7869775335411862 0.384303402367581 1670
-0.04547418152195769 0.2046276382015108 1671
0.315423526026993 0.2038858078730608 1672
0.1340119707432057 0.2801359113401097 1673
0.2289470005174562 0.4325891427006489 1674
0.6112923078083732 0.3963952806047631 1675
0.02332349677909583 0.1580684967952109 1676
0.2547342393311142 0.1883071184805908 1677
0.4930009795182423 0.4017794474809145 1678
0.7419904402091029 0.3643091321373771 1679
0.2396605912935701 0.4101257125714686 1680
0.4779129952832211 0.4440037121658598 1681
0.3776546020175633 0.194088189722733 1682
0.04131581183691301 0.3584749045816227 1683
0.7698677535835301 0.459168956281763 1684
-0.1480673275261171 0.1769418837233928 1685
0.5164438908876744 0.2664489582607052 1686
0.6626313044631749 0.5690084769462662 1687
-0.1683348607344665 0.187581107141485 1688
-0.0241174707538987 0.1535522749199689 1689
-0.08474376461571105 0.2615074950883018 1690
0.1437830497603551 0.1121705014117484 1691
0.6957461163241031 0.4726973436351326 1692
0.6703901349824678 0.6328414893849306 1693
0.310327492341071 0.4698342715922028 1694
0.2659302311885394 0.3689150374897954 1695
0.4101017495187207 0.529820846649265 1696
0.4100583015956519 0.4749703002182799 1697
0.3217381822665584 0.2518782481136775 1698
0.4075413081902728 0.4123273285557911 1699
0.00181394846063106 0.3442021430255645 1700
0.2647079460272119 0.2624572696750433 1701
0.7423936669189161 0.6376069651620709 1702
0.2130635863523035 0.1123126302413904 1703
0.3447040323899772 0.284595741832059 1704
0.2787688236660688 0.2411274704134763 1705
-0.05378823488605691 0.06391326854286386 1706
0.4336038369283048 0.4047431969920826 1707
0.6769738062807973 0.4288433418183249 1708
-0.09058961672276726 0.175209272474269 1709
0.7449283406633992 0.5594993795803656 1710
0.6786348661471818 0.5355713358294267 1711
0.1241395794263855 0.355801345050565 1712
0.6938767517567664 0.2981495045115554 1713
0.2895790499204082 0.2099889498440004 1714
-0.1858505019891603 0.1950881237325939 1715
0.02427637277383062 0.2714442554295617 1716
0.3326384375773581 0.4801637543993369 1717
0.5591076680568449 0.2383561200367337 1718
0.6450813672959429 0.4701563972980017 1719
0.6442964305803874 0.308484512450995 1720
0.1728642186348527 0.09482260151062706 1721
0.7876999746430009 0.6813824736949865 1722
0.06297315012046253 0.2985559685946979 1723
0.5095274627697046 0.2177498379789287 1724
0.3227363152028903 0.132389093782846 1725
-0.09480759092717887 0.2850536559007489 1726
0.0415491896235324 0.2570838230313273 1727
0.561056227004778 0.3389988430043663 1728
0.0765799448698419 0.08287419837326881 1729
0.1019653390843752 0.4074506819489535 1730
0.1005961879662849 0.302016192656784 1731
-0.07112384533767237 0.3179014162637199 1732
0.4554101092350666 0.4787964122074995 1733
0.1173446473494051 0.1064805369038659 1734
-0.1557436719145664 0.1475790178640926 1735
-0.1609787959221917 0.1137280954322954 1736
0.4423722811469293 0.1936612664676647 1737
0.1091502082974522 0.05289042977362136 1738
0.386941417461565 0.47008296095943 1739
0.1185682949382555 0.3708144315016676 1740
0.2702514319300784 0.1520262934737736 1741
0.301447915613976 0.1766296522610594 1742
0.587436890483647 0.3931809291980605 1743
0.03507016752489733 0.3816414805920406 1744
-0.1216867246160129 0.1369557966973117 1745
0.2899331438380416 0.2693385707881494 1746
0.7867705545360806 0.4427972116759646 1747
0.7497902161118524 0.2862316075991561 1748
0.2374496320143487 0.3467919794898227 1749
0.5584316367926075 0.2765108532089431 1750
0.1652870144071921 0.4132105234831549 1751
0.1562329156482845 0.1912621205257984 1752
0.01878808109000376 0.1348305584554006 1753
0.122075986934717 0.3339600999765679 1754
0.05000180154613013 0.3337878194827311 1755
0.37314584728857 0.3597431113851444 1756
0.5075261217867488 0.1972572230101843 1757
0.3652461227973146 0.2617377361406794 1758
0.5090834795112282 0.5219828822038011 1759
0.7006333794115279 0.3413864252529784 1760
0.229609020972186 0.1207004056367195 1761
0.5394260590845142 0.4984754866739425 1762
0.5072891951447084 0.4878420064759471 1763
0.2632402406002888 0.3394204646612197 1764
-0.1375623122795623 0.09476773571377384 1765
0.1399217590471506 0.1714459469880578 1766
-0.05354307958282825 0.05126018440575836 1767
-0.06454605103587141 0.192802461021408 1768
0.4803947653882271 0.3959217155576222 1769
0.1921037915521935 0.3600017191955039 1770
-0.1190548364324219 0.3188589892013038 1771
0.3607489595297045 0.4259027762916821 1772
0.3407401432197856 0.3827078577022394 1773
0.07956989772277866 0.1021385022216953 1774
-0.0006704414940503334 0.04878079918575876 1775
0.6010736651371666 0.5674647783649592 1776
0.5432265587999431 0.3691187150348839 1777
0.4253331230233804 0.2123071921054286 1778
0.238810408220628 0.4619446566354202 1779
0.5302433980101139 0.5786405644962487 1780
0.5459531764068765 0.5239896288060681 1781
0.532481259867439 0.5222175236066258 1782
0.3667883084407906 0.449173023058298 1783
0.4703626818382983 0.5139347580877999 1784
-0.104484131068667 0.08013250157377565 1785
0.231836569467988 0.1514063260232738 1786
0.3516425852824491 0.2701441470280859 1787
-0.07591941914086715 0.04167782099988887 1788
0.3335627053323018 0.4540499601333078 1789
0.07731945682834361 0.2656075694013631 1790
0.6693962019838947 0.4643064600262422 1791
0.5135111072525228 0.405122116356864 1792
0.6631613983649114 0.5819757894534833 1793
0.2788252152645219 0.2583315784827969 1794
0.5581497254608967 0.5893601368603281 1795
0.6185223641674954 0.5536467260824754 1796
0.217638296057007 0.4025856061025634 1797
0.3754485605752938 0.169018763341352 1798
-0.1276783558675506 0.1162312488860895 1799
0.5698454774285159 0.2983944147328674 1800
-0.1873330968033078 0.2303200893420078 1801
0.7564369699008714 0.6495239634487524 1802
-0.1439574098322887 0.1992283964554003 1803
0.6739949151500435 0.547365722900839 1804
0.5636025991816344 0.2572999123598835 1805
0.7533503678218222 0.3387330431056921 1806
0.521911299214554 0.4380013222374382 1807
0.1900673402435767 0.1377964012889884 1808
0.2329257568772937 0.1744841478085697 1809
0.6415379853915368 0.5830828532772397 1810
0.7212320127323667 0.3562680406696019 1811
0.5948908911778715 0.4579208889211309 1812
0.1720774606372198 0.3175528674795342 1813
-0.01587925579766422 0.304748405931964 1814
0.7306930024677668 0.3327769427805387 1815
0.4339898173830288 0.5192838660162472 1816
0.5496027363047087 0.4613854155060442 1817
0.1416846986772683 0.4038722234803054 1818
0.2907742452321741 0.373663337527648 1819
0.00642836130990782 0.2535053461180751 1820
0.355794633725244 0.3153627475066456 1821
0.1644400445812739 0.3877553631797119 1822
-0.03797208982810969 0.07036477421722873 1823
0.09474424768618817 0.1391534124618295 1824
0.2773974038866873 0.1871165994679873 1825
-0.01151697675265693 0.1131253036867574 1826
0.327657787595692 0.2778433967753308 1827
0.6401383349325975 0.26424419323788 1828
0.1544134267285264 0.1766702859705132 1829
0.5115740515282075 0.3523496161311104 1830
-0.03891163698409313 0.3072240144410618 1831
0.4219473378886262 0.5114173440545053 1832
0.692796014221277 0.4073128291733665 1833
0.3965966300425892 0.359597556678916 1834
0.3759948242604401 0.3049554566329595 1835
0.009968012080087765 0.196696053487621 1836
0.207411295024848 0.3273087897629407 1837
0.7208193223888067 0.5559997676577064 1838
0.01452695401323905 0.08432629104485045 1839
0.100264895802812 0.3654787426814852 1840
0.2486549249755131 0.316952129092589 1841
0.1315210336727015 0.2351624385902188 1842
0.6933580010328865 0.4584222922771695 1843
0.5191204583941713 0.3187671525998194 1844
0.1970751683036014 0.3821032625485484 1845
-0.07482923511881476 0.2817995431794872 1846
0.4239759059586996 0.4975478482861476 1847
0.04108196888739508 0.310285763007595 1848
0.5650618893621266 0.3633464915451471 1849
0.01925956983080087 0.3597620385426111 1850
-0.03093290249998934 0.165471478719176 1851
0.4584863310124302 0.3485590653836486 1852
0.1629148750908624 0.07225051468503846 1853
0.6538445570767979 0.529782990719186 1854
0.7379374021970332 0.6622415526180939 1855
0.2832136862748831 0.4127594781974506 1856
0.71245486482244 0.4334525259317289 1857
0.6061225058293358 0.5227349336953175 1858
0.06957399802792945 0.03811156540180002 1859
0.5098365735219317 0.4455103585741283 1860
0.3223866286368359 0.3381658703650078 1861
0.3516592731189159 0.4028958749630904 1862
0.4266137165386928 0.3603205951764604 1863
0.07562684940847766 0.3327269338873259 1864
0.4609784622520154 0.4254326320726514 1865
-0.009138959650005749 0.2145661133915821 1866
0.03903714603876343 0.0589693468689436 1867
0.7878446729401444 0.4199882116749429 1868
0.2306041722901075 0.09749335631128306 1869
0.4245120222953299 0.2377189728739449 1870
-0.00687406833054878 0.161022916202548 1871
0.361854671450912 0.377755620054323 1872
0.413517445963329 0.2820603028958747 1873
0.1129352546506459 0.2220907511861398 1874
0.3890448116253772 0.1548502186808739 1875
0.316394809248532 0.1736452100121889 1876
0.09851675912421055 0.3867255163828237 1877
0.2518322140896678 0.4435224933682038 1878
0.07668572721010418 0.05814886247891807 1879
0.2682720174073351 0.1098207355424565 1880
0.7876146821837575 0.5375762175376793 1881
0.7014906227647488 0.3250002409553134 1882
0.7428443709977978 0.6175493799224584 1883
0.6288166861804115 0.3046248473512206 1884
0.484518141593544 0.4206110308925681 1885
0.6994989680084031 0.5445436403853425 1886
0.44612058855466 0.3663960711979012 1887
0.6471656336747108 0.3500437440414393 1888
0.6083333006758699 0.6105853008084131 1889
0.1527847280373553 0.09029817255828115 1890
0.7890188395337832 0.4961112898089274 1891
0.1424164914964915 0.1969927227817393 1892
-0.03914559794901957 0.03013206094278165 1893
-0.1319115244310411 0.05385771854240119 1894
0.2873133921163035 0.3170764020793339 1895
0.5675895162627564 0.3790782648864422 1896
0.7140708429614238 0.5948728285377293 1897
0.6104193275094297 0.3380736875989821 1898
0.7730133372374902 0.594213746892132 1899
-0.05279982867310321 0.2781700469004114 1900
0.1831389932267982 0.3371942724371316 1901
0.2346551619541611 0.2402521231405988 1902
0.4006839971636267 0.388043767401924 1903
0.5588870643000439 0.2164694245068634 1904
0.7711317623772895 0.436615820172454 1905
0.1541732579433474 0.2735044632807025 1906
0.331468308500366 0.419391036007755 1907
0.2973749208439596 0.447002450357486 1908
0.3465503462570144 0.4169183507213677 1909
0.425420094526002 0.2497419925325503 1910
0.5285507876889052 0.3687207931557518 1911
0.09522342187111384 0.3270107690050956 1912
0.1121093527720498 0.1477254111035552 1913
0.753676045904814 0.4200297579875585 1914
0.716960600677231 0.4645973177453153 1915
-0.1422823052418853 0.1096289645983903 1916
-0.187120501686874 0.1717923832360108 1917
0.6358316685029173 0.4916896056614218 1918
-0.07418837125829997 0.1341425325410973 1919
0.6883325040122428 0.4890596603418699 1920
0.3553229675619711 0.5091200698867251 1921
-0.1117124759398545 0.2998222651437993 1922
-0.005628108504086032 0.1366367563594553 1923
-0.1677040359536504 0.2253462036999486 1924
0.5622698717834065 0.4240984953882244 1925
0.2355930219711417 0.3897765078161434 1926
0.6051001301124601 0.316402243689288 1927
0.1505702589194054 0.4272123762533446 1928
-0.04905414330715699 0.09225451716540173 1929
0.4694094565598891 0.3588647747171717 1930
0.06846268100999924 0.1900611460368132 1931
0.02239401344627999 0.2967308662201446 1932
0.09866342038314521 0.2398359432999948 1933
0.09569872982399549 0.2510693042502132 1934
0.4632655705967458 0.5524759593400601 1935
0.5298565966629856 0.5605809815512577 1936
0.712179067217144 0.2718757854997572 1937
-0.1055845546194124 0.01205374409041313 1938
0.06144885792303058 0.3451005099458551 1939
0.386193556206306 0.4250763059788146 1940
0.4343789843264996 0.4761323765590317 1941
0.1736425063036489 0.1383028881725219 1942
-0.04466701461827848 0.2436374678815849 1943
0.4784803944194163 0.1870743691934627 1944
-0.1048223919517003 0.2458526105386384 1945
0.4095527538555794 0.3017117201338952 1946
0.3947515781351446 0.3014597838240611 1947
0.5366931719560257 0.3455208841636725 1948
0.4371082295017575 0.3873557135626395 1949
0.4884409400895582 0.3061005237002243 1950
0.6011852628200184 0.2494241550524605 1951
0.2754626320671167 0.301420201450414 1952
0.7578688637536999 0.3060775264118943 1953
0.0531206714926091 0.3577176239726829 1954
0.3193322294907051 0.1587770963223386 1955
0.0515117496064804 0.1047922759656537 1956
0.2617978084339007 0.4509894036296293 1957
0.3577292773026522 0.2933596931582737 1958
0.3570018739119871 0.4894195420914302 1959
0.3138902175436445 0.3807401027921868 1960
0.7031269521540122 0.3732722276437033 1961
0.1783610507110548 0.3502978511636982 1962
0.1425214689903862 0.06423803865503547 1963
0.4596124829991673 0.3299036113884814 1964
0.1189253236116994 0.253754377983255 1965
0.3510874706761442 0.1597418958605213 1966
-0.1077126299680165 0.3240679767317981 1967
0.6824090751111538 0.3858016101830389 1968
0.7692663476911177 0.5014998487706462 1969
0.02847661294255842 0.1834642843493943 1970
0.2351986458668868 0.1401619780200633 1971
-0.0848759925959269 0.2470172498419383 1972
0.3747662360022642 0.47049519892918 1973
0.6607400385549108 0.2527829966323245 1974
0.7342120490583093 0.3546890300720262 1975
0.2635772316868881 0.3171223231469397 1976
0.6675689271349692 0.5245329944341034 1977
0.1714982294683814 0.223783184903789 1978
0.7724347425613979 0.5303514164215397 1979
-0.05200611356678692 0.3169374469313944 1980
0.5320574647839376 0.4200111910805798 1981
0.3894776482828294 0.4927498500828497 1982
0.6561650228360598 0.505787770020094 1983
0.3431728737119759 0.25043951188192 1984
0.1627602790075427 0.3546610545450057 1985
0.2526269170650461 0.4300322000853498 1986
-0.1356845050210684 0.1575866234855954 1987
0.6973842032759375 0.606590010006322 1988
0.3537877528015089 0.1405897092520644 1989
0.5806147565670664 0.2408395057393961 1990
0.2705948608977445 0.1674672636309582 1991
0.299197094406583 0.2998716921978137 1992
0.5621394208992916 0.3213805883220647 1993
0.05864308656366274 0.231293978746641 1994
0.5020253430955062 0.2868204249998952 1995
0.5532319576324425 0.448167690844756 1996
0.132020907761622 0.1384074540814466 1997
-0.02219121244259995 0.1774869431436786 1998
-0.04343260884980744 0.3496176816975881 1999
-0.1430854023888961 0.03021338416749331 2000
0.4561144284397703 0.373283716570979 2001
-0.1010778577711516 0.1397589976550725 2002
0.7881185362531828 0.5152417539033907 2003
0.05373014452704399 0.04970922588684683 2004
0.256246202338584 0.2961990787370722 2005
0.07732384750076048 0.3553436502962313 2006
0.2198432191819125 0.4253282247228566 2007
0.06076933062334755 0.1571714748309619 2008
0.7582833051407996 0.492194983219018 2009
0.3869484408808112 0.4452001034086957 2010
0.769980255815214 0.402724714035316 2011
0.5471483366106078 0.2916423919072669 2012
0.4455031761855367 0.4447911937570884 2013
0.6890950787333485 0.4317009947396213 2014
0.3558373700695467 0.4546873787215913 2015
0.000958945165613808 0.2912364419811589 2016
0.4439810883495743 0.512235083617865 2017
0.5960755299973608 0.2295289311608288 2018
0.521237257480142 0.2405220600626195 2019
0.3361432739536524 0.1992679859212132 2020
0.1172992790502641 0.1991746577441283 2021
0.6782094187463013 0.4075494227806506 2022
0.145847843861855 0.3152365160759843 2023
-0.01414976216645392 0.2568914163252174 2024
0.3934886995996653 0.2149045780095094 2025
0.5464701965389135 0.3826689682033091 2026
0.2546230974635346 0.2088555713201612 2027
0.7489627309985478 0.4534322734037609 2028
0.1878656707632235 0.4224753038053402 2029
0.6947213846793658 0.6291831824705407 2030
0.6920492217887483 0.64398132689584 2031
-0.001664547884366643 0.3672666063795448 2032
0.1906807370724015 0.1018821726675397 2033
0.721424719326241 0.3757843687344584 2034
0.205687145388298 0.2219661827724727 2035
0.2902638917830339 0.4838815314976062 2036
0.2046517979697015 0.4035766879360858 2037
0.06463657928228488 0.3935919104263972 2038
0.6011441342600032 0.3304468120161866 2039
0.6553165343106278 0.4392684757154049 2040
0.01780201786439148 0.3086900388065507 2041
0.2046797044394974 0.2542203173787054 2042
0.3990314104200181 0.2807865453784079 2043
0.7214450934034831 0.5743104045162709 2044
-0.005772981618450385 0.1928349489260014 2045
0.6475021941724234 0.6265978566175501 2046
0.6108493061131655 0.5445053029350958 2047
0.2235579016971636 0.2320110401223198 2048
0.4218675586164279 0.5366857026781791 2049
0.2635435384475163 0.4089123212446218 2050
0.301473435545798 0.1224557094529926 2051
0.5323736181802985 0.4446146162217817 2052
0.7383294836159724 0.3422233916749767 2053
0.7141309519894146 0.3215252729069262 2054
0.4858389468365857 0.5161603820412537 2055
0.5813310055848309 0.2695855772054292 2056
0.04856142743045806 0.2474645400507292 2057
0.4664093625132842 0.1996650108172036 2058
0.5288910574584967 0.2537897558402617 2059
0.06861998665900261 0.2134608780303646 2060
0.658695407062676 0.2713769094447947 2061
0.5311047258363792 0.4571033092122628 2062
0.3815565915734595 0.2481351864594915 2063
-0.1104943879843487 0.06903000711633381 2064
0.429727397117594 0.3086465129289886 2065
0.06733431699589359 0.2872639811268921 2066
0.7378698828013339 0.3203381984798914 2067
0.1863973431083598 0.4419586082794478 2068
0.7612374599626139 0.5639724396555723 2069
0.2297103582930874 0.2535784048521483 2070
0.1122790297366398 0.3132629365468824 2071
0.7888894383402647 0.3136335271779043 2072
0.4619588366045335 0.2502623094386047 2073
0.4680520454384287 0.2599601467546332 2074
-0.188294915174514 0.2530671888313375 2075
0.4518250709220855 0.3069094482677657 2076
0.6414279372188452 0.6066820418041059 2077
0.1052708517621263 0.1986143994627721 2078
0.6593652462965433 0.3182220611047429 2079
-0.09702875004109766 0.05133142213635643 2080
-0.06550644782521026 0.2453159447155253 2081
0.1876161323887225 0.2381577889688142 2082
0.1869037839588765 0.38756690288424 2083
-0.1223038889339744 0.2097550718147745 2084
0.3789517970460264 0.3402042912730125 2085
0.746643390053377 0.4944275869123911 2086
0.6603358227551503 0.3817886873262205 2087
0.7671407750301986 0.4160279475986452 2088
0.01575297577402361 0.06433684970825052 2089
0.4846909571205393 0.2549818790942114 2090
-0.05957143038470397 0.296764356565112 2091
0.5901369731364687 0.4126703223746091 2092
0.4563026746831061 0.3999187084037639 2093
0.6317818882953304 0.2862697734609005 2094
-0.0955436886071324 0.3106655657546324 2095
0.1872883140217679 0.1618694917331728 2096
0.311928796322699 0.4480224398884386 2097
-0.125950426397363 0.177386301077583 2098
0.2750356733852953 0.3777117202419765 2099
0.1371262354553152 0.3789073018218045 2100
-0.1134390046241979 0.231566896099598 2101
0.4358724037374393 0.2746514775755315 2102
0.6898751794413267 0.5299168530422973 2103
0.4986737661371727 0.4671139573491296 2104
0.2453449571495415 0.1176714710336414 2105
0.7554548839448157 0.6163665587058671 2106
0.406819482904583 0.4569669137866955 2107
0.1233961749365435 0.3084853080102662 2108
-0.01929409310683595 0.2344899292486289 2109
0.3293869601082831 0.4003218613654342 2110
0.2205165634097581 0.1943648679217311 2111
0.2437311554080098 0.2939339229932817 2112
0.2284867605539259 0.2764717048413889 2113
0.5427927445912305 0.314523041745052 2114
0.7525025994743526 0.5817763633369677 2115
0.1508863910293196 0.1329093406832918 2116
0.6497368281647363 0.3761481522364892 2117
-0.05562380970542823 0.01117443879011415 2118
0.2282652456894205 0.2180631606064045 2119
0.6987849903998091 0.4179618003125564 2120
0.2209993072896856 0.2910314047964524 2121
0.2412224447506494 0.2624637788890538 2122
0.6774675870669145 0.3304302020116293 2123
0.6827369763806774 0.319925606803361 2124
0.7209761275519262 0.4850296397016642 2125
0.7871499249057829 0.6414669559216999 2126
0.1596062815730281 0.1120993243008915 2127
0.3298137611526802 0.221503013119498 2128
0.7313943664990078 0.3953053681836277 2129
0.2128566731823784 0.1425874691051963 2130
0.7328844470514033 0.2982763014573605 2131
0.7509575516018336 0.594887588730147 2132
0.5509271718869113 0.4059553569967996 2133
0.7743636406922685 0.3626857856578737 2134
0.4058367049715435 0.222016884425515 2135
0.07627258535774223 0.2427643556790587 2136
0.2161194981352281 0.3598986531717043 2137
0.211564038353843 0.1844163999462883 2138
0.7884354780661746 0.3647961804998294 2139
0.01411286696293491 0.2877535147291 2140
-0.03611738823089606 0.2097834742126708 2141
0.352230941572336 0.2264136674800495 2142
-0.00665169499334909 0.2373999195950638 2143
-0.003834489824364129 0.2492284101633058 2144
0.2993607229625652 0.1373068305704249 2145
0.02406216161419561 0.02109840314242221 2146
0.6574408567835256 0.3423110696102368 2147
0.6090529668218002 0.2685808982518996 2148
0.1201385661926791 0.07587547579810679 2149
0.2508067587907415 0.4683529958325012 2150
-0.03294195471592173 0.3307255281159406 2151
-0.02305809256660792 0.340453783813294 2152
0.2121871036082145 0.3120813976209856 2153
0.7882936627178321 0.6623341579127509 2154
0.4692304527299629 0.4070240373216075 2155
0.1611262912158321 0.3347344040051722 2156
0.01372225281815955 0.1236340732972101 2157
0.3544233391482658 0.3553950202246959 2158
0.13147224778411 0.08158311362815204 2159
0.3314106950792736 0.3164948605772234 2160
0.7394528380735934 0.4766012782299903 2161
-0.1884673811068578 0.1054336168276661 2162
0.6054553850563813 0.2885798399054029 2163
0.5435632744625863 0.4268876906271927 2164
0.6413232339356474 0.4225714079314687 2165
0.4722908381905837 0.3076956149196997 2166
-0.1738472469829632 0.1734813588540489 2167
-0.0222599322765957 0.3150019829371674 2168
0.492470015820234 0.3657551492065937 2169
0.05431462455220143 0.07315723172411545 2170
-0.1253437147715633 0.01141475499118742 2171
0.7717471470159546 0.3278172677785168 2172
0.4900755132549429 0.45167118351202 2173
0.119015740551824 0.3444880338438979 2174
0.4707491098043368 0.5332804531757132 2175
0.6751300845102044 0.4951843147367554 2176
0.7892022434811889 0.4732885090904198 2177
0.3213862752131595 0.3007656236667708 2178
-0.03436639446600357 0.04935607442840594 2179
0.5165884209042628 0.5066285142432282 2180
0.1413661603040033 0.09989927873950935 2181
0.2544399577075254 0.1037779883424857 2182
0.3403408791245506 0.4394399216348829 2183
0.6812742025963818 0.2597878263676576 2184
0.4786885441981227 0.2825818304409683 2185
0.6379173809294182 0.5456512748466447 2186
0.3171929429392639 0.2405448585786784 2187
0.5816315924043066 0.3309277082375049 2188
-0.03534751805935298 0.2230650599192581 2189
0.4529539271934809 0.532656899591083 2190
0.5235231264403544 0.4266698126133707 2191
-0.1025036563777599 0.1764368115844428 2192
-0.03780658660279557 0.2935530788734417 2193
0.3821665934989104 0.3271278476656032 2194
0.1026074646303378 0.110118357505446 2195
-0.1538402449478235 0.3063637304965765 2196
0.2200235816802717 0.1533688854675938 2197
0.6520539455447472 0.5642431427403247 2198
0.3804393103938297 0.2854412547900311 2199
0.7756839817819839 0.2940573493555485 2200
-0.02437267234002181 0.1985279715947721 2201
0.5782277750437226 0.5996133667443448 2202
0.4687163908746447 0.4600201841930093 2203
0.3082169112046958 0.4032259127841673 2204
0.4126938938814989 0.5181078430214393 2205
-0.1441542384401927 0.2347859774559667 2206
0.274661744291262 0.4353834377641262 2207
0.1913453483416203 0.288288523408079 2208
-0.1030937878691361 0.1977563495282379 2209
0.788657705693219 0.6107003022945405 2210
0.09750385560680305 0.09160963804358616 2211
-0.1385896470660665 0.2806998650191248 2212
0.0005698973221070804 0.3170188526789508 2213
0.5280357488626652 0.2041324584273112 2214
0.1629418773596931 0.2522484332612287 2215
0.04976342230071158 0.1384283421116037 2216
0.6335704221814552 0.3615912779983782 2217
0.06385340394503002 0.2616911034477583 2218
0.3095535249184229 0.3081686541824636 2219
0.6888513983438058 0.2812386418228142 2220
0.02989695284373312 0.2168844189851375 2221
0.7370442901834603 0.5189020913173441 2222
0.7299262828209432 0.2769372269395061 2223
0.6253540677735725 0.355816240921957 2224
0.6157653329550647 0.4576646939995214 2225
0.6229285749964371 0.5051302124953996 2226
0.441630388086228 0.4252390211783597 2227
0.03130973364999688 0.3175207054609946 2228
-0.1732638024453803 0.2475775302981165 2229
0.09913804868249007 0.06701317518204906 2230
0.3074156102215841 0.1958230967006076 2231
-0.08776547806549451 0.06176620739707132 2232
0.2109300888590408 0.2124425394171816 2233
0.7325430717709535 0.6432458630708539 2234
0.1809687006997245 0.2976249004116634 2235
-0.02560909254325619 0.01075458898559149 2236
0.6705775894119587 0.2904269667974474 2237
-0.189302816327363 0.08567661219982839 2238
0.2273769083297674 0.1318985546173972 2239
0.10041460664792 0.1834098579465331 2240
0.727340579310107 0.5028181556675517 2241
0.08573915884448503 0.3482741097538599 2242
0.5709519850479231 0.409821331272955 2243
-0.03317373915845136 0.1206974809195879 2244
0.4097538179400013 0.3230934236653071 2245
0.7508779868167645 0.4724704688894209 2246
-0.1886678752852376 0.1568112810611393 2247
0.6501705453050074 0.2975319983600364 2248
0.07622725880109768 0.3817177333103172 2249
-0.09442833453509174 0.01131447603548014 2250
0.005686055754882402 0.1029634339491776 2251
-0.1721205076673531 0.1213160900442045 2252
0.2976019635902439 0.3937389820293614 2253
0.1402858326337334 0.3371363843908263 2254
0.02480077995818698 0.3413807353874924 2255
0.4447427502250781 0.3289062139744899 2256
0.5346429887279314 0.3045396184612341 2257
-0.1891266539676871 0.05281941938030215 2258
0.0857471070717192 0.2836087117876567 2259
-0.06900617596402853 0.1111502908802976 2260
0.171688952290894 0.373117740173494 2261
0.7165438016893705 0.3417166154891135 2262
-0.1603165778200773 0.2843727978671318 2263
0.0835313236860929 0.2526789030082118 2264
0.5107274044804337 0.5717252032656116 2265
0.2818145128405769 0.3553343546497585 2266
-0.1731372428970979 0.2698324115865936 2267
0.6327056680172876 0.434278980705552 2268
0.01288215784142221 0.2336428772235186 2269
0.6461722354352207 0.5093670229931133 2270
0.3783463320585617 0.3952388271166171 2271
0.3195801019310307 0.3947954915329768 2272
0.1894938632427587 0.08091786223271709 2273
0.6774839937398809 0.3493766823581989 2274
0.5628430382787704 0.5589573016471728 2275
0.363054938359443 0.3375063903462194 2276
0.4976203885844587 0.479928950480658 2277
-0.1042349337474735 0.2607938483615149 2278
0.7895078304761938 0.4079028100115057 2279
0.2465833426409346 0.1380064017070254 2280
-0.01201851377153609 0.09223794240779914 2281
0.4471230618999745 0.3493459061015463 2282
0.04773294526386824 0.2241358563833069 2283
-0.125385905883358 0.2635744590419323 2284
0.2978566719127758 0.4662289903234514 2285
-0.1553925659137617 0.01101466833504942 2286
0.6839154412549204 0.5119439786059266 2287
-0.1256234943086865 0.07124521871353566 2288
0.2707672178598623 0.359486205778776 2289
0.3017245648441512 0.2429653860450463 2290
-0.0002760791857003245 0.1218260960373512 2291
0.7122602360872052 0.6337634366380588 2292
0.2734138627387261 0.2815787498282576 2293
0.3391740072143831 0.1623984108946872 2294
0.1481166806009969 0.1525056655691885 2295
-0.06673322960210455 0.02836409158962844 2296
0.7071867244591217 0.4534380600847146 2297
0.6974714862699519 0.5838222332134019 2298
0.5047924279054409 0.3840156083172658 2299
-0.1753410043810684 0.08737228505741235 2300
-0.1883660079903107 0.1353937435519416 2301
0.3189295603892212 0.3257482800564204 2302
0.5939763852874984 0.3536213631036004 2303
0.5401565029384768 0.2522378604929487 2304
0.3684873031994453 0.4888031697568659 2305
0.3053218703137252 0.3560930247092059 2306
0.3065906076201779 0.2171809777152865 2307
-0.1886064781726641 0.01074076641978218 2308
0.141326447999121 0.2441354876460224 2309
-0.0890202952127464 0.3321761317279426 2310
0.4008302201113242 0.4262316469813765 2311
-0.03402029980538679 0.2641933345908897 2312
0.5569490340801776 0.300680332038864 2313
0.278821052934919 0.4649323917091938 2314
0.6743908298391466 0.3950309360284432 2315
0.6450054296825389 0.3970921321195581 2316
0.05677620157530845 0.1930326917212323 2317
0.7892200573866568 0.5909374842924968 2318
-0.07605025415746899 0.0570830877698057 2319
0.4389609573930108 0.4965091719112024 2320
-0.1027062856632602 0.03234301777974216 2321
0.1235431903815497 0.2227847528214577 2322
0.7398613216990904 0.3856335221995399 2323
0.1509326121762626 0.3299661554507695 2324
0.7358815323267156 0.3753345913865698 2325
0.2418024884327633 0.4486664826646138 2326
-0.1589432928952871 0.2043971842376726 2327
0.670524534743045 0.4389594239408308 2328
0.5654109655693471 0.5311364771587928 2329
0.1619891760035535 0.09747139553564435 2330
0.716084534865027 0.5067944623342063 2331
0.6210717205007026 0.3777314210051337 2332
0.4944711449788315 0.2191782369816383 2333
0.6621690685971042 0.6156667557422891 2334
0.250593007863221 0.1573430556205724 2335
0.281597927622375 0.1328575303553987 2336
0.5167834205693888 0.3936867620335445 2337
0.5056127713240732 0.3641884195708252 2338
0.5213962300795548 0.2191846147196309 2339
-0.09383108384087888 0.241063952281032 2340
0.7718774746980881 0.3509485579881658 2341
0.6701892654844337 0.4203773251903299 2342
0.775049558385795 0.6450081706766542 2343
0.08428760395276855 0.1497361057687247 2344
0.1460871178494119 0.3861443909797914 2345
0.4148911609652038 0.3931398456751719 2346
0.6219092070328814 0.3227731145204731 2347
0.7105391157843086 0.4884647336947374 2348
0.3437398867014099 0.2623604893098369 2349
-0.09981909579756446 0.1014764382298734 2350
0.4792417753173632 0.4689222998997374 2351
0.2901117971445286 0.1172214450922519 2352
0.6983472384147201 0.3533497673602278 2353
0.2246717015996924 0.3135977584696289 2354
0.371297037218398 0.1468596936432977 2355
0.5748581264928261 0.2208230525477538 2356
0.395642264716222 0.4768121832152931 2357
0.04819938878644266 0.1197355141809047 2358
-0.08804437247589456 0.02588962929238459 2359
0.1511131596097694 0.2617539231105516 2360
0.5701814417514316 0.4334458427318065 2361
0.005250682216802274 0.1422720148766015 2362
0.06986598776903608 0.3228126934490528 2363
-0.1768544899732201 0.2323501045781158 2364
0.2877769679742295 0.4316094036147613 2365
-0.07431800591760891 0.01114278820639926 2366
0.2311311464924448 0.3601303486178507 2367
0.1218683344570572 0.158421491638179 2368
0.01822050031173203 0.03946211147675166 2369
-0.01481869102250328 0.06756557919052143 2370
0.6866816873212321 0.3581205003611958 2371
0.2293990288403591 0.3251892515995072 2372
0.4188621024141527 0.1634898696673109 2373
0.5220957270299371 0.2862982871870745 2374
-0.08575604371805524 0.195148035278637 2375
-0.08326539580507034 0.2082247178273922 2376
0.5397170745678166 0.4753091897166523 2377
0.5467156303714188 0.4846341488334956 2378
0.08895407551430401 0.3696133250640956 2379
-0.1578247382913433 0.02812382270824184 2380
0.5780007278743871 0.4725712599649882 2381
0.5711143518119319 0.4617950031980943 2382
0.008353711462224217 0.213412804772036 2383
0.09278471984037974 0.04386510830580093 2384
-0.04505020717778514 0.1784614295622827 2385
0.7159070693087611 0.3106854442734369 2386
0.6269877842222761 0.4563081530950678 2387
-0.001334161801478137 0.2716002522619467 2388
0.6402531469364248 0.3288116495067686 2389
0.6233778563422483 0.2548611220475083 2390
-0.02806469659567579 0.1880985001353649 2391
0.09993324779212807 0.1615728934352583 2392
0.7264706144726386 0.4165032364493215 2393
0.5450234186590688 0.5433622794456511 2394
0.7162754540427295 0.4106853434355191 2395
-0.1391471535366774 0.2450572632151296 2396
0.1346005711691342 0.1884647454714348 2397
0.4821479654276222 0.3363850805058057 2398
0.5183443125090936 0.5282673191953114 2399
0.03556131864648735 0.1207834579498111 2400
0.1311526724486117 0.05898374151232254 2401
0.4759201355941004 0.3851530843496345 2402
0.3697647115862493 0.4126002081005463 2403
0.2660337427619139 0.1215645041563344 2404
0.04545293310073768 0.284025120554389 2405
0.1990632825670401 0.4218022832640584 2406
0.03349601295450299 0.07163251658963386 2407
0.198436613227324 0.1587137115913365 2408
-0.1062161203921199 0.2232662341107579 2409
-0.0303507096373188 0.1072589618317797 2410
0.5539720641924278 0.3126710524668444 2411
0.7383012933829693 0.4359045149681666 2412
0.4592732642698729 0.1799481273860641 2413
0.623267902997227 0.2791878937067401 2414
0.6379565780810483 0.2432923319374783 2415
0.6949027499331817 0.3154040356089499 2416
-0.03693548380790254 0.09050525748856653 2417
0.3358102928323315 0.5033346411834363 2418
0.3907953459095366 0.2369041468375377 2419
0.4436572026936538 0.4825815016585099 2420
0.3842835344619497 0.4142469364007637 2421
0.7749465917991079 0.4792673385187893 2422
0.245372163406895 0.3275601513878323 2423
0.1875385045881602 0.1749763952215355 2424
-0.09574457881007548 0.1179334522991903 2425
0.1765840286405635 0.1790369488650183 2426
0.5436034381911593 0.2401493173676242 2427
-0.06395782701721657 0.2566797791905689 2428
0.03223585921673541 0.1323861005949596 2429
0.4566366485923743 0.4430320528218029 2430
0.5921429705879575 0.3346808612357458 2431
-0.06431606770835162 0.2745572112557286 2432
0.6779407680863303 0.280281474058676 2433
0.6168757006627188 0.564192760843925 2434
0.7745380397866386 0.6239360003601191 2435
0.1375004422574694 0.2908764756044564 2436
0.03448210154997047 0.03949422813325189 2437
0.7014109227248018 0.6491162532300818 2438
0.7771112361192742 0.6597646156964276 2439
0.2144695332093783 0.348562593562565 2440
0.08891083449045516 0.1306547575005782 2441
-0.1715966517081149 0.1551311530178664 2442
0.2259928575201338 0.409826834111328 2443
0.7772803819541766 0.5156844850578475 2444
0.2781233115311367 0.1755179849447123 2445
0.2114356463791887 0.231007982325784 2446
-0.1746435331760613 0.01001610124158645 2447
0.4611010766684257 0.4995090400431526 2448
0.7381719012707186 0.6064681062301231 2449
0.6735719266534594 0.5621661661999406 2450
0.01761649134287876 0.2236704554825312 2451
0.6267954588316457 0.5154082571765349 2452
-0.02672267195238758 0.2761491823526147 2453
0.0345352380527446 0.02350202255862584 2454
0.1763835658635265 0.1174289566410507 2455
0.6144752267820864 0.5842643351760293 2456
0.671173755355241 0.3694977378676855 2457
0.2013240437626853 0.3466042484608265 2458
-0.1108648241316386 0.1335389821458276 2459
0.02377546444214955 0.09089031560482554 2460
0.5608638978692108 0.4134386453227077 2461
0.5716444926733114 0.3405907063072391 2462
0.2846198343064683 0.3363673029161264 2463
0.7201861648216688 0.3304104360122438 2464
0.5353686584357151 0.2731058003583763 2465
-0.1323894721973112 0.1390440432077557 2466
0.6851398587631867 0.5756138961152054 2467
0.1216517685433968 0.4180376311473359 2468
0.5642819627108131 0.4464650280267829 2469
-0.126397321955066 0.2284796250243221 2470
0.741132275846305 0.5692922518494465 2471
-0.136085138831476 0.2660619440332599 2472
0.5330073232562821 0.2839658852230215 2473
0.001100206528280973 0.1744709213405819 2474
0.5390096489122786 0.207008776486967 2475
0.7228809834714597 0.6031101216905155 2476
0.3484083858554273 0.3639796194394029 2477
0.03423238266367119 0.266699474285225 2478
0.272425291910308 0.4159398108713887 2479
0.4102607506834008 0.3445113746561668 2480
0.4964860199707014 0.2741104439298233 2481
0.4173232188939268 0.272229859490813 2482
0.01410901380082083 0.1863855020270895 2483
0.6110047165696577 0.4088679958832416 2484
0.2434390839344605 0.3987553730982475 2485
0.7156471433699765 0.2923314918563129 2486
0.02397673216297994 0.2036742400225716 2487
-0.1746045579513028 0.2107614084786416 2488
0.6021021598059447 0.2784603745848662 2489
0.4352704075265994 0.3665559374117757 2490
0.7734755765089557 0.3807248994500665 2491
0.4590570219575835 0.2102853131347838 2492
-0.03441815597396233 0.2451970339404469 2493
0.4100282050433234 0.2021726774212321 2494
0.06193027497234593 0.09057292154865862 2495
-0.1106687794883701 0.1899664817535382 2496
-0.1473190857910622 0.2976493714932412 2497
0.1102960061332989 0.2781754551009487 2498
-0.128555216615368 0.2850378262280561 2499
0.1564407239438935 0.212950838534304 2500
0.7385067101280081 0.5508622975605418 2501
0.6234810212687443 0.6179220655009277 2502
-0.1893233767568872 0.2176028309301063 2503
0.5755780691333248 0.5492132854695848 2504
0.5721585078876905 0.3993345791944456 2505
0.3622296529312512 0.2091677905702347 2506
0.361961549476664 0.2205374876648605 2507
0.3133225582714902 0.4149528513864714 2508
0.1665252545098388 0.4354814649406351 2509
0.7283827180560587 0.4476914955787049 2510
0.1306274502776935 0.3274509033018009 2511
0.4158559418777306 0.3736410451882197 2512
0.4218475298784238 0.3820773476970931 2513
0.2707536126771646 0.445265130570607 2514
0.1805205981030751 0.1951907693220616 2515
0.6749548804349066 0.4740764844136449 2516
0.5163991839884808 0.3426572820130549 2517
0.01472935771853327 0.349650574835994 2518
0.5853131225314437 0.5323436455931598 2519
0.1924306396087676 0.3115128482592744 2520
0.7523827139663936 0.3603460277184256 2521
0.5297754472727655 0.3253823055087715 2522
-0.05582893893974789 0.08246700512047613 2523
0.343890947688914 0.4602730376003262 2524
-0.01306022265444929 0.1533738100698457 2525
0.5716538230330634 0.2355237009111136 2526
-0.08268079724042876 0.2242734050672299 2527
-0.09184738327755335 0.2304210970231992 2528
0.6764238286049393 0.582792751852055 2529
0.6483584206057424 0.4601571600481868 2530
0.4999984424653593 0.5390078360524113 2531
-0.1174952754839604 0.1700522957930099 2532
0.2854858368890241 0.3071500886542795 2533
0.7582004278500535 0.5136536917978243 2534
0.1450839580568369 0.3490390143255767 2535
0.01687984108197254 0.1656562602744619 2536
0.5862056960461111 0.582457102317637 2537
0.3693174466976776 0.4325988690792567 2538
-0.1543143707303631 0.0484780607983243 2539
0.4203930880668313 0.4191795427652341 2540
0.5744956891046179 0.2557223763627424 2541
0.46802710629601 0.2251673274535408 2542
0.459389998026518 0.2313602478465185 2543
0.583814990434485 0.451987790242642 2544
0.05058915209157114 0.2968064187498216 2545
0.0840376449398338 0.2053845679918313 2546
0.1796360272216361 0.1029461619070108 2547
0.5773730044576629 0.493307653646984 2548
-0.0491082610229739 0.1033608662959132 2549
0.0825183221253995 0.4023139274800117 2550
0.6311734606866429 0.6059858779181594 2551
0.3427903681357772 0.2168957697360366 2552
0.4923709783414797 0.4124884180250485 2553
0.5808288098000813 0.5041678044261044 2554
0.3828792860696243 0.1794102396487719 2555
0.3955227867079967 0.1960379577591232 2556
0.3996710575025905 0.3386814734591597 2557
0.5151485603076624 0.5604693319493723 2558
0.009268285448052596 0.3298715052238499 2559
-0.1523505416806921 0.2551918300605609 2560
-0.04213277927963889 0.1682357220396059 2561
-0.05286010172334 0.03705011745651089 2562
0.006243126572379555 0.1548595402357288 2563
0.52954511330767 0.4943884016131143 2564
0.6472829409948231 0.271557199590778 2565
0.6755122405938651 0.6016040814893246 2566
0.5980562595771786 0.500936648830231 2567
0.54790979463253 0.5046231255960686 2568
0.5322938515893304 0.5435632922391987 2569
0.08488879820681189 0.2723781962063667 2570
0.4957617403994889 0.3407424831517733 2571
-0.06159069545889688 0.3125462436115903 2572
0.07453422091224701 0.09297184729294819 2573
0.5129793741551169 0.3723165594800973 2574
0.7763129732926072 0.4215306084035003 2575
0.6876623727140727 0.4496218536664106 2576
0.6322138600715993 0.4682693450537947 2577
0.5978391621238173 0.5912767864639201 2578
0.4078799489335821 0.4936806766361849 2579
0.3927943944731972 0.2894826858857686 2580
0.1175864133273761 0.2915089854231023 2581
0.1098234599997475 0.2371947423631824 2582
0.489136245483049 0.4629132977146674 2583
0.116518919601003 0.09572617732719282 2584
-0.1638483514740495 0.3035736886129376 2585
-0.1773880718898968 0.1387317151467092 2586
0.4115477846544934 0.3548119459102232 2587
0.2790639462595897 0.3237197172890738 2588
0.2492343336812732 0.3526154661111854 2589
0.5393794970921082 0.4634528964531999 2590
0.1751113920202076 0.3937220669739424 2591
-0.1571829447317541 0.2381532143592258 2592
0.3528864206527667 0.3049606069299319 2593
-0.09437555516105275 0.2661237987855694 2594
0.3733576930079069 0.2277067285651376 2595
0.6536452706921786 0.5874072773379699 2596
0.2014882992082738 0.1473414953805112 2597
0.4273499775944718 0.2689423333872464 2598
0.5585253529638561 0.4675726249761408 2599
-0.1353813716126038 0.3147986729172152 2600
0.6303705820348243 0.4123722558567765 2601
-0.05441472218651584 0.2139949726253028 2602
-0.0662038710159068 0.2131762193458269 2603
0.6212475214062104 0.4169260146705674 2604
-0.1441273797380864 0.01054933427257123 2605
0.445845600192298 0.2638841401788067 2606
0.6231851011716948 0.4784499895753678 2607
0.73582756776798 0.4050784998930449 2608
0.100951549877061 0.3376350216850036 2609
0.5958931875141503 0.4344097679764936 2610
0.2698249068705243 0.1417610407848225 2611
0.4040587465091474 0.5089797781885629 2612
0.3096312911571956 0.2718224407629627 2613
0.7749142925671401 0.6786070765624967 2614
0.7596981771842062 0.3182145177421662 2615
0.04204563820646424 0.1000905084996119 2616
0.0504236464805782 0.2677347969660822 2617
0.6673940548453403 0.3115484163558754 2618
0.2156041023327661 0.3808912884616242 2619
0.6848349259062675 0.4778037348711792 2620
0.3003735760439379 0.1576416528940511 2621
-0.1474355128282011 0.1537477648549763 2622
0.6194840978889254 0.3333720166970762 2623
0.4981224262063464 0.5681469489155131 2624
0.5100522181043831 0.4577144419339296 2625
-0.1390816630170125 0.1194385688869298 2626
0.182707458737222 0.1451233170882723 2627
0.6915522887196059 0.5970931043890116 2628
0.6186571615023233 0.5241042507880456 2629
0.1397955015861843 0.07545454774261971 2630
0.06438155048395347 0.1229281377187301 2631
0.1959896048067099 0.3233459970214675 2632
0.3813323390277267 0.3811742661406466 2633
0.6813679085916883 0.3401218831918753 2634
0.1211553276734643 0.1208898767865874 2635
0.1124580989641744 0.1275928308215318 2636
0.04225385901411359 0.08823730798025627 2637
0.7253259083462403 0.6231552078945939 2638
0.4153245482563354 0.4660759331881334 2639
0.5370502258082864 0.3889754820855362 2640
0.526103580794927 0.3839897230478561 2641
0.6922318238923801 0.2628729206357565 2642
-0.1071620635436182 0.1217485804950922 2643
0.3744503135451502 0.2059543517987406 2644
-0.121740864328068 0.251900590336208 2645
0.4433879934565499 0.2838269598365426 2646
0.4306465072631686 0.1963902167181374 2647
0.7521504683620903 0.6393183244372982 2648
0.01545621439168099 0.2767977669618468 2649
0.6353143702850992 0.340917322314906 2650
0.5673308185539742 0.2837787489013554 2651
0.4963745349180763 0.5014360438684169 2652
-0.06817504367455415 0.06547739754967255 2653
0.08714914858642822 0.06200588980374631 2654
-0.06653959003875916 0.0833690639376273 2655
0.2699473370277203 0.1901280262811664 2656
-0.1902555874516876 0.2809375686721081 2657
-0.06924230296961434 0.2932179568242155 2658
0.286920323305842 0.1523710431308779 2659
0.5800984770701247 0.5681764473242269 2660
0.2151122833612235 0.1625515040133823 2661
0.4220369509757625 0.4471058689282196 2662
0.3239433817286926 0.209642082176406 2663
0.6083004676651093 0.348576461107916 2664
-0.1538972320034993 0.271033365405435 2665
0.1040251910253003 0.2584726050928688 2666
0.3911770197872856 0.3453262474832188 2667
0.7254967721958914 0.2896028638610348 2668
0.3848031849541098 0.3637556382089863 2669
0.7753612342739266 0.5758433308757778 2670
-0.1885795515733699 0.2635155191114631 2671
0.1092285837889963 0.3486250638000128 2672
-0.0493908409784766 0.1312129411796955 2673
0.422326862563896 0.2890815761789676 2674
-0.08559148105658584 0.320847346256876 2675
0.2745861278773588 0.2011888464916558 2676
0.632670150923609 0.5356672579800614 2677
0.2385564511389576 0.4282514973206831 2678
0.3658603573734764 0.1890788811589479 2679
-0.08639311868939108 0.07269597568726432 2680
0.4051810481682646 0.3744541585383304 2681
0.2003084046745973 0.2909932650695885 2682
0.1214652102526114 0.2426353494870322 2683
0.07387957114315609 0.2232221229436181 2684
-0.1551120058614832 0.1667265883794187 2685
0.5394337265263336 0.2216778960001409 2686
0.3261677497513188 0.4708664023267577 2687
0.4479694646532918 0.3889666896748941 2688
0.5880004850910718 0.6039849758110202 2689
0.5048817298682913 0.250577581643847 2690
-0.04884037437622187 0.2609106822664072 2691
0.5852101432308741 0.3694668200622818 2692
0.2074930725550024 0.1277993246809511 2693
0.2008533581638585 0.3661947054420337 2694
0.7655228491829726 0.4506682023276773 2695
0.4358871459832999 0.2338134213489821 2696
0.4461369196033172 0.2396070226921079 2697
0.1100961662047813 0.3836009438548481 2698
0.388316682184718 0.3055246307733825 2699
-0.1450276297056932 0.219980533765514 2700
0.4350467990530727 0.3789307471240321 2701
0.1919430505293536 0.1266634085320734 2702
-0.02887581136072957 0.02939093170119644 2703
0.5534305375168507 0.4291688504936201 2704
0.5484416318176446 0.5567699776763597 2705
0.7196363439266114 0.3876398755400745 2706
-0.01039677920833286 0.2671506363890924 2707
0.7196095032166854 0.5216462837106761 2708
0.2673836889470657 0.2106001967334195 2709
0.7634653409726971 0.3377564076170823 2710
0.5950461050105872 0.5187443124835321 2711
0.5519396178405238 0.3342972638048576 2712
0.2944366615121808 0.2003347009483318 2713
0.7784592502363124 0.4950096423140263 2714
0.5447111690782755 0.3529423219641753 2715
0.269924320788529 0.2249884030597867 2716
0.2580729457566358 0.2290575834109442 2717
0.4488630012771259 0.5019078537390483 2718
0.4790911232060051 0.5605643555770035 2719
0.5567561481364125 0.2243444946601643 2720
0.342054962631001 0.4915453997379524 2721
0.3804399585163661 0.2690923631055757 2722
-0.07760323530711168 0.3380011199715282 2723
0.3004731270990153 0.3205564767741788 2724
0.4306165583609091 0.3498748761968151 2725
0.5505253327413036 0.5146708776235102 2726
0.703815158426689 0.4387967471620343 2727
-0.01719553804594956 0.1064852863016427 2728
0.7544944536186182 0.371587758518452 2729
0.7901449749155272 0.6307941112070768 2730
-0.1603958752586652 0.1382297061493444 2731
0.03095557808983344 0.3616164221980993 2732
0.4561554866090923 0.1906615794211104 2733
0.788688852506546 0.5796803400812734 2734
0.6021096262354492 0.426273659794741 2735
0.2339868403366945 0.4415734547123334 2736
0.7258581324918429 0.5359664129976494 2737
0.4847013850690843 0.2735105858285928 2738
0.1533335906684847 0.1431754670685316 2739
-0.1122049123677409 0.04841671168257342 2740
0.2802166616971042 0.2916950038193307 2741
0.4040490527748521 0.2461222666780903 2742
0.3306610796988315 0.2677447173577792 2743
0.3248326807690041 0.4990848792528147 2744
0.747131276291683 0.4423057753433483 2745
0.5275748751656634 0.2652226817473146 2746
0.4832285372391962 0.3257914420918714 2747
-0.06362242232814885 0.1015824090156269 2748
0.508212407148571 0.5117820046350621 2749
0.251735073069609 0.3806451545593532 2750
0.5700067045892024 0.5691540494185404 2751
0.6300209067437929 0.2632488522759577 2752
-0.05348623584611468 0.1970497274662141 2753
-0.01100209751688784 0.3264788418202013 2754
0.4540325649460947 0.5502464430083309 2755
0.3118819950259349 0.140572587681789 2756
-0.1898365892975934 0.1249025213321804 2757
0.6225801819363276 0.534640040370491 2758
-0.06511588896061153 0.1516448948111476 2759
0.6508674529933935 0.428555217882746 2760
0.5351265478562672 0.4011701857710184 2761
-0.09807914919193456 0.08996260681249518 2762
0.7900744750524831 0.3746745943634086 2763
0.04143748160131744 0.1489269248874555 2764
0.04686493433569261 0.1579832341853372 2765
0.1182235753995445 0.2717318481601905 2766
0.7078998088701489 0.5251654696890009 2767
0.3550478426244748 0.1917864536816867 2768
0.01572009896983344 0.1081301358644355 2769
0.5968790599661284 0.3754628322689022 2770
0.488740229617893 0.356239147910123 2771
0.4782286723299289 0.3525996268153055 2772
0.5967387175898671 0.3910346533195856 2773
0.7088028971491265 0.5375979932327806 2774
0.07177471380609515 0.1374518152550795 2775
0.04978004398625722 0.3165622832186047 2776
0.2965164910258536 0.3383418552071628 2777
-0.1746133321417817 0.1002075009837931 2778
0.709301732903807 0.5557682337706619 2779
0.7031471370266452 0.566241745590198 2780
0.3643860940264741 0.1750699993949474 2781
0.2669121779861996 0.3271990775822851 2782
0.02009214875126692 0.05360067661507452 2783
0.3926103721190919 0.3174305577631243 2784
0.4878658292673551 0.2283325025188788 2785
0.4933498357255462 0.238850821448614 2786
0.3434284055699988 0.4740972258401098 2787
-0.07780256898190697 0.3030277856276123 2788
0.3976414687169282 0.5278552428334601 2789
0.01717614365692442 0.2583169432051156 2790
0.7614636375827912 0.2874221853136993 2791
0.3663644089256921 0.1588494804777515 2792
0.7250938362353562 0.4274041131827344 2793
0.2164463434902765 0.1358059216279988 2794
-0.03509485369385788 0.3552588266111255 2795
0.1782786610610641 0.2435589909951293 2796
0.5452019606738931 0.2702382485435159 2797
0.1574019858367265 0.4045703932004335 2798
0.7497977513047328 0.4037658336114778 2799
0.1732313349754039 0.424422202293976 2800
0.4356325757559101 0.2154211994246231 2801
0.3117194734911437 0.2609241453574664 2802
-0.1144512749575484 0.1146814444670596 2803
0.5065941867566125 0.226305929509183 2804
0.1139135868571457 0.1397977759412233 2805
-0.1561879081964776 0.2182212301686845 2806
0.6638051812159067 0.5465046162181196 2807
0.4476598353139983 0.206352847040484 2808
0.04855190136232583 0.1783637570412565 2809
0.4509291238269169 0.4212738165512927 2810
-0.03605277986522881 0.009658023550722481 2811
0.21066945086269 0.08651725347400749 2812
-0.190668731848117 0.1837500000002953 2813
-0.1899660438420336 0.07290948089229628 2814
-0.1383251203952696 0.2110003302972017 2815
0.5281476763680781 0.3586552316107212 2816
0.03736916749145242 0.3489485261034998 2817
0.4886373640594284 0.4831790476165493 2818
0.1053200514895408 0.2153727477701056 2819
0.6674630095454961 0.4868127554883504 2820
-0.07374874850935653 0.07456204445991231 2821
0.09192592941987332 0.1171618974191534 2822
0.7704271111086533 0.5850690971852698 2823
0.5131935854293154 0.3142383670115071 2824
-0.002294705481255406 0.03712010793807891 2825
-0.1771357937360216 0.02746442062364369 2826
0.3177145061607412 0.2905573437424033 2827
0.3077572640590275 0.2879851067108449 2828
-0.1580035162992998 0.1824626488576284 2829
0.6590806096199202 0.4550722815017365 2830
0.6094423832718607 0.3866796112708821 2831
0.1768683278318375 0.2136330951030212 2832
0.5592695780115213 0.4781764835676126 2833
0.3613600777628951 0.273372551273066 2834
0.7902119137811942 0.3489040480032407 2835
0.155555604776465 0.2360630362230009 2836
0.7615487989377613 0.5277133523421802 2837
0.03284213584817326 0.2766797563116666 2838
0.7055864438740513 0.6281849552720834 2839
0.1900313774300546 0.2108514305380164 2840
0.5570046415657794 0.3488046943184395 2841
0.05843696153649051 0.2088945115025772 2842
0.3210608185813122 0.186407661978063 2843
0.6162981428191934 0.3013518075428486 2844
0.7902888332389185 0.5471864843794054 2845
-0.1558721627296593 0.09207438923873235 2846
0.7730902107899911 0.3040297346921146 2847
-0.01998707894342344 0.3612859398709853 2848
0.3417668767452421 0.3074147674787855 2849
0.340966550959637 0.3440434368811836 2850
0.7068790547725732 0.3606430662748614 2851
0.02153085105288982 0.319160609223595 2852
0.00729975716459743 0.3097633324894085 2853
0.08503135579652088 0.07955902943754754 2854
0.5739818169365006 0.3067694207060575 2855
0.2250736356157898 0.4581438758432159 2856
0.463097915243764 0.3401513616968386 2857
0.1845822367819758 0.2531506176615682 2858
0.304584519999352 0.4918924921872361 2859
-0.02494249115691591 0.2420792032326628 2860
0.2348772738094653 0.1122826099969165 2861
0.5009900825086858 0.3319134038635907 2862
-0.08979075221602328 0.1680470887325283 2863
0.2214628592487166 0.1746578019519593 2864
0.5057834467070903 0.2975443624228262 2865
-0.130743180647029 0.2994555828167102 2866
0.01288186153487193 0.204199031210667 2867
0.7907730624494611 0.5626722167196375 2868
0.1934912458830721 0.2712233248254671 2869
0.4134361067005057 0.4349814724511345 2870
-0.03130683513738682 0.06090771329531262 2871
0.5594781760401716 0.4971066153756361 2872
0.4728828892375714 0.3212770751828868 2873
0.3749466427654864 0.450429239873028 2874
0.3942723668720371 0.5118931485628755 2875
-0.1183528978001643 0.30774036749466 2876
-0.03803021617677826 0.1866183136234433 2877
-0.05135522228183727 0.1606169800479948 2878
0.6546196485855229 0.6063303438969525 2879
0.7694122323313382 0.3717148837659634 2880
0.2140482082704828 0.2487893839317078 2881
0.7903324444785632 0.3302194655963205 2882
0.709664013667794 0.2849970030333733 2883
0.3389658150993567 0.2934666404512661 2884
0.1949363914790666 0.2592684348616008 2885
0.7781789054101222 0.3144302209321556 2886
0.3324347612318925 0.3766533675491422 2887
0.4632738107916456 0.366426351875824 2888
0.05129846575454313 0.02904448080098895 2889
0.6255404977681341 0.3983134490180767 2890
0.4485265956067037 0.1732859477765601 2891
0.07108676920820504 0.0744167373460364 2892
0.538932117923517 0.5849907977007454 2893
0.1316179016494697 0.2710431662427162 2894
-0.1421968529614016 0.254633451277499 2895
-0.1734050967916984 0.03939037283610168 2896
0.1744487865285245 0.407276085639417 2897
0.5048792365076407 0.4215177845839671 2898
0.333003998211565 0.2320599266595824 2899
0.370095039305365 0.2383755982282276 2900
0.3653016367131798 0.3550881141878693 2901
0.06288285895371952 0.3087439882642072 2902
0.6922759526816039 0.5064546287851581 2903
0.1721416719560453 0.2814783465125285 2904
0.1948519253390374 0.2216437197751185 2905
0.7370250135956098 0.4559588854171018 2906
0.05171847662125683 0.08216027060613718 2907
0.3602340184126542 0.2401862767655523 2908
0.583797644075842 0.4215382470511011 2909
0.4095074366339958 0.1594213622527259 2910
0.08780340805938795 0.1594420656621585 2911
0.07174554182050008 0.2064046574636507 2912
0.3776241903144869 0.5203964325411586 2913
0.6759400452332958 0.3121855975552443 2914
0.2623559424717158 0.2875837975455778 2915
0.2431915922841912 0.36850143918572 2916
0.1319164715282541 0.257010534008865 2917
-0.04314441483805348 0.3374020956286314 2918
0.4427679607596768 0.295967872986652 2919
0.7411477186113538 0.5261407576439722 2920
0.009349226532571505 0.01308374747444793 2921
0.3263330468982525 0.4132863560485306 2922
0.6361984905212787 0.5557049638082078 2923
0.2404963954369525 0.2831711294826577 2924
0.7747873755517368 0.6053344986976554 2925
0.3005539107810007 0.2564332770333632 2926
0.5602974155752822 0.2487522887713637 2927
0.289808085883711 0.1387717484065362 2928
-0.1462468233315421 0.06361177357577807 2929
-0.1541695072202245 0.1097566252862536 2930
-0.1412333219071417 0.07497331885575288 2931
0.698136768879316 0.3055382193811317 2932
-0.07614342388634618 0.2425468529800282 2933
0.4372027703836988 0.2527147132922377 2934
0.4303482342617601 0.300232624641402 2935
0.5880464487125574 0.2826402759138674 2936
0.6546461692046974 0.4912855234437118 2937
-0.01640573583155555 0.3501619729912167 2938
0.4574533556544612 0.2829159053050214 2939
0.2071167360252264 0.2748144867808088 2940
0.08470456908318938 0.3900391436061425 2941
0.5741438940441002 0.3585664266403982 2942
0.6104896785797296 0.5061246481794016 2943
0.764037016710081 0.6629444218552967 2944
-0.1076480222437033 0.02316468065362044 2945
0.5783536695082359 0.3789290173299368 2946
0.3975192120238517 0.4430497278801301 2947
0.7575474588406441 0.4335717486595735 2948
0.4714655686646386 0.2960218269864139 2949
-0.08103182633980334 0.09375139837042695 2950
0.7475327871170304 0.5064155643168761 2951
-0.07075374244172974 0.09271620971066297 2952
-0.1761318424263506 0.05066343371848701 2953
0.1021546343222566 0.1460248855920378 2954
0.5141248945912931 0.5418818457166416 2955
-0.1251504147688412 0.02070940964046028 2956
0.790435137061069 0.5050293443497507 2957
0.1655057233686348 0.3118374796495821 2958
0.1153119262559641 0.2604978916297185 2959
-0.05190451055751996 0.07340921736359451 2960
0.497761095044363 0.5564120512396473 2961
-0.1186260872538941 0.1531263395269251 2962
0.7325153003690532 0.5877851140568241 2963
0.02375232120863355 0.1485015620528942 2964
0.5843158950025655 0.5219882079396372 2965
0.5919404949337905 0.2517210702228861 2966
-0.1757756989548352 0.06800512211977661 2967
0.01812093788513536 0.3782748562766542 2968
0.667015817246412 0.3609138380198988 2969
0.6168403029065577 0.599189703548723 2970
0.7508859890626653 0.3853610124588422 2971
0.295633266551524 0.289423040609687 2972
0.4668853488680129 0.4480405904927295 2973
-0.02360665618518685 0.07374280106623017 2974
-0.1905848582217922 0.04004780496369281 2975
0.6777304551767912 0.6111619123520164 2976
0.6264590542821821 0.5729226728978714 2977
0.2559756215647811 0.3113182959343871 2978
0.1333009238668559 0.3039286157515993 2979
0.7500938952132046 0.3250103722820863 2980
0.3007926437264463 0.3687853827648702 2981
0.7906414698920292 0.4281875189289119 2982
0.08336364215542084 0.1110909452649913 2983
0.1988390440595101 0.2384034091772262 2984
0.2056230122565084 0.1644136332400601 2985
0.2444057904491335 0.2288322367758747 2986
0.2491031074608258 0.2565230165540275 2987
0.7903702482907822 0.671891121254926 2988
0.233124985745095 0.1853145683828689 2989
-0.02012981239761191 0.2955921570214921 2990
-0.08418878095687039 0.1031802127674737 2991
0.6374125473206821 0.372002069898801 2992
0.7462668991907715 0.6682462007048072 2993
0.6560350691253181 0.5522046512398816 2994
0.09810933003197723 0.2673294311994216 2995
-0.04969802247547057 0.224473121520455 2996
-0.06150729935325652 0.1712054891452061 2997
0.2818929882780249 0.4824002501047721 2998
0.417515041279996 0.2210013350610218 2999
0.3700185274149345 0.3693469403717726 3000
0.494142300523314 0.3789487447162799 3001
-0.1773385298395683 0.1896780449284479 3002
-0.06168653596139717 0.3445567450024677 3003
0.244587366559408 0.2415365931618764 3004
0.4884069147366562 0.2909918216771743 3005
-0.07410792726263579 0.0203033409836663 3006
0.2234985766608135 0.3921475473822869 3007
0.7268994149032357 0.3119544178026864 3008
0.4537393009510144 0.5184104717670585 3009
0.5887467446172897 0.4790633370341826 3010
0.4787018124236534 0.2619258543368366 3011
-0.190322374657009 0.02241130989133303 3012
-0.1431536891153247 0.2748038479633236 3013
0.7186489563347459 0.6578841588557073 3014
-0.01645392321776677 0.2145230752303547 3015
-0.002987828161507219 0.1083374425455809 3016
0.1718580023981741 0.1617579733562778 3017
0.224766969382766 0.4448086064202791 3018
0.0514607614128595 0.2769100094539392 3019
0.344618573788643 0.1350546023609245 3020
0.2229547729385563 0.09242049014704941 3021
0.6412186155200915 0.2854617283599666 3022
0.2534260158423918 0.2752847825779117 3023
-0.05489935480289715 0.1803834056039536 3024
0.407714335904526 0.1829132113613486 3025
0.4243507337839816 0.4822790241001931 3026
0.472538428573402 0.430734540582748 3027
0.7043300832863495 0.4743787519817324 3028
0.2045504641559105 0.3901603350470855 3029
-0.07228885314680548 0.1870600151677406 3030
0.6171263736762093 0.2344047926186666 3031
0.7175786839607763 0.4551889370791832 3032
0.02694866612983265 0.09977395486587409 3033
-0.06847675561291237 0.3303381560772214 3034
0.516034826476496 0.2791919982699699 3035
0.5956714306494075 0.3000334880462912 3036
-0.1547751815258984 0.08052560611545148 3037
0.6125226011590319 0.4438826093506626 3038
0.6925251664287897 0.3911674149806235 3039
0.7415459476477174 0.5971284331077336 3040
0.6916488992803159 0.4394475603029723 3041
0.2874615717545207 0.1865617663852511 3042
0.1659455371716443 0.1458316605688269 3043
-0.08607698925983842 0.2852933695050402 3044
0.4604260870866577 0.2931769053854316 3045
0.2994837373229158 0.2317895402475026 3046
0.5480307928790811 0.2550869546846215 3047
0.03377253077748493 0.2354521365000125 3048
0.2081900761817961 0.4531796917637385 3049
0.336083358786049 0.1747839850742366 3050
-0.1136855146521783 0.009021279175081762 3051
0.1331379021575196 0.4001821925374913 3052
0.1591410869911302 0.1280386937007251 3053
0.6812651009262585 0.29997387958068 3054
0.5121386909588538 0.333175087948949 3055
0.4875137760981464 0.1880734583568175 3056
0.4393213277440896 0.5453591782762961 3057
0.5645494642586943 0.3915283096430066 3058
0.4389892015565426 0.3153279976854184 3059
0.07607953362741526 0.1705161569210701 3060
0.3631809373441428 0.5154420069663458 3061
0.7764528960425461 0.5523155823893831 3062
0.719204631612112 0.6129423352208019 3063
0.6033666741157789 0.5338617163171395 3064
0.3445795161786401 0.2062371263132469 3065
0.04518567698958405 0.06769889670281445 3066
-0.1260253535883767 0.08358539467853104 3067
0.5314816513192097 0.4815386721008797 3068
0.1317905659813821 0.4218398173046257 3069
0.5913530726641153 0.2654012198547555 3070
-0.04221751411999258 0.3160352134684661 3071
0.2678321990662947 0.4260854616994432 3072
0.6923425218676929 0.3709883701085124 3073
0.1588883337127405 0.3459488920379974 3074
0.3485852084761331 0.436785140609074 3075
0.1334313073786587 0.1789477110783075 3076
0.539375258964657 0.3235759242548263 3077
-0.07398930666578955 0.1572278307921862 3078
0.3410128604387579 0.3257808862500938 3079
0.03343019731047614 0.0815454616650724 3080
0.6374809900961376 0.6231764885758322 3081
0.4746443890078743 0.3686337810739728 3082
0.7437593567919469 0.423710812627947 3083
0.4862301126891491 0.5511863484348869 3084
0.6433405251872963 0.5941300837605633 3085
0.3162784193933088 0.2259128920757169 3086
0.3546034883064613 0.1720785869367247 3087
0.3810775627858405 0.2139268763524179 3088
0.6042681404067836 0.4771683687057761 3089
0.3989321337888475 0.4085876343106257 3090
0.323925055423508 0.4872510347305886 3091
0.2845986169413091 0.1676848402761971 3092
0.6811763097218503 0.6432542663375518 3093
0.4705705110468602 0.5435857248800159 3094
0.1627052856341408 0.2037326426662278 3095
-0.009370524569523843 0.01086286488025052 3096
0.3813336865286328 0.4349422475423215 3097
0.2010525022670058 0.2036913714385441 3098
0.5549302500999701 0.3988598005661672 3099
0.6686343716133967 0.3488409583591874 3100
0.285825340732458 0.2192603191062832 3101
0.3154162692616083 0.1244395564487281 3102
0.6720757833688167 0.2719401463723031 3103
0.1303941798475329 0.09247426745256918 3104
0.08906764040377149 0.1770079105862106 3105
0.09705685770026193 0.3770197310791635 3106
-0.0824206546786205 0.1477397704539598 3107
-0.1693846279789298 0.1654682692933021 3108
0.2532134340676946 0.4143003305837416 3109
0.5858307253177301 0.30943693890693 3110
0.7544084132886655 0.5584212730293465 3111
0.5007873884069711 0.4342987138322452 3112
0.2321462820537252 0.3704280638674896 3113
0.5277611544603659 0.3399075026441096 3114
0.3872457136577809 0.2563950876881236 3115
-0.06642106595141316 0.04770643913498607 3116
0.09318105922068395 0.4072061277938791 3117
0.08654786187926908 0.2961104562011561 3118
0.04238725624888084 0.1383961168499884 3119
0.5791145594514201 0.5358772421046845 3120
0.5230562529377133 0.2965012947456361 3121
-0.1290099956697659 0.2457517680668107 3122
0.2045105000657652 0.09929044800496541 3123
-0.001674140237277061 0.2834789844888717 3124
-0.1139715441765626 0.08861573267498304 3125
-0.005915382510643688 0.3502922137709596 3126
-0.1464405969665135 0.1880663978703148 3127
-0.03137053761604489 0.1351216601415078 3128
-0.07747993613407901 0.1150682088349198 3129
0.7501223811508464 0.5393323139329652 3130
0.04966733801267125 0.2126731126591863 3131
0.4790890887513083 0.5105590937382762 3132
0.5531553864302926 0.5745126747439235 3133
0.005762483522952575 0.09105592901547975 3134
0.1553425378303288 0.06589210281321392 3135
0.360553445446401 0.4698555033228275 3136
-0.1173203942419415 0.2858901532727359 3137
0.3536433108453296 0.4777747789411055 3138
0.238194676802358 0.2188463969885777 3139
0.18697045712925 0.2295055626367482 3140
-0.06323777950186844 0.1292812483849815 3141
0.2580759514560212 0.241268379249149 3142
0.600572491085501 0.4615659393717693 3143
0.3978871651386103 0.2699452390862737 3144
0.4299250615375851 0.4122907054662634 3145
0.099695584887146 0.2073975364017224 3146
0.6670061035805881 0.3296248464867524 3147
0.3167968128965795 0.3594630978128611 3148
0.6543312138978505 0.3628116361658483 3149
0.2813943916862315 0.4519402670880515 3150
0.5524078816893313 0.2821403592417543 3151
0.707388915272682 0.4230022940263806 3152
0.2192656389006061 0.2818928603143589 3153
0.2403977463787907 0.1598152399503351 3154
0.2134049016710999 0.3682545547711554 3155
-0.07037455073722332 0.2242256012018763 3156
0.7022691223108219 0.3848987346206589 3157
0.7898812633471624 0.2985139716879183 3158
0.03629121571441667 0.3698219061548904 3159
0.5227470439766819 0.3748653437366025 3160
0.6415908525686888 0.4825939604617331 3161
0.172827997599778 0.188204219309776 3162
0.04062567342306145 0.1687068014841331 3163
0.4480717900431025 0.4065979364564818 3164
0.6930159046756312 0.5386937609772877 3165
0.7433149894952513 0.2804091161590387 3166
0.7085502610860624 0.6153865032462452 3167
0.2651659672051404 0.4767118929880488 3168
0.6964444566857531 0.493123475669617 3169
-0.0208375210756171 0.08761075853912703 3170
-0.125554912681606 0.2347017991635251 3171
0.03359728341424467 0.1896270096495473 3172
-0.1230793278715247 0.03432375421358377 3173
-0.0293827992397881 0.3096687629989313 3174
-0.1630381283773445 0.2743471900881218 3175
0.2895923251345285 0.2296810041744896 3176
-0.1801710846773688 0.2809476750799842 3177
0.2816292755512982 0.2496691550569159 3178
0.6918836885529788 0.338557317391121 3179
0.6628764071794218 0.5972796683217365 3180
0.653754704864844 0.3942753087583185 3181
0.1943526928204267 0.4474784370150251 3182
0.3428874340306359 0.2390383523309509 3183
0.1567179693501711 0.0832905332277226 3184
-0.1457914107945502 0.04539007371767646 3185
-0.1233580886629269 0.1993096186853036 3186
-0.001863459220479543 0.2281931117182645 3187
-0.1339641830456933 0.1942359179961888 3188
0.2383614426585682 0.09809231733939655 3189
0.0995439436061501 0.1923340343195657 3190
0.3332212840707984 0.3372087823683524 3191
0.423147777878859 0.3402289812207327 3192
0.3652114708464177 0.2830245812618531 3193
0.1725023896210192 0.2612584949307258 3194
0.3892890044477907 0.4836910861190403 3195
0.5215125349893235 0.5796456296235528 3196
0.7030961173888743 0.5117183904179943 3197
0.06119715043277249 0.05795222313211749 3198
0.763964779667286 0.6126597736211061 3199
0.6822807834783977 0.5943938597093013 3200
0.3465925828509394 0.1820679652874664 3201
0.7593107483805105 0.4826950568471257 3202
0.1798409551417257 0.3706796588471966 3203
0.4989574719150239 0.5221930515682019 3204
0.7688402368754812 0.6322746034414852 3205
0.7566316939310818 0.6731275672095411 3206
0.3934494972890573 0.4604037728285493 3207
0.3120667265494977 0.483232162910318 3208
-0.1615149746227971 0.03880320358240637 3209
0.02947457483865113 0.2906039245211501 3210
0.07022482567279908 0.270865837078215 3211
0.04169624172470462 0.3866269149787693 3212
0.4430009638569046 0.5319619191736362 3213
0.3571358974586341 0.2513673656397045 3214
0.3752280654009528 0.4611840552965037 3215
0.6779643233863952 0.6283742864438686 3216
0.3327874982091193 0.4448966278017963 3217
-0.1410668308050507 0.1325735663735747 3218
0.6051746434911097 0.4894929619049331 3219
0.3773816135531116 0.5048100909346098 3220
0.365007978546411 0.3258390452101208 3221
0.1342013062045787 0.1487412006201175 3222
0.5408388444042439 0.2944439448738623 3223
-0.04462683920939717 0.1942208465413488 3224
0.0797840802976649 0.2341530763382052 3225
0.6556853439838103 0.4743312407259109 3226
0.7205735041248955 0.2717601769042265 3227
0.07856527811080916 0.03852111604793439 3228
0.3834622744190155 0.1618792882822393 3229
0.6048883423276797 0.3656259965071011 3230
-0.1082701022122805 0.1689456013707922 3231
0.03543574690742234 0.3284730695377171 3232
0.1488544681074841 0.2946187037545313 3233
0.7411030267385523 0.489245916821395 3234
0.2275192971792373 0.3418679335267936 3235
0.169750490624021 0.1749611863208998 3236
0.4012389699498043 0.1702924210582769 3237
0.64088632197534 0.3872950806174295 3238
0.7801332124362141 0.3318026854189278 3239
0.7449033019772092 0.5796891699671606 3240
0.4255625048337964 0.3222759721882759 3241
0.7339520417137584 0.4161903887617768 3242
0.2218613477294 0.11692750582763 3243
0.1926519154604744 0.4022940993059959 3244
0.1308812752095007 0.1266638196290531 3245
0.4035044323805274 0.4355702789177733 3246
0.5304338769608808 0.5127923161814385 3247
0.6503260136011819 0.3287794406926304 3248
0.7228721339848496 0.5648460041864789 3249
0.05690894336786514 0.3917479521474574 3250
-0.1631542061714828 0.1982503115235485 3251
0.1644857118424886 0.3786499474546055 3252
0.4124224035854187 0.2928976198870523 3253
0.3336881956176302 0.281648042908634 3254
0.692814436959889 0.5639760037299285 3255
0.7314492462239445 0.4660693720572681 3256
0.4533734430910875 0.4600729414906461 3257
-0.09707193234867065 0.2116933181017416 3258
0.2588532671111543 0.3452405303176042 3259
0.4192744409866725 0.3636684615240723 3260
0.1640479450551935 0.2729897371156772 3261
-0.09179483343503742 0.131818694475706 3262
0.4876309279295323 0.2026112359649279 3263
0.4950076407169129 0.2600125341006897 3264
0.4406291548784672 0.1823688449559443 3265
0.1954605048306093 0.113247698228123 3266
0.2589559912284475 0.2578947489804475 3267
0.5595204973427171 0.5418881404973603 3268
0.382390845314944 0.1488704901584215 3269
-0.111549164148299 0.2683399647102087 3270
0.6377873787702915 0.5764997626617214 3271
0.5669637320801282 0.5507066691028997 3272
0.01703965285829026 0.02980883721712573 3273
0.1846279151343872 0.4110959376427524 3274
0.6588415677582994 0.2825055268392203 3275
-0.04637868804395203 0.1506598419411354 3276
0.2283953586146412 0.2028058245453338 3277
0.7811459236127622 0.34755903400981 3278
0.2947230869114495 0.3525405256044597 3279
-0.123482392852054 0.1295514864002016 3280
0.05159643083750939 0.127928942436435 3281
-0.1042500301035116 0.302756452290637 3282
-0.1811609097360083 0.2977324847901549 3283
0.2625748953010666 0.1350112408516207 3284
0.0609162732236829 0.2528659823589688 3285
0.5236154069789606 0.4025153234115683 3286
-0.05371880715081019 0.3316852939855937 3287
0.3358066950418104 0.1468604725299693 3288
0.1079855979883161 0.3685354659503929 3289
0.6385456061819612 0.5267225071723223 3290
0.6036631603421767 0.2302560796709805 3291
-0.004668895667145433 0.07897141888276475 3292
0.3043410670813186 0.4421032283268518 3293
0.7441849801786758 0.3065742075984954 3294
0.4308892793301424 0.5277605625144127 3295
0.3364781501983957 0.3581751709135091 3296
0.1190554350225368 0.1682585121462799 3297
0.600779124243721 0.4443796168396619 3298
-0.1109327583028816 0.250728125387654 3299
0.4532704816520942 0.3258835014314867 3300
0.1328606893089937 0.1078459717456957 3301
0.4672192656417272 0.3863998303719865 3302
0.7293378145729028 0.6629784894097023 3303
0.04583574125788318 0.03975197127052502 3304
0.02018415848089964 0.07394382601902559 3305
-0.09477011879696903 0.1077493644134837 3306
0.3164878310712879 0.1961096096643321 3307
0.7096018377527937 0.501288289502658 3308
0.06771182107973563 0.1777988377682874 3309
0.3227874668572703 0.4333019560381551 3310
0.6309254350178827 0.5886896890095303 3311
0.3188365762383351 0.4536308438081165 3312
0.2441178947381877 0.206785833195544 3313
0.03726855809319052 0.3024644673626123 3314
0.4215125967156464 0.4298695902759156 3315
-0.01926547968229395 0.04450414272859236 3316
-0.05636092757161896 0.01954879693627012 3317
0.2958488350642469 0.4751447993981784 3318
0.004313582356369051 0.02299022117125435 3319
0.2196777009627292 0.4164464215695457 3320
0.1048855726217115 0.1711212698764626 3321
0.4798213120586677 0.47659945291716 3322
0.5709872523825835 0.4813334588396662 3323
0.2452464598795682 0.1751458636084166 3324
0.4017399716069319 0.2154108239085879 3325
0.05688982428948205 0.1729195724923524 3326
0.2169351946703399 0.1042710515750272 3327
0.5079050149775941 0.4647444997056051 3328
0.06721639737793723 0.3661860739462118 3329
0.6143779998594622 0.288803974743052 3330
0.1455108723895733 0.08318609109010605 3331
0.1721023687345388 0.2062321669498983 3332
0.4180091940050603 0.3073448574030187 3333
0.6401348779288922 0.3156166508800442 3334
0.07495470515092917 0.1482727051013047 3335
0.6145564251052186 0.2452688956199489 3336
0.7666481726975101 0.5097969820455361 3337
0.1021141948002227 0.3571578539687302 3338
-0.1685184478668048 0.2587334028623162 3339
-0.06507359777157051 0.1168243376094598 3340
0.0757948433292186 0.3045865312931447 3341
-0.03087794720606724 0.09555276411168082 3342
0.2078958887251935 0.4374573163532122 3343
0.03592372871795847 0.2856174405031929 3344
0.7919386584204169 0.4505064234010475 3345
0.07992551185340115 0.1871084887451161 3346
0.6915656558813982 0.4229452735371187 3347
0.09925895481074433 0.2858295258527904 3348
0.2511843900764795 0.3635510862310037 3349
0.6157426064244542 0.4914842448977883 3350
0.7214950307093535 0.6457523661322652 3351
0.1718586046348029 0.07218548878417411 3352
0.0600365566040393 0.106252547412336 3353
0.1026131257428189 0.0471302189877234 3354
-0.1269964051089174 0.2167393472486137 3355
0.5842404935343539 0.4411522171905729 3356
-0.03675903394053807 0.1112251982765008 3357
0.4489639471833305 0.3582251463163603 3358
0.2406069571980641 0.3088212958900301 3359
0.3532737955700754 0.4476675605714744 3360
0.7553583349012361 0.2949885981356271 3361
-0.01875582276520457 0.1208992335766003 3362
0.5973151983634619 0.5509350377043236 3363
-0.01649041405673907 0.132623330202367 3364
0.1553569975137254 0.4194553520090044 3365
0.1575681071125903 0.433255778138789 3366
0.3625864715000494 0.3906364027172484 3367
0.5773297071562011 0.3484840252844937 3368
0.06310541780166362 0.03192649249083228 3369
0.7189488985431853 0.5424452507433506 3370
0.5899940409931503 0.4903399054812084 3371
0.1538226131317464 0.3673069442689645 3372
-0.03531803416466064 0.2732735180588365 3373
-0.03050276959252995 0.2171285976338567 3374
0.1681617984932471 0.2931824972353412 3375
0.2027907204720484 0.1765989470364885 3376
0.5828221078588717 0.2935444022141696 3377
-0.08758702784304719 0.2981863302150548 3378
0.03319930323971404 0.05391882134291409 3379
0.3012418099718683 0.332620850380132 3380
0.3519491158526291 0.4239966834659605 3381
0.1838372854765102 0.3592464257880552 3382
0.3307375069069114 0.1293574481235811 3383
-0.1932238087388947 0.09274016417493262 3384
0.7481932890752054 0.6603871691828177 3385
0.5912577819107998 0.5051818275758047 3386
-0.0456195019286938 0.2817401055679836 3387
0.2609465927548554 0.1691802732892465 3388
0.1838937060929841 0.1560143035426296 3389
0.6148330706750271 0.4720217000996836 3390
0.7807412618006174 0.5638472235473745 3391
-0.1482694583530318 0.2872112443965129 3392
0.242826056265567 0.192147710821721 3393
0.4881483357120058 0.4325691032152664 3394
0.5162585816426729 0.1993763707102164 3395
0.6259389733964035 0.5520504520625509 3396
0.6755468741310076 0.2532597262846198 3397
0.6687177963979642 0.4015063281260506 3398
-0.01017447762369704 0.1432795452366432 3399
0.2116947368403074 0.2659550411987541 3400
0.469656599395966 0.5582375361647824 3401
0.3335557671286168 0.1906446654694945 3402
0.6617469658252382 0.2646920148879112 3403
0.6897604665208084 0.5521589988779683 3404
-0.02925670047958008 0.2913759093927532 3405
0.6905012247839608 0.6122888421531993 3406
0.1185339974997393 0.1906965416307188 3407
0.6316694011884267 0.4032484498523079 3408
0.1016000083912399 0.3981500413032985 3409
0.1271651049349723 0.3897572754478023 3410
0.2155378764152703 0.3303316503938076 3411
0.5905022076634944 0.2236494712006375 3412
-0.1272277116390336 0.3193716522342343 3413
0.08966999405371803 0.06897190089631361 3414
0.4898872479630161 0.5377428766787583 3415
0.4629081113566614 0.4757598692519487 3416
0.05251618938794614 0.3758614054123008 3417
0.1065378350097064 0.06260239258698476 3418
0.5636756181621916 0.5963510329936286 3419
-0.06333426323302369 0.00842477338285034 3420
0.4840439883150538 0.4394101484969631 3421
0.0418992770829878 0.2665796506731319 3422
0.5707316795744426 0.4538466517716376 3423
0.1669489411025525 0.2310988777843421 3424
0.6999200392621586 0.522803919407864 3425
0.79224162643074 0.5257175220033448 3426
0.252572187492155 0.1493282591683402 3427
-0.0345694521641153 0.1544261224380677 3428
0.792499519831636 0.3905969632993363 3429
0.05232022354780515 0.3272674194905039 3430
0.6146619291490159 0.6162969239147537 3431
0.560571620898619 0.3316546407611081 3432
-0.02257766435807641 0.02296870143888317 3433
0.03458464263772625 0.1063986555632681 3434
0.7914975541219064 0.46609278766164 3435
0.4845811092164808 0.4955363508161899 3436
-0.09637764092393142 0.2771352911224524 3437
0.420920100563373 0.399686977681648 3438
0.02504232626753552 0.2411107647590631 3439
0.02100446973100366 0.1166450881365498 3440
0.4336275110794972 0.1674656770320935 3441
0.1694509915666714 0.1314243399343887 3442
0.09449015498100381 0.2326867521153438 3443
-0.1033413955149514 0.281463517110568 3444
0.4713430719771911 0.1787042577162558 3445
0.1557630131408863 0.3897809470815128 3446
0.5801762822056366 0.2507992783229044 3447
0.08868627146499986 0.3145285832485808 3448
0.4281761387738238 0.4556357893220622 3449
0.7802878831979787 0.3896322065104788 3450
0.4244194152851612 0.463841075264672 3451
0.0003930846327959544 0.2174353620173659 3452
0.3237582092430961 0.3505442143753743 3453
-0.1570566216977045 0.1207830354388161 3454
0.5493945158590364 0.5909491098712952 3455
0.6319450843749684 0.4986021082560877 3456
-0.1912144627471213 0.2383687862300543 3457
0.662964764208378 0.2988389920245849 3458
0.0178716617649466 0.3293850764327641 3459
-0.04518625889324701 0.2978903175140814 3460
0.2544688289307036 0.1664928316384853 3461
-0.137738534922659 0.230676052160845 3462
-0.1096908145404159 0.1007004197937369 3463
0.5029966726769828 0.3172386983050811 3464
0.5803524184926576 0.5884712066755803 3465
0.07802726843629423 0.2867246893720144 3466
0.6618859907710155 0.6352902861276266 3467
0.5297471286084836 0.5306724806742175 3468
0.2363174466633954 0.1644660205581872 3469
0.08056385077793202 0.3138414349346496 3470
0.4239381672847758 0.1902364824050515 3471
0.4137216457134586 0.1931416775373899 3472
0.7539861254247484 0.5218661427325764 3473
0.2266335337351905 0.2978571733083315 3474
0.2047288332364554 0.1151520955064382 3475
0.4872997057238158 0.5249403814488807 3476
0.2207419968714626 0.2653088476142657 3477
0.4268885095933835 0.2597253193281279 3478
0.6603439309432795 0.4233850053106032 3479
0.6987725509225768 0.3332920303399242 3480
0.2650187294361077 0.4592468515609295 3481
-0.09317949629529659 0.1560612756761012 3482
0.7781368549747625 0.460826652823121 3483
0.5890839492494817 0.3467232012380925 3484
-0.1019877341774287 0.3299841026511453 3485
0.7436852503297491 0.2910061366282222 3486
0.1829823022774247 0.3814333441221599 3487
-0.1069566072663491 0.153898467582057 3488
0.3471262570383548 0.5096425623819568 3489
-0.1238054602468528 0.05239970323320811 3490
0.3531952339377609 0.1525819051153597 3491
-0.1752606587897039 0.2869342746368339 3492
0.6288015502399104 0.3873109707930877 3493
0.5754964595791086 0.2755921684471991 3494
0.2939155982990249 0.2618832797622891 3495
0.5303444406356035 0.5697117838507582 3496
0.4183260393572986 0.1754261510821555 3497
0.1433632892769517 0.1204986684745168 3498
0.06307251125489327 0.2254263713851899 3499
0.28174458890652 0.3796040201956593 3500
0.2967977630100801 0.2737951167103482 3501
0.3300808348864567 0.4605640522345033 3502
-0.1803855349177841 0.05713573734972253 3503
0.6099994049022428 0.5631703059440303 3504
0.148117512924294 0.2100672219419015 3505
0.4199969092690122 0.2058182612691777 3506
0.3220710187139472 0.3827535525074661 3507
0.5698004206623932 0.3213841871531756 3508
0.3845224104224315 0.375867224445778 3509
0.658226059966272 0.4111364869713626 3510
-0.1707539710484638 0.1332896202883126 3511
0.6474085883778586 0.4111361906660509 3512
0.6942591740878831 0.399393615239204 3513
0.7573139119303297 0.4542261922537649 3514
0.3742738935892329 0.2509042854459599 3515
0.291619881752769 0.4415523650556797 3516
0.4119840792970184 0.2651850448509397 3517
0.3985549820671812 0.2548633740157588 3518
0.4341220822837077 0.3962340671187772 3519
0.4998035723631751 0.3471574532290755 3520
0.6533648393826401 0.3117941633314753 3521
0.7044767992917124 0.6027773577123785 3522
0.1555096661589723 0.2857169473515903 3523
0.119932560719775 0.3903046222655572 3524
-0.1796334114566661 0.1542710519849369 3525
0.6210728827040868 0.5790570888114036 3526
0.7046801207994328 0.2771560349984019 3527
0.04308468523204002 0.1984963176881331 3528
0.4076030623789799 0.4835294153597847 3529
0.6262257575458076 0.4849968008948158 3530
-0.01069089270583698 0.02367017246185397 3531
-0.170284456469653 0.07823620624582255 3532
-0.002071018524835821 0.3368574349575051 3533
0.2577315864358294 0.3890436716980372 3534
0.2543304797607057 0.397321735676655 3535
0.7273253777095655 0.523336435891816 3536
0.4107387934549221 0.3124101436063901 3537
0.1285707617879928 0.3770174432180015 3538
0.4754713361392315 0.2415465967436959 3539
0.5786360872972134 0.4120062288843632 3540
0.464000412823739 0.5076050969086765 3541
-0.1381274356715695 0.02404151223890854 3542
0.4957254090032939 0.3066554690526347 3543
0.4722374189594141 0.4857678040492245 3544
0.3854920733637759 0.1969555716081151 3545
0.08742596954382822 0.1942478089277711 3546
-0.05075960958561269 0.3489840132176434 3547
0.0264966495795937 0.3812520670200944 3548
0.6557782746267722 0.2478140311683327 3549
0.5004326800745741 0.1932349981254688 3550
0.5089187488156116 0.209319387800273 3551
0.424184924163513 0.229451233756603 3552
0.1212286873587454 0.1757121765038107 3553
0.5897061784437544 0.4052293825198232 3554
0.6421190923447837 0.2781054039006714 3555
0.5831704471527307 0.5564562664003798 3556
0.3554230379762097 0.4978116795298906 3557
0.7312623406582422 0.6354676739930998 3558
-0.1929706297230251 0.295183558417443 3559
0.431484888416655 0.3321768181774803 3560
0.08333984975192421 0.3655649321037737 3561
0.2158381926895636 0.2389163493168699 3562
0.1036534844884659 0.07716336279577107 3563
0.2974721818812738 0.4888888677390923 3564
0.1969824360939434 0.07959587346038122 3565
-0.01289039641327912 0.2857324412508683 3566
0.3608479477639836 0.1415615875396707 3567
0.4115472562803337 0.4052540293636153 3568
0.7790479872840392 0.4380884522001159 3569
-0.04003006013533302 0.02174664296666168 3570
0.6761736337060745 0.415998941457204 3571
-0.01001110428417057 0.03120156843443588 3572
0.7698271085033194 0.4685015206022264 3573
0.07017469929366038 0.400052302521645 3574
0.2839731897661473 0.3924920873337998 3575
0.1076290039524823 0.4134621752311298 3576
0.3512646847297811 0.3354334158016342 3577
0.239417658463022 0.2011028554703409 3578
0.03333657246849948 0.2106687989221751 3579
0.6933659291747964 0.2901309899384163 3580
0.6017581491988921 0.3574773892652833 3581
0.466284133164495 0.3095296301117326 3582
0.5686905368528089 0.5245420826600191 3583
0.2127491004208708 0.2062728648652059 3584
0.3290922577862269 0.3671081195030425 3585
0.7632844070044731 0.4001704518185965 3586
0.3104181560413539 0.3429541644714606 3587
0.3187188328557966 0.4710604803622361 3588
-0.03483572023850867 0.03922156682184006 3589
0.2512321084902118 0.3339655615449763 3590
0.7791022800311577 0.5337384292479797 3591
0.3947304116355191 0.3824373961246097 3592
0.7921585452930795 0.4888926265840854 3593
0.0266395849992438 0.2485124086015178 3594
0.3714752188779586 0.3796919358447897 3595
0.5251269066741916 0.4865170574802309 3596
0.6126323347371678 0.431926265262417 3597
0.4765918028061899 0.2345863954362464 3598
-0.08989957753552476 0.1882423811986209 3599
0.568818031476379 0.2153262199462762 3600
0.4125368353091721 0.237490538452266 3601
0.4685966130779651 0.4686559348240471 3602
0.4269214138295085 0.2039414250987864 3603
0.1157813780693135 0.326430986731589 3604
0.4258577719194606 0.1794294589299929 3605
0.10486361506172 0.1558880518756972 3606
0.4781124749339966 0.2085593136094146 3607
0.5557940511679944 0.4871423515929485 3608
-0.05218500494694554 0.1155719596439447 3609
0.7342369338043541 0.5107385780786924 3610
-0.04455725318242629 0.124303413264292 3611
0.07377921841152654 0.04569882631677565 3612
-0.1461385188783546 0.1265824012543124 3613
0.01299002117722896 0.1545676278615398 3614
0.1538558078722537 0.317418130973561 3615
0.2007230189655888 0.3067692900614182 3616
0.4419753128598413 0.3368577112984399 3617
0.5690432545904143 0.5822647431072977 3618
0.6427663345612689 0.4435219846150392 3619
0.6397502198512239 0.4512414900259292 3620
0.606163093677877 0.6016328948181427 3621
0.3479618600178074 0.3242145835805197 3622
-0.0190320528811758 0.2734424242042649 3623
0.7914667770913412 0.3211002189810538 3624
0.7680915616230855 0.2903318474136524 3625
0.5433381239653206 0.4191475489490079 3626
0.5007205689818524 0.4462197306029126 3627
0.1509053830977324 0.2274559207251849 3628
0.7941046030860074 0.5998143698881022 3629
0.4692978112403593 0.277270416504233 3630
0.3802148698412531 0.1853610626893212 3631
0.02793309480003282 0.2247998867409333 3632
0.5382511572604004 0.2333740767987336 3633
0.06076281767554993 0.2819236440599682 3634
0.1278066519717048 0.2862430680270847 3635
0.4149728760789951 0.2541353823721859 3636
0.7585232857434571 0.6298992221269177 3637
0.6583323132259218 0.4849642063957132 3638
0.6326177699617218 0.2379042723185865 3639
0.4539198125654231 0.2985454550140672 3640
-0.1688539670796582 0.09355859411113857 3641
0.1126661116673041 0.07855339843100688 3642
0.5395613717421781 0.5610848933482253 3643
0.1092513613637424 0.2296493351441106 3644
0.2626725467506571 0.1046808950012501 3645
0.2424592434453724 0.3398981003096173 3646
0.3244824335698081 0.2406392736458052 3647
0.1248650484105427 0.108613901487374 3648
0.3033928971347328 0.1436234559712 3649
0.1859703167937011 0.4308433975910627 3650
0.1933927872950894 0.09399027046445005 3651
0.1150766675871678 0.4023761820510865 3652
0.5618550537456758 0.5672456503978707 3653
0.3728511141647855 0.4784010135295478 3654
0.7919762286344665 0.688179025375158 3655
0.1172966225529526 0.05283084010272199 3656
-0.1649136874837532 0.05544755199884695 3657
-0.09923053237709703 0.05938291173819994 3658
0.1186757244964988 0.2162384788088551 3659
0.5967219156466715 0.3176502737974764 3660
0.2901861120474796 0.4086491419392976 3661
0.3107938129188682 0.4279590942638073 3662
0.626595037823461 0.4428581477540874 3663
0.4294544715317539 0.4311600968966735 3664
0.2129235644809921 0.2949091183857647 3665
-0.130938168420237 0.08951677307714738 3666
0.5299473643249919 0.5511138104588065 3667
0.4405205918270951 0.2226021493432128 3668
0.4865221508983454 0.2465949656349003 3669
0.4967001117976318 0.3939652431428052 3670
0.5012247643096878 0.4023783415087751 3671
0.681796347112547 0.5523700890391589 3672
-0.05880132627227963 0.1602342404395282 3673
0.2940988633887259 0.2460407981139442 3674
-0.0793195299302171 0.1397117551086353 3675
0.3293527053715758 0.2029835279153042 3676
-0.08357075634180235 0.03764049144046117 3677
0.7657325490428871 0.3560388794669835 3678
0.4173843246742074 0.3373888998709542 3679
0.1424150350251482 0.2262186356699138 3680
0.1703294967002008 0.3564795132930723 3681
-0.1730714465548646 0.02014161082505554 3682
-0.05853253460518131 0.03070698470037551 3683
0.1428190513362231 0.1633986247393644 3684
-0.0651915074067234 0.1446294150934844 3685
0.193215045024502 0.1891846632388104 3686
0.7364409688545011 0.6540755014633614 3687
0.3973504115382331 0.188062726793692 3688
-0.06061899462849768 0.2314892012069734 3689
0.5922304386362464 0.5359936563438223 3690
0.01683149204594873 0.01636122907250312 3691
0.2616953088191564 0.1523989953051866 3692
0.416895555906188 0.4494072869810023 3693
0.6920511684241205 0.4812535967515806 3694
0.324434053153891 0.3201969675588235 3695
0.7236517276809338 0.5932553364182994 3696
-0.04538849652403507 0.06559781396029651 3697
-0.08508524584774782 0.2163357657743172 3698
-0.1025237694122292 0.2942060270524577 3699
-0.1239969531663939 0.1095494901465265 3700
0.1986334137120201 0.3737717395080205 3701
0.7288553229877659 0.5545050376607128 3702
0.05801142130639571 0.1405703721550412 3703
0.1829334199325693 0.2898508654996534 3704
-0.009976472501202656 0.3669836264105555 3705
0.4048615174948261 0.3575789065638891 3706
0.7236135154989698 0.3981561378679151 3707
0.600307326799523 0.2367193451327865 3708
0.1321892973941315 0.3359081435753714 3709
0.1222757647196034 0.406000414683593 3710
0.1426112202558995 0.2781108694815882 3711
-0.01048233131454008 0.168772178635469 3712
-0.1004333939594428 0.3165312075140845 3713
0.02180284074179825 0.17797624583849 3714
0.3781134886982103 0.348365489868048 3715
0.1826133862819233 0.2707407814530663 3716
0.5693982866495677 0.4405943875466645 3717
0.2779931502149851 0.3399285428688384 3718
0.1047031642595292 0.3094106835312047 3719
0.1612000148156863 0.3020239429142577 3720
-0.1910857593768226 0.2013061477225015 3721
0.5468693656058063 0.3619436976394841 3722
0.5566952538457957 0.2563656846911428 3723
0.4630196582831867 0.2419378273669491 3724
0.1788819081527537 0.2605175896184446 3725
0.3946232177448583 0.3937554577817343 3726
0.0936381749869913 0.3070462953858236 3727
0.7638003817065009 0.3876254178486882 3728
0.1434848186239498 0.4128722469968894 3729
0.3607439992814201 0.3472554996050174 3730
0.6031321533115468 0.3076402969124094 3731
-0.1132888737162063 0.208634564396904 3732
0.4279696657113332 0.5421081011577648 3733
0.1232310970495846 0.3645126980282221 3734
0.0928960193638297 0.09805034997210868 3735
-0.08056244236979046 0.07684549554598727 3736
0.4333131947718663 0.2818828819445438 3737
0.2723942487250438 0.4679013567488662 3738
0.6438598276137486 0.3572739045393222 3739
0.7206933065337163 0.4716848091990726 3740
0.1739290161852663 0.4432492251198847 3741
0.2971429024985447 0.2136507075357884 3742
-0.002389074838238664 0.0618505647736719 3743
0.08701584323038304 0.2199109705727896 3744
0.3394237771845507 0.4223729643415987 3745
0.5616938975218441 0.2687593180087559 3746
0.03154063299641775 0.1522806809425476 3747
0.1714669539182989 0.2460767872691815 3748
0.1599057499666304 0.3954852930944534 3749
0.6243330082647693 0.6001075983463035 3750
0.4753301709270211 0.3384414470653321 3751
-0.06923967504340706 0.1744005921143224 3752
0.4726245387418651 0.1932219500481358 3753
-0.1092024156684523 0.2383617833469518 3754
0.1430714639647583 0.3963110691480684 3755
0.06874778337475217 0.2413155869703899 3756
0.7210110529032103 0.6282583636114657 3757
0.2369551570265613 0.4171301966433335 3758
-0.06782653799676254 0.2069842015316344 3759
-0.09512954305914974 0.1956657023025938 3760
0.6159014447978706 0.3650184707922439 3761
-0.01767825862800153 0.007920339893861523 3762
0.3437090741013254 0.4032305099032648 3763
0.6764207355993104 0.5034359756681536 3764
0.08760679742167821 0.05354022044107759 3765
0.1773935876003536 0.0878463479073312 3766
0.4026503659858039 0.2646194734126331 3767
0.7211875865287843 0.364867497160692 3768
0.2832803714435818 0.1253439401603375 3769
0.1864638857645974 0.1209077354554951 3770
0.2591253270965459 0.3649588729805636 3771
0.6285021501288739 0.344454191184361 3772
0.05771932128327745 0.09801092491067437 3773
-0.1674901022301111 0.007872315768038363 3774
0.4312546155511559 0.4417791440501613 3775
-0.07617688422183688 0.3104304627147068 3776
0.3808207330338068 0.5128878669407517 3777
0.1517416767673264 0.1102202162514662 3778
0.4544250422517971 0.2693745699153555 3779
0.2009649172484842 0.191922875064317 3780
0.6174373695511581 0.3531866734486498 3781
0.005524994733465937 0.3718397079788893 3782
0.7777294679035316 0.4033061078491913 3783
0.6004100435427482 0.2716583236150198 3784
0.6535166828139559 0.633222181853654 3785
0.3724755414576918 0.399614503429798 3786
0.6506764325613259 0.5226032628217534 3787
0.4579455940363075 0.4326203356733727 3788
0.09175923381350583 0.1651277582238606 3789
0.2032030839159269 0.4116218393878093 3790
0.257060456700447 0.474271658335961 3791
0.3247904614444654 0.2588126318527754 3792
0.06260954734371897 0.04289889121301643 3793
0.3901224526965754 0.3241163971672373 3794
0.3108139088449369 0.4618583348231814 3795
0.2559922259184706 0.2011788382929611 3796
0.1757285174206949 0.3382040096498314 3797
0.2461491523634002 0.383974170533789 3798
0.3156511425114443 0.3718116349315349 3799
0.3765521509416248 0.2971927928082254 3800
0.7344518782179028 0.6178563549160063 3801
0.5975839697706662 0.4888619947079891 3802
0.5836678632051343 0.3226465938552416 3803
0.276480069266107 0.1105821095263559 3804
0.1424848186995969 0.3618667254336604 3805
-0.03833403118358628 0.07874910009297327 3806
0.5020049156856732 0.5308930932901404 3807
0.00324941090657741 0.2651764048285704 3808
0.5123953253690431 0.4806968647798773 3809
0.4862645148126182 0.2203108378986333 3810
0.6305915455987764 0.2965133050400748 3811
0.7190996919516957 0.4375468212094324 3812
0.7914865188855861 0.3060131541521257 3813
0.3677433804920605 0.4399711785102597 3814
0.04685803680952587 0.05420965860187098 3815
0.5927706046062382 0.5660538871995767 3816
0.1645267378704793 0.1891146876037034 3817
0.156234583870134 0.2557763153985355 3818
0.6324440643504678 0.324264662059252 3819
-0.1791562679747394 0.03622261457506426 3820
-0.1145949101057583 0.09510069451901712 3821
0.5094083945702563 0.2675318536117329 3822
-0.1592845546421306 0.02034009833153095 3823
0.4523007048596441 0.4491118585945775 3824
0.307673483139102 0.2801555504229274 3825
0.6304245693291493 0.3725149861770899 3826
0.4384140305286066 0.3478773780080361 3827
0.6660556030934277 0.4571460864383664 3828
0.6669183650825303 0.6262688467613148 3829
0.02607488482842897 0.1386224543866812 3830
0.3203128895627365 0.2733297654104412 3831
0.6821465452398267 0.5691619473961378 3832
-0.05978311200640802 0.3050068220141851 3833
0.4010637692648211 0.3672111651617271 3834
0.274996050553636 0.2350780012802772 3835
0.1578970467671242 0.1604202504084309 3836
-0.04361974697495451 0.05035998890488483 3837
0.006813192276576267 0.3370969285241399 3838
0.4765655336106788 0.290055501564479 3839
0.7916754354434723 0.3575274032578618 3840
0.7001715231574828 0.293600369166597 3841
0.7715457886259701 0.4283859196823577 3842
-0.03894271084785648 0.2378774718925813 3843
0.7672712128720794 0.6450028349359753 3844
0.1165558610370151 0.1822430172106313 3845
0.05777406603466509 0.1648959547017776 3846
-0.1650708844967762 0.2912873101548223 3847
0.7137716197652412 0.3030786195190342 3848
0.1002040046212417 0.2938558352194065 3849
-0.07606989584617241 0.1796404703370467 3850
-0.1348016507742952 0.1129000596103954 3851
-0.1620489454675418 0.2289107842243873 3852
0.346613036343441 0.2320929543181747 3853
0.5890927138460234 0.2330234242710136 3854
0.3464214441944365 0.2766955002618492 3855
0.0001683274176035541 0.0959251824226152 3856
0.714580211439193 0.5865358017830554 3857
-0.003351121516539258 0.3563436313007785 3858
0.5127325710761563 0.3009901524763219 3859
-0.09663303299121775 0.04270781078368752 3860
0.2611261253992647 0.4296909567316278 3861
0.4633623322652595 0.5326819246655359 3862
0.5020063743538022 0.2193830500879962 3863
0.6512057875041425 0.2897984910929954 3864
0.5415211180174981 0.5769027665740283 3865
0.5510130562649151 0.2362914439221756 3866
-0.1302228821767585 0.1838776823392198 3867
0.6168954826043459 0.5000607261223069 3868
0.6728061309470372 0.5175567925550221 3869
-0.005140996254121623 0.1845063702594776 3870
0.07632122712340102 0.1206789192638575 3871
0.1623414450710965 0.2179602787376164 3872
-0.05547468896675189 0.1440414170657296 3873
0.7136018054548359 0.3756080479441651 3874
0.2372861952798069 0.3237780303821997 3875
-0.164208887261811 0.1518916051093037 3876
0.663079265778389 0.5037442943180822 3877
0.003407766919250616 0.07938751977172913 3878
0.278589947326329 0.152194188487899 3879
-0.158428558149785 0.06844618925374074 3880
0.3270107643939421 0.1378738845783699 3881
0.6362864233997643 0.3082239177988674 3882
0.1287123103749317 0.161137580949348 3883
0.5187871420166237 0.3551763682042691 3884
0.2036083374677521 0.2335592385235964 3885
0.6351282048267634 0.5155341530032839 3886
-0.1183830670561467 0.06794102372282088 3887
-0.1916439593259703 0.1646282215584441 3888
-0.08450807393937715 0.08715222854816167 3889
0.1156058986684524 0.378136354015178 3890
0.7427444039882403 0.6294786134529858 3891
0.5221074993710421 0.4175419885804458 3892
-0.1529952415275983 0.1592891397689502 3893
-0.05955405061934561 0.04631746166585984 3894
0.3423248577730795 0.3746916637172699 3895
0.7046949622611182 0.4943729136456851 3896
0.6128036731967959 0.3799306000284105 3897
0.3040421810790611 0.2251793774472829 3898
-0.112581249215525 0.0402420415934428 3899
0.6428871896882477 0.617387573382395 3900
0.04359412248938532 0.3388406922228028 3901
0.2602585756268772 0.3748980686402196 3902
0.7727392539826012 0.6661112324203309 3903
0.1477068045469743 0.306648475546456 3904
0.5541826957297231 0.2101873973457954 3905
0.2984492410011669 0.4264606066476859 3906
0.2932266510155109 0.3053379661267355 3907
-0.166506508785736 0.2046561045203905 3908
0.5312286514494418 0.3520778998467965 3909
0.08341028868855296 0.3305182448818811 3910
0.5498704871645764 0.3881873641478111 3911
0.3029078904722955 0.1844731526989924 3912
0.6690871536553928 0.3890435236779035 3913
0.524149255197212 0.2109988567367666 3914
0.1677030756903723 0.1551023403748352 3915
-0.0710930698886581 0.03458134157489485 3916
0.3023521783379396 0.3866635591829521 3917
0.3088841862894772 0.1730063172849904 3918
0.7814230739100051 0.5924290140714488 3919
0.7131572977432243 0.5743591751647222 3920
-0.123957259160011 0.1004419263953057 3921
0.7672564257630899 0.3201229998412463 3922
0.4503731247676444 0.2214527843684665 3923
-0.1340202476753129 0.1653657722884943 3924
0.7926276189508173 0.6516844363635328 3925
0.6879148380523912 0.521456849731964 3926
0.02949622468156259 0.1635508356214689 3927
0.7485062092314904 0.4611888130734545 3928
0.1326096532748484 0.2057151349606461 3929
0.1345275356000736 0.2148047815542071 3930
-0.03123265405632934 0.2029636813933735 3931
0.6194801136226195 0.5422059800084366 3932
0.2112572365239576 0.4454716457912917 3933
0.2857737133018282 0.2625708443719285 3934
0.6555847452159104 0.4472199231625155 3935
0.06780622853601796 0.3416352219595441 3936
0.2864064729947169 0.3621268168124323 3937
0.09197323482724018 0.08513457118633175 3938
-0.05605299759065137 0.09784956047582299 3939
0.3581640745286173 0.1595387677781455 3940
0.5790563055164348 0.3981246070078643 3941
0.3917439183312615 0.1628867437450127 3942
0.06131842905791424 0.0716508664215374 3943
0.005768304509511373 0.04427906713295006 3944
0.6956886451927107 0.277553643393222 3945
0.3091747503779861 0.2098694272247275 3946
0.4164529543305696 0.3245064756690504 3947
0.06880528164718705 0.3743112885799045 3948
0.2519049295258833 0.1223412658732793 3949
0.3970334223011653 0.1534381431131358 3950
0.4311139173893769 0.3848406072628324 3951
0.5146883164641125 0.4995015826528035 3952
0.04222065184754585 0.2421542968822119 3953
0.5237810894421748 0.3130543342019932 3954
0.5997974219662008 0.6114569208377876 3955
0.5662770377452551 0.5082247892183649 3956
0.002211724053774155 0.1969638139099779 3957
0.08288376635384427 0.373690058019462 3958
0.08050874541436182 0.3387062845103774 3959
0.3790881963708125 0.2772944620472999 3960
-0.008896191101699289 0.04930848302877951 3961
0.1223738528124156 0.06794286822581229 3962
0.6251600303849131 0.3109603325286238 3963
0.05245753427350346 0.1859374953090743 3964
0.5384098903073221 0.4389992658759103 3965
0.1460347236678358 0.3783354918043513 3966
0.2881476301006559 0.4479256548656759 3967
0.06876848133459623 0.0861607569978794 3968
-0.03039534286304534 0.0744507639035113 3969
0.4973104433856078 0.2667726974443188 3970
0.768379353775611 0.5440712492737412 3971
-0.1365502032655917 0.1487001644571385 3972
0.1003384218478593 0.1329570045255519 3973
0.2598558477809609 0.1808691098962892 3974
0.469857513270206 0.5221690496886098 3975
0.281357035512718 0.2055714716941043 3976
0.7031233613133989 0.5746399096110371 3977
0.2107885490743474 0.1207202122728542 3978
0.775099561574556 0.5231857181083953 3979
0.5100166718429092 0.2848180629467423 3980
0.5599754919020803 0.3804968667561349 3981
0.2218818020261094 0.2506738371950445 3982
0.5230299279896824 0.4587563022042017 3983
0.06815220149615565 0.3495052020554115 3984
0.020977402434654 0.2641912982776541 3985
0.4380646686142 0.4562204404195242 3986
0.7086631402301515 0.3919427924270731 3987
0.7071901812344723 0.3990728989976201 3988
0.6758389670261484 0.4467627253744771 3989
0.3873593012516909 0.2280558008423981 3990
0.5000555661199528 0.4941268048245677 3991
-0.01462743663497365 0.334427309009181 3992
0.1630377065310989 0.1050599745175659 3993
0.7812824862674466 0.6099151748618232 3994
0.1728498717821448 0.3094453943361404 3995
0.2093305444457466 0.1045853985984959 3996
0.06709162833677612 0.1601370460771441 3997
0.7604637672627201 0.5472232795078663 3998
-0.02020374903135762 0.06107828077920856 3999
0.7335199402504011 0.4814396203214861 4000
0.4731630938252154 0.4544200856739039 4001
-0.09042835849703765 0.2917377916083238 4002
-0.09057572108709364 0.1491039278760564 4003
-0.1224980709936635 0.2713624224658124 4004
0.5223811590609007 0.2595267403175806 4005
0.578656682696375 0.5166855175645794 4006
0.7240345431895631 0.3375431351389204 4007
-0.08518039578212037 0.006433445432389556 4008
0.2348039076462585 0.1040832668442163 4009
-0.1422979804366292 0.1010675237752687 4010
0.6448143756705226 0.5430366610154621 4011
0.6462491667382021 0.4896869553802179 4012
0.008057243392972447 0.2735503750175378 4013
0.1818325966719561 0.1380101476538366 4014
0.6396242086676597 0.5014637822140041 4015
0.4619558646302157 0.5152036868993216 4016
0.300191776162916 0.4015232445185177 4017
-0.181629580983079 0.2007246862627278 4018
0.7098852516941437 0.6416057830749569 4019
0.732311558860324 0.5378773452628397 4020
0.5403911948327792 0.2867577489701437 4021
0.3730709143494437 0.2656261104654762 4022
0.5278024842938913 0.3016597957450839 4023
0.1575118191818999 0.1691468853603946 4024
0.07036077200151582 0.3877277091011511 4025
0.3212076698969916 0.3658068561831931 4026
-0.07763119621699847 0.2609806093516946 4027
0.6378032564059151 0.4152408030793585 4028
0.4160290532043862 0.4942626239756857 4029
0.5890731826828879 0.2968294020241073 4030
0.4763695798996846 0.2156351591940824 4031
0.7818813970490502 0.54647672734631 4032
0.103902243164966 0.2744900138344019 4033
0.6332508502497144 0.5687627820504505 4034
0.3893391792652899 0.2692290677491543 4035
0.04236290524661667 0.02194644274998405 4036
0.3577462639833158 0.2643145306421121 4037
-0.0258225784343683 0.3216523310053986 4038
-0.1921331091719435 0.1461758286727259 4039
0.6830096289282894 0.4587642134739824 4040
0.2834381097968695 0.234036126967638 4041
0.2706078494289315 0.242422906827233 4042
-0.1552001065476609 0.2629541147060531 4043
0.4141723090584978 0.5368140637635537 4044
-0.05993439511871747 0.1856598063275792 4045
0.5567247154840667 0.5809140008572079 4046
-0.03952207452119297 0.1386838665087847 4047
0.1240584048657952 0.2033941055039348 4048
0.2508797075998308 0.1817104467336754 4049
0.1950647908472982 0.1776108358798937 4050
0.01279700097956948 0.05789235146244687 4051
0.3294312329618784 0.2511671526802367 4052
0.7523940129163817 0.412526243336957 4053
0.1843903583511792 0.07495756513569385 4054
-0.1654994539997324 0.0246475101088625 4055
0.6450949538857054 0.2582020436472142 4056
0.6744901822951344 0.5285649337620246 4057
0.2675321880791935 0.3897630945515537 4058
0.6064270008156697 0.2605585692706519 4059
0.1055505439184594 0.1772312032017841 4060
0.4536769712107658 0.3132952408044497 4061
-0.1711735407170792 0.2181696173147859 4062
0.5721150649347333 0.2891821701491389 4063
0.5761394412722926 0.264146203291943 4064
0.3771951823417373 0.320610527404951 4065
0.512359202695297 0.2592926506268283 4066
0.5359558978636618 0.3666134696794409 4067
0.5952891125638942 0.2828998837160429 4068
-0.08127449202763934 0.2685615234360529 4069
0.3658918102399896 0.5075303527160229 4070
0.5223630594880524 0.4703450000445198 4071
0.6243065724950974 0.3375165988785609 4072
-0.1206659984275154 0.1454032716012097 4073
0.2384748489832856 0.1204335145051811 4074
0.2704082200459084 0.2188893286136111 4075
0.3647161716042698 0.2966557320928261 4076
-0.1505542904896973 0.1418135955600663 4077
0.2002914506644099 0.2468975475211939 4078
0.2210523881399962 0.2148203527582617 4079
-0.1306304346757179 0.03721670254110085 4080
0.2471414364873109 0.09794605003451883 4081
0.0444699989838182 0.3792579657399834 4082
-0.04897520659259376 0.007163165573395159 4083
0.6626034223713297 0.5118992359092334 4084
0.3913763242467288 0.1772784874303583 4085
0.1999079265966739 0.1292557668240055 4086
0.7928900426631873 0.5552824768007356 4087
0.6415538789669166 0.3787028808597133 4088
0.6625831072268031 0.4411311708795284 4089
0.6486170873117805 0.603608631016988 4090
0.08712780245067041 0.04073124716034673 4091
-0.1220401669058915 0.3017338135083243 4092
0.3240178457048288 0.1753122199490998 4093
0.3518669555603102 0.2879353763029534 4094
-0.07734732426238178 0.2291603707449146 4095
0.7836522368328508 0.4500643682399944 4096
0.2575710676935417 0.4615624213975497 4097
0.622549446250853 0.4233425854457654 4098
0.09895586714729915 0.1028129213562661 4099
0.4991538957878084 0.2014141990253631 4100
0.3448181331818554 0.3890989595759294 4101
0.5823999549395654 0.386504998893804 4102
0.5448070014760913 0.3301575417435452 4103
0.08025414480776533 0.127081527810327 4104
0.00279054937855866 0.06775140745241166 4105
0.7065565983236611 0.2662044608940733 4106
0.5107684038382333 0.4124529033625899 4107
0.7538025793612075 0.3470805220763258 4108
0.709106364271625 0.4151087069059625 4109
-0.01765146790481514 0.3205202535760829 4110
0.02159350530414797 0.3487244386417683 4111
0.1216797567625396 0.3008776699707946 4112
0.2708269961929884 0.3210226106390721 4113
0.4833788827269492 0.3854047691114223 4114
-0.02564687160461842 0.145812492787293 4115
-0.165010601736183 0.06438002219068384 4116
0.1429050142614215 0.428457161257959 4117
-0.1923487884417203 0.2745996654171615 4118
0.7833206071413179 0.2946572269762183 4119
-0.09203835647133973 0.124178176412218 4120
0.5898515419892387 0.5490294237010785 4121
-0.1803091784536961 0.1049180977231523 4122
-0.1762536561691078 0.1458428262808807 4123
0.5620578863493922 0.5146319236408721 4124
0.732948461935242 0.4974859750493993 4125
-0.1016422022690038 0.2055312772635971 4126
0.5002661421538811 0.3249893701687343 4127
0.4729108175338161 0.399950981977518 4128
0.3056520906204655 0.4139739294226766 4129
0.3636208317835857 0.2543604014107007 4130
0.1031188647462024 0.1171751642130873 4131
0.1482739887961403 0.4194761139017299 4132
0.7648121924164779 0.4423369470252534 4133
0.5356089632382133 0.5068827771089663 4134
0.05219485448719126 0.3660737675726941 4135
0.7581881294434258 0.4703301858048189 4136
0.3208009121976512 0.1667035814853312 4137
0.1162086435955653 0.3518489627147515 4138
0.6296177867287381 0.6231609567865948 4139
0.1531056052920036 0.3007459336920064 4140
0.3233426084642355 0.2233107993860667 4141
0.7072996231154768 0.5890234000913867 4142
0.04570556266610032 0.3049006820875211 4143
0.667412866594092 0.5759106038407479 4144
0.6904401582387604 0.3216750934200254 4145
0.3556040701943854 0.3807129568089481 4146
-0.06612727179291343 0.2641650191241136 4147
0.6738403504880515 0.6416161778366938 4148
0.4592472807063728 0.3932208073969343 4149
0.7088282418897153 0.3433641879572567 4150
0.05689847470794895 0.3391909388662515 4151
0.004554635237204673 0.3236326853749961 4152
0.5157523483059688 0.4275578373075157 4153
-0.09835196788281293 0.226791855022229 4154
0.7580456845811053 0.5960156126273898 4155
0.7580197946153909 0.6562454440590637 4156
0.417418921758594 0.4782053884716 4157
0.4541679288051984 0.2489578426645312 4158
0.3564685931695672 0.3965254195095905 4159
-0.1384101819786263 0.0599503128618212 4160
-0.09785297245333242 0.07669796539785809 4161
-0.1814396408849367 0.006486133008034087 4162
0.2073075771106177 0.3824817637157384 4163
0.4411223173821252 0.4057058966369845 4164
0.4058236212517688 0.4208390109575993 4165
0.09362019230155039 0.2987565805599647 4166
0.267748422634991 0.2697869959002561 4167
0.2597500906790296 0.2689403901756593 4168
0.5530173856160788 0.3667844492824189 4169
0.5718166626738648 0.494120662362581 4170
0.4358967106175711 0.4167898225940943 4171
0.3824115918336662 0.4893324900826254 4172
0.7392400353600397 0.3009639124011116 4173
0.4314631678217129 0.3157092309003184 4174
0.7929188145099217 0.4370662618764251 4175
0.5525125823798813 0.52704055012443 4176
0.5461443445617018 0.5308179144035414 4177
0.5685450636419129 0.3708808772190177 4178
-0.04274336575409983 0.1073160169509144 4179
-0.09595753966622395 0.03098389262128032 4180
-0.1805429023811074 0.2509486948801841 4181
0.5449030705225314 0.4919639713841438 4182
-0.1293515152064988 0.04621364873861023 4183
-0.1324786716849889 0.007905285539249136 4184
0.3224895624798733 0.2844062192478681 4185
0.3707813565706479 0.3388408910117615 4186
0.2737028807523108 0.12384821429101 4187
0.4632997044375559 0.265698809336473 4188
0.4517805300748693 0.4713387900096329 4189
0.3017381650714658 0.1687155044107955 4190
0.7001320621666384 0.4563375366041071 4191
-0.1188514417437537 0.0256543090250082 4192
0.09380388063748535 0.2242518705251412 4193
0.2272277988524135 0.3069684950792624 4194
0.2967163265962875 0.4584940158639751 4195
0.2902408983054465 0.4638088246308402 4196
0.194809368049776 0.207196742955196 4197
0.2683553201802481 0.1597927699260625 4198
0.6627659977338545 0.4697054446222778 4199
-0.05164759217285004 0.2702526154147988 4200
0.4649841091373373 0.3526560125863592 4201
-0.1921394078911763 0.2458218711877996 4202
0.6081599095030137 0.514587999661562 4203
0.1481770698410515 0.09679059472461544 4204
-0.177908730831143 0.1165843558288341 4205
0.6611544025619609 0.4050406501151368 4206
0.1762682851866772 0.3237774614657006 4207
0.4948453928415492 0.2886491510361657 4208
-0.1337048889872596 0.07239545369322112 4209
0.3766578085198669 0.241918775619575 4210
0.7133646360679633 0.3581364930518132 4211
0.295089569895819 0.1822656303825547 4212
0.1480444920746516 0.1718271318152686 4213
0.5947943344396754 0.3833224565262864 4214
0.7594384294779344 0.4154625376883087 4215
0.7917726552025819 0.4018222453013649 4216
0.663634397512727 0.3371697721887002 4217
0.1788547422255437 0.2269702377366024 4218
0.2088713898826458 0.3188332695493749 4219
0.1488021106366701 0.2410630222013899 4220
0.5496125776946128 0.274911225610779 4221
0.1498550969880046 0.4037986045239634 4222
0.2207660599909909 0.3448741041185982 4223
0.479719993379741 0.4999024669504588 4224
0.3237489933168222 0.1522698894568707 4225
0.5231826987286315 0.2340559139842143 4226
0.5418424335290875 0.3395707553263064 4227
-0.1282042870553838 0.1572021140968165 4228
0.3759401832091585 0.4292947877490594 4229
0.6045635052116662 0.3932760168116659 4230
0.5153275356973148 0.2368852155736533 4231
-0.02792398189737444 0.3463157199014652 4232
0.2927068167323994 0.1572865074424519 4233
-0.08351914615045763 0.1775033205993463 4234
-0.08150924657240008 0.2541478320192159 4235
0.6734824879912953 0.5401654580252122 4236
0.2297755310228708 0.4646475981878647 4237
0.5470663670301107 0.5698489044084696 4238
0.3635756937634725 0.4193746377420787 4239
0.4406211782122086 0.372356050128525 4240
0.3881781956326016 0.2836071134021365 4241
0.394311001135606 0.3527256249444657 4242
0.05486875159843582 0.2379584325671706 4243
0.390237025502408 0.5286239231928754 4244
0.2434791596817288 0.4697538045761848 4245
0.009502694559331075 0.2467989918032642 4246
-0.1298588638890005 0.06153875658755523 4247
0.1866231774966572 0.3670642567173639 4248
0.4789586300175038 0.4162914593892098 4249
0.478159083541378 0.4244477472547055 4250
0.2036684971187895 0.3336386551002756 4251
0.1867812668931187 0.1987010111796962 4252
0.5735819702575866 0.2283242220179601 4253
-0.07842220164475672 0.192977145662465 4254
0.5149136397299753 0.4729116673441223 4255
0.7461949171229127 0.3430582892661888 4256
0.3830595417251165 0.4009294459771783 4257
0.2554388341477583 0.222435954434332 4258
-0.1691629227486715 0.1794275044608689 4259
0.06963135615471715 0.05767373418624794 4260
0.4259095194605177 0.1640078947788716 4261
0.4075076320883991 0.4674538559420837 4262
-0.04696599548200511 0.03256999191647694 4263
0.3550963236184895 0.431686874419017 4264
0.3910180135090703 0.4104790967979224 4265
0.5832586581946241 0.2780441224136463 4266
0.1238914056756058 0.09401174966822966 4267
0.1877690690265959 0.331939453705857 4268
-0.105830822186835 0.1831593373198531 4269
-0.1754028436882533 0.2394102958231995 4270
0.4023538395860847 0.5336645210630394 4271
0.5888521562346298 0.4362886492148949 4272
-0.1819183150094026 0.2648587095207754 4273
0.5984816337494336 0.560012752058265 4274
0.2497731312571868 0.1107069861867728 4275
0.4753677099920658 0.4370337724814753 4276
0.3492944477049432 0.4927004209273197 4277
-0.1573718234356254 0.2455432324120149 4278
-0.00195055120843125 0.1676955949130754 4279
0.4560786478550192 0.4869495838113736 4280
-0.1345588281757384 0.3068509414310976 4281
0.2540163622929418 0.1379887593067925 4282
0.3572941928834024 0.202994050322406 4283
0.777612529194515 0.4880670964663992 4284
0.5908130317054899 0.2587071791745887 4285
-0.1162698170462085 0.05495238869319994 4286
0.2111872715203142 0.3986966237307514 4287
0.2789496052656579 0.219076394761459 4288
0.3622045973159894 0.288822341387892 4289
0.4267131233654528 0.2933238889187193 4290
0.0330162007252982 0.1131298323064865 4291
0.1096154644785419 0.1064817434882377 4292
0.5614409643998293 0.3564443105722471 4293
0.6039020786257667 0.3743046719672576 4294
0.1375858760545006 0.3481755807565208 4295
0.2470670022976709 0.4113198598435534 4296
0.07242937478199528 0.1054153600986135 4297
-0.02787191335482817 0.3610318639164812 4298
0.7088340429433142 0.6560398926410691 4299
0.4525018414267393 0.2108292314832937 4300
0.2955007621140761 0.1732801557569658 4301
0.4654420177984748 0.4139559188626695 4302
-0.1486134028086881 0.3120509485610477 4303
0.4314250102858103 0.4960475225982201 4304
0.4883517110323016 0.3954051432857378 4305
0.2233315978512347 0.1001557058079914 4306
0.04283671892115745 0.3313071009475754 4307
0.1948684750961539 0.3534474752782248 4308
0.720690571038498 0.3483529154718752 4309
-0.009428300142682632 0.3016381352811062 4310
0.4078403527040894 0.2302768281032701 4311
0.7562309806606038 0.6087663804361882 4312
0.2947448186937429 0.3805797939108016 4313
0.4732397989628083 0.4927066748482807 4314
0.6612877262173902 0.588725369342129 4315
0.5487443307178929 0.2225727186495656 4316
-0.1439921176265232 0.1718299123998476 4317
0.06812890752606016 0.3029033668100035 4318
0.5848215409187745 0.469435406149588 4319
0.1044420288233651 0.3320036480404207 4320
0.2455303430481461 0.4281840952831268 4321
0.3420627066352822 0.1424966317061067 4322
0.6080435647602419 0.4618163749984314 4323
0.4866032664561179 0.369711931045986 4324
0.1475321544775762 0.1907184266778753 4325
0.6049178630003453 0.5746019012571121 4326
-0.008000272217471179 0.01731231678779272 4327
-0.02031207915795884 0.03736391824908936 4328
-0.00282628742365919 0.1285083780518113 4329
0.7285950639087513 0.5704746384951432 4330
0.6959758848667729 0.4642313222371146 4331
0.514522840584143 0.2448900790266166 4332
0.3634819434524142 0.4079644338999016 4333
0.1262079011361781 0.05391692344138417 4334
0.2655365137226253 0.3509816405579699 4335
0.1967768861232189 0.4396936920486165 4336
-0.05866935339524921 0.2447431235334938 4337
0.1081917934118538 0.2970009933107067 4338
0.7787287916542281 0.6840864091941461 4339
-0.1387957643913392 0.05062999128795972 4340
-0.05706924412599666 0.2891040720680555 4341
0.3769005300339378 0.4158208903916527 4342
0.6651294521625026 0.3751984681614276 4343
0.02639222985233547 0.07055581822281042 4344
0.1871160436448558 0.3154742095540941 4345
0.6590037557802719 0.5621555752790488 4346
0.6419441932366496 0.3449161161198038 4347
0.212704739817623 0.4222466897316748 4348
0.2835235139442026 0.2741444957328049 4349
0.002753359814013583 0.2982893466443866 4350
0.3583023086681958 0.4631512010439518 4351
0.4844376892036082 0.1971006336793699 4352
0.513982524351852 0.4395371266484969 4353
0.5537768221353393 0.4408254343295875 4354
-0.02406261005668746 0.1698148085152422 4355
-0.03857238495448043 0.3243544881935043 4356
-0.09103141710978638 0.01859689135808915 4357
0.7928792854541524 0.4801492376951834 4358
0.6035587288771134 0.4064734023541425 4359
0.0717621241641196 0.1973439386690294 4360
-0.02428847863425367 0.1616240697974762 4361
0.5969861293571961 0.5732797314379292 4362
0.6532069564373204 0.6217751535472571 4363
0.384349565614735 0.4990971827904001 4364
0.1268058788283058 0.2775432340922747 4365
0.134573580122341 0.3209782787667039 4366
0.0183941798091679 0.2379240502051377 4367
0.368573293826494 0.5209444890309393 4368
-0.07594188257543803 0.2083852230196389 4369
0.1668479608039063 0.1149847254834909 4370
0.1595861741767389 0.121270899757956 4371
0.5034543608087629 0.5731511573715566 4372
0.123426426996359 0.1394524897510097 4373
0.6267025108761224 0.250244402982759 4374
0.6162960868510583 0.3202300280194381 4375
0.006297558097747367 0.2330894148962545 4376
0.7065453072853416 0.4819442338097621 4377
0.3138801873228849 0.2547196870920127 4378
0.7819811354902242 0.4763988689495928 4379
0.618964002160753 0.4399246496276515 4380
-0.1664652105697442 0.1075409236894453 4381
0.5894810491447734 0.3162354013524547 4382
0.4519864504517588 0.2338167544226023 4383
0.4039561147656754 0.452496642488927 4384
0.7654947173042923 0.4816046898709548 4385
0.298525425515361 0.4173990712582732 4386
0.6950219728642009 0.6373004819531284 4387
0.03047539141912357 0.3353403958946625 4388
0.1357611769417299 0.2648811973324917 4389
0.2841211642471838 0.1118532932052199 4390
0.04054663250839614 0.22017606859288 4391
0.5237645741106148 0.5243366632513108 4392
-0.004418040859354283 0.3218568652562929 4393
0.3370976234517196 0.3889382151935959 4394
0.2148214986891094 0.431774161552137 4395
-0.1240981995892214 0.280257827170423 4396
-0.1413469002618486 0.1792065041511988 4397
0.5262803411275646 0.2464543221890632 4398
0.779375836174719 0.3806933649701509 4399
0.7716997703687317 0.5580072572035951 4400
0.3561613044821608 0.2345132097187173 4401
-0.1159507987380046 0.3254731407584732 4402
0.2710590540118713 0.25747801536014 4403
0.5938633583844769 0.5849844106958124 4404
0.03403958932046126 0.0314813913240484 4405
0.2820288744056255 0.4055514055953245 4406
0.4231464275274101 0.4899725470604068 4407
-0.1502706037220469 0.2032201500209687 4408
0.4417655686171903 0.4630355007973855 4409
0.7038139284612134 0.6106102359271453 4410
0.08254574688418287 0.1744501326781835 4411
0.1881658497959885 0.3962297945244168 4412
0.5779683288291542 0.4560188072131709 4413
0.07433092175902009 0.06536551344115316 4414
0.0775269710877641 0.163279171888632 4415
0.7652020163675713 0.4957149614667626 4416
0.6874444285570508 0.3657377102325958 4417
0.7922979735668817 0.617524837174513 4418
0.2559164054031393 0.3195766387382322 4419
0.3079085329352642 0.3740702726046019 4420
0.7542012974457453 0.3789000396178155 4421
0.1147468829889657 0.4173767990685313 4422
0.2324595685922373 0.3530699068670867 4423
0.2924744404222102 0.2794768206786348 4424
0.707791758528181 0.4456443734306518 4425
0.6048604748545792 0.3236748250934641 4426
0.3696090425019165 0.3092436750619424 4427
0.3009968260046013 0.2929673387015461 4428
0.4927996465117379 0.3507468503056364 4429
-0.1555750485150993 0.1030722806997854 4430
0.1952971126805193 0.341912809558554 4431
0.1618463312059347 0.1760138060108207 4432
-0.1542058140907044 0.2887621217302191 4433
0.7254182305164951 0.4962630041130417 4434
-0.07291028857082095 0.1649279268589197 4435
-0.08644646265347133 0.04323378192524908 4436
0.01831797627062065 0.3661711383546804 4437
0.3089529932757205 0.2433712335522168 4438
-0.05858929099084399 0.3386749463464608 4439
0.7291064761100744 0.3041585550213141 4440
-0.1115541853772654 0.218094779822138 4441
0.3019762050007377 0.1309133212462168 4442
0.3260626229268153 0.160322609994564 4443
0.2811024846339788 0.4317207298971726 4444
0.6860503838245194 0.3799073666559207 4445
0.5016691196890285 0.5070882573453948 4446
0.4795923022132544 0.308903538514872 4447
0.6824407001659363 0.4940949397060997 4448
0.7661436824711133 0.3049502414490441 4449
0.3692244184829915 0.1667064373769255 4450
-0.1168878567872184 0.1869276324204861 4451
0.2494087806735819 0.1917165849484913 4452
0.5452139957785409 0.4670665898113923 4453
-0.1447838211464378 0.09282039119244431 4454
0.6853325221811221 0.4053149956300333 4455
0.4085575113617358 0.388720670076787 4456
0.5822216226731497 0.2197628016837751 4457
0.04831230004227199 0.1120224739545899 4458
0.180302603188889 0.42553402310405 4459
0.4653090356304593 0.2183905398520502 4460
0.7036140410922652 0.5512496515651056 4461
0.2210591883201032 0.3758110756547365 4462
0.006129440166440524 0.3650704009850653 4463
0.316922213862199 0.3057012211201454 4464
0.4789934064002663 0.3452458322075524 4465
0.3949779472913965 0.3098290650039305 4466
0.006153241738819111 0.05286209724533423 4467
0.1382972573917143 0.1359463164548239 4468
-0.0128136220986911 0.09915851324948333 4469
0.6773279922039458 0.2661460853376219 4470
0.6266162457741552 0.2711656916619744 4471
0.6176988358055949 0.2749403224988591 4472
0.4496800107120899 0.2831457032823262 4473
0.6149711739050199 0.2618115184713957 4474
0.6618675060857736 0.5304343505013092 4475
-0.1394165951719565 0.08738674361910209 4476
0.5464774701951 0.2069437441714074 4477
0.1178452304527081 0.1141271739219099 4478
0.2317357970021991 0.3769041266566047 4479
0.1686797866299202 0.3236043751565245 4480
0.5008357277405553 0.2430044463544632 4481
0.4447940282208002 0.5510194649585236 4482
0.2679816551946463 0.2994074127791312 4483
0.2707352576162179 0.3075271561818717 4484
0.4501060783472204 0.1943414307119533 4485
0.524645394790398 0.5457272218712129 4486
-0.1405131676054669 0.3002266483285264 4487
0.3157536898919434 0.3885161007017322 4488
0.4867563747080271 0.2983479871012457 4489
0.4144952784729271 0.5113257817160826 4490
0.3939426781121448 0.4256755751749863 4491
0.7418879761289643 0.5104270944445377 4492
0.7097614144002886 0.4687345621501305 4493
-0.01112374271660157 0.07406222731687734 4494
0.5233927879029776 0.1985952428523316 4495
0.7451952633100049 0.5341016668711998 4496
0.4339643582926007 0.1788209122442798 4497
0.3512191470769669 0.4107677625147499 4498
-0.1437041406831157 0.0178280313067289 4499
0.6838557321836093 0.4255083458142478 4500
0.141096338902841 0.1494099714461344 4501
-0.07627785701539996 0.1274670667652643 4502
0.5243948934584562 0.4981324093275898 4503
0.2806081552676824 0.3478839282995895 4504
0.6073184582016569 0.5858364759081085 4505
0.5138879617679522 0.5533723996259001 4506
0.5896186783487198 0.4637680908298777 4507
0.6501522068484011 0.5149761910912586 4508
0.4377576929416549 0.4694854356667537 4509
0.1690346643255028 0.07907648784760095 4510
0.05820419094560461 0.3853515477067476 4511
0.1742843546726707 0.1248123266625601 4512
0.4911482200548619 0.5102642731715439 4513
0.2325984873320412 0.2720670638935855 4514
0.7381562495742207 0.2749564012452754 4515
0.1060880178590137 0.3172985713618102 4516
0.2544810721055178 0.4229698424464396 4517
0.6111752114596165 0.3071025226370029 4518
0.5859799496414599 0.5632670833229242 4519
0.5109146477679287 0.3891802832093875 4520
0.09204016265452271 0.3442077107403806 4521
0.09199293813840993 0.3523816952456565 4522
0.7314825717976234 0.4312280409827653 4523
0.7238607219683393 0.4652422700461731 4524
0.3099846571812599 0.1193989384125875 4525
0.3572455510467776 0.372927276938762 4526
-0.1429600562701682 0.03775884328588296 4527
0.5036582362067865 0.2344079402466941 4528
0.4935001292136582 0.2079073837381923 4529
0.3262744842848276 0.4264193879125734 4530
0.4395342053203912 0.4893239740868945 4531
0.5701783319823014 0.313215690874065 4532
0.2856697314534986 0.3298140937175547 4533
0.3486424141932529 0.3111238032854707 4534
0.3381938520275578 0.1823213044498735 4535
-0.01469398519988874 0.1820487768587102 4536
0.1419165960877481 0.2149144268893027 4537
0.3901957213762227 0.2219901421241977 4538
0.5397351231706765 0.5197802304724616 4539
0.09218221220363729 0.2075710920477487 4540
0.7555155285967355 0.4269319204922121 4541
0.0667963424966303 0.2490181355516238 4542
0.5963415801359957 0.4094354053433111 4543
0.1281135613026184 0.1906777462585294 4544
-0.1907725143130051 0.1118570799222757 4545
0.2139189778563472 0.3037282790011658 4546
0.1400555200816764 0.3090873473074834 4547
0.1305096483131706 0.3595672915181407 4548
0.08021763266853238 0.2230560131818648 4549
0.5513900403320867 0.5429971441272656 4550
0.6065590857417755 0.2464354732225254 4551
0.6681752367664093 0.6135943838732999 4552
0.1512045632008711 0.3513198799132141 4553
0.4056157937347194 0.2799761092323687 4554
0.4858495461051883 0.3199213994654498 4555
0.3370565555578429 0.4287497564274038 4556
0.1270199860428865 0.3155035526945413 4557
0.2266060181157953 0.1904154596012916 4558
0.3713386556627334 0.5007610666638739 4559
0.65803513027242 0.5361012777397974 4560
0.5740808575608457 0.5063172668834006 4561
0.7439976131650162 0.5473219886207332 4562
0.7094520918363441 0.5090372398794881 4563
-0.08397835079026755 0.3396545336578997 4564
-0.01571644877344252 0.05305739012871899 4565
0.7051050952171961 0.3058514285727061 4566
0.2008295383350046 0.4538694948539637 4567
0.05680173042090945 0.1208241146748767 4568
0.01941918478598762 0.04625326814466373 4569
0.02480726794053273 0.04008281119115206 4570
0.4982422750894296 0.4173824531436611 4571
0.4297702804388864 0.5121247493487722 4572
0.4014542720661916 0.4726516018430692 4573
0.1140914169241789 0.0643329079967406 4574
0.748758888036642 0.3668406695366346 4575
-0.08168558526361787 0.02249664765184382 4576
0.4541375432159752 0.5259456993731134 4577
0.06720429165731291 0.1514529401947922 4578
0.4013591626648572 0.3317674437333041 4579
0.008147769715485873 0.2930236388699867 4580
-0.1297387504389665 0.1712195333012907 4581
0.196735298898897 0.1414617146619641 4582
0.5173949796270569 0.4119058223672323 4583
0.5668260648355032 0.4172961877929233 4584
0.3295221486474684 0.5040669939775713 4585
-0.1008826088230226 0.2184123436313765 4586
0.3195659237770352 0.4174701473117063 4587
0.05929879207748907 0.3276016945880982 4588
-0.1917095779332167 0.2246975532964698 4589
0.306410075446166 0.3264536912886251 4590
0.107613550674532 0.4024936680485194 4591
0.2751562800230906 0.1936109127115271 4592
0.7930761603675284 0.4138039945547377 4593
0.2455174563005767 0.3470799570806739 4594
0.01075623698323373 0.1370017272353505 4595
-0.09588133946239659 0.1447068136413184 4596
0.7395942029145258 0.349407399996856 4597
0.7367123102272005 0.3279199216786258 4598
-0.005422966185711636 0.2005797686835052 4599
0.438660521295055 0.5257600579478854 4600
0.600253379695932 0.4727596824484749 4601
0.0882496658067624 0.1434442322779084 4602
0.4813646052899915 0.5477763179997708 4603
0.7934317484128219 0.5328850141328614 4604
0.3480914228062533 0.1935423354637981 4605
0.06060248792974207 0.3534639842883115 4606
0.5713585164888308 0.5998454825055278 4607
0.7187757685860652 0.4043585230500809 4608
0.6583753520906228 0.3884581309266326 4609
0.1487690838224737 0.0609960752055953 4610
0.2364926123399547 0.1468612864260377 4611
0.1590739040993185 0.1832053752274328 4612
0.1822834040257023 0.3438326446911388 4613
0.4416334030501877 0.2703090364135912 4614
-0.1504941301833003 0.02800628110716718 4615
-0.192400962536356 0.05964798171823961 4616
0.6452741709906183 0.5293947611580083 4617
0.1062098481871479 0.1295788160781844 4618
-0.0854219153130694 0.1352068624239234 4619
0.441220881668103 0.5041600065395319 4620
0.6768915141036936 0.4614959150477477 4621
-0.07832924446095785 0.107107950666418 4622
-0.07844968500405076 0.321667946004315 4623
0.767793204852352 0.3442577299360989 4624
0.3045063734613371 0.4495883216738841 4625
0.1385941671042892 0.2373594450520226 4626
0.4620295784146926 0.3806838483726838 4627
-0.04937717744548817 0.05778389843795129 4628
-0.01677751452325331 0.2083249383822618 4629
-0.05711872534632442 0.05713875374234803 4630
0.2562650885235877 0.3027226527104949 4631
0.271536751575595 0.3964481755050981 4632
-0.0905293390180166 0.3054938926857845 4633
0.2289105208192682 0.2100538735915435 4634
0.1573399867532526 0.1989882728037463 4635
-0.09194515081887417 0.317540990410942 4636
0.3675979784060333 0.2047539890002553 4637
-0.06111971803984408 0.0671262082566918 4638
-0.1044494418209634 0.04999564599831199 4639
0.1307349501280378 0.3516712948497543 4640
0.6551623983110941 0.3242528808553198 4641
0.002085839274860153 0.03196811366105911 4642
0.4128442336421406 0.4186466047813003 4643
0.774888891797285 0.5086839385435697 4644
0.0209806562371928 0.1860701461600311 4645
0.2395803376557938 0.2357089012261487 4646
0.6357980732974711 0.4274072679510892 4647
-0.02784116788641986 0.2606646226245268 4648
0.1862587689227095 0.2461884026239306 4649
0.4302655728981881 0.4702146792136987 4650
0.7652365697361249 0.5961770365156422 4651
0.2354515866927536 0.2947932992806853 4652
0.454975982849556 0.5437775366154547 4653
0.157539910357117 0.3605153766566943 4654
-0.114234941082552 0.2928793594467949 4655
0.7935923166863598 0.5686490243892682 4656
0.5230948855988061 0.5108292250297088 4657
0.3480347334069529 0.3818163507302528 4658
0.2274500890228761 0.2263629668778893 4659
-0.130246440617437 0.09707922733800474 4660
0.1474397629107329 0.3231764193921416 4661
0.3897809517279476 0.4524894606550754 4662
0.03989248361610415 0.233111504329483 4663
0.6525713320509492 0.3365986811796724 4664
0.6588053868005885 0.5758150372694337 4665
0.7633403301892088 0.4647024282695718 4666
0.6400232706827529 0.4748115549280372 4667
0.4251625285680444 0.5047470478773072 4668
-0.08362700629524251 0.1197814006283038 4669
-0.1028821030304572 0.2534829078890468 4670
0.1349244811064033 0.1662213932842645 4671
0.368588736185358 0.2206220225107459 4672
0.06479381507051156 0.1120385329107832 4673
0.1137397707008859 0.08835921324324687 4674
0.2862098719292948 0.2427809394098433 4675
0.4819376174862544 0.4506555492017506 4676
0.6949672647518821 0.650787763480452 4677
-0.1730375556507178 0.3046891875002844 4678
0.1000370987097384 0.08443481804602919 4679
0.7662440365655874 0.5684002440283901 4680
-0.03876381250377741 0.2034846183749822 4681
0.4179714912902209 0.530369208931678 4682
0.3487894087439106 0.3959386127887842 4683
0.2967242275845274 0.1151957751206944 4684
0.3170544532736052 0.3186600111679604 4685
0.3382596641165973 0.1550183857718494 4686
0.7809574396752557 0.3653177498771671 4687
-0.01799259285919231 0.2516334625214368 4688
-0.04156282950438094 0.2634886451465011 4689
0.168685061582451 0.3628120727746894 4690
0.6332055091719894 0.4531261976011776 4691
0.5298586807704312 0.3328415038195077 4692
0.7466666497987087 0.6452642314202394 4693
0.2126206530603943 0.2794648453803383 4694
0.3757815010725841 0.3127205476839888 4695
0.5057978107721155 0.439686955626704 4696
0.07835811201467603 0.2581618060336294 4697
0.3158234128093118 0.1347638452088712 4698
0.2019337964634665 0.4337378118654185 4699
0.03498461244471125 0.04673576093157234 4700
-0.193266126669006 0.2129161431856784 4701
0.0502398611898691 0.1949271637431838 4702
0.5459139450006655 0.4450391048614672 4703
-0.04847621123983211 0.2375640739248128 4704
0.1291499045406244 0.2277762641841123 4705
0.2844151676932443 0.4196438245958902 4706
0.3671050185211779 0.472416495607165 4707
0.05812963689825586 0.1489087688306867 4708
-0.09995510640351507 0.007031729265992421 4709
0.2343124714506439 0.259530242438883 4710
0.1049898259171771 0.3898659542143347 4711
0.6803190277938941 0.5428707784282609 4712
0.4026948970000642 0.2993902006870489 4713
0.5278077095690767 0.2208974646961075 4714
0.6529494963520192 0.2547239235673272 4715
0.5929339660093721 0.6089692501287425 4716
0.6724115781596124 0.5552284666763593 4717
-0.0470906949344559 0.2495983072045353 4718
0.2347248530962798 0.248128081966509 4719
-0.009993769025848247 0.3090878021191253 4720
-0.01766387349409238 0.1575257152631041 4721
0.7330423992603464 0.4416632819569142 4722
0.2345673885684526 0.2794560922151433 4723
0.2230432258533368 0.327712775705275 4724
0.1182934880172754 0.1525900457451828 4725
0.03188265458020265 0.3440140548295081 4726
0.04581504095836184 0.1444519632351042 4727
-0.1041357583596597 0.1465656164628595 4728
0.2618864869907951 0.1277886374569891 4729
0.2075482273937773 0.3626116873552886 4730
0.7317216861155488 0.3160965161929923 4731
0.7506579663258364 0.3961502004911007 4732
0.337103943723277 0.3497547825074654 4733
0.6461797924207244 0.2421586360662418 4734
0.3366706522750523 0.2653053410926789 4735
0.6498993926632641 0.5361564349163075 4736
0.6051039438285284 0.5478924304671795 4737
-0.07778628628666184 0.04986906537302321 4738
0.2475147683735603 0.1306591455300998 4739
0.6675955366011568 0.2495562719995583 4740
0.3396525547418232 0.1299815543926864 4741
0.3283559629370032 0.3093645943273069 4742
0.5882092919783355 0.3625893577207563 4743
0.3818903426088977 0.4645731204160889 4744
0.6920732652393317 0.4152583860637419 4745
-0.05261039347613048 0.3236766635854814 4746
0.7592940969021422 0.5704845578915214 4747
0.7589627119675701 0.5832992927444375 4748
0.514993838616108 0.3267480720971759 4749
0.08485750392697179 0.2899245266292176 4750
0.1156587776242888 0.2474843692312712 4751
-0.1932822432017361 0.1902954724277157 4752
0.4054066975288861 0.318643556831929 4753
0.7581502867869689 0.355767400633188 4754
0.04822750427150778 0.3925424928284502 4755
0.3075877114795947 0.4348261588338161 4756
-0.06770810820090485 0.1357216508265003 4757
0.53281073807278 0.4127226775907102 4758
0.4172502471681224 0.4410460618410535 4759
0.1792528945277094 0.3165586807219516 4760
0.7104738841690834 0.459519527145873 4761
0.3934534343677644 0.2071750898305092 4762
0.5543856221345709 0.4554517418693343 4763
-0.1629685816994362 0.1680404246994436 4764
0.05719935405914013 0.2650398267132417 4765
0.7083067536871236 0.3259297282041099 4766
0.5557613174906942 0.5578972386261138 4767
0.4421028350141624 0.2580343262637513 4768
0.2293928097598871 0.3331171815927073 4769
0.05971251993930188 0.3617945015142794 4770
0.6091329485896138 0.4155246815041274 4771
0.1138813825952353 0.2851397034603578 4772
0.02512214386567571 0.3129954872304408 4773
0.3500671773721004 0.2488725923014831 4774
0.1359431676082507 0.1209551788833213 4775
0.4463661083567292 0.3103688354126545 4776
0.2672763744739218 0.4021270367292931 4777
0.2597637641412756 0.403431042675631 4778
0.3708577520460877 0.455540169841042 4779
0.7840756752896509 0.4647108192585301 4780
0.7826160807796102 0.6293276810855565 4781
0.5491986727515004 0.3753159317428068 4782
0.7802783396747059 0.6168981952679524 4783
-0.1934622153301718 0.1772658974319316 4784
0.1487486468204949 0.2553023741893776 4785
0.6475974825825139 0.5702399032331851 4786
0.2245320344850755 0.2588936348422561 4787
-0.04885764560131139 0.02084179854300033 4788
0.1804516986281035 0.161582605721969 4789
-0.1294440261907603 0.2910025761300032 4790
0.4384874205989653 0.4428686042569447 4791
-0.05600390892061525 0.1306783696843534 4792
0.3397876474089229 0.4847377224633516 4793
0.7398794486903773 0.4961370192817672 4794
0.7362082552759578 0.3684881364404426 4795
0.1795385585444946 0.1106903065343238 4796
0.507511108337753 0.3771327016149884 4797
0.4855884341187972 0.5322866766292915 4798
0.4653833090627301 0.3251967583970696 4799
-0.006378542758845592 0.1197819137830031 4800
0.1599267043616855 0.2462955661562247 4801
-0.000704888427247026 0.1554091125383712 4802
0.4008006761473247 0.4587005359733187 4803
0.3632046663876404 0.3129559458332539 4804
0.477399833334611 0.5177783244034717 4805
0.09767179901349909 0.2587277660956541 4806
0.1545521836837132 0.2198856065037353 4807
0.3493502442496038 0.3500286239944931 4808
-0.1520464105809612 0.05882409380010651 4809
0.4970598327910786 0.2809717626035051 4810
0.2315431965285533 0.2337919362497319 4811
0.5930669392471527 0.597101891255871 4812
0.3270225423501258 0.4387002632839665 4813
0.7767775904111137 0.652516489232789 4814
0.2817360043452132 0.4599474795709739 4815
0.2321040348791802 0.4064791099351934 4816
0.2608615447886587 0.3321309120150522 4817
-0.1455187485095795 0.2275607169604312 4818
0.01893360787184153 0.1282658697833391 4819
0.7409404306079256 0.3567296119325936 4820
-0.05253126848105215 0.29618721471496 4821
0.06720810110481283 0.1327920103538943 4822
-0.162472415064394 0.2211027650907804 4823
0.4529437678522381 0.3792653287362802 4824
0.1977485480468996 0.4063505629264443 4825
0.5161118945262561 0.2141066170356234 4826
0.7261571193913621 0.5787371472720126 4827
0.1457559912977189 0.2030675885451994 4828
0.1800605859996101 0.3308745011239155 4829
0.39228736674502 0.5008284731039462 4830
0.497764631196862 0.3850855416259473 4831
0.6965101556927294 0.4350988440095424 4832
0.453747863570385 0.4976247723316972 4833
0.6999117771087283 0.2622933458370434 4834
0.05817713787352394 0.06584588346231023 4835
0.4510983118573219 0.3950471462733654 4836
-0.09995346204373673 0.1587244318480353 4837
0.5863554745647969 0.4277713776122453 4838
0.578501442482968 0.425491146577441 4839
-0.1798855672341071 0.1695492979155021 4840
0.2887850917671779 0.3551434981574343 4841
0.3123708947621883 0.1576150386612147 4842
-0.006801669805666402 0.08700179075426616 4843
0.2553193899405197 0.4375079972596091 4844
0.5837422359775379 0.3502044310183544 4845
0.3692179042604799 0.1940339921663444 4846
-0.06902559230109465 0.3456915301905611 4847
0.1674884658283282 0.286423155721351 4848
0.7725440590054525 0.6376471414259204 4849
0.02961175190405156 0.08737409951046567 4850
0.03181693515951263 0.1765558447217733 4851
0.2447015705481522 0.2678403709347247 4852
0.3981066969383775 0.2211762525057376 4853
0.05653649071848398 0.2006436675099343 4854
0.6767828150533592 0.2872804435647155 4855
0.1378444556417466 0.05855151863163807 4856
0.2704815833559745 0.48248854224186 4857
0.2423623482027875 0.3006291740311481 4858
-0.1309580045483733 0.2091819507211561 4859
0.1740734411530235 0.296257483549029 4860
0.6557155920697522 0.4994079930529234 4861
0.1932484812711667 0.08642673954947683 4862
0.2469479017283445 0.3746373971203294 4863
0.6627369827617202 0.323788130398627 4864
0.1976623984896402 0.1004833612990764 4865
0.1105060773191583 0.2550767050290026 4866
0.03497033505570957 0.06514659170434432 4867
0.3960753246234432 0.4940255689004188 4868
0.2162995745090843 0.1798402085051853 4869
0.6779672771486202 0.3790103608108836 4870
0.03925321114682795 0.1850134312446606 4871
0.4633148610505234 0.4012369072394625 4872
0.694044362930765 0.6205464479320854 4873
0.01690463811119187 0.3017326068209779 4874
0.05598683383877501 0.3139754736915773 4875
0.06545538286770271 0.3164051939898543 4876
0.688716762015368 0.626878885113586 4877
0.2757167181692319 0.1376649644676679 4878
0.2776781062040898 0.1690253992655575 4879
0.3972728796930095 0.2337558270834272 4880
0.1360036104555565 0.2000563347008833 4881
0.06778710316294305 0.2791836020189987 4882
0.2875434952609091 0.2892997530356173 4883
0.5665722130051017 0.2768790748550536 4884
0.5030679476756638 0.4279816403647958 4885
-0.1659951420781839 0.2455189243582347 4886
0.5190504703951352 0.2739443809421999 4887
-0.1686270127928395 0.1147505418944336 4888
-0.036004636902778 0.3005001322773103 4889
0.04530812938369241 0.2076003728990439 4890
-0.01201109881898008 0.1951325477358821 4891
0.2091854887568268 0.1350893231055791 4892
0.4512447122678614 0.4140380859077831 4893
0.4864662852614992 0.5673233745523794 4894
0.6377245738813682 0.4007661529301156 4895
0.4449372884068712 0.167438177678687 4896
0.5011748235480632 0.5462932738624197 4897
0.5766538094754811 0.2958496240135073 4898
-0.1182871613238255 0.194024283415017 4899
0.03404580613431088 0.2524300229823477 4900
0.3056944784356337 0.3030681048397881 4901
0.07041451048051829 0.261987596277754 4902
0.728790107298022 0.3771036357440361 4903
0.5140632237750049 0.578754770484223 4904
0.07633344942859001 0.3257296924928962 4905
0.04705938038396817 0.3542317939197108 4906
-0.1942726217917206 0.03416405597555069 4907
-0.04657417134841824 0.3097713339300185 4908
0.6755932759696934 0.2950230885855797 4909
0.1585304022613119 0.3726862883083329 4910
0.1462922580648623 0.1272086992208955 4911
0.4436367029029271 0.4377083569214919 4912
0.4044092798246159 0.3817376490192016 4913
-0.1810908428768943 0.2132841410390454 4914
0.3168635960009314 0.4426077275823859 4915
-0.1936057426308289 0.04736135402821873 4916
0.006964178868467254 0.1207656734793572 4917
0.6183329217490041 0.3963111203103873 4918
-0.04501151937305548 0.07345389359384691 4919
0.3995681170866065 0.4003677820589897 4920
0.5007034504912353 0.4740555786889027 4921
0.1707862182160448 0.4180122719401836 4922
0.1043039069155899 0.3434236604869282 4923
0.01836405332845403 0.1993363095956526 4924
0.07476542840558643 0.3613609072032704 4925
0.4187659224841538 0.3561861298651077 4926
0.5424109975273393 0.4039524368316215 4927
0.736915806056702 0.5564939909641489 4928
0.5525828632169586 0.3063451243315852 4929
0.2243630611460105 0.3594489335324944 4930
0.5470244814344616 0.4122201833739466 4931
0.2329826010008956 0.1271790288062938 4932
0.6038802292462697 0.3368233769815068 4933
0.6650415705336817 0.2720129665552231 4934
-0.05133203943750415 0.043800826251012 4935
0.7182116592471626 0.4290166529239849 4936
0.7307974842373901 0.6046994934373031 4937
0.1382573468681417 0.3673579607539836 4938
-0.1530313504068359 0.1266225407992161 4939
0.6524511437370707 0.3692225473206522 4940
0.6246685367650416 0.5849238349072945 4941
0.2585443609104966 0.4444304635140995 4942
0.1793483519621363 0.09557526964634053 4943
0.492387140561841 0.5192501461118861 4944
0.007242945338956742 0.1720663364349297 4945
0.005535066926524376 0.1786239828870674 4946
0.02335473751978067 0.2192150776688129 4947
0.7937340244813067 0.4580516671451369 4948
0.5459610692383426 0.549513237353068 4949
0.4417583381241472 0.3227637433783899 4950
0.4284356101810678 0.2441491644950168 4951
-0.03786723705114686 0.1496435875691198 4952
0.5393446379478457 0.214530935705945 4953
0.3317370159502904 0.295772398384937 4954
0.6920278253532552 0.2703795928631469 4955
0.5797398823407092 0.3624343209560571 4956
0.7816631147164305 0.5787990833165607 4957
0.612720880807918 0.2955594796639012 4958
0.7793858883807436 0.570480488605811 4959
0.2751775889708947 0.2474327543633396 4960
0.485354163162119 0.4020444545293839 4961
-0.1472193938430232 0.07878458497802968 4962
0.0918966774902535 0.1239654647771391 4963
0.6697131299096524 0.5682461246699875 4964
0.5766842859014711 0.4390914960310418 4965
0.1138292695566724 0.3197683334655584 4966
0.2261602969650964 0.4268207493757522 4967
0.6924804365400908 0.5013293056381749 4968
0.2184471172815783 0.08555582407133629 4969
0.5175262766404485 0.5349717862705536 4970
0.4413666831614312 0.4497292546674629 4971
0.2729502498686506 0.2641112477649936 4972
0.7400797037764777 0.4296125399978339 4973
0.7043807781574881 0.3667179379830482 4974
0.06026979651294143 0.3769100153029881 4975
0.7644762699067505 0.6798527905796843 4976
-0.1100222526041594 0.07582458032684931 4977
0.1357206482570847 0.4151404242605359 4978
-0.1632950630120204 0.07949452155453708 4979
0.1860291055863083 0.3024615097740322 4980
0.473556336190789 0.3920330430383564 4981
0.6854325593981537 0.5376051598441094 4982
0.01896266374237918 0.1420508409960462 4983
0.5542393703986627 0.5020614319105597 4984
0.7757900439561343 0.321299163376172 4985
-0.08250062457383438 0.1654898100140909 4986
0.4030968351777475 0.1991669352262238 4987
0.5127374796370991 0.5169485894289851 4988
0.1181150715991415 0.3591406369659967 4989
0.3036954881275951 0.3384313863433998 4990
0.6237703000544644 0.2345107990909095 4991
0.2679614032202826 0.3764557833954023 4992
-0.1113942213744167 0.3178018582088252 4993
0.7195099697245393 0.5145399492080113 4994
0.4780896681776985 0.5321335519924223 4995
-0.0322561814835857 0.1270154640646756 4996
0.3144627892238872 0.4005938390017534 4997
0.69559653345048 0.5916149012090772 4998
0.6242906045451415 0.2861449176156134 4999
-0.004411398077215852 0.006115757420762846 5000
0.7281689786495258 0.3592084064538036 5001
0.2633301024728055 0.2470299936804416 5002
0.2464866439996584 0.4622478539562545 5003
-0.1206239290475404 0.1614284995508234 5004
-0.01834833497425031 0.2283804271726274 5005
-0.02451109949021851 0.2305471763785882 5006
0.7706248958797663 0.5371182709338618 5007
-0.0635674189268301 0.2377890532775676 5008
0.214390325940651 0.3395960494491069 5009
0.321723916148537 0.2014722372828096 5010
0.4991993277752522 0.3622162312111384 5011
0.7568314876245466 0.6232020744497727 5012
0.6697077114900524 0.5850620220062744 5013
0.3252267341630604 0.2174834744080984 5014
0.7458594087376034 0.3198955931920132 5015
0.3011240839088547 0.2001818664863384 5016
0.5349666101122209 0.2016316400087327 5017
-0.01087124865987154 0.2502797798010868 5018
0.2072762428571091 0.350782688770446 5019
0.1923601464361489 0.1197847117214772 5020
0.6821456968415004 0.4335006827090184 5021
0.5277865577187404 0.4510593689649474 5022
0.3502249118343665 0.207790154077599 5023
0.3258059736841516 0.4520196831981693 5024
0.3809861234517172 0.4741963778844809 5025
0.2224164308828737 0.4335489756302986 5026
0.7709324945310503 0.4097531921437354 5027
0.6710615874077257 0.4803356945331898 5028
-0.02354518462188948 0.1347088115982898 5029
0.3745230678379774 0.4872438228131124 5030
0.6274212131644984 0.6119227091726779 5031
0.3082688690738072 0.2028646719675496 5032
0.2704114399224681 0.3397554679061046 5033
0.105167904800262 0.09146053945189989 5034
0.2056059968255266 0.0822765688259345 5035
-0.08724533319993899 0.240884955366089 5036
-0.1673108993160646 0.138004221779755 5037
0.3706282689953124 0.2575885919479789 5038
0.1798291413092237 0.2833455085544969 5039
-0.02632849583716749 0.3342411577736609 5040
-0.02622555566990088 0.1220623694583933 5041
0.7512141575888531 0.3052261751144008 5042
0.1727924628003245 0.2375725073987192 5043
-0.1823646853788701 0.08447177984802873 5044
-0.005810383897096977 0.2211423280879916 5045
0.02162153777462295 0.2769808484644038 5046
0.7194769486022603 0.3158065560240193 5047
0.3152507062912681 0.2477921416659388 5048
0.3076632933123512 0.4774350354874369 5049
0.245420956876327 0.4422299936395611 5050
0.08658137391259763 0.2348819555898117 5051
-0.1615197953771065 0.2588422920649524 5052
0.5961675913364886 0.417529587498411 5053
0.04504968536869781 0.09397109643799076 5054
-0.1822421131469282 0.07104424260295453 5055
0.3360954283231026 0.4016166069150345 5056
0.02898354986081026 0.1947692208168081 5057
0.3076309189982214 0.3497603820439448 5058
0.2519131630226349 0.2429349910199366 5059
0.2668185053106503 0.282713199886433 5060
0.2467474081657887 0.2788483970976243 5061
0.1316809728607378 0.3837791038416299 5062
-0.1432371766271001 0.2056564693350442 5063
0.384887402380457 0.2416285214227189 5064
0.09130637297634134 0.3217593675655811 5065
0.3190757165600232 0.3443288671782715 5066
0.2821128306139473 0.4744280891819607 5067
0.598649515956141 0.4507519666790713 5068
0.06172515269360218 0.2911333241731467 5069
0.06879612975208087 0.2948777626816522 5070
0.342985230140021 0.3616765504865998 5071
0.6785179691242685 0.6194406304333037 5072
0.4423574897541079 0.2456586717400825 5073
0.6988040650329377 0.4049018182130828 5074
0.1519191675628452 0.1841936046557642 5075
0.5065437270880204 0.5409580416478811 5076
0.6420779682747118 0.5595881797346562 5077
0.3811668677872886 0.3588650632433182 5078
0.01914794013984873 0.1709142981498611 5079
0.4719756029705646 0.2043770935029767 5080
0.4936326303850701 0.4572906067343744 5081
-0.1149009195555656 0.1394118658043629 5082
0.4752221640686977 0.3767452162073276 5083
0.3283758658950428 0.1467007314216151 5084
0.6782148425861438 0.3669288364764439 5085
0.7758947913353433 0.3966231286738713 5086
0.3937098331196742 0.5230736913511231 5087
0.6907711722162124 0.5796264834376936 5088
-0.1358135976761752 0.2730513512001017 5089
0.00758227503739075 0.08517401371719147 5090
0.1993544230643455 0.2986326645066112 5091
0.6146529989034446 0.591567261421214 5092
-0.03324387548422791 0.2554947264298695 5093
0.009791656227956915 0.3442140876660452 5094
0.1460071514447144 0.1053292199591129 5095
0.5046389728405353 0.5546646672871636 5096
0.3055028864118354 0.3141201181774385 5097
0.6643025006020917 0.2872191056546557 5098
0.3396571931537783 0.3004471523763736 5099
0.09662247874950458 0.4127839448967388 5100
0.2033994986133952 0.2855740456663362 5101
-0.03796728061532366 0.2169384604726154 5102
0.428484623184376 0.4003584230698299 5103
-0.08800907305370367 0.267184299633255 5104
0.7182910334892101 0.381195303852023 5105
0.7541375597426168 0.3316182246082282 5106
-0.01707249628810653 0.1490650771050543 5107
0.1443686927820915 0.3316046224312128 5108
0.2707947644430383 0.3833706590457409 5109
0.2878583876591453 0.162565538581825 5110
0.04789965157788212 0.2541622913860628 5111
0.5222025672664168 0.5588346596688316 5112
0.2298815527100875 0.3882245197868632 5113
0.4040539064007798 0.1544169913607488 5114
0.4506114106473976 0.2576087747237998 5115
0.7426565123577518 0.3136048721958682 5116
0.3830736482278686 0.3339678142160047 5117
0.2731126113990751 0.3709296685582183 5118
-0.1095999001928662 0.2743694186563689 5119
0.373440058040364 0.2822655968694382 5120
0.5779405871318249 0.3374794755795323 5121
0.5394263104168762 0.5263618462148064 5122
-0.04225436838731309 0.2244054314440639 5123
-0.02770045142036598 0.04751212963422587 5124
-0.0235306305316734 0.3059932079703689 5125
0.2512962127973243 0.2282296594775165 5126
-0.1039782880196616 0.07234409170527041 5127
0.2374417539771041 0.4540802817787625 5128
0.1915166152588472 0.2811318833834506 5129
-0.1938348026123951 0.07902849622214421 5130
0.1829385862213068 0.08332895721773965 5131
0.316246704595852 0.1503599110011484 5132
0.05585865782207717 0.3004022136408475 5133
0.4063099827667243 0.2085725738928441 5134
0.02568488038891207 0.2105929505197051 5135
0.4479539996479751 0.4770215917431445 5136
-0.04259932542200802 0.2106303133661481 5137
0.01149589451429199 0.2195652286139519 5138
0.4892081271910619 0.3384254604781251 5139
0.7416789620092683 0.4041186235795764 5140
0.6699858247863378 0.431599837527039 5141
0.1690471695811342 0.1010495355200019 5142
0.2050211363204986 0.4202727559559128 5143
0.6497342706746331 0.356796937290207 5144
0.403640187759712 0.5267447112449969 5145
-0.08300073792451448 0.05645620349019784 5146
-0.09107210185708441 0.05554408938779907 5147
0.6824026252718691 0.5292221093886263 5148
0.7391263688026054 0.6453732270481498 5149
-0.1199230494585248 0.2282427808193052 5150
0.7382562688226857 0.3925451073989839 5151
0.6467946848630829 0.404301895322294 5152
0.3844846179605844 0.3459971972501591 5153
0.3266583892559383 0.4818766324130677 5154
0.615952447805319 0.4649680261360948 5155
-0.08998296138436859 0.2097853956506336 5156
0.4604589384886205 0.4599032994209519 5157
-0.05275267704880677 0.2314974293799854 5158
0.6446316446797257 0.2923220048837693 5159
0.5116097795396723 0.3593301173566411 5160
-0.1614147789991902 0.1893595263730461 5161
-0.05618832588481901 0.2583275672276484 5162
0.01169856604005663 0.3770418411693419 5163
0.5415542793461041 0.3771246489292568 5164
0.09435667037195067 0.2445492723424592 5165
0.1677800435918662 0.3361679612887071 5166
0.2187114970585208 0.1870871422192948 5167
0.0406564086411637 0.3653796995009357 5168
0.7273833224616868 0.3520430332530147 5169
0.2150715916940346 0.4585643296332205 5170
0.250367147866832 0.2917215340828027 5171
0.5621701524794824 0.2960489856798553 5172
-0.03008978059360347 0.2697357456221506 5173
0.3818302772682602 0.5253087207661638 5174
0.5875946530870766 0.2461171506039874 5175
0.627174653773806 0.4497201372203042 5176
0.1809070258692191 0.4459433677803528 5177
0.7489229224827211 0.6135943203784665 5178
0.6904388937103827 0.467762172474262 5179
0.3151632582629521 0.2331548300050417 5180
0.2550241048099855 0.4501132026016639 5181
0.1710471118899706 0.08889388842647755 5182
0.7692507610447561 0.6196712111321998 5183
0.5410566673550024 0.3076053050438868 5184
0.7370492389806875 0.3353435553796878 5185
0.7317718301301268 0.3401219356048995 5186
0.4751888258169543 0.4635186400165195 5187
0.01411908856728774 0.1156701834060753 5188
0.5310049910755814 0.2362382832223029 5189
-0.02828470297600226 0.2839864972323566 5190
0.0383716686632958 0.3175724903470469 5191
0.1506502544635265 0.2794983897863964 5192
0.7227740329501053 0.5293880445367025 5193
-0.05298783422980179 0.2067265960833803 5194
0.4410347126317594 0.518500648485732 5195
0.3919735231263152 0.3666300413394779 5196
0.3126546283552795 0.4980455203840358 5197
0.6799718449930836 0.4003171250910055 5198
0.4367793178887346 0.5121334880381396 5199
0.452700585351746 0.3667974118740362 5200
0.6917409689247827 0.3046448352618489 5201
0.7483564627175078 0.6337802786713993 5202
0.2111321278875331 0.4071131456142708 5203
0.6283730353778063 0.3796776958618321 5204
0.03430558910751229 0.2597898867534862 5205
0.3971670267078806 0.2419524894237474 5206
-0.07112012372998103 0.2752185386998675 5207
0.01698675954714683 0.3225994077125389 5208
0.5581350419789143 0.2318488709582442 5209
0.1368812800726072 0.2305002544745552 5210
0.7811602829105957 0.6764224482427226 5211
-0.01283677893863179 0.2328045931511583 5212
-0.1932099831486997 0.06653691941911885 5213
-0.1935158668265866 0.118637622004046 5214
0.1433727537243435 0.262386643700355 5215
0.7509344164663631 0.6525059180385053 5216
0.4490056980861459 0.3727375983559781 5217
0.5665942113055047 0.2398201016772503 5218
0.6119461496873667 0.2291099116736549 5219
0.6117627247476001 0.551529592620319 5220
-0.126727857752442 0.1413918050961223 5221
0.3014760099534157 0.2501620367215751 5222
0.259119794427512 0.1940344548857299 5223
0.2766695019231634 0.4102868610107952 5224
0.7372577987402942 0.5829000899580102 5225
0.7941723133985391 0.3835321484796896 5226
0.2193413500966346 0.3864134508535213 5227
0.6021633464275267 0.294838941254532 5228
-0.1926345293632367 0.2868301698850838 5229
-0.06409856168565493 0.3187644508659546 5230
0.3702817902280431 0.3015432381706056 5231
0.6406923842675063 0.2703349038266262 5232
-0.09672638851027565 0.1801188819307527 5233
0.6016787875422107 0.3504109050082175 5234
0.4237986581208045 0.2204227340209123 5235
0.3341786269548815 0.3820658791631504 5236
0.7181420213798275 0.580274901278891 5237
0.04134184562545253 0.2493923451418965 5238
0.2038569576926617 0.3969213949615631 5239
0.5293100169737557 0.4381714994936067 5240
0.7922702994517831 0.3395037604360963 5241
-0.06881450868510877 0.2870278544835608 5242
-0.1427638103620793 0.315088275227065 5243
-0.01642199126891388 0.172879821302963 5244
0.7550597361288518 0.5887801425411043 5245
0.7824461676998438 0.645247939434721 5246
0.7579086462766936 0.5337175807661949 5247
0.3386476664733249 0.4495890216639503 5248
0.6511199798641814 0.3041815596127588 5249
0.2245433554115642 0.1254020711266551 5250
0.384281219721666 0.2627957298770653 5251
-0.0039181033100002 0.05477298406103302 5252
0.3508141899533072 0.4602920298711499 5253
0.6403199545991698 0.253006591402189 5254
0.7538779353720522 0.4964583997957548 5255
-0.03627315858475687 0.3488026376165293 5256
0.3513134298478005 0.1873704776958003 5257
0.1365559918665772 0.4279922956750652 5258
0.5763334189599656 0.3256595690534596 5259
0.1374462037039489 0.2503210883891339 5260
0.6567204949009721 0.2993747295867071 5261
0.4950678643129234 0.187634445431563 5262
0.6289237380984241 0.4630891693189822 5263
0.1903842035021022 0.1683822892308525 5264
0.3118263169244106 0.4549671252617329 5265
0.1247151262930509 0.3394039275964228 5266
0.1011651881908443 0.2465787807499945 5267
0.7647300391320655 0.434622680381775 5268
-0.1566778817615914 0.2776986256882678 5269
0.03508906891140315 0.3882778107455919 5270
-0.09673777617238516 0.1712169244347854 5271
0.7208780248173686 0.4490727952435809 5272
0.2266366797050433 0.1567852537905287 5273
0.4900797473825605 0.4257725542006429 5274
0.6885879233086681 0.2574430266686649 5275
0.5540423379290789 0.2942983168199958 5276
0.4648983842816165 0.4297696970825302 5277
0.2905805260814905 0.3931830124764722 5278
0.05490227951114079 0.2495519358866033 5279
0.5287282699254313 0.3779502838286585 5280
0.2376828511171857 0.1797277105460351 5281
0.4216357164072907 0.2446794327851525 5282
0.3355286056727696 0.3115644120034153 5283
0.1943105081469486 0.3668342842142137 5284
-0.05233315486374526 0.1366816472387493 5285
0.7687744368547278 0.6077475136519062 5286
0.7940748663254916 0.4435558545450625 5287
-0.1854343116043783 0.2234114568265349 5288
-0.1367426153174061 0.03342261172885842 5289
0.405451675382787 0.177236255643582 5290
0.5250437102998645 0.4446600054468872 5291
0.2484705242810816 0.2498542069880485 5292
0.02075640989729678 0.1038967705534741 5293
0.05799317917964096 0.08469974023351601 5294
0.3817550750357035 0.1729702794636912 5295
0.7934441856473945 0.6242791113915125 5296
0.06807695352567246 0.3288567071006243 5297
0.6423022467742066 0.6002561370790571 5298
0.02905617575892951 0.2996539727400654 5299
-0.05508083918509687 0.3109703547865172 5300
0.5832954146513626 0.575539835835491 5301
-0.105655908027839 0.1279673502741678 5302
0.03030752050760488 0.01790456853105455 5303
0.4574594587863509 0.5571856784908015 5304
0.7934524011652175 0.5412379086207011 5305
0.3604238530742864 0.445053105794155 5306
-0.04199481353630256 0.006124094235007965 5307
0.2935201725412249 0.3178156904451127 5308
0.7168722578125833 0.6410210417396911 5309
-0.03693520611412635 0.2294991464396565 5310
0.05332639131171951 0.15582504528208 5311
0.4997991074392759 0.4865328333348071 5312
0.6496979814073374 0.343317334971563 5313
0.6488439729262361 0.5825853813699858 5314
0.4056193444932291 0.5013779695183922 5315
-0.1827937189218981 0.1221880323723602 5316
-0.09134412233103727 0.2597558740342085 5317
0.7937581818125453 0.6365827904682644 5318
-0.03607655284813598 0.170446946699523 5319
0.6077567077321256 0.331083329226193 5320
0.3700424185452625 0.174496220829801 5321
0.3390686052184444 0.5092524432138366 5322
0.2711720326321048 0.1165073760731861 5323
0.2339031509919128 0.309219200491427 5324
0.1935231989313164 0.3884042290179933 5325
0.3393086496942496 0.2444239248637551 5326
-0.1201701355332272 0.116986668652584 5327
0.02555505214776001 0.1308636062919082 5328
0.5192398776465261 0.4839009320955702 5329
0.7751313881826516 0.4550769557980991 5330
0.6435024176182031 0.300681091580756 5331
0.4732850998067265 0.3139026126689698 5332
0.3616064917855073 0.3314061474960221 5333
0.5689627710661402 0.3860129339429673 5334
0.01253670226729146 0.3622707774226758 5335
-0.1553829078821918 0.1747420708835722 5336
0.3045458025993132 0.4641719212469817 5337
0.1286139149206814 0.1530238724244026 5338
-0.04155522941103491 0.3564293507695723 5339
0.02583261757097484 0.3579464575241664 5340
0.2358663895173861 0.3965007492338454 5341
0.7948685837141992 0.6816337611604948 5342
-0.05155343354358062 0.2440365677906798 5343
0.7933045000753036 0.5115949598612586 5344
0.5043965671538801 0.4808273596353121 5345
0.002682780800458805 0.2480096235171675 5346
-5.54093392775131e-05 0.2543870895773394 5347
0.439796351863499 0.2102875310655623 5348
0.7597037686688113 0.5531741043505636 5349
-0.02885773031118034 0.08815100141843338 5350
-0.1602165186972584 0.309076095100836 5351
-0.1132299442643233 0.06210979239013487 5352
0.1595050801241572 0.412564489155392 5353
0.4065150388452203 0.1657253654077208 5354
0.7503484314510788 0.5638936226291167 5355
0.2840530013476638 0.3731011100843005 5356
0.09029276121699005 0.255377140395688 5357
0.7934546251624319 0.3696681940080295 5358
0.1111515320805469 0.2027428927978528 5359
0.1166430487835545 0.3383469756652857 5360
-0.0956990781353329 0.335075360466754 5361
0.1211967133134738 0.1011039340871121 5362
0.09524651709312172 0.1800440824370567 5363
0.009613891059072732 0.0298490259842746 5364
0.3223785678428849 0.1247213542010106 5365
0.6128840314709332 0.6047111907054517 5366
0.3324625066098052 0.4731019035912339 5367
0.07957461611399798 0.08917361256160328 5368
-0.1826989468672177 0.2355580798279432 5369
0.05507818966225043 0.2253763681744848 5370
0.4980207164122586 0.3121414420930117 5371
0.6137915792268439 0.5197347274665303 5372
0.6385919013762165 0.4672824137704811 5373
-0.1112659506811197 0.1089131709871311 5374
0.3171370685522146 0.1809243387595902 5375
0.6916229155948377 0.3532304185277965 5376
0.1387163537764361 0.08098245243809979 5377
0.3358729847913605 0.21767365260045 5378
0.01736417509620164 0.2704469844661335 5379
0.5648711102036853 0.5878446836223994 5380
0.2817269337674576 0.3862056449060815 5381
0.165125042842112 0.3178064925260728 5382
0.6992000371880109 0.4787468753216472 5383
0.6778601475883711 0.5886800338476932 5384
0.4851832597821589 0.2671936104025786 5385
0.2368897378403851 0.3646068990822361 5386
0.5107923747780627 0.5284745429286172 5387
0.02227510025681941 0.1648541899718982 5388
0.3372296358890712 0.4602251779866273 5389
0.3875094227317311 0.4766720020187164 5390
0.302874168640404 0.1509683645697741 5391
-0.004152458168402513 0.2969428325972207 5392
0.6195756502575902 0.2503774386411234 5393
0.2558613561694829 0.3386224932427052 5394
0.4185276673199182 0.5060879923881145 5395
-0.1052433691506084 0.06429189555883089 5396
0.1632031830877416 0.06519194416435659 5397
-0.157733727651598 0.1323331646544832 5398
0.7568627173108748 0.3858003170615051 5399
-0.19309448811965 0.2585245323851065 5400
0.4666174388721185 0.4952953603135485 5401
0.1241021433934303 0.235500688110659 5402
0.007569428204409485 0.3503557022874614 5403
0.0778276739444461 0.1342618775308935 5404
0.6771304967528877 0.5115026049283118 5405
0.1694683097202415 0.3829739555215192 5406
0.2181848304826891 0.396490278301404 5407
0.1334700308493675 0.1324944597720068 5408
-0.07128365532905728 0.1944418864354425 5409
0.6707476898364293 0.4522237308722244 5410
0.6721980285533298 0.3561427920604999 5411
0.4630171463384085 0.193123535860907 5412
0.4562594626849824 0.1729467346431722 5413
0.4270250800696142 0.5189362922772717 5414
0.2253830253526576 0.1492706474845927 5415
0.119015227493342 0.3143150014426224 5416
0.3481589319833925 0.2197571411891999 5417
0.009740839755569376 0.06583528126584928 5418
0.06273048170685114 0.2365198788698661 5419
0.6774838240069158 0.6359657875621514 5420
0.7257871057526687 0.3899901120002716 5421
-0.01608263023111858 0.3118618781706707 5422
0.5371970852432695 0.4252914961148982 5423
0.5599789545799396 0.535037605865894 5424
0.7234379793190193 0.5481702717316131 5425
0.435253161290357 0.1924343283097751 5426
0.3766912411362037 0.2186766871330245 5427
0.4371951896585233 0.1986244152217594 5428
-0.01756654862586168 0.2805352452088004 5429
0.2457872785458024 0.4046041691193316 5430
0.3631072892418085 0.4555916649585469 5431
-0.0221105630715332 0.1845697661616396 5432
0.2419240915963991 0.2138642915612659 5433
-0.09104249610481364 0.1017246629942612 5434
0.01540174997855628 0.2947682412228159 5435
0.4683196976653914 0.2532685773318483 5436
0.6379191472249583 0.4384794868515607 5437
0.5449426537164589 0.2638253624967273 5438
0.3628940018986681 0.4326373231961363 5439
0.190690515413368 0.3800244864418221 5440
0.1269476971667715 0.07520825741099947 5441
-0.1934399317862038 0.1310749710407324 5442
0.458054519706465 0.342729773812535 5443
0.7357843111501594 0.5448006116881712 5444
0.69460400026828 0.3463425076502299 5445
0.5153861786138063 0.2222254474824275 5446
0.3651392857063387 0.383239498645311 5447
0.4317893034843191 0.2380904750575526 5448
0.6638077073964753 0.41751246823929 5449
0.6871803744869848 0.2955521679235518 5450
0.77850097583777 0.3065822616903133 5451
0.7936291812915073 0.6442209974709465 5452
0.1952672188667634 0.3169083356757704 5453
0.5118030589608746 0.3973287232921939 5454
0.6839488400039346 0.4837409424182205 5455
0.2832939065481015 0.2133170457825271 5456
0.6566772788158637 0.3753346018771453 5457
0.5978592470349609 0.3250704606399379 5458
0.4382631629005475 0.331143309131734 5459
0.4663379190928546 0.4834042680155507 5460
0.3458106806034051 0.3421035320848437 5461
0.455279722307439 0.2767888681461015 5462
0.6374801870232346 0.3344644962624387 5463
0.7118734759893665 0.28033247740485 5464
0.3872844120879562 0.3948188696811546 5465
0.01432629811239253 0.07659516959344767 5466
0.4524126199853092 0.3322778344803897 5467
0.2001741887056646 0.2719640392417896 5468
0.3880676419428058 0.5134896828974954 5469
0.6965046733236904 0.5510673734312838 5470
0.07449158102849032 0.1908869463746422 5471
0.5191328284214175 0.3693022536883969 5472
0.3499295121274475 0.2633737038905836 5473
0.3451629043993695 0.269057470822195 5474
0.6185744393586686 0.3711840849028448 5475
0.6842077119730028 0.351715568812 5476
0.06332449634984588 0.1951966108347998 5477
0.6154659309365141 0.4036145136903616 5478
0.07990931281941996 0.09518082963545663 5479
-0.1389316668486427 0.006423849382101724 5480
-0.1792760328415177 0.06371654580798629 5481
0.07868342419584033 0.2722195921406014 5482
0.1017400057274868 0.0550861233301763 5483
0.09997281304282399 0.3215915844949208 5484
0.04804521635043558 0.2908539408328374 5485
0.2340667586720026 0.383249681807836 5486
0.2856441051949529 0.4885495032363928 5487
0.00695207263271199 0.2022632378643425 5488
0.1818292392217247 0.3935703737230346 5489
0.3545045511673643 0.1661897484011221 5490
0.2070448047578022 0.3087009720979579 5491
-0.009403022177320796 0.1071063113658436 5492
0.6498863187303781 0.4657439386274291 5493
0.2347792807522678 0.4352172534951971 5494
0.2884842619706158 0.1456546444545419 5495
0.08608454621594208 0.2123640526421673 5496
0.5897804297557806 0.3032749179804696 5497
0.6468557742900909 0.4765390822148458 5498
0.370731684634813 0.3935614472867162 5499
-0.03763651852066124 0.06308289704958592 5500
0.7410457424568617 0.4522051282883151 5501
0.4583507585724448 0.3061922537968272 5502
0.6542104841611732 0.3501522758282922 5503
0.5294421843609457 0.4048599105886567 5504
-0.0121417608366819 0.1370221260945048 5505
0.5660324979504994 0.3426388534244982 5506
0.1108724350838829 0.1955763500458078 5507
0.5070413494391949 0.4063249838215117 5508
0.4661732156829807 0.3343401663159675 5509
-0.09791428261745266 0.03604583394675567 5510
0.5198129984443257 0.3880372826293295 5511
-0.005465853068021365 0.207816066693804 5512
0.793757065447082 0.5186023915798043 5513
0.7515864826625173 0.490334310265897 5514
0.775995456413302 0.3564170210091098 5515
0.3942495081935594 0.3317075305797603 5516
0.1246411602153467 0.3712691892441217 5517
-0.1937801342612187 0.1004724367416726 5518
0.1397631369005162 0.2850945116017449 5519
0.2318760407518015 0.413145586389468 5520
0.5435954279466679 0.4582107767981258 5521
0.2265732565561439 0.2837841901449639 5522
0.3804970129791779 0.2308734331055734 5523
0.1684345237116343 0.393711928354473 5524
0.290125112219845 0.195368678061168 5525
0.1256770067515318 0.2537614726890378 5526
-0.1555545374071761 0.2107133790093677 5527
0.4610651049048152 0.203563775954344 5528
0.09118608032954273 0.3866269253699275 5529
0.4191715287289153 0.5179795586639846 5530
0.09541622639436445 0.3586571157577956 5531
0.1351956341985688 0.2965795075470384 5532
0.6670566285815532 0.6402829240031487 5533
0.7153262899146472 0.5375548908174475 5534
0.4052531538648556 0.4057667753613902 5535
0.5126773968043414 0.4920098670467042 5536
0.7853447618100324 0.4129299249461672 5537
0.6452809470717537 0.4172394148672703 5538
0.5225607600735316 0.2258867697407052 5539
-0.1837652540130521 0.02458205499726531 5540
0.3934070807231162 0.4697412706247427 5541
0.04515424295599402 0.1730226042122173 5542
0.2250760624171054 0.2714836941944543 5543
0.6228069842984779 0.2997492796557436 5544
0.02749425992972067 0.118905007991437 5545
0.1644377328683872 0.4068740448546553 5546
0.4860659159230705 0.4138172930385667 5547
0.2081665572028367 0.2595620543196467 5548
-0.1013963527844734 0.2882878912609595 5549
0.7224141180484204 0.6628833522565225 5550
0.08642180443182759 0.1020950590395939 5551
0.0212821941412813 0.2894406314966292 5552
0.06826739737608545 0.1836754597333956 5553
-0.06297764342757783 0.3320834915119739 5554
0.5777181095053852 0.2344719973363338 5555
0.7500227258309488 0.6204039202948611 5556
0.03395169267414536 0.1701468360696077 5557
0.3054453789055454 0.1368532419417919 5558
0.4553465636376782 0.354501417031809 5559
0.2246014062482458 0.4508460457106243 5560
0.7938385939248209 0.6062761186574276 5561
0.07927141738505364 0.05234400697070142 5562
0.4017500042881745 0.4796000071340228 5563
0.1033160843260011 0.2343732910577903 5564
0.6699191597974201 0.5004293299271729 5565
0.7350577956544586 0.4701843448794494 5566
0.3170354132942584 0.3327971884337333 5567
0.34680519886136 0.4430560447517842 5568
0.6055109602789751 0.5402244781541893 5569
0.7943124606399404 0.4208984904861301 5570
-0.1936593588099515 0.01638406496455565 5571
0.353938324199247 0.3207926840041744 5572
0.7938992710009825 0.6585545424018288 5573
0.1362896245918598 0.09480827612244894 5574
0.2183887120518377 0.1467325000899909 5575
0.4460319398813329 0.3018570258882169 5576
0.4403455401464798 0.5381431192699538 5577
-0.07783575474988198 0.2749403219493312 5578
0.3948865918115607 0.1724539569890553 5579
0.03392483012660196 0.3112016509036865 5580
0.5431079346844959 0.5899479934127769 5581
0.2761210286295084 0.4420059298956405 5582
0.3679115806653784 0.1406102105149729 5583
-0.05982768251007922 0.1979866369676788 5584
0.02157316901448274 0.08488912882806735 5585
0.7509957575240103 0.278859582486532 5586
0.3633366119373492 0.492454239546512 5587
0.1597094967655073 0.09074553831461783 5588
0.3171697121786954 0.210484531539458 5589
0.4679956122142488 0.2709964328738309 5590
0.05682094882669682 0.02691143279709194 5591
-0.00199160557585592 0.2426560373614299 5592
-0.1600152953689343 0.006100289629474382 5593
-0.174551543527349 0.2258222323214935 5594
0.2818202562110043 0.1804947734104494 5595
0.274474726032229 0.1800958863784822 5596
-0.129148801533492 0.1337232284594115 5597
-0.04069526141878752 0.2875685863493827 5598
0.5989802027914508 0.2434084310869289 5599
0.7934869676394074 0.6669817345733187 5600
0.2182279101126582 0.4461256281420934 5601
0.6553387846759441 0.5696481304041865 5602
-0.1851922000657517 0.187342421800382 5603
0.00391223359594895 0.008603340954703472 5604
-0.1080923755178411 0.08581464024207348 5605
-0.04562724140230065 0.3437987555290117 5606
0.5274260447451024 0.5851662832292517 5607
0.5669151801157192 0.3352094323238839 5608
-0.04996043754921789 0.08520088360321415 5609
0.3118474807124444 0.4082397968284807 5610
0.206242183976769 0.1879626485471871 5611
0.436244674896325 0.4281274513659772 5612
0.564384521560701 0.4647817654850649 5613
0.7163053206442401 0.6017920940538438 5614
0.1167825697605731 0.3078205427115039 5615
0.6291319366566132 0.5952662752536196 5616
0.3715897331427886 0.3242294502048105 5617
0.2016005402125402 0.3216094745913787 5618
0.1347134217024005 0.06417217639275498 5619
0.2950757275098587 0.3455114610135995 5620
0.2296208213517252 0.3183561038709726 5621
0.6279438890763175 0.4292445971142385 5622
0.3042942115742575 0.272648342354855 5623
-0.1083314977595566 0.2037294602738806 5624
0.07638331543600685 0.4042791842028001 5625
0.2952171361843475 0.2068028947020039 5626
-0.1327792693616465 0.1216879097310328 5627
0.3705420357662614 0.4060036545617716 5628
0.3577857669385189 0.4826548305584269 5629
0.3350975861894648 0.1681080690367655 5630
0.1075632750544084 0.3036820419594307 5631
0.1182888160358714 0.2079662081070592 5632
0.7862120353468183 0.4353853114102541 5633
-0.1508722319752474 0.006180503176324084 5634
0.2935823064072008 0.3680167181959235 5635
0.5680619213581924 0.2617732282496136 5636
0.6879546849187735 0.3148471006944542 5637
0.6171010770392537 0.3385681198934223 5638
0.5550401547580356 0.2441860002140158 5639
0.4863253933843958 0.3133562889629594 5640
0.7652677564101793 0.3936239629992132 5641
0.274467812824872 0.146694968302402 5642
-0.169925497410633 0.1940204259029866 5643
0.07466575389207275 0.3181568691325565 5644
0.1881046326511118 0.2942667645709943 5645
0.3436906105890507 0.466749114844033 5646
0.574924977549741 0.4867784185725899 5647
0.6004506766895525 0.5973464156117057 5648
-0.1567940799586038 0.05428639329382488 5649
0.3315732960375583 0.4864844400331385 5650
0.4243430660309485 0.3665464799561204 5651
0.7486413577346867 0.6731745550631431 5652
0.4780289222523186 0.1807222114881148 5653
0.1767377396457122 0.3031640306851085 5654
-0.004996374051214046 0.04312639726059193 5655
0.09067931243377084 0.2696057946495763 5656
0.4934592359383947 0.3719507508216059 5657
0.6342422765682887 0.5222646535581013 5658
0.7034344932812278 0.3480530045462381 5659
0.082475251511909 0.2459538187126126 5660
0.7122299204719167 0.4047865496913663 5661
0.5544936007872001 0.4125996817933779 5662
0.50655317078928 0.1898391604203835 5663
0.7165980590424599 0.2670174381679285 5664
-0.1130286725994206 0.225124696192346 5665
0.3455026600696804 0.2914734107259379 5666
-0.1648890094728932 0.1220948186026783 5667
0.6537606497732892 0.381840081804368 5668
0.4363078170079944 0.4829345987002624 5669
0.6498112476952759 0.5488356190500018 5670
0.4121788520833601 0.2185801472366869 5671
-0.1173046139823888 0.1314013780123019 5672
0.03467094673844581 0.3561072767959169 5673
-0.1766175847623022 0.09394743198320607 5674
-0.1216397921456774 0.006523465986312573 5675
-0.05924278653479933 0.2807468391045978 5676
-0.03468591407563937 0.1593447706331145 5677
0.5305889740881172 0.2603488093658939 5678
0.0939016449916721 0.0636308398588596 5679
0.7217906275969961 0.4788424524141595 5680
0.5396285800065339 0.3837722716922771 5681
0.3541937967266067 0.3618751604606306 5682
0.5903437710961585 0.4515785906821024 5683
0.1773071857657118 0.2763044018286543 5684
0.3848868616289836 0.4075274024647488 5685
-0.1741960434317568 0.1841511564406273 5686
-0.1571843302854994 0.1541482102666681 5687
0.3729448857312275 0.3528273261128076 5688
0.4802489522178973 0.2473461688983614 5689
0.6167861968635601 0.4117144634678821 5690
0.2942318704591069 0.1221466318535661 5691
-0.06792162731636149 0.2518298389460124 5692
0.1438361927157416 0.1773959378414625 5693
-0.1069792579008227 0.005614019966790911 5694
0.3434446229476459 0.4107189450661802 5695
-0.07053480199169411 0.259225174767144 5696
-0.00799752269237573 0.3329539096082159 5697
0.5234907782686742 0.3267121926875985 5698
-0.0982408551356775 0.2474325177921742 5699
-0.1063589946726784 0.1631809697877289 5700
0.3072971981535017 0.381342142319947 5701
-0.1115088734653052 0.2819370956274582 5702
0.5530432984454196 0.4809808437927582 5703
-0.1502176187324469 0.238430076249206 5704
0.5634664491955916 0.3030133552067104 5705
-0.1171459691767718 0.2141968752814877 5706
0.1016613036462415 0.371345438023151 5707
0.6639911785399124 0.3435318257523963 5708
0.2406490753082476 0.1351905431537681 5709
0.1883228045390069 0.4485029541667603 5710
0.7004348032285358 0.2995008753467005 5711
-0.07362619596602385 0.2983455642811801 5712
-0.06828435135956022 0.3112221856522576 5713
0.3235658561668381 0.3308733337207911 5714
0.3585697596397971 0.4030909066211139 5715
0.5452584735457051 0.5630513322524782 5716
0.6141601597299543 0.5580051802004138 5717
0.7691637937797353 0.3341766644996976 5718
0.2796177175466261 0.3983079800963591 5719
0.3576809377438649 0.4199189844372162 5720
0.6833001379777464 0.3263651896644637 5721
0.5556328607855522 0.5958876115007012 5722
0.2344799592382158 0.3404432592704244 5723
0.6770438401335409 0.3237904299936616 5724
-0.09967285566905684 0.01519934785211655 5725
0.1487949647405087 0.2680358345911634 5726
0.7429979851266153 0.4714205862240812 5727
0.4574121087297968 0.4188620794053902 5728
0.7476361752580958 0.5217017994839652 5729
0.3648880947072558 0.2692242150692153 5730
0.7267535358809387 0.296382918364656 5731
0.7296349292907729 0.2836971951385469 5732
0.6982602459935479 0.6440281271858377 5733
0.3515210653046451 0.1342196982771442 5734
0.07920392694370899 0.3499316506047508 5735
0.08407733604932527 0.3543488229852825 5736
0.10884800715479 0.04560659131399537 5737
0.1048408898381223 0.2818903038318453 5738
0.5136545596656649 0.4512270349062877 5739
-0.09125546927210797 0.04855178276756961 5740
0.6010145129854372 0.5167818698665584 5741
0.4622607435226505 0.2573264553883171 5742
0.5945868028322346 0.5124899066091647 5743
-0.006140608422743506 0.2889163677277042 5744
0.123047160345005 0.3279113348044241 5745
-0.1761670036023098 0.2746509468824028 5746
0.3818113908871111 0.3877145841770231 5747
0.747695982033981 0.553561635967762 5748
0.4693875359813633 0.2451170745527621 5749
-0.1363330374108117 0.2589594177193524 5750
0.7034817879707933 0.5179721038834677 5751
0.3029429215371292 0.3617128795010943 5752
0.6227643748881831 0.5589464640232231 5753
-0.0776475083909822 0.005702593957998311 5754
0.2290083724497766 0.1383120863486766 5755
0.5109842386611944 0.5644563768669252 5756
0.715015756761333 0.483294203206464 5757
0.5588230580961328 0.3626719179658205 5758
0.7847365545418792 0.687951803875074 5759
0.07762356208010335 0.07608107337964318 5760
0.2021291559297154 0.3400975846959083 5761
0.2646881838938515 0.2553427931560621 5762
0.2240353704056259 0.4033946027886843 5763
0.09305268412006568 0.2827734536809599 5764
0.707428419074053 0.2905106985241728 5765
0.4917733042586141 0.3248222398826927 5766
-0.1862698938627071 0.1788891004309801 5767
0.1332359927243527 0.1730981973597548 5768
0.00167341316340238 0.1362527503696235 5769
-0.001627083006318504 0.1424752360343818 5770
0.1773587117038578 0.3767224345749104 5771
0.5480949259898906 0.453095064875932 5772
0.7825464593012069 0.4239400554507344 5773
0.6072656763358619 0.5295941272349269 5774
0.5497100381340809 0.3509157750942098 5775
0.1173507404825836 0.2270136182341876 5776
0.4489672104074254 0.4643773263006853 5777
0.6360112788675025 0.3016689117239665 5778
0.1408664692329132 0.189948353428305 5779
0.6639117713512519 0.5185726123412997 5780
-0.09135884341630056 0.2474087874888093 5781
0.7827397642292084 0.5192034189089677 5782
0.06468634804161497 0.138885572541363 5783
0.05213839597258181 0.04373496696770407 5784
0.5548918287868171 0.3404367633924827 5785
0.7146340710887237 0.5537841427561961 5786
0.2055701859262642 0.2154505365689057 5787
0.2110891923680778 0.2191492199558505 5788
0.412190992932555 0.2758981110828059 5789
0.4188744884245467 0.2779030427934684 5790
0.1748290759844556 0.4001105798656018 5791
0.2658370582605318 0.1469803813709467 5792
-0.1231177382744111 0.3242632608632188 5793
0.5349357590554221 0.4508049900545792 5794
0.4736509248656382 0.2572035838150247 5795
0.6131227884018643 0.4511864244799238 5796
0.7262125953768914 0.3276775999295685 5797
0.3887056846610241 0.1481927794110198 5798
0.218639965624158 0.2276747237016505 5799
0.4661898724503997 0.4543585179981409 5800
0.09382540651585049 0.1583078144733685 5801
0.4014570420710046 0.4150620741093486 5802
0.4488080120170433 0.2454741255264299 5803
0.1940049976530402 0.4254552351774 5804
0.3798983737541323 0.2015212566700621 5805
0.2890331611156548 0.2031254908460652 5806
0.288817810559931 0.4150746827789646 5807
-0.02116353990502316 0.2583142070755098 5808
0.5624240250536499 0.210719765946991 5809
0.4156548537925238 0.1577767698198229 5810
0.01294868062245935 0.1301403655235196 5811
0.08381565903404756 0.1815212342253759 5812
0.1344876819667922 0.2428407171739652 5813
0.7840870531127144 0.4911475993436509 5814
0.3769457371165734 0.3662582991986059 5815
0.7535396203128427 0.5087687792880757 5816
0.6232224005084498 0.317113691330236 5817
0.08359719582077998 0.2655918557253424 5818
0.7683556642312283 0.4225339223703798 5819
0.1134070369755615 0.05844081593374698 5820
0.1854582815067837 0.10605805561747 5821
-0.1446242790222308 0.02405706591481301 5822
0.1249351668762947 0.27065538449446 5823
0.3550428142043097 0.2761564085996109 5824
0.1555031988525012 0.09655194476350869 5825
0.2182037181763183 0.4089720172649656 5826
0.4539076638696399 0.426472813757188 5827
-0.06220191572460415 0.02317728539247666 5828
0.2488475295937744 0.4358403192952846 5829
0.6285528297624569 0.4742125508851858 5830
0.7110677170505403 0.4392207903262848 5831
-0.1480796950767448 0.2515771464221202 5832
0.3287992543921434 0.3404484535216293 5833
0.08278293445203821 0.3843623828958463 5834
0.6895260240262615 0.5698181185715305 5835
-0.05002785235539867 0.1092109573139252 5836
0.553239417038523 0.381787680726315 5837
0.7351738196827357 0.3616234483242725 5838
0.1398649356761699 0.3850117393529563 5839
0.2819660890035849 0.3130733700294827 5840
0.5365927109962297 0.4922995218658231 5841
0.3680578163191986 0.4258739723324818 5842
0.7151258751689724 0.5605137579381612 5843
0.06872140674420098 0.09330717324664943 5844
-0.1528464149835247 0.06512590708370614 5845
0.2964760462628107 0.3739657601699388 5846
0.5708574342905185 0.5329737073971793 5847
-0.01095199224930237 0.1888311179742768 5848
0.6359227629889084 0.2825748019290435 5849
0.03143408647207155 0.1260961837061042 5850
0.6500468388236108 0.5042337822297901 5851
0.4452663466226194 0.178264578690678 5852
0.4967123388493291 0.407407854388464 5853
0.1951762544630476 0.1062663822138942 5854
0.1753147547696784 0.1322703134826712 5855
0.02841267781849782 0.0261607975281508 5856
0.7933745506404317 0.5848876161054152 5857
0.4830227987953593 0.2866297485997777 5858
0.2418636349045743 0.1421154198612038 5859
0.3111076133288646 0.22151643720055 5860
0.1516001969296757 0.3731052372847371 5861
0.2683113911590405 0.4329701450604709 5862
0.0756672410403632 0.2293192022613222 5863
0.5518694619780931 0.5205287181598237 5864
0.4716602722553496 0.5065547902944278 5865
0.3423918029996479 0.1998679000881595 5866
0.1089728886813619 0.1820121887630693 5867
-0.1322869244505156 0.02052404801305929 5868
-0.04039648087954353 0.2479368550922147 5869
0.3383573961080399 0.4151961167096132 5870
0.7062096250240749 0.5435221581190588 5871
-0.1549176205979561 0.1154265538534262 5872
-0.1406373548425702 0.1934919692280202 5873
0.6670219489157377 0.5621222096987571 5874
0.06163850845954711 0.1872915306790608 5875
0.2793978613325001 0.2647519234267042 5876
0.5820578519805677 0.5499437596742083 5877
0.5605442765690558 0.2838207737412242 5878
0.3466196446759079 0.1649592732918324 5879
0.3451183971978067 0.1570766650929546 5880
0.5928842200843086 0.397829361908228 5881
0.307330643916112 0.1794874240230037 5882
0.08211222497005234 0.1564915767077555 5883
-0.0759759284980865 0.2364194917333764 5884
0.3823272139327326 0.3021390428166923 5885
0.428385362443613 0.4769677775807224 5886
0.6354506228133292 0.5616474640108406 5887
0.5114052359660405 0.3458815428035463 5888
0.2426338990594236 0.3183444370600762 5889
0.7602496910300125 0.5207608901446928 5890
0.03919803428104643 0.05239612352711137 5891
-0.1039151175995645 0.1912894046494728 5892
0.3676600720725947 0.3635254379851508 5893
0.5958690006195514 0.4778767784720758 5894
0.5718961253248337 0.3645140330563295 5895
0.6190158834928171 0.48645353713827 5896
0.007880245537842065 0.1900187435263918 5897
0.5702683341708863 0.4261209880166168 5898
0.7478402379641814 0.3354941890360348 5899
0.5417355266703663 0.4330473346686711 5900
0.3579803118917918 0.3009367188690307 5901
0.1553389233276409 0.2662774795659817 5902
0.1242462861228776 0.3478359984868292 5903
0.2499835468557369 0.322980500964031 5904
0.4269108894519184 0.406916643958418 5905
0.391357568177915 0.2007980045574684 5906
0.3018517779056291 0.4714731827054083 5907
0.3307023326087852 0.3543650541589948 5908
0.6033327649795437 0.5022932829051323 5909
0.7617991728878044 0.3716183812359761 5910
0.046496215260849 0.3621097223253179 5911
0.6757637414201565 0.3863346010740062 5912
0.6172959906484999 0.5072629660323837 5913
0.7281759136645779 0.6286860227591017 5914
0.4517037090959123 0.4396082683813869 5915
-0.04123780229829044 0.2754265466321038 5916
-0.0707466631134088 0.00628449471671723 5917
0.445385747987193 0.1881077138698183 5918
0.2193057899909575 0.3095418800487129 5919
0.7002966912508541 0.4123031260569207 5920
0.6808912134736312 0.3926261663507655 5921
0.1887503387982323 0.4158918384274289 5922
0.7419037093092316 0.3716183857732995 5923
0.4274812040284542 0.2864690258163952 5924
0.1369117428088972 0.1141991660480776 5925
0.2632396571155735 0.1158080277791697 5926
0.7588158910242271 0.3424707437422975 5927
0.3826680649766819 0.4510773348448347 5928
0.01818230375576741 0.09067239897024418 5929
0.7539148375570266 0.6017913769070038 5930
0.041518534520427 0.1178551266050579 5931
0.3725681612196324 0.1881782438400162 5932
0.7304127040399443 0.4095194843702136 5933
0.1871942869309185 0.1920770449208735 5934
0.6082662758259026 0.2742846490981066 5935
-0.08137265255255907 0.2011172240539866 5936
0.5286571633391973 0.3083716274093305 5937
0.1064668101610542 0.2219338005584929 5938
0.241231775829436 0.353429410162777 5939
0.5609315048162035 0.3961024810261516 5940
0.1889441501612185 0.3393894771950051 5941
0.5645090734401632 0.4306746094946394 5942
0.1440661105919515 0.3427199060419597 5943
-0.1007996526062251 0.2403973117948969 5944
0.5059795133188472 0.2915437515350991 5945
0.7232080140730363 0.5082697118338406 5946
-0.1696289121634563 0.2320440898716681 5947
0.7010622869840133 0.3178520734760883 5948
0.1631101223484043 0.4194824023011279 5949
0.2782532754701063 0.3074521146063524 5950
0.5685443768854836 0.2528008121764135 5951
-0.04028824480903344 0.3314967970486865 5952
0.5053343606734401 0.3559293596671887 5953
-0.1842725426483746 0.2584625064183307 5954
-0.1344066538430181 0.2861512843687383 5955
0.07342140285254734 0.33842774698858 5956
0.5981672625805108 0.5234002519643541 5957
-0.1939073386081255 0.1532368544492675 5958
0.5386991814120011 0.2452644006671567 5959
0.1755098624769088 0.3452656969202336 5960
0.1476860566539786 0.1580401582235078 5961
-0.1428491700828202 0.1585118630343669 5962
0.4322328542475197 0.2092672104662271 5963
0.08652341065870191 0.4073104118904925 5964
0.2597601387045732 0.2118560078465576 5965
-0.09782621431406938 0.08330695140775607 5966
0.7082210782290166 0.4296501277588089 5967
0.3821011579010092 0.3087299460754278 5968
0.5336933982225095 0.2492343818756094 5969
0.3466985826371005 0.2564884273135093 5970
0.3398476371922622 0.257014345399587 5971
0.454581044514846 0.2267120068635248 5972
0.01152799916823943 0.2398197027666649 5973
0.5037625535160926 0.516981097522764 5974
0.4171230974343683 0.3864341933862271 5975
-0.1638798074769394 0.1830762890697066 5976
0.6449287450327734 0.5770700577499637 5977
0.4339798003407069 0.3609567998566696 5978
0.09991311459402635 0.2197645197943808 5979
0.6579252497322816 0.4321463372768711 5980
0.5117461162750272 0.3081205203696725 5981
0.6970239112372548 0.5279769427547223 5982
-0.1615737279015826 0.09401331762328667 5983
0.312167647224985 0.3548255213233551 5984
0.2265346523581624 0.1713435149875307 5985
0.2275183431367692 0.176611538866603 5986
0.7597101071173759 0.6678839711165516 5987
0.6620859278511751 0.2465784915389433 5988
0.7592603109048297 0.299988571427254 5989
0.02815317538948318 0.2650902510002535 5990
0.7006152107782617 0.6320359287784388 5991
0.2588769378453465 0.1220211121557391 5992
0.2743901485582952 0.157562012224111 5993
0.380867081831641 0.4220699699225225 5994
0.2658344201904069 0.415396198289998 5995
0.355027197370595 0.5154733547606234 5996
0.1994516469257567 0.3597763211713056 5997
-0.1227075656135233 0.3135650300375729 5998
0.5267038431473332 0.3197564942432972 5999
0.7458001307126609 0.3898086605157014 6000
0.5107635116657753 0.203309343761298 6001
0.2063440651883298 0.2083982074607433 6002
0.4013413291012232 0.2285820743703706 6003
0.576522383564901 0.4661333005628336 6004
0.4162077023410302 0.4115639031686674 6005
0.03891810417533083 0.280153479021557 6006
0.3263152742461575 0.1878454887871856 6007
-0.09795568466994396 0.1344823024745426 6008
0.3228470056800598 0.4005356695439841 6009
0.7386367615317385 0.6122304190811524 6010
0.6465718635412879 0.2654763725397281 6011
0.7356732277228009 0.6686013340456265 6012
0.5433946242752762 0.3473893162968121 6013
0.1594450266411129 0.2750592223908029 6014
-0.1495479228253936 0.1952006199290909 6015
0.030737638826868 0.3748618812014966 6016
0.6198722354737725 0.3594816763245515 6017
0.7786617992522357 0.557708884319483 6018
0.6875376233389696 0.6483830186720284 6019
0.5697698575365919 0.5750818773155097 6020
-0.06952629542587704 0.1286555471718256 6021
0.5021665909137454 0.4608335645645598 6022
0.7055732504028243 0.3364741870270714 6023
0.2561091468178139 0.1558963128576265 6024
0.07266674923775523 0.03235123322808918 6025
0.7705171951495058 0.659512424503142 6026
0.7851776018931685 0.6352091374855819 6027
0.2441887976027971 0.4557715094240697 6028
0.2655833974896345 0.3619697587144196 6029
0.6043847213741969 0.3996097007659404 6030
0.3261466925162761 0.3945613182471367 6031
0.1891851155237961 0.3540652166543419 6032
0.4657181155028873 0.1759769889116192 6033
-0.01960247507000378 0.2028897424995842 6034
0.1502447690763501 0.1973263961532787 6035
0.4409306970638149 0.3622698189483189 6036
0.008574612424524886 0.2598171166883294 6037
0.6093132862021509 0.5795109905851474 6038
-0.1210362740974778 0.2585722906454029 6039
0.2949675359443998 0.3878014094745081 6040
0.530047541871683 0.4263453435720539 6041
0.1235060857782105 0.196471834394908 6042
-0.04247192803053289 0.09459325686184601 6043
0.4723099200095994 0.3537469407743032 6044
0.7834980355625791 0.6581884918558345 6045
-0.1386585381138722 0.2385433431364644 6046
-0.08026566091118394 0.2868983012901861 6047
0.7461372409964225 0.4775920005357026 6048
0.6818440414394561 0.4482259151964771 6049
0.1707151553203965 0.1688926714224881 6050
-0.05795682767018806 0.2730381917588736 6051
-0.1381085604555281 0.1997949769723645 6052
-0.01575623767934132 0.2649901250619362 6053
0.6850325723312434 0.3344963750283185 6054
0.4059390229458338 0.3390052917482642 6055
0.7159493318912405 0.3351733328453832 6056
0.6185087565135028 0.5715262816914525 6057
0.7651466478054307 0.5328493762176897 6058
0.6355410754775366 0.2594162386074246 6059
0.1279828391618654 0.2179272701610965 6060
0.5681649195213364 0.5628332147893566 6061
0.7588171564723802 0.6430696012940588 6062
0.1893900192691259 0.1443383295467165 6063
0.01987068870235972 0.1538706282768285 6064
0.3484038503317588 0.3577578124700577 6065
0.5558211009451013 0.4239246838405536 6066
0.591911449466876 0.5234802974419315 6067
0.2285909403821106 0.1142057847178849 6068
0.2329162697043232 0.0909852315253708 6069
0.3137047103740765 0.3129372660352517 6070
0.2661604812670201 0.3444408983193735 6071
0.3887704163251692 0.4192199463058527 6072
-0.1084078463479791 0.03531469704056915 6073
0.4918515629596928 0.5549386861932 6074
0.2691690577170653 0.1032081988399472 6075
0.6314460256777005 0.3568073717867342 6076
0.3375060884950576 0.4966807362622723 6077
0.738820132768493 0.5335331234165669 6078
0.05008060918361162 0.3414317036496955 6079
0.2578763339685634 0.4098112360612753 6080
0.6316614175770868 0.2455109524853968 6081
0.585925433654673 0.3373789757565736 6082
-0.1824466593052172 0.05056707403313181 6083
0.4408965335113124 0.4763364528538645 6084
0.5603159361526335 0.3148146923475555 6085
-0.04457052390845961 0.02662668096972554 6086
0.5556590087823056 0.3193152511976918 6087
0.3141952883991792 0.167970821875701 6088
-0.1095968784789983 0.2568970722523953 6089
0.6932947664972221 0.4522885624003101 6090
0.09075630129069323 0.3318040696024506 6091
-0.09137755021406287 0.089425485047142 6092
0.6053254249239097 0.2537214030036709 6093
-0.1850205374364832 0.1645283709842832 6094
0.7625924437382519 0.6501236523615022 6095
0.465182330817335 0.4207107617512367 6096
0.6276656941089963 0.3614167452229213 6097
0.6214718141013269 0.5479480802472658 6098
0.5453335094784337 0.4783245072525939 6099
-0.1824640496799234 0.1110454766528768 6100
0.5592483373938301 0.4508018808665712 6101
-0.0181875193817491 0.1138425869984526 6102
0.7012176195267055 0.5375760261118285 6103
0.7371267452006202 0.5922501619978681 6104
0.2276206663279332 0.2396571412718314 6105
-0.07644174700192082 0.2224579398049056 6106
0.3327281037114034 0.2736741860122678 6107
0.5895122215808936 0.3870085763918234 6108
0.1618915090794721 0.2891071388700297 6109
0.2262982970661469 0.1967018010720633 6110
0.2381330008606515 0.1716090560461296 6111
0.2448242092874752 0.1239987686570613 6112
0.5885093258702115 0.3301145756531886 6113
0.1350375468259259 0.4058959631796829 6114
0.6493744186238919 0.4421321559720493 6115
0.03139922838383991 0.3236316300050935 6116
0.4146255657541057 0.5240849430492263 6117
0.3871848622865502 0.2114942021902361 6118
-0.08448106802846554 0.3268312882183664 6119
0.4069979432094278 0.5146603043688072 6120
0.6183408107185888 0.2826304569193023 6121
0.5464142780111324 0.4982371076775803 6122
0.1564234236666224 0.07483291462539002 6123
0.7528515164689691 0.4471207279378502 6124
-0.03649307115357485 0.01609915539286214 6125
0.2857335738033898 0.4261617004738469 6126
0.4244997934149043 0.5306497817717817 6127
0.2488293295892968 0.1432390203631709 6128
0.3056052439010936 0.3972314801431652 6129
0.3649868794770002 0.1819114653027334 6130
0.4537965070156129 0.2162586429957246 6131
0.105743643876113 0.1923994338378961 6132
0.1013036186119078 0.1396232685127612 6133
0.7242133783845027 0.4426626804638374 6134
0.7062692445144026 0.3789089296885695 6135
0.6043876135589161 0.616449822239151 6136
0.6971007489643661 0.5995055876756188 6137
0.1909660677238197 0.182401572957794 6138
0.5280526635987264 0.4626592347579893 6139
0.6915101801187971 0.6032790352035887 6140
0.6334505716064945 0.4855320637284629 6141
0.3224485213454963 0.389398402545403 6142
-0.08940116314512012 0.1818429723040116 6143
0.1873711764678843 0.1322651902533522 6144
0.161542032276039 0.07890501499016017 6145
0.2095429541610337 0.1792193245512221 6146
0.6354477405527149 0.5835851523844934 6147
0.6383945206673303 0.5893033547051854 6148
0.7871032743238132 0.531085520427524 6149
0.3747552573867513 0.1623240254381289 6150
0.3722299807494679 0.4455380717895577 6151
-0.08500533759845197 0.1716113584183247 6152
0.4121442876209221 0.179389510459693 6153
0.7565767368210579 0.576807225817031 6154
0.4721198204283968 0.2201300127341898 6155
0.7077562878322374 0.5967457268260156 6156
-0.1497881427012108 0.01399660479438673 6157
0.6722879187119173 0.6075430924149604 6158
0.5025074790161805 0.3898408770574335 6159
0.6583065693919313 0.524183747448047 6160
0.7329854214875373 0.3476643221670803 6161
0.794923311991188 0.4955370483467926 6162
0.3975480969151891 0.2942468214827543 6163
0.3906570336138703 0.2955275379137506 6164
0.2426868606592507 0.3916448213668669 6165
-0.1174048305999895 0.2653024081803853 6166
0.3665344637696527 0.1514929108495198 6167
0.4188390393219439 0.2350515712186192 6168
0.1676461317407003 0.3503240104012186 6169
0.6695863693237639 0.5985579727535578 6170
0.475527150105267 0.3601925555855916 6171
0.4598882499732219 0.5465248179408437 6172
0.5129784240240584 0.3204734848615051 6173
-0.05731842611136773 0.166868840306145 6174
0.3888711600428435 0.3578103939585554 6175
0.6038833664554714 0.4202136007106277 6176
0.4444770177219826 0.2899519964219915 6177
0.5822909681009204 0.605868992082538 6178
0.1441763174891961 0.07093615011629081 6179
0.1840587713225078 0.2115084190059642 6180
0.683756109089272 0.6127866590971378 6181
0.1767858300839906 0.1445395281863115 6182
0.4924837425602036 0.225144976869261 6183
0.3925534369304209 0.4412100127686898 6184
-0.06579706374934348 0.1863980487702193 6185
0.6663732181996671 0.6199351139422208 6186
0.7120053379748525 0.315256778424245 6187
0.7401983702978779 0.6232329995754797 6188
0.5061402747523334 0.4527283411260268 6189
0.2619932923297066 0.2940072252352065 6190
0.08904633914493332 0.2486575654363002 6191
0.5326405885495895 0.5000229149227154 6192
0.2499889616944495 0.2982591906146266 6193
0.2725146188005113 0.1737846194165499 6194
0.0472573648639604 0.3106057605226059 6195
0.7474802451705895 0.4180597700018008 6196
0.2800567844405706 0.2971339422754611 6197
0.2742599527745878 0.2947923438278556 6198
0.351347503391812 0.297551827630975 6199
0.7822416491467883 0.5120869199104521 6200
0.6381866141586787 0.5393934638868068 6201
0.1250663991624883 0.4234824038196182 6202
0.4177501722914561 0.2140870251064328 6203
0.06880287034125182 0.1202383437365065 6204
0.7374969786079 0.6333299061672361 6205
0.211340019243437 0.3551782334378298 6206
-0.02384419377482863 0.216616069607911 6207
0.5921128538045699 0.5783779256980941 6208
0.5354877948354811 0.5744680028408857 6209
-0.1099201067887579 0.01725959246189489 6210
0.1510450202792567 0.4339633717979302 6211
0.5342059542341573 0.3394082173227947 6212
0.1025639909969142 0.3827329205496793 6213
0.3398075992696709 0.279114724539916 6214
0.3180053467536364 0.4853196672107271 6215
0.2773446916086389 0.3605034351809452 6216
0.7624691609184812 0.3124763551639694 6217
0.4061666546183955 0.3062525421821609 6218
0.6329557802147586 0.5498351469956966 6219
0.7548586248479296 0.312287825438767 6220
0.5601159008762377 0.2619803601073171 6221
0.05945873256370343 0.05033856521388551 6222
0.3309840062997258 0.4069766457488293 6223
0.1578395881200204 0.3291878067009898 6224
0.1540426321209376 0.3352822358241837 6225
0.7369596653073001 0.3991113852242543 6226
-0.008879349186667811 0.2439920665249878 6227
0.2634416451418273 0.1870365809212168 6228
-0.03243146601396568 0.06727222476138983 6229
0.4417253081725646 0.2780855374755274 6230
0.4602998747465856 0.1856381447349506 6231
-0.02822674071045236 0.1810637077921324 6232
0.7165827329995645 0.4895199594213225 6233
0.4496215014813659 0.5131746049068678 6234
0.5260252934058663 0.5175163502107765 6235
0.1366233878569126 0.1428904349988417 6236
0.4744992519698579 0.5387278686461663 6237
0.3583781614426167 0.3088567092308639 6238
0.5831462230809119 0.3751100489511462 6239
0.2188015919740579 0.1675598520829309 6240
0.2823698570713325 0.1928260354735362 6241
0.241662414137689 0.1128451108987812 6242
0.2360241308966795 0.4687136563245475 6243
0.7494805312598355 0.2939279809511929 6244
-0.193387949798526 0.1388278866323698 6245
0.458553153604295 0.4932405648631211 6246
0.2682881923589996 0.4512758578275584 6247
0.04494864709452537 0.1833051619435444 6248
0.6355259470265663 0.6100834482258769 6249
0.4498732458234847 0.4841268027332551 6250
0.7271223705610725 0.4843340501169582 6251
0.5866082385835376 0.4578454144501712 6252
0.2302724606976988 0.1447474797243722 6253
0.7202050254864595 0.323776570771972 6254
0.194830084719221 0.2932410299705128 6255
0.4748339324896312 0.3019832493179335 6256
-0.01685128759424978 0.3421839426207756 6257
0.2470849394429985 0.3106708458098851 6258
0.1459116075845906 0.248681570740538 6259
0.5043602155520452 0.2140763653186145 6260
0.6781227160814961 0.3060386777239366 6261
0.1782237223871304 0.07135734825190239 6262
0.1912677613679125 0.1562125999338882 6263
0.1939912765518007 0.163397289835132 6264
0.2909002541086422 0.31182526299375 6265
0.7080059392850975 0.5695966512881241 6266
0.002285975607757387 0.148839394769798 6267
0.7567906595889312 0.5417496664916778 6268
0.6779701205354904 0.4222206375977979 6269
0.5827686153220182 0.4904006790318379 6270
0.1705646766295509 0.2171772695977323 6271
-0.182400732915577 0.1344023921533667 6272
0.5833310546374023 0.4771874884135006 6273
-0.05503316808184922 0.08965315654834559 6274
-0.1191214737728861 0.1763312069167215 6275
0.5927271324566313 0.5425412675479239 6276
0.02305266530530869 0.3048179980258059 6277
0.4305939713809342 0.2318310651583619 6278
0.2149050396576051 0.199186998124721 6279
0.5386436326399621 0.4461841114156568 6280
0.6481186663284129 0.4228233595577486 6281
0.2736053708770467 0.3538905055247201 6282
-0.04651352531557941 0.3212690901744824 6283
0.4766063409515385 0.3256759815138492 6284
0.5166282113930812 0.4339203598843651 6285
0.7718939255214271 0.4436943512514727 6286
0.3330783720467837 0.3947935188381705 6287
0.41463706105554 0.3314800385153011 6288
0.7801579452627204 0.3394502218061297 6289
0.1179931724720811 0.1455411752467222 6290
-0.08974921496618696 0.2799221879169363 6291
0.6388581764296749 0.3229350733109155 6292
-0.1873385267515812 0.2989005389858193 6293
0.7630543330219871 0.5031833528717211 6294
-0.0575237947731129 0.3180748844448249 6295
0.05349328531968316 0.3482813182195415 6296
0.2940257989137613 0.4034461035795781 6297
0.1686814015098385 0.4295244279575096 6298
-0.009497119257552594 0.06384789091987997 6299
0.4072525408394138 0.4303060807492159 6300
0.7226809634747626 0.4110166911842586 6301
0.2027664467869749 0.1536366510877245 6302
-0.1935134014449022 0.232299942460605 6303
0.4133993079649827 0.3993146325114997 6304
0.5029075581994042 0.2701321474797278 6305
0.6784634843800554 0.5582562631770839 6306
-0.1099546664090949 0.1750287639485712 6307
0.4081753694679639 0.2867028589640156 6308
-0.1071229975193219 0.2298617711208675 6309
0.09670744709194021 0.3924531519407845 6310
0.3828214236452033 0.4408043921461463 6311
0.445749230982798 0.3424213635310056 6312
0.6828557754465818 0.2841713245943239 6313
0.7749384000084845 0.5882150351896771 6314
-0.069507720179758 0.05928024390913028 6315
0.1599721047673811 0.1432183314280056 6316
0.3135084208084473 0.4215157063404272 6317
-0.128375214519109 0.07729738107669981 6318
0.5760479851964869 0.2455615313444164 6319
0.7560117491400761 0.4000851921198776 6320
0.5618819873441674 0.3689112645819435 6321
0.1216026716820497 0.376024638029542 6322
0.7627540108102305 0.4582845698706265 6323
0.049064776952297 0.09875567371179531 6324
0.01174320020492839 0.1030508962689321 6325
0.4708837707382638 0.550309079040696 6326
0.4879654249791641 0.5445708068125126 6327
-0.1693620526747543 0.2744024632092289 6328
-0.06975776787262011 0.04156774258248919 6329
-0.1442092771680636 0.1159092317561167 6330
-0.09599708979263774 0.09565880762546267 6331
0.5490828592268138 0.3172998822347311 6332
0.4731395300959279 0.4120534037911469 6333
0.3426098841556462 0.1762276764926271 6334
0.5520739078618182 0.467893516258243 6335
0.1541273701135776 0.3241004044159314 6336
0.08884653848314833 0.1366455163646989 6337
0.1075710690636289 0.1429533832843755 6338
0.486245302178029 0.457283648198017 6339
0.0003176833719735515 0.1907216673674569 6340
0.005706389826016176 0.2864567322951692 6341
0.5267787479019841 0.2821853151591527 6342
0.2852219027937832 0.2556053948461468 6343
0.6283308568242109 0.5095881553112105 6344
0.7144124952746435 0.3280205986416168 6345
-0.0670898459968276 0.28054525820162 6346
-0.05246296775993925 0.2843571303226203 6347
-0.01212600659621339 0.2197167917364603 6348
-0.03387773760498689 0.02632146036898613 6349
0.4370977665203907 0.4104576625524102 6350
0.3875311051055665 0.2492560014400787 6351
0.4938400727155614 0.4471008744772436 6352
0.4119127731903389 0.4606140037953793 6353
0.624453020907294 0.5215990441344366 6354
0.05214400153637629 0.2313880648079895 6355
0.01202554287147994 0.2272530905555951 6356
0.3554836203128865 0.2204086594544802 6357
0.3588547602624647 0.2259301077524843 6358
0.783174888017698 0.499465478894427 6359
0.2587576749679379 0.2823747561316206 6360
0.7746306673445977 0.3687725111318539 6361
-0.1620219451738433 0.1441095088482126 6362
0.7210742349115626 0.5017555130999498 6363
0.09679387916621918 0.4023129761770599 6364
0.5375796928115786 0.3175449386592152 6365
0.09577187231004339 0.1459830895303127 6366
0.1372614276314303 0.3307963944332259 6367
0.4081645636287658 0.2421897691323352 6368
0.2096713998752264 0.3335735518026893 6369
0.5379389430010916 0.469086764697356 6370
0.0128717395028475 0.04166733468925261 6371
0.7653489596425278 0.4065068154480456 6372
0.3982396309264943 0.5062574858750928 6373
0.6672191366393361 0.2564261469530991 6374
0.5636772260286718 0.2211215824973417 6375
0.4336868970535735 0.2688236679590554 6376
0.5321863032400502 0.5366244829667968 6377
0.4908144298232258 0.2535916662107799 6378
0.6764220210314116 0.3367650207342152 6379
0.4278138663420717 0.3792335483462946 6380
0.1158314666926379 0.07147776866988793 6381
0.7126354499170826 0.4950056068192435 6382
0.7752389669014632 0.3857048947078776 6383
-0.006081872472033518 0.3720127182521832 6384
0.2437826616124421 0.3337338855222395 6385
0.408883853991074 0.2497915642429779 6386
0.2875841463038208 0.3226539422542174 6387
0.4633061149430895 0.4423753314739048 6388
0.5062500035891382 0.370469548004391 6389
0.3589980194342748 0.5047746957327148 6390
0.01226381011962825 0.312208771727707 6391
0.04502260504391468 0.1060186111897449 6392
0.7353493355016114 0.5691247338830623 6393
-0.02307716766839343 0.1921406233922255 6394
-0.02932019463234194 0.1943943662317855 6395
0.7315443768640753 0.3241051026754346 6396
0.1534944555982396 0.155826090091508 6397
0.3352277493336857 0.2257976394892293 6398
0.2586246889969039 0.1096153485494639 6399
0.7410693231206364 0.3786766277061591 6400
0.1108811032465893 0.216606338054767 6401
-0.03019089428518231 0.006338646396459567 6402
0.2188756063508087 0.3532272488380682 6403
0.7532756486177337 0.4799129447483648 6404
0.5093783838039335 0.4258129646546348 6405
0.04019350767612794 0.07084326722332597 6406
0.5474794300046067 0.3103409192032842 6407
0.1808345824381281 0.173513710673332 6408
0.2656006827571329 0.3111379930154436 6409
-0.1569263013976999 0.04288188170358825 6410
0.2134965267903058 0.1503271876618368 6411
0.7765349003286373 0.5010276197194454 6412
0.7720738771153619 0.4954056148775489 6413
0.5161559624510816 0.457448327484255 6414
0.08131677416655889 0.06340824665939512 6415
-0.03820662518031312 0.04384873324991663 6416
0.5793077493654487 0.5103312850135582 6417
0.1450544207968852 0.3554493751983657 6418
-0.08852432126840545 0.2535244218592502 6419
0.6859589512384699 0.2641507186808787 6420
0.4350098465711714 0.3099829367052989 6421
0.6217233878028522 0.4602494504178056 6422
0.4914127683716357 0.4189963634024332 6423
0.2056221639207255 0.142238041582871 6424
-0.03438099691773013 0.3120764919255272 6425
-0.1868677720717105 0.07895312455325489 6426
0.6208648167134246 0.4536774463451194 6427
0.112010676928169 0.1665952128813621 6428
0.6691293448732434 0.2971760881364484 6429
0.3289816643601475 0.2844052322369021 6430
0.03777659090925697 0.2050165458371768 6431
0.770767892170247 0.2983250919950702 6432
0.5326855471266618 0.2088135746647636 6433
0.06515954243339131 0.2090544880470455 6434
-0.1371257757625933 0.1059366262219386 6435
-0.04742726734688903 0.3548950980259216 6436
0.4326349325012001 0.3724487990710837 6437
-0.1317597348791568 0.1774895776584137 6438
0.4910848178986361 0.2705603183049883 6439
0.3339984480037126 0.4386166785784765 6440
0.5526730862954308 0.2172269598247287 6441
0.4214722788652716 0.2556709662423321 6442
0.01822500918665146 0.3368876229403867 6443
0.6881465778932134 0.3859866272735975 6444
0.3606309352993953 0.3197787853115996 6445
0.443717493666042 0.3851804707373495 6446
0.2950875292861871 0.1418541542766601 6447
0.4426557166081413 0.3932135281347741 6448
0.6973757581098651 0.6133507607154608 6449
0.5599407588330452 0.5281151414968492 6450
-0.07861777019228627 0.2478131005945469 6451
0.6617392816962809 0.4624663069739106 6452
0.213262267938372 0.3746006390303882 6453
0.7948405727265359 0.3159071928343323 6454
0.5373969831560129 0.4572026786343321 6455
0.5768654210931393 0.5444703270728803 6456
0.6112500957219036 0.3146789737891322 6457
0.6685517206096359 0.5307592474918381 6458
-0.01597010807420631 0.356345199391142 6459
0.2533954898748306 0.2157556284437113 6460
0.7681005717107234 0.5901204133151385 6461
0.06246733851825781 0.2141502364029534 6462
0.237821716155512 0.4027147902959787 6463
-0.1747938465964359 0.2647186865212428 6464
0.1787007166577708 0.1842424499275989 6465
-0.1670597520526591 0.2853361537371621 6466
0.5559714240459824 0.4731573409787991 6467
0.6532091614791392 0.2684301014755635 6468
0.2941443079733808 0.1339043871206471 6469
0.377670417955487 0.1441719689417024 6470
0.2341632935205274 0.1335279840813463 6471
-0.1484901891089878 0.1480595565015601 6472
0.0388457986757583 0.3752769091791877 6473
0.5180322194615804 0.4451305103207934 6474
0.0733101300990229 0.09872198301797827 6475
0.3230954968040057 0.3057690385779843 6476
-0.07125369929095163 0.05282632202114795 6477
0.1994786323411947 0.3280834643624846 6478
0.6403280964967145 0.629022206390591 6479
0.04890974548137758 0.2613437879818419 6480
-0.107928857434581 0.1399799517345606 6481
0.7515447641986293 0.3547673358801076 6482
0.4827179282724839 0.4635223422419569 6483
0.6658251123141493 0.383055232750636 6484
0.1558735205286429 0.1368375387129474 6485
0.6447748251889417 0.3707502203415297 6486
0.1599167471848076 0.3832615170058474 6487
-0.06636031704039995 0.1994301915439566 6488
0.4216692099203033 0.3763856314911987 6489
0.7612194418364924 0.4213685140621981 6490
0.314432893824827 0.4774418403059706 6491
-0.06564611627764767 0.2986787134613338 6492
0.2498347859241109 0.4743713685269717 6493
0.5258117555650774 0.5744346964827618 6494
0.6406209079425872 0.5085311869404382 6495
0.5306509528419951 0.3632450331657653 6496
0.3998064682513367 0.2869972559413463 6497
0.539073546989034 0.5401802421089452 6498
0.3330088064048297 0.1613433478816284 6499
0.5320238077423994 0.3847346891250599 6500
0.6537873194518981 0.2756790258002728 6501
0.2676087458057481 0.3332725237727741 6502
0.6137008559110632 0.3454344741455088 6503
0.2881887856703005 0.4780605593331199 6504
0.6110706406705975 0.4770531294352346 6505
0.4026552533495398 0.3941732975200065 6506
-0.1105040483912819 0.3297914170208003 6507
0.1647443796844896 0.3293656164099903 6508
0.2128482336404955 0.3241401071785266 6509
0.03920991868259738 0.04178833772254708 6510
0.0744433485358172 0.2121533414893627 6511
0.1468423990703956 0.08957614795003555 6512
0.3364026416983213 0.2505384893198492 6513
0.1071572831247891 0.3617836465261809 6514
0.2785544003914817 0.4176493446518016 6515
0.6980298075906827 0.376697672948392 6516
0.6840992725403181 0.2775456859624453 6517
0.6986225480636999 0.3699676797987229 6518
-0.09782856109162794 0.2595662729431646 6519
0.0774842238174706 0.2498911789698369 6520
-0.04480957314469 0.1866922094777467 6521
0.5861449519278333 0.3998794103706589 6522
0.1393390880769061 0.3159321310310184 6523
0.2707925083650478 0.276193803419894 6524
0.1625770950122815 0.3401784924214086 6525
0.5752575659626087 0.5840910884199972 6526
0.6831805531927913 0.4114894676287102 6527
-0.01312054959877858 0.1624257318733238 6528
0.02065638379660006 0.06050203672243255 6529
0.5171488818643158 0.3485516920451184 6530
0.4571565464084081 0.2550796073782584 6531
0.5158456818396148 0.522902669998804 6532
0.2176695480951908 0.3165688294598853 6533
0.2283694308578249 0.2467578121729582 6534
-0.002815059997334229 0.02052385409873808 6535
0.1494506889550509 0.1389665027041937 6536
0.6182557006827804 0.621536426340021 6537
0.5959430864809078 0.464161409818695 6538
0.5493931296001732 0.4243739969170598 6539
0.1763217512275687 0.2203761154899915 6540
-0.06013373403113449 0.2109177229381594 6541
0.294127109308822 0.4524602763592543 6542
0.2011288282507649 0.2257431105101922 6543
0.2731672533609436 0.3281250770795666 6544
0.6070392010379382 0.2824397189849667 6545
0.7087857172217948 0.6221251343167878 6546
0.1610148935166872 0.2328288496316856 6547
0.7768740087687528 0.5996924228232137 6548
0.5207785125549945 0.3395836789629857 6549
0.5108111638671993 0.2523450761730187 6550
0.7437667921669348 0.6099262623046697 6551
0.04593124795446323 0.06253082565905391 6552
0.3988588463833204 0.3770991281279523 6553
0.5948341767661124 0.3298603222782479 6554
-0.1424014661166023 0.1519042667257343 6555
0.5351101595618388 0.2558289607539365 6556
0.7348124025432519 0.3817726296606409 6557
-0.0897499955059194 0.1181495627679383 6558
0.02675161518890942 0.05647162783596616 6559
0.7738463530416813 0.4157209410198357 6560
-0.150228089176387 0.1709371915331333 6561
0.355543802233196 0.14592218771023 6562
0.6654163929256782 0.317199883537189 6563
0.6610998405881687 0.3119382882620987 6564
0.2369288578584338 0.2667151617555961 6565
0.1239054757425107 0.08113837140806981 6566
-0.1024865144191234 0.1167663129352239 6567
-0.1783302379746861 0.2063150437669921 6568
0.2195253964325074 0.1103946827053205 6569
-0.09607907062807287 0.2350930400083143 6570
0.6949810139753816 0.3273386427506266 6571
0.7472249166816327 0.5998587182617281 6572
0.7942310522554981 0.5761761519637133 6573
-0.1245439223832724 0.02782578267386119 6574
0.4145059772402301 0.2997714099029338 6575
0.463281947217587 0.3596429941188545 6576
0.2080525628973731 0.2480723302092528 6577
-0.1122403021162318 0.3064548942274181 6578
0.0550898834501159 0.05563762959208168 6579
0.6814767054493269 0.3611264579599739 6580
0.5988018021655721 0.2236561905801012 6581
0.7562925719377438 0.3648448519389841 6582
0.1559251971862075 0.2422356063627766 6583
0.4296751497829758 0.2750092081761756 6584
0.1950601034389556 0.1343381721039577 6585
0.0721014685387127 0.3548550625126456 6586
0.4678358399298579 0.5280100629557283 6587
0.6513190061344504 0.5577968152851814 6588
0.7159700908027871 0.3526525003081227 6589
-0.1939261410429348 0.00607507615340729 6590
0.1288228342072696 0.4042652844021185 6591
0.4705804844928285 0.4422511884380447 6592
0.4923075023470631 0.4680734463084655 6593
0.5271175403464384 0.4318734786003479 6594
0.261693682982171 0.3234301304474773 6595
-0.0924632677280928 0.005440726273804174 6596
0.5993823094295293 0.3692700617170306 6597
-0.0372349558130207 0.1239127058781774 6598
-0.1689818356321978 0.2517334976407348 6599
0.5750674959936912 0.4046343625150728 6600
-0.1479046348055727 0.3039493238784983 6601
-0.1530788429397865 0.2998967333001411 6602
0.5844467510807183 0.5984698164963957 6603
0.1165806049755928 0.2388568305699243 6604
0.7677110145751931 0.5626119450197623 6605
0.3724333576248318 0.1999178320056664 6606
-0.1491072049245078 0.1059117671752027 6607
0.7379806156795634 0.2931308596881372 6608
0.7485087898203531 0.5869388080211 6609
0.09561961097031479 0.18723861383711 6610
0.01797818244558097 0.2302168512179967 6611
0.7810249049699209 0.6642643698456574 6612
0.1672940546375747 0.1394853485822267 6613
0.2692218092399997 0.4396049471557629 6614
0.5646533265698669 0.4085670946902559 6615
-0.009239404745150594 0.2614505882664137 6616
0.1755249916841795 0.1999164469514443 6617
-0.1228211798363833 0.2434113348119396 6618
0.3259502223547532 0.2462056518141138 6619
0.5053417059248013 0.2040642853781449 6620
0.228233484885659 0.4390912295481348 6621
0.1888648753611648 0.2742357735985219 6622
0.2146255984913244 0.1568326649971909 6623
0.621726097012931 0.5111540654437996 6624
0.2547283898808772 0.09763636600226122 6625
0.6720449376167439 0.4089723442424829 6626
0.5484233556324776 0.2987380864989598 6627
0.1659940304959666 0.3707450440880578 6628
0.5378281837683054 0.3957380172389452 6629
-0.1092386572656969 0.1963129834065701 6630
0.7408818879036035 0.4169982445698982 6631
0.07723582772389544 0.1096189422259192 6632
-0.09036985305774811 0.06776713147611146 6633
0.6586619701220872 0.2585580306244588 6634
0.4319696090675044 0.2494624852451224 6635
0.1615444937252954 0.4381519123476098 6636
0.3068682461945337 0.1896278252306825 6637
0.1242100257735293 0.1158830721130833 6638
-0.1319289413570788 0.2799199166741416 6639
0.06191598802835437 0.3991385303601549 6640
0.02495124755863358 0.3639814576352499 6641
-0.1944453352686032 0.1702373004454116 6642
0.1116276669529021 0.3320433421406405 6643
0.3579447350779271 0.3396526966924952 6644
-0.02042512153107488 0.06982248922245396 6645
-0.09673736692346067 0.2919291458631471 6646
0.464296062773163 0.3458403580991766 6647
0.4054147641415099 0.3263154787358183 6648
0.0003985780765797654 0.1152417573469412 6649
0.1401755577295644 0.3734949137501116 6650
0.5108910770831661 0.506407547302836 6651
0.08487184762784246 0.3965310139419025 6652
0.3036071252334401 0.2371135665804895 6653
0.5388816907051753 0.3522691326075617 6654
0.2483067736274808 0.4495237280442653 6655
-0.05050618085787121 0.176411212632645 6656
0.7670203680344674 0.5257884182718879 6657
0.5731314280653408 0.3754689343178513 6658
0.4838923378519024 0.1821800850005452 6659
0.3037417272199028 0.1158527372287214 6660
0.676237832229131 0.4358102570044617 6661
0.7820050636889808 0.5403532967296915 6662
0.3938979780125518 0.2771456591234283 6663
-0.06355946096140054 0.291473966695993 6664
0.3824988102154709 0.1556989109505637 6665
0.2288057943973593 0.1029218790733058 6666
0.003239042343931276 0.212243340838909 6667
0.3274075279823996 0.3786532185488447 6668
0.41752110463288 0.3440343990173089 6669
0.562657010948896 0.5022722597033109 6670
-0.1037944571154272 0.1340263221006788 6671
0.1381182504969939 0.1828718105996006 6672
0.129060219455175 0.308951484330764 6673
0.6409677508551876 0.4951807996897284 6674
0.7416335239876217 0.4833208825700247 6675
0.6933262956659789 0.5449520992670847 6676
0.3524207625230293 0.5042964969621021 6677
0.5128517338568584 0.2733402116326992 6678
-0.01414867345635563 0.238998160245968 6679
0.5348874228910887 0.5643468947450309 6680
0.7305152766816851 0.4020633678742391 6681
-0.1300151011810184 0.2680863005720777 6682
0.01857174859448552 0.0241301588232874 6683
0.4219321212483903 0.5429691785821206 6684
0.4558192139416081 0.4064904391384808 6685
0.02399609281139565 0.0147010116989485 6686
0.1894562416370791 0.2238836724573652 6687
0.7947131077344157 0.3631147773712549 6688
0.3940132348262502 0.4470711894879831 6689
0.6502851554691521 0.4345289232098205 6690
0.1144006008137161 0.3650543000971 6691
0.5755665232359497 0.5218306135047102 6692
0.7530529076932975 0.4393184616016184 6693
0.6012662307317427 0.4956997156428205 6694
0.3155810457940388 0.3387494396927154 6695
0.5985289281605302 0.2550533079594164 6696
0.7341964035224748 0.4504027726395461 6697
0.7425243812434918 0.4594904347852161 6698
0.7710855276531545 0.5146897833864845 6699
0.232495288686832 0.4581356419052526 6700
-0.03040401109825058 0.1144385735271259 6701
0.6733521538229856 0.4884647480810722 6702
0.1968760550536489 0.2859473430745156 6703
-0.00724413262925316 0.09520965744361812 6704
0.7497374292153623 0.4250787901111656 6705
0.2768577509103834 0.1296464598058757 6706
-0.07260668495353199 0.324727820849299 6707
0.1167328044114209 0.1329348672854122 6708
0.3375376748218467 0.3182798331866289 6709
0.4381988503558497 0.299801415717348 6710
0.3771564867997129 0.1771330122412219 6711
0.5003027984444316 0.2934531437970076 6712
-0.007394349726946192 0.1539405481369485 6713
-0.181234386042178 0.2282170451390154 6714
0.5575736820163029 0.4067851688490514 6715
0.4722083221686063 0.1857950335432224 6716
0.7701711468679184 0.4754391475478373 6717
0.4079204860201417 0.3501774657039692 6718
0.6338831468753742 0.2680527246659859 6719
-0.04726050359778079 0.166262315692879 6720
0.2611377428156654 0.2352053189185495 6721
0.5047508589376468 0.2804682953309448 6722
0.2684003538416018 0.2029207437747339 6723
0.7738008627921682 0.6728361272147683 6724
0.5411715819545453 0.2578166734452383 6725
0.1214670876930621 0.2593144569179868 6726
0.1126799892879521 0.1008194829142276 6727
0.1956543885658054 0.2657178128020575 6728
0.3873880549098426 0.3129566662926672 6729
0.7758660923404119 0.432746223505276 6730
0.4244225574765798 0.3055822354389022 6731
0.5649665698510324 0.327185405355949 6732
0.4800973165956734 0.3713098930725589 6733
0.7259479113591758 0.5595161840122145 6734
0.09645110846362552 0.1120982739430724 6735
0.3868832786997132 0.3820958189062978 6736
-0.06977937753997129 0.104743805686993 6737
0.6954068423818915 0.4287646218663856 6738
0.01150944537075664 0.2814844088772286 6739
0.1127597267828629 0.3434690005963343 6740
0.4473215221190064 0.5356716064818645 6741
-0.1419477338093054 0.08149363608282237 6742
0.7948713292092608 0.4072618245188604 6743
0.08172660904842982 0.2782937990453819 6744
0.67619965562673 0.4679292316648029 6745
-0.08525864715187283 0.2297544645836357 6746
0.4777995280328447 0.2765953151149848 6747
-0.1942497158228857 0.02805473253554955 6748
0.2072201742883995 0.2923735819383148 6749
-0.03577220146512525 0.1053641368732019 6750
0.4924035188284315 0.3112625612823935 6751
0.3850170485168276 0.2896807570209786 6752
-0.08386004410054573 0.03071144118588366 6753
0.1371452851602107 0.2739392063142653 6754
-0.1397102914596513 0.217038233011531 6755
0.3941168204652131 0.4880206094540037 6756
0.6941845478975883 0.4873832582927961 6757
0.215983706483247 0.2870566389011143 6758
0.3649082926661194 0.2147973738095777 6759
0.05719718929463922 0.07851775411285096 6760
-0.1174464139864803 0.298067971271433 6761
0.4259398871929158 0.3534626865222036 6762
0.4882946390747291 0.4453777376128183 6763
0.3001340288108103 0.3058412496008105 6764
0.05582210230071585 0.2943170437983927 6765
0.001045402635560498 0.2773461511808075 6766
0.2357176762725045 0.4472133661365715 6767
0.1859792384040879 0.09746432712707737 6768
0.5551762195487876 0.2708116456818167 6769
0.7615033084546943 0.6190171565079867 6770
0.1120004808114994 0.1542338267764128 6771
-0.186403237875924 0.09833474094739099 6772
0.09842480031615154 0.04198274886578771 6773
0.424772807330428 0.3130862686139604 6774
0.4633709241751867 0.2801455176342481 6775
0.7265954640790053 0.6422677774360822 6776
0.17317306867838 0.2295840225140031 6777
0.270159202475823 0.4087994087067627 6778
0.3874412782231271 0.4312102320806019 6779
0.4675328564993596 0.3162698188396061 6780
0.2132912065977981 0.1912584156410574 6781
0.1885038915406496 0.2048427016965518 6782
-0.1221053170941745 0.1826985657651938 6783
0.181172071608962 0.4380870206850445 6784
0.636276254451605 0.6032721049189436 6785
0.5613478476192079 0.5480153283953448 6786
0.2011608081931319 0.2597385043810574 6787
0.5795790969687395 0.5617719956766325 6788
0.7232308523779283 0.4330014339237344 6789
0.2981439045691662 0.4404470972994126 6790
-0.021741362913613 0.3472793757565298 6791
0.3926592326212048 0.1831665022029798 6792
0.6304922719586561 0.4912053974752871 6793
0.1814602836238126 0.2382511821265714 6794
0.293084537043757 0.2966024094975687 6795
0.6674971246936094 0.5501056488464204 6796
0.1481315147247561 0.1165112431697179 6797
0.6827660105334158 0.253710957969411 6798
-0.1799773992600674 0.1759385791642391 6799
0.1275433503663607 0.08706358573108391 6800
0.2399681323782618 0.224480090594742 6801
0.7859146550301068 0.3704550907360215 6802
0.7846992235470625 0.4050653970261267 6803
0.6825886568056633 0.5819874609800884 6804
0.5296249378377617 0.3454441483796886 6805
0.01698373112706325 0.3437091975070419 6806
-0.04737739788322382 0.2749407903671744 6807
-0.1442627542806253 0.2415324606488582 6808
0.7451249171966855 0.4473632031689799 6809
-0.03119565065502789 0.01349993709166575 6810
0.6686113050294222 0.4930978943054264 6811
0.3131298587737661 0.3284626327537103 6812
-0.119363789352395 0.01292768730045827 6813
0.5250472915726452 0.5645222002443383 6814
0.08894236656854454 0.2772963593511291 6815
0.6474407221627836 0.6104006901148102 6816
-0.0425376968853759 0.0865972352713525 6817
0.3633080889402178 0.4859845213181631 6818
-0.02127620745700172 0.0159582289245889 6819
0.0350717142082783 0.09979460832539282 6820
0.7190637844399063 0.5914529256414299 6821
0.2489098608104905 0.1692537947003534 6822
0.1274891494185324 0.4167174974679842 6823
0.5165001626867314 0.2863077018909214 6824
0.7503121112660349 0.5763151162828034 6825
0.3459503781617753 0.4228239627388178 6826
0.1976694935795958 0.2539853110499697 6827
0.3768256469909732 0.2905979509823339 6828
0.565416357378196 0.4785479155350403 6829
0.02098275359372243 0.2521376068134327 6830
0.2906447972007528 0.4904784450800038 6831
0.6233641766915561 0.5281949349444549 6832
0.1121442370500446 0.2721465812733952 6833
0.1901321752960679 0.2548008399984132 6834
0.3073457522084099 0.1257775565884155 6835
0.3365636870420818 0.2057716640651976 6836
0.3492160637976991 0.145254479840172 6837
-0.006804770894255263 0.2554771708953173 6838
-0.004703641392902318 0.344965119759229 6839
0.0989245932950521 0.2013402471633804 6840
0.3847019643466252 0.3693785073457704 6841
0.661024471405677 0.3606436093379646 6842
0.5680794662130224 0.5568950709122837 6843
0.7750260710926595 0.2877595795120004 6844
0.6136911602317333 0.5377050364391722 6845
0.7439838412887632 0.5012711586541618 6846
0.5998209096821316 0.2872989755061728 6847
0.4173252757033584 0.471936710486805 6848
0.1893209343547678 0.4369040629272861 6849
0.3352390014747951 0.3312404468757718 6850
-0.072400632330176 0.1401565333017056 6851
0.5347315289752805 0.5560189333406226 6852
0.1931036598195236 0.2425752187596019 6853
0.4635714667547253 0.5596406509067583 6854
-0.02541793390506884 0.1019546877870515 6855
-0.1636232989657004 0.2973177562905834 6856
0.4772338676968912 0.4826021952090758 6857
0.6764431908799906 0.3429493106901044 6858
0.2201736126376717 0.1597165266745058 6859
0.08154829290106089 0.2396086445779447 6860
0.5629902247415879 0.3746989082687864 6861
-0.004612856668897673 0.266383511714603 6862
0.1087452442119853 0.2621051710684887 6863
0.6553955895050358 0.5119591275903563 6864
0.6731979373548436 0.5786644618368235 6865
0.2731075679456292 0.4619146747079351 6866
0.006513203446234543 0.3154453899948387 6867
0.3452654182667405 0.3685703535757027 6868
0.7418115574586912 0.6579013291083756 6869
0.7840456440439237 0.3184334928208634 6870
0.207549865332351 0.09203424062735767 6871
0.5850741505482238 0.4101264366827415 6872
-0.08010862873958033 0.3155778709783236 6873
0.4929033398008024 0.2319253500273521 6874
-0.05580887812849353 0.005352475549271929 6875
0.08530449927158129 0.2588367916723032 6876
0.3414598684314455 0.4544734956157446 6877
0.5311539450489657 0.2777313256222095 6878
0.7147324927435597 0.5259802890989468 6879
0.1475141355604508 0.2736939527550306 6880
0.3767960315276354 0.333719515722936 6881
0.275061720549178 0.4488712045697794 6882
0.1341177534195127 0.07544839737979715 6883
-0.0615304990663736 0.08009681127967239 6884
-0.1002739814122585 0.2662361259863137 6885
0.1591497266043633 0.3138365408728682 6886
0.1577086331647494 0.4261688610232801 6887
0.5394333983374705 0.268393381705529 6888
0.7554286533100798 0.5654013214725847 6889
0.65981566689435 0.6034760778678656 6890
0.5375624692065313 0.2794880964268556 6891
0.001666059069580725 0.3110147133467722 6892
0.7627669549916428 0.488301275265443 6893
-0.1178042422622213 0.2364499286747154 6894
0.4881195298906472 0.4892915641915701 6895
0.06587741505516358 0.2562576425108156 6896
-0.112645160598841 0.1531334272635392 6897
0.4795623296124897 0.1931224835225302 6898
-0.06815999413401047 0.0232346633102745 6899
0.4656612906975767 0.2071202818620255 6900
0.3230135504777382 0.29413005332327 6901
0.3161768981436143 0.2977794574878814 6902
0.6075427096315831 0.5682172562742767 6903
0.7071467732122153 0.3196888675696714 6904
0.4789205916154567 0.3312244892588214 6905
-0.01512122543961203 0.2986070947296745 6906
0.035247744520466 0.216229118215129 6907
0.7320477981379745 0.6493933255292982 6908
-0.0002871908633557514 0.1041240340241152 6909
-0.1952722855357305 0.08598905451946938 6910
-0.1109402976404201 0.2450238574044035 6911
-0.1845750617489183 0.03863973589716829 6912
0.2839217667505786 0.3423185011942331 6913
0.4470958419579388 0.4264075597307809 6914
-0.0600302721209264 0.1495850073886588 6915
0.3225218677617284 0.4590203266763505 6916
0.01338693618677655 0.2524058203197382 6917
0.4939785811765668 0.3597792816506638 6918
0.4874668821987669 0.3621557858676008 6919
-0.06029582343972956 0.2514459869544457 6920
0.01587469006043551 0.1921087493222981 6921
-0.1196036197556985 0.2040811008872983 6922
0.2133519037637782 0.1296978059104429 6923
-0.1260197480760584 0.2047813105691809 6924
0.5230657754564886 0.5311856507802731 6925
0.02056696101265765 0.38294216922506 6926
0.2243419176249196 0.4207742836841051 6927
0.5844409715568548 0.2637187727265797 6928
0.1482354565452073 0.1460876848646211 6929
0.04949840167044026 0.2414106666996398 6930
0.5474473111124412 0.5758494346377601 6931
0.2226975572438471 0.1366804978186258 6932
0.5121856728217048 0.3663498837945466 6933
0.5380735626232549 0.2266604072871837 6934
0.682552028118535 0.3456934360424294 6935
0.6973077155857931 0.3880648642294278 6936
-0.08450162153402979 0.06678992122862312 6937
0.2794593889259853 0.2845758980714601 6938
0.3493071614431519 0.4539805444678295 6939
0.7082215363216506 0.5627826916707057 6940
0.3699213741925078 0.4665916797582021 6941
0.4918947990449568 0.4970833313505089 6942
0.2616356610766891 0.2057334591970403 6943
0.02678860537403538 0.1894615562737538 6944
-0.06320544862026838 0.1083500023337689 6945
0.07222276584574036 0.2841444305291372 6946
0.4825898500774226 0.3029476277302384 6947
-0.02986797428431232 0.05425518969655403 6948
-0.001121376051892577 0.2355755195024425 6949
0.6994451744673499 0.4236077147582907 6950
0.4101859605937183 0.3708819053102071 6951
0.6624786300543798 0.4893096664955042 6952
0.6875647306312741 0.6398491911229227 6953
0.507593442257665 0.577504004002208 6954
0.06970518713525671 0.08020429359774825 6955
0.1689516533107855 0.2539561170550732 6956
0.559202841230071 0.4439652222337827 6957
0.6295338922045294 0.2805555948372005 6958
0.661006504450991 0.2765424498219867 6959
0.4110787568935146 0.4533251474762265 6960
0.7115545781309215 0.5318761663492199 6961
0.05496126875515294 0.1094995771432395 6962
-0.1081781259743699 0.02910146047493198 6963
0.725076073249424 0.3710313448791556 6964
0.22876490105637 0.2909204988347621 6965
0.4527743087505763 0.3460465187958835 6966
0.5422736740293558 0.5046328093343121 6967
0.7184959756782282 0.3704888329845799 6968
0.204272303771488 0.1594238882008526 6969
0.712421385289896 0.4272246183628258 6970
0.08382402508891927 0.1997000108444734 6971
0.346791760223755 0.3037727218184826 6972
0.4591927141227638 0.3242587149678758 6973
-0.07855452379907306 0.1536196133437571 6974
0.07590174395983273 0.3764088204591427 6975
0.2187988832937757 0.2975296406575077 6976
0.5765912760774963 0.5944425292671965 6977
0.1037639478161652 0.07104120284658533 6978
-0.004810098470440274 0.3138359774444746 6979
0.6790442133586333 0.5776042689381364 6980
0.06465524271764277 0.2307795331595493 6981
-0.1402064100982045 0.1655756713471678 6982
0.6248750366975246 0.3283274641538529 6983
0.618239440045296 0.3273692429694826 6984
0.4195361825963054 0.1691179175600847 6985
0.4861500323372667 0.260937189095669 6986
0.2638168637956641 0.2244467622933705 6987
0.5470703698630586 0.285724752650706 6988
0.3521890863792116 0.485530566122805 6989
-0.1581754369585662 0.07483103657178221 6990
0.4731151774264091 0.2281432143995298 6991
0.2963086452208317 0.4812563467460646 6992
0.6288723032694372 0.257063910932373 6993
0.1930103727911753 0.2355823387772061 6994
0.3974455789626449 0.3449269025752473 6995
0.02193852969333074 0.09646993731527881 6996
0.09527040601877572 0.04937740360571161 6997
0.7270378239933356 0.2711839143919535 6998
0.3877433875213452 0.3300943839346304 6999
-0.08535779034879525 0.08063739121019141 7000
0.7178245801088671 0.5688951887699668 7001
-0.0740801086531576 0.3331340819802892 7002
0.4727254290950749 0.2652953025915478 7003
0.177722120136001 0.3561267839006573 7004
-0.03350151270856076 0.1841287612012281 7005
-0.1020464311662854 0.3228896143117835 7006
0.1654214509875608 0.2240347397524703 7007
-0.07868448341402223 0.01597754277932365 7008
0.76839502293094 0.3646082625520353 7009
0.06634929687122798 0.1061171333798545 7010
-0.0438134862530371 0.1343193125568931 7011
0.7292581513153764 0.4228201595648258 7012
-0.004259188772789742 0.1736904960856201 7013
0.7947645510859953 0.5924101945722782 7014
0.3284427987436792 0.2278655203921265 7015
0.7447167805386143 0.4366328587767525 7016
0.7515232333626221 0.4665486698425599 7017
0.2209716909652192 0.2388104267561613 7018
0.4394122426723698 0.3999148533845074 7019
0.5676204771132872 0.3568932543026071 7020
0.7393356156587101 0.56372050907101 7021
-0.02500429311343238 0.2366801241231734 7022
0.3251506587289482 0.4202488368157908 7023
0.6243109593622531 0.4993756492354644 7024
0.5636079665613434 0.3854092121671971 7025
0.2454221250773656 0.2877852527030795 7026
0.3192771456000819 0.1390530896066569 7027
-0.1693233477300528 0.08449409556178999 7028
0.01060893569381523 0.1616960786541114 7029
0.04629687510476038 0.2782363162992289 7030
0.7238667456837511 0.6091736645760371 7031
-0.02993443477061683 0.226185860908841 7032
0.5095843123812758 0.2327769247787056 7033
0.5482620329015168 0.431311082677276 7034
0.5874601599775408 0.2712007441431776 7035
0.1570095389254022 0.2067700528003149 7036
0.05069390605965135 0.06735617270160077 7037
0.04709876575916013 0.07437341693710603 7038
0.7000609799751178 0.6244725710665019 7039
-0.1681880893851514 0.1720293011121548 7040
-0.1397978147130841 0.2236585135959615 7041
0.01159212613199753 0.3058802738283147 7042
0.6691649943775859 0.4725077495371341 7043
0.6178661521204383 0.3832720170684412 7044
0.3511070060335464 0.2815864908088379 7045
-0.05067903635369012 0.2183984666972118 7046
-0.1616901488788813 0.2408848648616767 7047
0.5488255804026674 0.4003402414564804 7048
0.5203311155460812 0.2468178743605731 7049
0.0001778710760437625 0.3505880601509672 7050
0.2424772976869954 0.2562974570986576 7051
0.4619270639521772 0.2257506490920676 7052
0.2473260661447399 0.262363089889017 7053
0.5435646346320164 0.3902314806584633 7054
0.6568630802554514 0.5817919173691897 7055
0.1667712715127383 0.2667082017785548 7056
-0.001260187028030819 0.1792948903190608 7057
-0.1190865399084235 0.03924801304027162 7058
0.6358189972939112 0.2899283945577301 7059
0.180296487203973 0.2497231385341528 7060
-0.08362148359485766 0.3045164600202678 7061
0.4529892754029127 0.1786509125355281 7062
-0.1864616674619094 0.01732119983269432 7063
0.7453927451167355 0.5924221923665355 7064
0.1272931849868852 0.3225811996300407 7065
0.780054192482737 0.4550311174435653 7066
-0.02593579612061344 0.05905498150348869 7067
0.0713982993413821 0.1651070677168319 7068
0.4468082797853958 0.5172150543791819 7069
0.3562833741413029 0.2097132066508172 7070
0.2623612225232498 0.175190770329737 7071
-0.01712378269594425 0.09356445180128947 7072
0.1446846609568867 0.1336176816458087 7073
0.4791954719019748 0.4023686976515349 7074
0.1280964728123126 0.1774093908482035 7075
0.3194014673024321 0.3773330427119199 7076
0.4842516237610879 0.2800663209865173 7077
0.6449557386131665 0.3910076046943966 7078
0.1079579205911068 0.112353033875951 7079
-0.1119113723828702 0.08160219365201002 7080
0.6017976899834918 0.4321051143073253 7081
0.3815778707543753 0.2541734035618319 7082
0.2730928986607246 0.4219950685842006 7083
0.3992398332379337 0.4318274520312304 7084
0.4438815198737374 0.4198133922838164 7085
0.500163462861439 0.5621518446261607 7086
0.5800029789109101 0.3083313814138109 7087
0.681708347129645 0.5060515062964202 7088
0.5171128371595033 0.5732773934655908 7089
0.1724746076765756 0.3880275028751949 7090
-0.09755954891511606 0.3053747964933668 7091
-0.1013452916260527 0.309420299750066 7092
0.2782561255516411 0.2780053050797838 7093
-0.04602319397354186 0.1723520486399629 7094
0.09311362901101235 0.03902092242125514 7095
0.4233593894629995 0.2736423973384624 7096
0.08389891358547776 0.08554675029328036 7097
0.7860893807674444 0.5855096807243853 7098
0.03636848516659438 0.08795089819521684 7099
0.0520632531658653 0.2082681345446481 7100
0.5103874045949744 0.5585407958732376 7101
0.5652546004487218 0.2901839695832962 7102
0.5568689664550407 0.4616790462740596 7103
0.7568250136174521 0.3233855553468488 7104
0.2912927656595427 0.2163425438624308 7105
0.4852565738426938 0.5102062712179301 7106
0.7777022856467619 0.3000883371034724 7107
-0.03657382765504919 0.0560670880812711 7108
0.7396567520463956 0.5749072148918239 7109
-0.06580890393650246 0.0953721640261726 7110
0.442453691266266 0.4309075754893625 7111
0.2737799152000811 0.2877928468361764 7112
0.2872309403202363 0.3683314850380873 7113
0.1532940656138574 0.1264529306010842 7114
-0.194705762237068 0.2519827184808881 7115
0.6440465559100279 0.4293442290476467 7116
-0.144903973903395 0.2808494693222577 7117
0.5820623799754272 0.4977330900697577 7118
-0.09068398927198418 0.3386034273927934 7119
0.6474862416264193 0.6207378381056954 7120
0.05256407974398251 0.1437839377122475 7121
0.3323280327466603 0.3231904151034393 7122
0.3389914208050353 0.1940909509367328 7123
0.3320423299394704 0.1964355037014562 7124
0.051996036105426 0.2185768796970787 7125
-0.1941468285362725 0.2668623384516111 7126
0.4143673050972188 0.34943281029393 7127
0.1797965522069838 0.387661489889617 7128
0.6001929951290744 0.4381706143419074 7129
0.2019377150039909 0.3799126058891409 7130
-0.1088138602000823 0.1155673829926079 7131
0.62024017441502 0.3064208424033211 7132
0.4454952035340299 0.4955625007981969 7133
-0.0701868586156692 0.2398795497665465 7134
0.7948657959919239 0.473240652972703 7135
0.6611245758074424 0.6098392057634228 7136
0.6557024172987047 0.6134330564365809 7137
0.5760210552558619 0.4994333175036421 7138
0.2364455767376363 0.2534522484687942 7139
0.1442191009127956 0.2898970767816532 7140
0.3709067728208466 0.4940625183747945 7141
0.04266735921293636 0.1622356521112072 7142
0.4213769399639671 0.2677207494856094 7143
0.06772088986230421 0.2197762840041876 7144
0.1277799023206323 0.133791410748628 7145
0.38505412947323 0.3200118463867219 7146
0.6811377864578669 0.4729184989587696 7147
0.3489869816304035 0.4728762169231793 7148
0.2503528905830064 0.2050622486479129 7149
0.7047768723021186 0.3306136432263774 7150
0.6665063135165697 0.3050935690115887 7151
0.6474651398748027 0.6328294851509638 7152
0.5753731910440849 0.5719747998137366 7153
0.786936735925301 0.6038698115996681 7154
0.01910123991822123 0.2069992270097473 7155
0.13127806051241 0.3940690351660592 7156
0.4451145607875662 0.1994589632181922 7157
-0.03165852639869943 0.3361831186320037 7158
0.06341351902575348 0.3877986369778234 7159
0.186040237566453 0.2842906845796166 7160
-0.1487445152354897 0.03397180941891379 7161
0.04818084917737255 0.04797306009660254 7162
-0.01815806182011314 0.1968689886253201 7163
0.06441333792980439 0.2673908918370131 7164
0.4132322676028822 0.1648908313743188 7165
0.784370192406888 0.3096080672824072 7166
0.4936981541244047 0.4850117834570032 7167
0.7202896891871949 0.2880798823763069 7168
0.4657759119208514 0.2304187245234945 7169
-0.05007216081994195 0.1212376611235615 7170
-0.04242937076918661 0.1449873310292183 7171
0.4892145587038667 0.4075097932286179 7172
0.2202890409143047 0.1307451826382705 7173
0.7213066245433084 0.3075270893817865 7174
0.6504919768397491 0.5928299908815189 7175
0.4244207786668754 0.423694835070361 7176
0.678230240028975 0.2740172807720473 7177
0.5231944456139568 0.251769654126865 7178
0.4080696193515368 0.5223684929034011 7179
0.1665858527558264 0.09299268091147118 7180
0.03480296490029068 0.2967057309208219 7181
0.6413767138397036 0.5510363568516886 7182
0.4920722155489511 0.478746850012768 7183
0.08935944075133749 0.1118178959614563 7184
0.4932340864277379 0.201835321539918 7185
0.01420276985895969 0.03518851554038011 7186
0.4627729240908828 0.4081336596514257 7187
0.2335201837263289 0.2218925234747849 7188
0.05041575726659035 0.1619879512710893 7189
0.6899437831345936 0.5119590386558137 7190
0.7130065960379205 0.4512692546808743 7191
-0.009837245968301747 0.1321126241286086 7192
-0.1471120573481913 0.2577937740590474 7193
0.3524903770719844 0.3681717260761456 7194
0.3530495752929181 0.4167652261424958 7195
0.3959576462667362 0.1668294382027653 7196
0.5555845016846224 0.5147761503899617 7197
0.4094947998490214 0.1967810731545027 7198
0.2228370559160484 0.2215105990029594 7199
0.6062901789806613 0.3426956315711235 7200
0.4962991957156327 0.3348599784089333 7201
0.2116970077416702 0.2249035062777917 7202
0.4630180316639009 0.2352004393519971 7203
-0.04756007382077576 0.3328916529548885 7204
0.2221514826544537 0.1999220410780648 7205
0.1830571678952638 0.4185255638257661 7206
0.678715799394022 0.4783744341391221 7207
0.7881244358129021 0.6468591619257243 7208
0.24804051487257 0.395887352366943 7209
-0.006378525394289456 0.3620535908893664 7210
0.7336312218006926 0.5234709917713157 7211
0.2693392876155845 0.1966873122692937 7212
0.4992872676755321 0.2529117921216105 7213
0.4012963184405788 0.2757269083856641 7214
0.2102172618432826 0.2536657907333917 7215
0.0005607653221184363 0.2227639647052514 7216
0.7119681331855444 0.6281081312196419 7217
0.304549233384315 0.4080097253240923 7218
0.1566033081251973 0.3542970790979871 7219
0.7239133886509745 0.3826809940424725 7220
0.4735120470936852 0.563417953307531 7221
0.003346742315220835 0.1088238324222798 7222
0.07910198484557161 0.1153410681739287 7223
0.2338723016385419 0.2150099298577058 7224
-0.0164246413129216 0.2913686719303515 7225
0.4282468953492273 0.5352206296748335 7226
-0.1181774922625927 0.04893763224006326 7227
0.5895982876303923 0.4191081857090165 7228
0.3059623446650196 0.257991047303994 7229
0.1150304965819725 0.1223360195361295 7230
0.222248293689825 0.2766477416158407 7231
0.1940851892601684 0.4191053773463875 7232
0.3408330074526786 0.4334391242526264 7233
0.4923449589002987 0.5706889275202502 7234
-0.1334827053092467 0.3205136547133943 7235
0.7527284253474996 0.4578503408528313 7236
0.627184698732122 0.4174732397521224 7237
0.4601564376166352 0.4826650598987743 7238
-0.01322268045537387 0.1195135132605317 7239
0.6460925708282615 0.3148242636270737 7240
0.6235892181368032 0.2617665282630203 7241
0.5450818840306026 0.5166313710500994 7242
-0.05065643784258588 0.01450549637874039 7243
0.01174692131939665 0.1437815603966857 7244
0.4860043850442147 0.3314415912252994 7245
0.53413239117824 0.2911759210790753 7246
-0.07240088523631204 0.08091427984451675 7247
0.4219786165315058 0.1590161692477542 7248
0.1799990916168901 0.406206150486382 7249
0.7804823657262918 0.4447441421472542 7250
0.2720294499842166 0.3647351432620348 7251
0.5445125569404394 0.2479500091393454 7252
0.1359631906209264 0.1018642967963976 7253
0.1398038675138277 0.1065503177012183 7254
-0.02905360726336702 0.3154596278959444 7255
0.1294233129377289 0.1444398314878684 7256
-0.05677258779685905 0.1921063254595963 7257
0.05626076006469395 0.33236355905304 7258
0.01605172410992697 0.1817353946222652 7259
0.1481660082852951 0.06704739702653488 7260
0.1074427715113662 0.1227032124677654 7261
-0.1408780476492816 0.06823805327825505 7262
-0.1945339526985419 0.1593081981251419 7263
0.4196743429045665 0.2499957751592463 7264
0.7203155134024165 0.4170706894255132 7265
0.7771698187610532 0.3277419780252468 7266
0.6940483598636891 0.5232466215484448 7267
0.7240401316236827 0.2780714121831874 7268
0.5357611253971234 0.3109153612012697 7269
-0.01631450482346481 0.3670934315778915 7270
0.157176375149061 0.1064784148997157 7271
0.1543771044221395 0.116070648276782 7272
0.6037766917303312 0.267052627635575 7273
0.3332703779983442 0.5082750114522737 7274
0.1380590125550434 0.06975702790274324 7275
0.3390740464834793 0.4777474431236508 7276
0.4842729600597622 0.3908028256515607 7277
0.7148878662334075 0.3911621058893183 7278
0.09266674088959027 0.238848685799673 7279
0.5922839951961617 0.4303121715486387 7280
0.6590535871796932 0.3988376291429807 7281
0.5655824454752286 0.2337643377306899 7282
0.6246651356607755 0.3732863547501849 7283
-0.1237483497973578 0.2875465341872995 7284
0.1019654053856604 0.2525862181635863 7285
-0.1677938953888632 0.03808139853225874 7286
0.5291739050690112 0.1981047816241505 7287
-0.1539156772717241 0.08692701229950889 7288
0.5945519548452198 0.2349868327601003 7289
-0.03430217790091432 0.2884976737015274 7290
0.7412277141036797 0.4413345210817481 7291
0.6718417504427985 0.4583106320063519 7292
0.1840094390063322 0.3510815465498799 7293
0.3554593869103964 0.3499532232959442 7294
0.6531151840168281 0.318382342364174 7295
0.1833512644775422 0.1800161974709326 7296
0.1515401146033716 0.3121206475751216 7297
0.6284585603102349 0.3928224715858907 7298
0.03875191316071031 0.143774875216528 7299
0.2187888048054681 0.3647113473729142 7300
0.6393268956776322 0.3641840420121256 7301
0.2920402165744061 0.2849475170350051 7302
0.70531386597803 0.3546951981886273 7303
0.7004068612785669 0.3588958747348792 7304
0.6761542110071515 0.3728098548105286 7305
0.1840341238574552 0.1679392551784549 7306
0.258196758065376 0.4557501131514504 7307
0.1640626190989234 0.2586380181485725 7308
0.48227526282898 0.5213193878419365 7309
0.06412079377495603 0.3235426291467023 7310
-0.1749627683395621 0.1672728558762996 7311
0.6239777545466287 0.4121503561327421 7312
0.1054216018642453 0.2421457161758568 7313
0.4437917482243789 0.3543586810898627 7314
0.5408402841935829 0.3014146086209083 7315
0.2886693717618116 0.2485581271337795 7316
0.6148557964566087 0.425643433248675 7317
0.3767733838714134 0.1509090903465889 7318
0.2917702409671354 0.4277959484175151 7319
0.572307751451044 0.4751535940308519 7320
0.6658433491274665 0.3667962996362792 7321
0.3759525057721694 0.3272091991997564 7322
-0.007476324477505358 0.2722607387430602 7323
0.5756764577218413 0.2697047866318629 7324
0.6543955886779136 0.4609143643904686 7325
0.2540699647708085 0.3575468742410395 7326
-0.1713142532507055 0.02680979127657517 7327
0.5925558155535593 0.3699513508317173 7328
0.6130401213008356 0.5267390915430595 7329
0.7808921663177459 0.4176928695112002 7330
0.2770718713973366 0.3833816411959874 7331
0.5422645824591809 0.2023310089507584 7332
-0.1744514590680327 0.1274175917496835 7333
0.7016430442174355 0.6546396257452449 7334
0.1352543149715582 0.1940926705796867 7335
0.07853379594839835 0.2020538188033245 7336
0.3928781928206795 0.3390756315637046 7337
0.1256597630495571 0.06187057840161359 7338
0.296387983044686 0.2678452193950269 7339
0.554187505777853 0.3289781329527081 7340
0.1051474166854557 0.2068800542430931 7341
0.4782371129128901 0.2543301093212186 7342
0.5522684620435541 0.5091756771196636 7343
0.3589697660093752 0.2149181296840222 7344
0.1106131317775776 0.09500969772520032 7345
0.1342589825360018 0.2868523033764113 7346
-0.173614276126137 0.03276949799471153 7347
0.1540984698136872 0.1488769851349743 7348
0.5277348360472989 0.4165084389419068 7349
0.4675871342418774 0.5390456577364555 7350
0.5350499262046291 0.3731466092822951 7351
0.5769294540320542 0.2153614156133579 7352
0.3946810224006121 0.3880661997657296 7353
0.2837511633959606 0.1736836364008181 7354
0.6355376840822333 0.4211110641012354 7355
0.6792159844067195 0.5638396744921118 7356
0.07456414928831118 0.2370460962934836 7357
0.5267256694353574 0.2895285206789296 7358
0.3717230306499957 0.5067113046297854 7359
0.6128524349782167 0.4371931372901273 7360
0.191060059583627 0.321299486636511 7361
0.5359157246939089 0.4069078436391248 7362
0.4575613418425786 0.5349270161377231 7363
-0.04361151328973528 0.3040348542354368 7364
0.2064396668130164 0.2280466901138211 7365
-0.1106764906356506 0.263077051532022 7366
0.7695183778380343 0.3967926488516464 7367
0.2650296336064941 0.4453979794805798 7368
0.09416631456314545 0.1308385421201055 7369
0.6712094029494788 0.2842103088393905 7370
-0.1862472967190547 0.2477287313372658 7371
0.6762264776980641 0.5960235634294613 7372
0.7225240225657705 0.4595836263347085 7373
0.3468266726489299 0.212906226202212 7374
0.2651444452689782 0.165125157862193 7375
0.2742916696077803 0.4289809532834961 7376
0.2902941989835782 0.1112379530196411 7377
0.5395713838707721 0.4810395754745502 7378
0.5586940341880866 0.3071633191482102 7379
0.5887775733283256 0.2890323773354279 7380
0.1226699602178695 0.2291952552926544 7381
0.1913663139935412 0.07519018999025598 7382
0.2902157074924199 0.3343286452055712 7383
0.08548470237157378 0.3425542050186506 7384
0.4022229545197627 0.4945796532870561 7385
-0.05984525095650766 0.01508041264250946 7386
-0.1883083760379279 0.1508509978036683 7387
-0.1545375421386916 0.3122920923778767 7388
0.07115831226852677 0.3939990803746075 7389
0.01396411168936773 0.2119323252627247 7390
0.6004820004168854 0.3126444537116467 7391
0.5866824143122379 0.238915560722969 7392
0.6765831412654544 0.3179137672754763 7393
0.1163306281674504 0.2774124602900011 7394
0.07248142924853547 0.2895464628129223 7395
0.3997500677826186 0.4208023658592606 7396
0.4082082576674445 0.5372950595754306 7397
0.4686651267872406 0.3031036124752264 7398
0.4856714339186434 0.4702108279067699 7399
0.2839953241948233 0.4670917747162434 7400
0.04709649917794641 0.132755550216993 7401
0.0536286784209264 0.133985333192107 7402
0.6278651352623249 0.5319198573124762 7403
0.2832462401595743 0.2684425913195174 7404
0.136614754217029 0.3420270554463246 7405
0.5464759610097656 0.5102900505439247 7406
0.7750196879689327 0.5818218014295116 7407
0.3116484011817566 0.303122201984672 7408
0.09208573820004198 0.3643879493705448 7409
0.03935362066107491 0.1930205395633817 7410
-0.03934213875083885 0.1812780572950878 7411
0.6720916409401783 0.3084662882086623 7412
0.7847795497901457 0.3597235179015261 7413
-0.03155373337616416 0.3246013629023757 7414
0.08887437928445839 0.1536994891085378 7415
-0.1310199987029745 0.2612009492598899 7416
0.3273493053767583 0.3008598974246788 7417
0.7325110795030386 0.5048393514343623 7418
0.4887774162376092 0.375281716166172 7419
0.4308729113395375 0.3899660602655928 7420
0.4320385647493226 0.5468803499111548 7421
0.4319259454652922 0.1731257643168043 7422
0.03660340834282798 0.2724896559641039 7423
0.03057000638925673 0.2714070929054463 7424
0.3592854778742686 0.2585525688074725 7425
-0.1015041404057457 0.02576855712825742 7426
0.7689684235904829 0.383800647667721 7427
0.3111628172873331 0.4405160935557081 7428
0.2838215024881212 0.138656299129744 7429
0.1771923146676389 0.1562613557150344 7430
0.3878149447015979 0.46421199224247 7431
0.3593322994838067 0.3852819897320184 7432
0.442460654478992 0.2335649974209764 7433
0.2479758857476784 0.1629964088469914 7434
0.3638431865013244 0.2363465045289878 7435
0.7025839688939479 0.5824854575376355 7436
0.6067904550878671 0.3535018944345846 7437
0.5685388637034202 0.4037026256103375 7438
-0.07216904723427695 0.246802021073615 7439
-0.1569301917419016 0.2250365390596883 7440
0.3475701519794649 0.3303380216532688 7441
0.4750727761087863 0.4059730426064629 7442
0.3460193054782434 0.2254579847394937 7443
0.6468348892094037 0.5636505189869893 7444
0.1212412912224025 0.4124328256897996 7445
0.4658462787076005 0.1822822710919461 7446
-0.03545762834445112 0.08496914064531043 7447
-0.1848282413725915 0.1403150206893835 7448
0.2386142407531112 0.1878798554622014 7449
0.6149705306080042 0.268809911908517 7450
0.04630790882650525 0.152297404501644 7451
-0.07182618777662372 0.02713230602508789 7452
0.0182483025843433 0.2827068964442164 7453
-0.1248239638591633 0.2234015432464555 7454
0.500986972729431 0.3797950396633973 7455
-0.1270012896530533 0.005777074451147996 7456
0.05220786574709282 0.28246278845416 7457
0.4127897320346591 0.3606279037135951 7458
0.7181787687056347 0.6337073051790362 7459
0.2014537334225797 0.4270203175924524 7460
-0.06557079003851678 0.2195820767088881 7461
-0.1005370208115126 0.1075199796940581 7462
0.3639328777052071 0.3705629257718082 7463
-0.02949131037760205 0.173775496701311 7464
0.6320176637159294 0.5744525696651619 7465
0.2565571629718013 0.2892869621740834 7466
0.127560230404764 0.2420007387592607 7467
-0.1366075443781886 0.2497293329892009 7468
-0.01475174621839173 0.08753733740135966 7469
-0.07438392019925222 0.2900047740169585 7470
0.7650631247269211 0.2840340608664745 7471
0.5971535166460219 0.5060171843638559 7472
0.0809189676126793 0.1452666531909645 7473
0.3743992889340492 0.3436629019093597 7474
0.7675413251020944 0.3770049403600595 7475
-8.392873829880474e-05 0.1617871289855071 7476
-0.06450641987512216 0.2261142053323746 7477
0.522398522525819 0.3958185948046609 7478
-0.1870391351813588 0.04546073251329472 7479
0.661677139701383 0.5513166510483787 7480
0.7637339378832242 0.5579422834490294 7481
0.7040782117767217 0.6446472944000721 7482
0.3145512907690476 0.2671538656487381 7483
0.504358663496688 0.4697069159580892 7484
-0.1609842819137963 0.01224240656189128 7485
0.0705814625792288 0.379953376171335 7486
-0.0602520591628458 0.05184105266136568 7487
0.4848254167583338 0.3518059895738354 7488
0.5530788324439657 0.5858391601033626 7489
-0.02448005834118037 0.108848410724938 7490
0.7064006589632413 0.6345070654566511 7491
0.2449856376564927 0.154459103429438 7492
-0.0293403588710683 0.2104694093984227 7493
0.6716463130845503 0.4260530506845744 7494
0.5710827481907446 0.4684333188987546 7495
0.4486157503797264 0.5299981175476168 7496
0.5165378607010783 0.3376480078683955 7497
-0.1795691064011556 0.01373934089052172 7498
0.6722831642218124 0.5343229575226136 7499
0.3186611497485489 0.5013153385203529 7500
0.4128526327845278 0.3185507926220532 7501
-0.1864484809028765 0.1305247286437274 7502
0.4121517472249492 0.1868032604962911 7503
0.2995148029034807 0.4529289407256169 7504
0.07924646627220124 0.2090111592937612 7505
-0.1233403999677705 0.1692301060881193 7506
0.7862400384695543 0.3901842356008147 7507
0.4527535793716567 0.3891814604210717 7508
0.09622953343606022 0.07185927410233785 7509
-0.08921120137623752 0.2243678773470025 7510
0.3005622164887177 0.3509984217539709 7511
0.2996385513793037 0.3565169100904841 7512
0.7579101488191486 0.2825539053521505 7513
-0.05831525684761117 0.03843812720846847 7514
0.6512065205512597 0.4547614053145219 7515
0.118643079773583 0.4222237894394635 7516
0.2509890456027475 0.1165858593957615 7517
0.5332078563507249 0.587368542584018 7518
0.2188562848725344 0.1408840904922135 7519
0.4728680136728013 0.2832912750700738 7520
-0.07168077574912343 0.1166877879745508 7521
0.6305486262981428 0.3099976868972213 7522
-0.03211876702733527 0.04399057338874345 7523
-0.02035019448843789 0.3360084150879656 7524
0.1119991210934202 0.2915260595653095 7525
-0.1585446425227395 0.3023095027254654 7526
-0.1420267391631368 0.2679231158234648 7527
0.5976326181577118 0.3359643037826652 7528
0.5722412019487604 0.2814116662412603 7529
0.4742669554140207 0.4712874495318327 7530
-0.1782174425849537 0.2923146058343254 7531
0.1191993566116365 0.2659830947958889 7532
0.3108847450070765 0.2376064149913995 7533
0.4309882390252981 0.4812036352615675 7534
0.1941184595225021 0.3053435968923142 7535
-0.03052515175865877 0.2405200173568501 7536
-0.02870887299681761 0.2464023988967006 7537
-0.1189130012731834 0.08370214257927651 7538
0.103021325726784 0.2632361865610561 7539
0.1217338972251011 0.2883180361781909 7540
0.7854745602218758 0.3771775062014512 7541
-0.1339995126806511 0.2426061090847146 7542
0.3118177076244816 0.1981403011397485 7543
-0.09399478444245188 0.3291322354147599 7544
0.6242376459684414 0.3500418503702282 7545
0.1704907625695408 0.4110201558921313 7546
0.04248971692355342 0.2269304528825278 7547
0.6997977512397722 0.3116867695486906 7548
0.2874627614364114 0.1325920086127991 7549
0.584756041571555 0.5069323546316949 7550
-0.08784219148112954 0.2013171795831811 7551
0.5393736702634897 0.546029254187508 7552
0.361335716727984 0.193323093130527 7553
0.6264268726342594 0.4360640653484046 7554
0.5744907480563948 0.5656929069619239 7555
0.6158701222871386 0.4191178237512075 7556
0.731025488972239 0.51819333222236 7557
0.0138676747772601 0.3556358008064073 7558
0.5077449133934383 0.4950587690015046 7559
0.6829385817810262 0.625146960906902 7560
0.2361638409708736 0.3578414165746348 7561
-0.1304319915832217 0.01499541863319199 7562
0.4804183232794899 0.5542423992072919 7563
0.000476248072209703 0.3615787290516376 7564
0.1010942952670234 0.09662485202582874 7565
-0.1253059650708801 0.1227057608595107 7566
0.204559768603077 0.1227305728392821 7567
0.4795340582565684 0.5659665259869677 7568
-0.06873156773492879 0.0125058413841576 7569
0.688876888189756 0.4955918505074998 7570
-0.1493129842534769 0.2749686020201377 7571
0.3080302112297496 0.2661682518945638 7572
0.6237714954497986 0.623795515150448 7573
0.4509212945604364 0.4011965979937059 7574
0.2395637029557575 0.2896856023293929 7575
0.516304937554326 0.5120536024218131 7576
0.5985374120074805 0.422968919093099 7577
0.1187622175964168 0.1268570223185695 7578
0.5972652231202532 0.4284288860974245 7579
0.7365644853517234 0.6390047270882822 7580
0.7010759534874441 0.5884471972735835 7581
0.5291931807349508 0.271233420302607 7582
-0.02539461024635916 0.03390600252732116 7583
0.7530852184108707 0.6581289017002606 7584
-0.0271912723363178 0.1400706749792527 7585
0.626948670105238 0.5385578338304891 7586
0.710589720075557 0.309634437753594 7587
0.7794596521087149 0.640118828128847 7588
0.6176085145089729 0.2402614320987941 7589
0.3833076741866032 0.1913091644537416 7590
0.3681398008441331 0.2321398624346611 7591
0.0007842262986978165 0.07391296875984256 7592
0.5001898103062764 0.4399641218346013 7593
-0.1494053428980829 0.2322796454182286 7594
0.7145979533747109 0.3472392217658129 7595
-0.01163664737759756 0.20947498534515 7596
0.6404259106846918 0.2380268440495781 7597
0.04340773016487377 0.1234066601233649 7598
0.1738838954427041 0.3675237947455764 7599
0.7657799760514183 0.3276122229598589 7600
0.4981284513346259 0.2142281830806196 7601
-0.05633122268582029 0.07637736567482899 7602
0.4914238432810359 0.2140922972976321 7603
0.08398459165282862 0.1325763422747522 7604
0.03732992234321276 0.2386779707914211 7605
0.1673486140720461 0.4407892279801929 7606
-0.09679101675256457 0.2710583853037037 7607
0.3365683001265626 0.4899780135010618 7608
0.2164145960574626 0.2109198688488212 7609
0.7216628294339978 0.65215998917253 7610
0.6513357348350467 0.399605729110078 7611
0.2074880989148288 0.148115608594239 7612
-0.07665078147323302 0.3439587526727205 7613
0.3592777815105733 0.1877495276575376 7614
-0.1453803829984967 0.1826766660441247 7615
0.4125267719970847 0.224878143798908 7616
0.537820446994978 0.2392160361951441 7617
0.08334204187079115 0.05755487518847413 7618
0.5070997619148021 0.3301859117498278 7619
0.5055211863126509 0.5674472892491362 7620
-0.155005411034874 0.1377318995344682 7621
-0.1554905736662338 0.03477112763176539 7622
0.05974668406534945 0.2587287615004221 7623
-0.1549182546168249 0.1996618249237054 7624
0.5625656959109232 0.5828274653239236 7625
0.5460131440285917 0.5377226363296006 7626
-0.04863826708767417 0.2117406129547288 7627
0.683925166875514 0.5170042919902292 7628
-0.03055591400285685 0.3515518233927665 7629
-0.1625289444089759 0.03243865937613964 7630
-0.03398824465740832 0.1903830080047226 7631
0.3929243960723177 0.2540647396585723 7632
0.4583541817018878 0.3362913901631517 7633
0.5332295782928842 0.266739875501551 7634
0.04940898001727593 0.03313909035793543 7635
-0.1136269882098845 0.1203374512304066 7636
-0.07525946730724006 0.06219651539710282 7637
0.6244933637175545 0.5664707883979379 7638
0.3181688449895451 0.2598151726526227 7639
0.6325568062195494 0.5423108557830614 7640
0.3961299750025586 0.4830196227132738 7641
0.2897501934808296 0.3405580279678785 7642
-0.04095356300052623 0.03678561622743323 7643
0.5345197887982791 0.298047858491684 7644
0.2577678655386106 0.2633242582199998 7645
0.7431045183746408 0.5181411584137806 7646
0.3254462133306733 0.269820691755734 7647
-0.1740740740741459 0.004466085215545227 7648
0.7413404356853622 0.2860139817185927 7649
0.1181303668612858 0.08209428793949138 7650
-0.1513654111142686 0.05351462484136604 7651
0.2339708077712724 0.1575819925570995 7652
0.7949588546369845 0.6127076988979312 7653
0.3158835352389524 0.1886822271094007 7654
0.7596231906133551 0.498011257337857 7655
-0.07430096705767947 0.06859209529056397 7656
0.4022402642555836 0.1840691292882017 7657
-0.06754788526590155 0.07152099130981933 7658
0.2389853218756298 0.24386487568946 7659
0.6754374977734211 0.2599008812145613 7660
0.3919541369321484 0.507555391504094 7661
0.7699996400560775 0.5792272571235962 7662
0.7705946388280132 0.6828248067072206 7663
-0.03513651680910019 0.361105180913057 7664
0.5650180929206778 0.53666567602292 7665
0.7701712857574325 0.6011906406855341 7666
0.6990481645182606 0.4432437800923162 7667
0.3651615556908926 0.1706291946369207 7668
0.547888779860382 0.3379147800790036 7669
0.6718010724935819 0.3633962274828917 7670
0.7859713597116712 0.615857320707719 7671
0.6794339753790491 0.3557111403490273 7672
0.1167975813796971 0.1606194237426831 7673
0.5601454108662502 0.4910129671894061 7674
-0.02360765904151933 0.08052616326846652 7675
0.4389536925507436 0.2388526890123627 7676
0.3785175950440257 0.4568167746955922 7677
-0.06706932065759057 0.07751250767104266 7678
0.355180427209458 0.2437911023958896 7679
0.7169986334879681 0.2978206480299422 7680
0.6901048693655452 0.6331127086646121 7681
0.05027450377333285 0.02405576836531418 7682
0.455767832247151 0.5034987870930387 7683
0.04535315601632126 0.08210143577928188 7684
0.03112180060140219 0.07645150786188823 7685
0.1339669428124037 0.373755889909803 7686
-0.0883223314578279 0.01163818070885717 7687
0.5520154300953805 0.228958970669619 7688
0.2566010927937125 0.4672968013079177 7689
0.03706615587048149 0.01825252945745023 7690
0.4116962486396497 0.376515231579991 7691
0.6112962441387457 0.4877142836095946 7692
0.1683672623870909 0.06695650882490416 7693
0.6862533535688194 0.4375872763862006 7694
0.4582344962219335 0.3683144208253861 7695
0.1056620634984931 0.1636168192775822 7696
-0.149757891134448 0.2161210055081686 7697
-0.1510820462406036 0.2221694470190336 7698
0.7356952916116458 0.4621042407730097 7699
-0.1126725049036497 0.02436842805523916 7700
0.1477020576313596 0.391881471370178 7701
0.5665203985537706 0.3977781679103132 7702
0.6142125294669768 0.3324034370652849 7703
0.04841483983802727 0.0879032103068611 7704
0.7951080193231361 0.3767729693455912 7705
0.6445610556689318 0.3263984667686405 7706
0.6448305221270043 0.3322989414957206 7707
0.08873750998168822 0.402111550592487 7708
0.3137729016652034 0.2862461822676399 7709
0.03816516109672512 0.1331155264381794 7710
0.03504507725093745 0.1383571996657728 7711
0.3264537146187876 0.4933160535556916 7712
0.4477867289509107 0.3236123944696797 7713
-0.01766260633750199 0.07494040933167391 7714
0.3205633943951485 0.2451063642368652 7715
0.2002137460190614 0.1644281309954313 7716
-0.1296353010400366 0.3138324772467276 7717
0.04445610799407354 0.3167568748852159 7718
0.7754257465996242 0.3454440759878347 7719
0.5714402468517761 0.3463734431505903 7720
0.3388482821114926 0.2326791515419745 7721
0.2395678468867125 0.3855328216624232 7722
0.1268875338632894 0.3036784531967753 7723
0.2287651956269307 0.3659743014305545 7724
0.09127837482495674 0.3754351940541097 7725
0.6267738088396594 0.4061631395964304 7726
0.3249064071097999 0.4060177212665489 7727
0.306208845237456 0.157506598211827 7728
0.3997714178388915 0.5135942362820933 7729
0.3755598768734294 0.2118948098384753 7730
0.5946126639119474 0.3591599301160643 7731
0.6694230015481569 0.4448678590914987 7732
0.1306211713310117 0.1840785087398111 7733
0.7841323998839842 0.4704977421490921 7734
0.06835133797503178 0.04379237266419501 7735
-0.0814902326646175 0.2410378237119201 7736
-0.1944157135037501 0.05417659972968138 7737
0.7311914822021494 0.3717801085227149 7738
0.3862948991535268 0.3396388651530562 7739
0.6197814042723064 0.6137068836195668 7740
0.4370165203077468 0.2276476807829241 7741
-0.188350007575675 0.004660395116244711 7742
0.0140735089834695 0.01046170116454624 7743
-0.06095962828147203 0.08607879115319529 7744
-0.05095880179273048 0.07904367343662773 7745
0.5815733754957124 0.5281435111812619 7746
0.5899663768147305 0.5179789425914316 7747
0.5760976741490944 0.6049544571554419 7748
-0.1505604421132671 0.2937581620452332 7749
0.2880561143553684 0.3021127295380872 7750
0.4233715246980738 0.4126595535576263 7751
0.7572853828376814 0.6360984928032848 7752
0.1894719205783192 0.2171386842419434 7753
0.08075426883928706 0.3008494005385022 7754
-0.04331380115495105 0.2924467736672262 7755
-0.1573563827579567 0.09750546346433675 7756
0.7466801615604611 0.3594437549542276 7757
-0.06168592781074401 0.06112509356165187 7758
0.6434533893295193 0.4568537361979181 7759
0.1037497890921114 0.3509239628970987 7760
0.02911254308907944 0.1573532931724632 7761
0.6164172645504414 0.5479671363787185 7762
-0.0377682861987693 0.1175768657458676 7763
0.4161567410085088 0.2880864555582059 7764
-0.02549017353480508 0.204433508177811 7765
0.7043082016493192 0.4885987202110028 7766
0.6969869810568401 0.507752546152256 7767
0.374834259516251 0.2346316487979571 7768
-0.1318131266971961 0.2309818074409407 7769
0.7369566306465225 0.6005311869644985 7770
0.5413606077562769 0.2747736103284616 7771
-0.1862546721690244 0.090818402947605 7772
0.7146074968300138 0.6171644030517541 7773
0.09359873707510172 0.1940419513455665 7774
0.6402524022221567 0.3939809188052683 7775
0.4549345185172185 0.4660168709493231 7776
-0.04708365100564853 0.1564168104750727 7777
-0.06607660776104619 0.08924466897892937 7778
0.4298498957101885 0.3439721867254638 7779
-0.09976365034321094 0.1221149161567339 7780
-0.08131462100044845 0.3329500490219606 7781
0.4511647165156226 0.1885680299625815 7782
0.5078709077460886 0.3134302160500027 7783
0.5610639920605796 0.5537693553531303 7784
0.7458718936861081 0.5724402463509601 7785
0.09916505722056054 0.1561489264513938 7786
-0.1363595730918373 0.2054744506346579 7787
0.2003107536648061 0.2184786769804052 7788
0.2942266285119352 0.3232665829301392 7789
0.6105289806861084 0.364957633606752 7790
0.2159268548848348 0.1188903008687939 7791
0.2323021116834167 0.4274265164099856 7792
-0.02736876742103831 0.327995052509363 7793
0.02839400931530776 0.09437444537817609 7794
0.2973393897161895 0.2384699078220961 7795
0.420990937297158 0.3921321860253524 7796
0.4723715767680499 0.1991320129207384 7797
0.06265958026907549 0.1623771864981422 7798
0.1722566919505251 0.182089567828375 7799
0.3001038221758319 0.4946468284956255 7800
0.4190545305887286 0.293888693336493 7801
-0.1204447205330058 0.07329105247879507 7802
-0.1693019933752241 0.1266200574409775 7803
0.6023846781416154 0.3881780933259319 7804
0.3600987101936107 0.3591146010698367 7805
0.00465428433522458 0.3048876687245592 7806
0.5791723905100812 0.2591287033380639 7807
0.2483281669264756 0.1045842281885732 7808
0.1632032177438109 0.4319136809060268 7809
0.2752654123351197 0.2529112994200324 7810
-0.1531286716716012 0.250151274134072 7811
0.3045066873455461 0.4291391531406152 7812
0.4694073164286069 0.3646885438916465 7813
0.3131041618475487 0.3946025113486312 7814
0.2940546435633384 0.4700050109369759 7815
0.7644631180138906 0.6298753767680758 7816
0.5270148389879715 0.2407201946792355 7817
-0.1602756534401996 0.1070396356277684 7818
-0.01381221845351364 0.04718361102519015 7819
0.708340725198782 0.3723385236058586 7820
0.705911447647162 0.2713558043331468 7821
0.238375791946102 0.3723494754499768 7822
0.6731378188995745 0.2777261674188362 7823
0.7956114320997009 0.3469247272726018 7824
-0.03319293170739215 0.03347497038504203 7825
0.5114028185955402 0.3394838173667921 7826
0.5449494707499861 0.3220532081710403 7827
-0.17385675862662 0.1604663189753845 7828
0.1269854994649204 0.1209484768150182 7829
-0.03259639421312617 0.2953879321660809 7830
0.3389070459164407 0.3386436431479892 7831
0.458458924310773 0.245604544897002 7832
0.517578439206638 0.5470864059101732 7833
-0.1383649078118581 0.1403345458163923 7834
0.6795178198902267 0.6056716567270157 7835
0.3648288849233036 0.3427486177318451 7836
-0.1674101148969387 0.1591279996530913 7837
0.04513428190664154 0.2982305540579634 7838
0.6507281455585224 0.4708311845854209 7839
0.02362896954995038 0.3338273319520791 7840
0.3665794899326398 0.2765787064010414 7841
-0.07764961882013689 0.1213864601103256 7842
-0.0250660194616884 0.005002715055182516 7843
0.5224199484999348 0.2042593652952541 7844
-0.1153008863134942 0.3129889275963978 7845
0.1789384266128235 0.2662895533764261 7846
0.3849281610163475 0.2181481396526607 7847
0.245958779017803 0.2343893947113666 7848
0.01484636027854158 0.07035242503770282 7849
-0.08620621633195427 0.1535749726680925 7850
0.3189982032349662 0.3538062540331409 7851
0.4166459615570217 0.3796483644980274 7852
0.6928187468015589 0.3592668190847015 7853
0.7871481629005566 0.4783899207083004 7854
0.202404583636428 0.4390008253200712 7855
0.5593199665778334 0.4188526329849918 7856
0.1340103978456315 0.05425081016829458 7857
0.03194562682980306 0.2299609938419356 7858
-0.173923214804312 0.2534457751306922 7859
0.3418717245722381 0.5033138186227865 7860
0.3754062703475521 0.3893604748363592 7861
0.2847622060308362 0.1191448358191969 7862
0.2887310780852745 0.1223325745045784 7863
0.6894104059153534 0.2755924880043275 7864
0.4298051587627809 0.3661267426254796 7865
-0.1832200648641686 0.1592954022903414 7866
0.607475394797044 0.4278757340707587 7867
0.1231799685577679 0.2483330607873063 7868
-0.04045746849538475 0.1747362296086403 7869
-0.06369345279192476 0.03350370047597535 7870
0.7341148472731928 0.4758299718630525 7871
0.003870743446125056 0.1256420223876674 7872
0.2237155131281905 0.3201280893805912 7873
0.6097858428212493 0.4559862198046866 7874
0.2528191286081741 0.3479545145348892 7875
0.5720628141144986 0.3933717027979488 7876
0.7527241486324732 0.6457402139137282 7877
0.4706352376919289 0.381984562794387 7878
0.6868915816618931 0.4436658010627481 7879
-0.1409462573797732 0.2870363424819805 7880
0.07004649295434916 0.143773922588394 7881
0.5179620065154776 0.4001805283815483 7882
0.1043757800563781 0.1046795095859058 7883
0.3068389752571022 0.4868595022598089 7884
0.7951570598339133 0.3012111873869484 7885
0.09521687428143634 0.3705467300454249 7886
0.5758978127826474 0.331750462098793 7887
-0.1249941090079128 0.06542356788703954 7888
0.1563681467402132 0.3403122612782811 7889
-0.1039039597522287 0.01896672020671644 7890
0.4647968391676682 0.464217069116702 7891
-0.130206158856581 0.06746966551312474 7892
0.6012956074567025 0.4673425652502763 7893
0.2265878626978887 0.3734118349753351 7894
0.06372542158713575 0.3716645092956229 7895
-0.03810786122957436 0.2682419702118947 7896
0.794499724348366 0.2950953557867046 7897
0.6940335237825612 0.2836595215474178 7898
0.5735439798129525 0.4151992318518066 7899
-0.05685674681693649 0.2263030967152087 7900
0.4672786380658859 0.5018111231352052 7901
0.7202730213891038 0.6198061484153018 7902
0.1094411610132047 0.4079101209181455 7903
-0.09836437340783802 0.2006285359183861 7904
0.3334194118701936 0.2886855745898602 7905
0.7879717914221254 0.5209587866671286 7906
0.1638865601583038 0.1594875538802606 7907
0.3947416893579411 0.2836038519462175 7908
0.206672346575346 0.2809918144467541 7909
0.7946118969425606 0.3264265540867017 7910
0.6965753663792172 0.3214540172422007 7911
0.7886175748897541 0.6564874217943336 7912
-0.1448410156324702 0.1389110661009849 7913
0.2790495114732745 0.3320710781673702 7914
0.269983831858903 0.3149719439339791 7915
0.4817610417162428 0.2293139726732871 7916
0.008614578085678996 0.1491361297239133 7917
0.6923997527121104 0.3101622180242719 7918
0.7744159221596757 0.3751413593338894 7919
0.7693696082518617 0.6265610137763726 7920
0.5884132166497513 0.3542064556982838 7921
0.5356201068963258 0.3276781571510939 7922
-0.06263347538246694 0.2686062710254311 7923
-0.05830028015713382 0.1147105073069496 7924
0.03306609716436955 0.2218334583846596 7925
0.3030000809287742 0.2129988929607043 7926
0.3008617599744148 0.2182825855035014 7927
0.3019182169538042 0.1926931359827382 7928
0.7772776875692637 0.3510481609986061 7929
0.1752593124757288 0.1732522951031041 7930
0.7293094749275915 0.5926460510713667 7931
0.5338645517060203 0.4629554575542235 7932
0.0267913530010014 0.3210638086281032 7933
0.6406868895402498 0.351024189352131 7934
-0.05568362862510364 0.3009864001863909 7935
0.5691942933130836 0.2223796796378543 7936
0.03732764576074017 0.1271086753506455 7937
0.3311072367151912 0.4982662982539298 7938
0.253165930293741 0.1957455363868222 7939
0.7854053894555066 0.6692955021015324 7940
0.3312454599553955 0.1417379568783965 7941
0.576260339407247 0.3434741851655713 7942
-0.1863490413291842 0.05790234965806254 7943
0.1809280767113235 0.1226029324528253 7944
0.7031180013202322 0.4493114379124173 7945
0.6029946830368755 0.6067647445960724 7946
0.02057981051467427 0.03414239959836242 7947
0.6863985379443932 0.5989762073742526 7948
0.324282891758115 0.1819223674844882 7949
0.2108800284310502 0.1668061313107268 7950
-0.1942470684078824 0.2068102282021536 7951
-0.1022771497040348 0.09516909796356021 7952
0.519205383406377 0.4228993536577615 7953
0.4279830525134055 0.3371411346577582 7954
0.6098825826382943 0.320481265447823 7955
0.7327372357735169 0.3889307569851718 7956
0.3908416839009216 0.2429294586935545 7957
0.305758737551343 0.4968551063921715 7958
-0.1270251939425097 0.1947103594222279 7959
0.09178767965583012 0.0921746579638244 7960
-0.1858742538975324 0.2834155981912112 7961
0.3688673813782011 0.252640040888424 7962
0.5870893063892826 0.5377929005788709 7963
0.2298684482493364 0.3940364452649601 7964
0.3836871391663905 0.2806824621630161 7965
-0.1393187782235043 0.125214162616251 7966
0.6927235852038033 0.4460990656084857 7967
0.1230749111598703 0.1637801867339749 7968
0.4350555744633756 0.500521605169774 7969
0.3303832507938956 0.1742463468462936 7970
-0.1714864268924637 0.0457604303545163 7971
0.02282149654835341 0.02786623534523337 7972
-0.1686018044346984 0.2679715116855745 7973
0.0887553699512417 0.04711940665221048 7974
0.1051281203694299 0.1874174664397568 7975
0.009824379362980695 0.1086220407614714 7976
-0.09169375840833764 0.07520045831035663 7977
0.6657551150166769 0.4355738920973646 7978
0.7751887099527885 0.629834431377829 7979
0.5106538045092596 0.3821194006371487 7980
-0.05611081316832052 0.1047430695396021 7981
-0.0853511989758476 0.09779448580671757 7982
0.3399111825982926 0.2119693971783133 7983
-0.1671650766289678 0.3081301749699905 7984
0.714631010312554 0.4165463437992319 7985
0.6818761407101342 0.3139270838770573 7986
-0.09346492586923054 0.0623658802910354 7987
0.134217720036151 0.08748869323446681 7988
0.3583366749636748 0.176385301618861 7989
0.5342120539487968 0.4748059630266128 7990
0.05448119261724095 0.2723785305285641 7991
0.1678607121930296 0.4230214843636529 7992
0.1490564401211852 0.1790116563227723 7993
0.7740737870347753 0.4643930370777188 7994
0.6691069887941259 0.3953527419823532 7995
0.7585946455011072 0.3354179991555324 7996
0.2641967351502625 0.240203600071142 7997
0.5782690263990922 0.2897934520383667 7998
0.163320372666574 0.1964129399788934 7999
0.4957528400242958 0.5073005121069502 8000
0.1517068653779775 0.3843482677087925 8001
-0.1358980633397921 0.1005263356744079 8002
0.7858890702609861 0.3336611137688663 8003
0.6794578206375624 0.4988220330758558 8004
0.03642866713427312 0.1647516575590452 8005
0.565842966967726 0.3170247900470816 8006
0.04084550579399741 0.2878792039052028 8007
-0.006626604191218354 0.2320947032688858 8008
-0.1027166620642395 0.1703173187586141 8009
0.6171745342402831 0.4780484001579964 8010
0.7223983399727915 0.4223790549151666 8011
0.5085599852653937 0.2462034221032763 8012
-0.1359001397322167 0.1808494784460784 8013
0.4985997788968652 0.2238903126589505 8014
-0.09842118812596935 0.1124130293561966 8015
0.3793694016088032 0.4455651562407682 8016
-0.07979229629968997 0.1328047850901895 8017
0.3854381033789506 0.2349193551087591 8018
-0.07843329328306312 0.1603417701307829 8019
0.5407364253727545 0.3631844772321852 8020
0.2681787823011647 0.4204196470702389 8021
0.2117822657114742 0.3868932493752071 8022
0.1949152257312932 0.214458282196673 8023
0.6545171798597675 0.4234558520617822 8024
0.2747502213955214 0.2235367801143692 8025
0.6984326622729771 0.5620096308609733 8026
0.6528941745382404 0.627751263427232 8027
-0.1444444444445979 0.004285077128021101 8028
0.2782304375593682 0.4700974207080887 8029
0.5941943355574758 0.3410878794522621 8030
0.01970849342450566 0.1226119612222654 8031
0.5415406160610113 0.4869385166234066 8032
0.7875981787938751 0.5963827708281401 8033
0.4471458909130576 0.3345649865084708 8034
0.7957057226666372 0.3320583999999173 8035
-0.1122520902801287 0.1266715089943412 8036
-0.1788696377649553 0.2456047955680265 8037
0.07770211594086274 0.3873457856546314 8038
0.5806064698886514 0.4472671737091768 8039
-0.02798261095660971 0.02417447331609456 8040
0.5585531152277268 0.5625601375880735 8041
-0.1789459070893421 0.269786378797929 8042
-0.06508413547784297 0.1232490722135535 8043
0.2264120207877692 0.415996058937631 8044
0.7587717767685529 0.4766898353562211 8045
0.4688691040641002 0.4250223616133717 8046
-0.04893836530445907 0.199300471836552 8047
0.02216650800697828 0.2260872937640572 8048
0.100676359491718 0.3276436521264707 8049
0.2537520258600267 0.1436160555303364 8050
0.2674901793238974 0.4709083729495713 8051
0.1163988370594001 0.3954212431399049 8052
0.4112080951309419 0.4880968583507933 8053
0.4628691153301544 0.372817799513707 8054
0.5545097912021932 0.4344206978917459 8055
0.6695811405671891 0.4145602318533065 8056
0.794875457717208 0.5005440019554336 8057
-0.08983449236713624 0.3114545505122529 8058
0.5956371886052227 0.3475359905787368 8059
-0.1714107179517622 0.01424352983470073 8060
0.2343070824545357 0.3287513088962037 8061
-0.0710048724426194 0.1517979210279835 8062
0.1005225863985793 0.1675303946288805 8063
0.7797885881435274 0.2892110557301512 8064
-0.1592566469617637 0.2705479911431979 8065
-0.0716846947781116 0.08661188178179394 8066
0.7946667152935282 0.6757731249142858 8067
0.1425808616601005 0.09411443055775606 8068
0.4979082140937598 0.2354387863162924 8069
0.4826361240873073 0.3579636778434277 8070
0.530878631628485 0.488669700159339 8071
0.5338764553112381 0.2203534674348508 8072
0.06273080245879979 0.1178142660945442 8073
0.665457998479635 0.29257451154202 8074
0.4756368053034229 0.5453124891252669 8075
0.03675322333479709 0.07649370913591107 8076
0.05724514572926494 0.04513064968458916 8077
0.6873175281609903 0.3422051848166761 8078
0.03997070995738329 0.1544988308187414 8079
-0.0139022723766259 0.06057895161721261 8080
0.2651005051595066 0.193375154314363 8081
0.7951050564270655 0.3108323281130112 8082
0.5763378901387264 0.3015938874035018 8083
0.6039021781313968 0.5624723968664886 8084
0.5271692475039204 0.4749799540941327 8085
-0.1352649387149099 0.1346906065686724 8086
0.3032396168157394 0.1629134917188407 8087
0.1436528745628866 0.05793410208190101 8088
0.1702862754817431 0.2740776537740637 8089
0.6651448399074216 0.355060176822117 8090
0.67123723493328 0.3341742739380699 8091
0.5006974905831092 0.3387533811586328 8092
-0.1082583676879186 0.2956320468038325 8093
0.774679341562003 0.3328782044250165 8094
0.6437837186305206 0.4632529739622503 8095
0.4886248179285904 0.2411716745953651 8096
0.02366054607837932 0.3762649394752309 8097
0.6679623279313389 0.5145919314204421 8098
0.7261983532546417 0.6167482017339601 8099
0.3147285081344637 0.3647948380928897 8100
0.3250081264385588 0.3443503737960505 8101
0.344940768206099 0.2446245094058112 8102
0.4301854210379908 0.2165754041507996 8103
-0.0813544244833594 0.04447674656056726 8104
0.6271551066698382 0.3214319787741671 8105
0.4339430330311908 0.2583013493869146 8106
0.03421561365011565 0.1819072580802728 8107
0.5784457961692052 0.3549276209006723 8108
0.0834529883966672 0.16243222265024 8109
0.3183482459161289 0.448094271442514 8110
-0.1131846352797619 0.1649965693775115 8111
0.07778875170161761 0.3985949989392343 8112
0.1507856738502389 0.2891565111949166 8113
0.4285953126068548 0.3276198477720853 8114
0.5895081715954319 0.3747425193802988 8115
0.2941371423758371 0.413722530406864 8116
0.1580692482640588 0.1016884592713669 8117
0.230251963244066 0.4462918932622052 8118
0.2683737375732587 0.1367999197966015 8119
0.2652401644142188 0.1408921532174068 8120
0.5230437748717462 0.4648002328140662 8121
0.3699274067577077 0.4184424318586835 8122
0.3749698757286142 0.4103536793446079 8123
0.4181713005669 0.2402674177747203 8124
-0.1513263163327544 0.04385545521830198 8125
-0.1763347067597938 0.08123884448545893 8126
0.2742751781337619 0.1629867168355075 8127
0.3117988072979843 0.2929993284724005 8128
0.02096493347302361 0.06711949361012134 8129
0.4660038311934823 0.2918458134528671 8130
0.2224859090834885 0.4396092806159821 8131
-0.03979368212338338 0.3433348644424639 8132
0.2085674680284972 0.3443514576196684 8133
0.7955188896169999 0.6299218516423793 8134
0.6711980970640197 0.3150460970838888 8135
-0.01705502786941044 0.02173067448651196 8136
0.7861973817574848 0.3449045723718212 8137
0.5159794416208716 0.3770971650339446 8138
0.02012427212874308 0.1112432222223629 8139
-0.09315906027293214 0.1382658258568141 8140
0.3122588525567932 0.2153277940365646 8141
0.5804480205304293 0.5819931685307982 8142
0.09801875475100692 0.3423193740859344 8143
0.04699704779003195 0.3275354346975916 8144
-0.1620672077748194 0.2085125502380675 8145
0.3810323766758535 0.2080496860142346 8146
0.5741224440818685 0.3831776529849901 8147
0.3981574318268263 0.2105263038787403 8148
0.7775905328144433 0.4274779838823443 8149
-0.09449280663311438 0.1631277427616707 8150
-0.1150107207935973 0.07275948425627891 8151
0.6073722163182375 0.3791643933713144 8152
0.5861951122182584 0.4839120722377914 8153
0.4484456715783824 0.5075376542034881 8154
0.7221394653337718 0.3431674559607226 8155
0.6433405104613701 0.5139033154061448 8156
0.6330537477469965 0.6276706986432919 8157
0.1270698597384869 0.3323114315378355 8158
0.6467508121837533 0.2862062291078526 8159
0.414786495881603 0.1991883735887893 8160
0.6013267460330801 0.5868103189850098 8161
0.2935691190113731 0.4342279142759492 8162
0.5668684860552546 0.4583438941355697 8163
0.4458955885625242 0.4885983610224782 8164
-0.1595499237959458 0.2899916850431913 8165
0.3779176784165559 0.4002455011662392 8166
0.5238574163419121 0.361695616980979 8167
-0.1704159733285547 0.06804766840958754 8168
0.6659461798875348 0.4250138986117247 8169
0.6214155687599116 0.4023323683302879 8170
0.4084740309776191 0.2966595626999403 8171
0.1682736680152518 0.2021695772702716 8172
0.5215092699456852 0.2806177172755311 8173
0.0728115817663498 0.05273600665074965 8174
0.5213289213365447 0.5040627447893574 8175
0.4194415532400524 0.2255708892028472 8176
0.3655558845599609 0.2262815964280537 8177
-0.1761308756822158 0.04500045305719205 8178
0.5196605228053001 0.4066116503904581 8179
-0.02918813702386101 0.1571182353211755 8180
0.08105728224698874 0.3793463511708567 8181
-0.1859787310687495 0.2782565838605104 8182
-0.05590562670998953 0.07049986244773698 8183
0.1139628044281141 0.2335647149020371 8184
0.2756312326202088 0.4843960704513425 8185
0.3665031434148186 0.3331439557521735 8186
0.5984976260364132 0.5364440283880246 8187
0.4954676556728618 0.5361142725848341 8188
0.1109094255018399 0.3074265982754809 8189
0.4951018968639002 0.542041926906167 8190
-0.01446732880803051 0.03676084739627144 8191
0.1456680073874732 0.4333729961224088 8192
-0.141748128587957 0.261513200952305 8193
0.2242982298739173 0.3977457195528349 8194
0.6151726276258347 0.5782467814055683 8195
0.1751115127067861 0.1002124840156305 8196
0.1968890073839217 0.1526977940799211 8197
0.7554818399108363 0.2895549942236987 8198
0.2218331883603603 0.4638890026641973 8199
0.454753201266979 0.3197167717460162 8200
0.7009206273199126 0.4687471851084099 8201
-0.1266388373539429 0.2504700463430738 8202
0.733490989734948 0.5504099015736821 8203
0.5371958505965092 0.4171036967726164 8204
0.005424833846112125 0.2184759121598768 8205
0.6565419148357186 0.5927968392164669 8206
0.4728580379802103 0.528027412870786 8207
0.3185716846685015 0.4112322652539147 8208
0.1924141568041423 0.3270539913010184 8209
0.3904239867375964 0.1936159437325788 8210
0.05296240732713668 0.1156071302723556 8211
0.5175941907243757 0.5661380295138532 8212
0.6617569291804895 0.5413415001123554 8213
0.2011353154335405 0.35259161398649 8214
0.7458795071180382 0.381987133520463 8215
0.4099497679928008 0.3283346038350572 8216
0.5136447010716387 0.1927005061222745 8217
0.573551895676889 0.2403510289064751 8218
0.5710680741361029 0.5468282671486232 8219
-0.0762430864646997 0.09018324500741209 8220
0.3506218841758197 0.1757353873828156 8221
-0.05762969474250249 0.3506664453348596 8222
0.6320894621543355 0.3664709497629295 8223
-0.05002478096360445 0.1463573269941143 8224
0.4385294137091804 0.2854514352271025 8225
0.349635581263758 0.3177631727191015 8226
0.1865178404345665 0.1502739382568071 8227
0.5214609227551398 0.3808929479781068 8228
0.7132821265200863 0.6595113055123805 8229
-0.1946797435132945 0.2194260252988834 8230
0.6956823996302044 0.2584182387609874 8231
0.3743151042127051 0.4352107524636334 8232
0.6873537255359121 0.3014215901312274 8233
0.5506784230954687 0.4883786428613979 8234
-0.0752611907058606 0.09625011327633234 8235
0.6091870312590426 0.4031366586768608 8236
-0.0198174444263891 0.1273090864242442 8237
0.7380053710697978 0.4104301001453295 8238
-0.03815596527989923 0.1635895834302296 8239
0.7416403968043845 0.6702720771651272 8240
-0.02050263958738429 0.3008956446012186 8241
0.3410129228490312 0.2220051676354771 8242
0.2602019834137143 0.4152079474768118 8243
-0.1318065137764936 0.2248549656269737 8244
0.4998565209028195 0.3010299403487164 8245
0.692176460703841 0.5865219747443322 8246
-0.06681211669989666 0.1577418371392708 8247
-0.1270529055433117 0.05685266764769185 8248
0.4683785177460922 0.3414138053099491 8249
0.5538179038394425 0.2883963521881409 8250
0.3176884020965928 0.4286032798019653 8251
0.1638475290196954 0.3601990125337784 8252
0.583566961914696 0.3151351648112053 8253
0.3285150128292875 0.3342128093575183 8254
-0.03189015451962841 0.2776297625560282 8255
0.114714465735579 0.04703122624558955 8256
0.7520875990969459 0.6682494729437236 8257
-0.04705764251075422 0.09784283291341887 8258
0.2823650940355616 0.3019776853743859 8259
0.2867630365855619 0.4369559826076965 8260
0.6348468498666441 0.383912012835146 8261
0.6388588368727709 0.4332345474562587 8262
0.5766661984437611 0.4793649684386958 8263
0.7306448648753894 0.5824946538927394 8264
0.181872288616688 0.1166090650904086 8265
0.02995390491212286 0.2030192522588642 8266
0.1415060199606543 0.3908618909187503 8267
0.4135023038837797 0.2071458540170437 8268
-0.05555057498218925 0.02559423652221719 8269
-0.1945341572294326 0.1065726478113311 8270
0.5261556695379385 0.2162513509507669 8271
0.3124252562696009 0.1775859748065496 8272
0.6975199329263597 0.5783294514321766 8273
0.7595928244643743 0.4387263087298642 8274
0.03890491207857592 0.3435609544047325 8275
0.6061838304838522 0.4472981010820685 8276
0.3553182056989064 0.1974942405938597 8277
0.7170787474769009 0.5484081079644163 8278
0.2091357474763508 0.3927894995706381 8279
0.3023214798301546 0.2869099065944226 8280
0.4077256936714693 0.2161407603402424 8281
0.4119201103168756 0.2712936497914584 8282
0.06958496128294661 0.1721044461552714 8283
0.4951833470532201 0.4632449745342394 8284
0.5887652119410066 0.5874601905658554 8285
0.4476326935967115 0.2954650493929119 8286
0.3577927566824265 0.1358902130487278 8287
0.2057478049479252 0.3689530249967641 8288
-0.03724472550655069 0.3367903632971716 8289
0.6424997689502774 0.4126905334999836 8290
0.2047074599669674 0.1692917516895367 8291
0.5486535869682684 0.2433981682252367 8292
0.009032885345725775 0.07937185656990671 8293
0.3206298218171023 0.4384815385735455 8294
0.3289267129779041 0.262951070856725 8295
0.714539131026346 0.2867614188068862 8296
0.7436434876995976 0.3258420939133317 8297
-0.06118414431472435 0.1770355668798268 8298
0.1728139257621494 0.08362336116688443 8299
-0.1319565684820694 0.1448154529092039 8300
0.1423679026077022 0.2955158857798686 8301
0.6878845770925122 0.5928828511958597 8302
0.4787821105184338 0.4944347234303755 8303
0.294105941195095 0.3984064936681063 8304
0.4133312769083781 0.482049169925248 8305
-0.1250343166055481 0.04008146036745133 8306
0.1430124691251904 0.1548198736861366 8307
0.2266418627163553 0.08693496123080864 8308
0.641562462036718 0.2475541583791492 8309
-0.08233931563183292 0.2805894918912966 8310
0.7599611760823148 0.4486533137454599 8311
0.6194714130058323 0.5870215027023655 8312
0.7947198584393057 0.3524268221707115 8313
0.3871709164125564 0.1823606888907735 8314
0.002812122886280417 0.0386079092779844 8315
0.003401780808273922 0.3313200001602718 8316
0.5331372041010458 0.3211410743464174 8317
0.6172228047111668 0.5306001851161155 8318
0.3939170168019606 0.1487533047854165 8319
-0.01820024941357805 0.2217360435262876 8320
0.3876438353433741 0.4381161054666771 8321
0.1505016849493781 0.08505830730435801 8322
0.1468553076195577 0.2997519644817742 8323
0.7668196066568813 0.3502744662294335 8324
0.417234154890441 0.4238056950083796 8325
0.4267196882923756 0.4182456130545106 8326
0.5759644178515549 0.4312756510655518 8327
0.6597762561300379 0.6212795892142892 8328
0.6577555364667398 0.4177879250965812 8329
0.2824355554554165 0.3190708622708799 8330
0.0993348351485332 0.2799777048150721 8331
0.674130556662792 0.5229870644648771 8332
0.594332814203226 0.4964729230871887 8333
-0.08437265921975343 0.1901866015639204 8334
-0.08038730199440172 0.2130693166818869 8335
0.06902645892808945 0.2270214437073014 8336
0.3744648100852178 0.5252963081241019 8337
0.1567656994764758 0.2792841026015178 8338
-0.1486730782446972 0.2690048075435256 8339
0.4618522568126344 0.2870079726503774 8340
0.4563294034851423 0.2889767190662526 8341
0.00824774126720941 0.208061796085361 8342
0.151412773709174 0.2153656336567736 8343
0.01775845008045887 0.3149706109698623 8344
0.3687423733359577 0.48374592012668 8345
0.7636313978331841 0.5148946357555785 8346
0.2078015616946476 0.1099130238382543 8347
0.5068828410692252 0.303323451539481 8348
-0.02855206542363331 0.3398165204503731 8349
-0.1342136501383162 0.214801546390036 8350
0.3654561440665967 0.1458034122185632 8351
0.6129343329091587 0.5681450508814588 8352
0.7188406111976755 0.6070342456214333 8353
0.09939480154985614 0.06090670506399751 8354
0.09000664525869023 0.3926545785121209 8355
0.03071468054244799 0.3672857947069738 8356
0.620433825968181 0.5173359459708798 8357
0.7715617686919602 0.4835933685428166 8358
0.01765801394854861 0.1597855469723418 8359
0.4659765538580185 0.5187472853382061 8360
0.5694519474307114 0.4480003021486132 8361
-0.1292968634046592 0.1109861720311636 8362
0.1490939079837755 0.3626898592367176 8363
-0.1434274253169111 0.2936302245618704 8364
0.1756186776627984 0.1935935128050442 8365
0.06400083600205378 0.03788013629978623 8366
-0.1801212084035484 0.09842700193539508 8367
-0.09006978714804725 0.3246507389110775 8368
-0.07977828558919017 0.07097317859908797 8369
-0.1714921928709313 0.1495346690124289 8370
0.1654705893790659 0.2476877542059118 8371
0.7503839725603859 0.5016873975828992 8372
0.7287866820474487 0.5081667741309145 8373
0.1267083334027402 0.259953365782618 8374
0.5861872504033768 0.4472337932369005 8375
0.7137493292433785 0.5129946771881085 8376
0.6308590985628265 0.3377987246339313 8377
0.658810745692766 0.4797254148666384 8378
0.5044575263775946 0.5248187147977228 8379
-0.05647675675860319 0.1736250921129545 8380
-0.09394893330162427 0.02545753139107457 8381
-0.071427494492126 0.2125237139384276 8382
0.439878336524036 0.3419343598690455 8383
0.49087868652672 0.2771738779205589 8384
0.654805555329751 0.2941546660580578 8385
-0.195437938446425 0.2811089187729058 8386
0.1294613079371849 0.264903788564394 8387
0.4865255254165666 0.4777450375263031 8388
0.7323574046109792 0.2713800418486607 8389
-0.1689642442465733 0.1023800401614434 8390
0.6178709576585995 0.2562673522488966 8391
0.4689943464501711 0.3710271056392099 8392
0.3029867594711422 0.3922806420230435 8393
0.03135883566791644 0.2823549867180751 8394
-0.116766088731425 0.2481157007060518 8395
-0.1158634939525357 0.2543387330915954 8396
0.4508437423665813 0.5558767551979149 8397
-0.1953584775820768 0.1244230228755202 8398
0.05094894263755848 0.1740798519883046 8399
-0.1538768834141392 0.1886554135793733 8400
0.7600638118775218 0.5086758933888438 8401
0.4053935307343361 0.4619612201246446 8402
0.4149589336401741 0.4295267728229786 8403
0.6319686197106078 0.4396886149086111 8404
0.4554777239339499 0.2063115040820253 8405
-0.01087809989715029 0.3467543270140151 8406
-0.195476810482666 0.07171502545402657 8407
0.6403962810684031 0.6123046632044153 8408
0.2481907295415228 0.2120955711401784 8409
0.05538886607881285 0.3806903051942573 8410
0.7801550202664023 0.6235797881468638 8411
0.4844572517057408 0.4270556883879376 8412
0.0475973101224206 0.2728173000612206 8413
0.3599344016218946 0.1711355871679495 8414
0.7715546191830555 0.5718936819848226 8415
0.6282751239327591 0.503842465096634 8416
0.4582429598003091 0.1970324513078436 8417
0.6862332473429856 0.3906756366761115 8418
0.003626027468088315 0.01617732694247509 8419
0.7112887317767065 0.3378851723341865 8420
0.006165293323425802 0.3776883252955084 8421
0.05566320187402235 0.213709495053629 8422
0.7534208197399679 0.2998915338851664 8423
0.1131088029039982 0.3901341864686724 8424
-0.08633681810866506 0.09264848734831947 8425
0.4147822311026197 0.259680002167803 8426
0.4546970367097005 0.4546317735803752 8427
0.6646131660249597 0.630505322834747 8428
-0.128799019099701 0.240642160330337 8429
0.5783712625923648 0.2242085644410464 8430
0.1601575840576831 0.2695410234195237 8431
0.09980963126763134 0.2131492725053217 8432
0.6746669655186479 0.4026752312537266 8433
0.2711979191653967 0.229897173565255 8434
-0.02364630224164047 0.2910610590958504 8435
0.1729173080664473 0.1129209421384133 8436
0.6460423752840545 0.5882231568887437 8437
0.2673823793446587 0.1269568892672222 8438
0.7714435665973571 0.6486582360886884 8439
-0.1946871962790309 0.1967071528716423 8440
0.4828716142752148 0.2928031186150556 8441
0.1506293891098035 0.3451467067737374 8442
0.196142409060097 0.1469880208700576 8443
0.1448120224058125 0.07711240857088333 8444
0.5068051501023463 0.3487852692473306 8445
0.7013752734962604 0.3999490750107784 8446
0.5639592690882976 0.4407297227523576 8447
0.0630768135731543 0.09593347411817624 8448
0.3252618068182528 0.4762289033648664 8449
-0.0003609067126158271 0.3744754172309624 8450
0.7108635089209695 0.6014429320909022 8451
0.05591261066541751 0.08982712817858481 8452
0.7476501344003541 0.3299379857143004 8453
0.7311927751565641 0.2917004261609187 8454
0.4820182213420895 0.5281151509190272 8455
0.2394478970466316 0.4408062873205154 8456
0.4094215029761619 0.5079281825514325 8457
0.6881585732220066 0.4558117757776883 8458
0.2568668406462363 0.3518939711723468 8459
0.6926358996414674 0.3328184787690419 8460
0.3733944477934938 0.1408348477625942 8461
0.07361534108485754 0.299711154496599 8462
0.1467067685856581 0.4081884718493441 8463
0.7072211090344216 0.6502085311530855 8464
0.4119402868780956 0.3060157833690579 8465
0.4817354520644112 0.2038532448601196 8466
0.02463475475213866 0.1986574904212935 8467
0.02141105655206459 0.3542761650708427 8468
0.1711453963371563 0.1187283112229152 8469
0.4955858942342876 0.430741319752962 8470
0.009716578790739141 0.1832415405632096 8471
0.3776568302637345 0.3774372671911279 8472
0.4171510990477044 0.5417060489004963 8473
0.2469442219392947 0.358299885412984 8474
0.3098523391395249 0.3605556171467709 8475
0.1129511532466465 0.1111318211299639 8476
0.688690642080318 0.4621329050908557 8477
0.209875924260223 0.1607987509276927 8478
0.1644190600366455 0.1277232929097719 8479
0.2110343656196725 0.2369078187317671 8480
0.5226307218013186 0.2682646793054835 8481
0.0481507409779566 0.3219469186604196 8482
-0.01113534333111604 0.3526502486887886 8483
0.1613501234291516 0.210680128034779 8484
-0.1544607529975457 0.0235343524522258 8485
0.3297630288036404 0.2143839227316482 8486
-0.05024988404622459 0.1926252439745978 8487
0.7634662151665296 0.3326442334555948 8488
0.3537487040761011 0.440700984502469 8489
0.4088711015989862 0.4382858380820861 8490
0.5435408055958706 0.2349068326293127 8491
0.483383239952726 0.3418606115593662 8492
0.7891572738518349 0.2925171395799548 8493
0.3692989604578685 0.2102933923060403 8494
0.1781015458481423 0.2931583481495671 8495
0.536195638802601 0.5798483006705523 8496
0.2068963337851658 0.2698703235962903 8497
0.01722840276896466 0.2178891414353729 8498
-0.1709952014667945 0.05417906267460817 8499
0.5122985692892901 0.4615787944016587 8500
0.4187242398631293 0.4625279594686054 8501
0.1994479595772003 0.4167465925854424 8502
0.008696012488153755 0.1262561299653285 8503
0.7364921105150826 0.4867521105952042 8504
0.07649262527854199 0.1412351530193411 8505
0.6384814309350865 0.5328508675453069 8506
0.725136199473479 0.4539676511058944 8507
0.1376653296080181 0.2584666432344719 8508
0.3939204261114575 0.157821286313556 8509
0.4448657707063927 0.2206239867550351 8510
0.7774096372293811 0.5283261026795125 8511
-0.05998035289118148 0.2167694046676056 8512
-0.08746193279574413 0.1077705518456339 8513
-0.049562456743812 0.2550460979972373 8514
0.242243409033354 0.4161921743661017 8515
0.4375702347042837 0.42252776692199 8516
0.2077683068630945 0.458704232845806 8517
-0.01084351795990207 0.004715357576364806 8518
0.3799569177087555 0.4107389368486653 8519
-0.1805163129820432 0.0901232610997237 8520
0.06033967065870809 0.1267065069566567 8521
0.3263719221149356 0.314621627091155 8522
0.2955645436346948 0.2274304617816029 8523
0.4828678526747325 0.4451028466061455 8524
0.08512972379498097 0.07333901869504536 8525
0.4791523930311501 0.3898127908942418 8526
0.2024614725444866 0.1978192569246346 8527
0.3713274822701655 0.2956999675960282 8528
0.6345051934099558 0.3293931386240573 8529
0.787048475465185 0.5425661269227574 8530
0.1219355282926396 0.04934741690956732 8531
0.7361806022634276 0.2814945554326108 8532
-0.1028679621706257 0.08735812071164138 8533
0.2704813593842592 0.184430547055712 8534
-0.1952383956051101 0.01113998150756114 8535
0.6373166719210741 0.3573294053364096 8536
-0.03647067354241484 0.09637392390226121 8537
0.2385850521445394 0.1530570237557612 8538
0.08096296538663281 0.3447403701526718 8539
-0.08916769352071038 0.2352352224464603 8540
-0.02224442108292356 0.2463015856422465 8541
0.3490478586781954 0.4312615690696399 8542
0.1131286276863855 0.2667073247581808 8543
0.4411790271058169 0.2039383936072187 8544
0.5896892788047577 0.5289674444585998 8545
0.7731167254997908 0.3095402961299506 8546
0.6478624007965499 0.5978808610864118 8547
0.3279082113891678 0.2351477377891134 8548
0.3297842918134897 0.4673987884231338 8549
0.3246033105771829 0.4655644703429297 8550
-0.06606962984220835 0.3250291207841174 8551
0.2792426259925491 0.1980641868507943 8552
0.7534780491056902 0.5165258558837638 8553
-0.02281545894400803 0.2801376736555058 8554
-0.0607778551023517 0.1545341848912394 8555
0.1938728181323681 0.4531651768947329 8556
-0.07712320096610008 0.03494706603621264 8557
-0.02420907533374214 0.2714192488334702 8558
0.4591917941541306 0.4472458601715399 8559
0.08829156735195295 0.3265481430993773 8560
0.1374723560999654 0.3959979891096806 8561
0.1991717347675863 0.4008474929414829 8562
0.427377177513163 0.4480889465569182 8563
0.4227569001190938 0.4513543686412913 8564
0.1212074865860567 0.2946217953515059 8565
-0.1503530096364222 0.0909208875053276 8566
0.06705339743865144 0.1265244018219875 8567
-0.1888449475986756 0.2690186944370722 8568
0.5796911130957997 0.3916181091987477 8569
0.6214828205594886 0.4717413295570093 8570
0.5992633565512184 0.3967954900052417 8571
0.6009737256618096 0.5290160842863842 8572
0.3807329306127839 0.167205094698533 8573
-0.01298636175742416 0.2714303064659449 8574
0.6886703123079735 0.4732514479791987 8575
0.634181590739115 0.4081568649713369 8576
0.4604320729653162 0.2157419143497946 8577
0.1939478005903222 0.276181827850893 8578
0.0540420365727704 0.178251572643758 8579
0.3408493693657307 0.1690436108044825 8580
0.09770300987303167 0.3324257516097116 8581
0.5345782804351059 0.5278797308881191 8582
0.6237002826649208 0.3840134866170649 8583
0.4027458673580802 0.4413930640451956 8584
0.5061129056071634 0.4156844831755018 8585
0.3356158874290707 0.2378109413029236 8586
0.607997777245743 0.2936336215982451 8587
0.3321711641796572 0.4261931541658719 8588
0.07942041223281121 0.1511500262308045 8589
0.5589635527238807 0.5727914292646337 8590
0.7520295111419428 0.3904922559934177 8591
0.01927801237722887 0.07975127589064475 8592
0.2316230633622491 0.3467545013137931 8593
-0.03959716796870969 0.1920728348304353 8594
0.7791740842913931 0.4825497257470774 8595
0.5649798402692413 0.4522636607281347 8596
0.1801992792733162 0.1504969313277024 8597
0.2650567534888085 0.2298223979923667 8598
0.4095721114606384 0.1539176560903431 8599
0.01299237054387002 0.3345196349128554 8600
0.486765270638693 0.3807224749595892 8601
0.6039666081879873 0.2410817760902186 8602
-0.06742593453011989 0.2701632005313168 8603
0.240773087534517 0.4220221199350805 8604
0.03950887665570124 0.1047112703599674 8605
0.5755929660961991 0.5550334259978628 8606
0.0294350459149157 0.3862923494295545 8607
0.2179496965644104 0.3703784118643936 8608
0.2597040796328768 0.09976252381661913 8609
-0.08951318004732026 0.03133933901388743 8610
0.2532046435020609 0.2601917967917075 8611
0.1729342364591805 0.4357952098862051 8612
0.6318989402850376 0.4584636992929615 8613
0.09914117200886005 0.3082014070154461 8614
0.0120813946079822 0.168648742026863 8615
0.3151652588209769 0.1628904505441744 8616
0.7565400728933441 0.526599199697884 8617
0.3052521351360544 0.2469242973340374 8618
0.4057531684117319 0.4893721662555656 8619
0.3829629907771308 0.5183462870516431 8620
0.3148598536457084 0.2753354926016459 8621
0.1648666094854908 0.110071797919125 8622
0.6876060682068632 0.2878443227311795 8623
0.7871752499826158 0.5099762691124923 8624
0.5177282270551612 0.3116208910207817 8625
0.433260227483582 0.3547594729955724 8626
0.3990144028253009 0.2494790439432247 8627
0.4034269511904643 0.2528710384149102 8628
0.2848398484188091 0.3512105458443402 8629
0.7175439637595838 0.2768411437605808 8630
-0.1176698187062708 0.1108290532068318 8631
0.4228952939748615 0.1848440110973263 8632
0.6090876797879471 0.6181108538369383 8633
0.08800978542251098 0.3019295484544655 8634
0.002919905931759266 0.2594848595977838 8635
0.6109925642566648 0.5980989699763091 8636
-0.08415577589945228 0.2921507376311435 8637
0.3109464073277504 0.2277851629571226 8638
-0.1020326746753649 0.05440872814113762 8639
-0.1685930869658855 0.210509853331385 8640
0.1771844152555424 0.2078306914168993 8641
0.1725663158791027 0.2108567227262947 8642
-0.195962478877099 0.04125000000010925 8643
-0.1723430092004108 0.2062382062003123 8644
0.244922968371507 0.3635495007720621 8645
0.5858787243312521 0.2524762855366628 8646
0.3986819775571171 0.3161378811418973 8647
0.3199982626598318 0.4935686359637449 8648
0.563927053073576 0.5202213623279413 8649
-0.138714466345604 0.3195245650160077 8650
0.4210345352714675 0.2837140347017675 8651
0.07965642571524136 0.3079968693539246 8652
0.5586240828764646 0.4294492163367584 8653
0.4293740154866541 0.1921554652056933 8654
-0.05034063926656067 0.06857866241041592 8655
0.4254980392411247 0.195742749140099 8656
0.7341487396865801 0.3030350376230729 8657
0.7237030324280745 0.2843234440739918 8658
0.4929276666519223 0.3016117606247883 8659
0.3573371087638364 0.2877071167231342 8660
0.3614307646003508 0.2465450187527746 8661
0.08912973923416367 0.2869783777764827 8662
0.5735019444544285 0.2503280975830135 8663
0.05401241965623219 0.2439115215397755 8664
0.4198123944993524 0.4674141992184537 8665
0.6937713828040242 0.5580126743405908 8666
-0.007634144396868209 0.2827915150468175 8667
0.3407899078500422 0.312926477226004 8668
0.2178192564232152 0.2441181948604453 8669
0.7644535621246263 0.6566070914210249 8670
0.009343240649054806 0.00792629368755483 8671
0.02976401541203397 0.03670538222667268 8672
0.03014244738328826 0.04284167492285585 8673
0.08480954471868955 0.06756658767028405 8674
0.6806877398593286 0.4881390980240129 8675
0.497933914739996 0.5513242905876281 8676
0.5298072166991292 0.398446100935299 8677
0.2126637895439019 0.08166996407287648 8678
0.7423543357457025 0.5541119319823098 8679
0.7264217226713923 0.5983603754489717 8680
0.2343182049217387 0.2040000196197607 8681
0.1324263083634339 0.2913622560594817 8682
0.7958337510849127 0.5476642121679363 8683
0.3164368122748644 0.4598710604822283 8684
0.4369064042820927 0.5504423226314465 8685
0.284888952437489 0.2252445577666483 8686
-0.1622273963635713 0.2350155848174454 8687
0.5619443876298992 0.2434007694259408 8688
0.08632107272641593 0.09662068268875862 8689
0.2477575077619139 0.272854030289942 8690
0.7751688198898754 0.6188101989442909 8691
-0.1061650370627799 0.2673103964657671 8692
0.4964204055568098 0.3293925511726123 8693
0.1580460039512046 0.2506324112921779 8694
0.5191475037515597 0.2915196791886067 8695
0.5363044940480974 0.515509804398429 8696
0.05549685018883864 0.03207439475071312 8697
0.1971947176500132 0.3112690248203411 8698
0.6196462826124383 0.495147054033759 8699
0.3993759361607971 0.3547518371706767 8700
0.6115684886134868 0.3522173587072325 8701
0.7453381670038468 0.6238606855830297 8702
0.7368401188863795 0.3143641859467756 8703
0.3392830328724836 0.2868097560227355 8704
0.5816237271841039 0.5942064201363773 8705
0.6310033402161092 0.397895504225985 8706
0.07333140202876609 0.18596114514304 8707
-0.1548944783793399 0.01653394904925507 8708
0.7251861163525156 0.5414259901983961 8709
0.7531779530884458 0.3188447197855374 8710
0.6580996120076701 0.336787873856153 8711
0.261098037730258 0.2998368108606881 8712
0.5425597015487373 0.357769329659699 8713
0.1245650884055392 0.1261973357051425 8714
0.4837399795508341 0.5624633335177901 8715
0.3919715486305217 0.2317582308646602 8716
0.1877658452054283 0.08533796167847091 8717
0.3152477190155409 0.4659290539906546 8718
0.180980285627924 0.3654674434290952 8719
0.7304286397293491 0.6225903829089103 8720
0.6332185372617042 0.529271057094169 8721
0.07493297995635781 0.2176571637285032 8722
0.2476117913592799 0.3380647399911795 8723
0.4602604847818349 0.3134940356316007 8724
0.3303743260251704 0.2087471958058238 8725
0.02842604774278759 0.2362801413976948 8726
0.07402769929478109 0.3504274845165106 8727
0.03885787010438702 0.02683942652630541 8728
0.7107290905494182 0.4099047771398182 8729
0.2593709757740018 0.252040262755993 8730
0.1417653990077319 0.320570391052929 8731
0.4018579079277799 0.2592145056781738 8732
0.3348386617884689 0.37275945482282 8733
-0.1770362579091027 0.1324038609888364 8734
-0.1514331163785098 0.1824304742773373 8735
0.5618151703565921 0.47118416487369 8736
-0.06350169793416981 0.3498496107723093 8737
0.03616851325023755 0.3224719436343316 8738
0.4941564142129538 0.5630052414914993 8739
0.7212604094270239 0.2939910438962824 8740
0.2970094843000479 0.1531629733018038 8741
0.321365289740551 0.1926257333695147 8742
0.136802917624705 0.3615393302647124 8743
0.09773581198885102 0.3533264294640139 8744
0.4648415751824214 0.2976200208413523 8745
0.07213838259392476 0.2466158940527114 8746
0.3705710889593964 0.243495060331149 8747
0.6083281481681051 0.4829242301207349 8748
0.3553886148683477 0.470956881704064 8749
0.4513272694672081 0.2642802189472488 8750
0.4484207547871378 0.2687204257492156 8751
-0.04789477527771863 0.2662875775163805 8752
0.07491268824074614 0.07115438513978925 8753
0.3598205121197516 0.475503378096001 8754
0.2152944639359715 0.2157386621119992 8755
-0.07243196884206439 0.3399423634791268 8756
0.7712728287554971 0.3581397013348336 8757
0.7605300577378256 0.2929382947064657 8758
0.4979510158501443 0.574064073428289 8759
0.4246284930306955 0.3469907905574068 8760
0.4992452902318263 0.3683023380482441 8761
0.2307685763319683 0.1083109820462863 8762
0.3648394986894963 0.4669146606152849 8763
0.04160963557707906 0.3528774902663808 8764
-0.1784281545576403 0.3026844249985967 8765
0.2889556800423962 0.3789180095169152 8766
0.483056257377908 0.4836762057974949 8767
0.3642201699643225 0.413414112474632 8768
0.5964157752001186 0.2760548454906933 8769
-0.1311303737248212 0.1610530318352284 8770
-0.0810531116383426 0.2981610503030632 8771
0.2979697178495472 0.3271089189588373 8772
-0.1110760503272697 0.1847134509844478 8773
0.2103739710470138 0.09924221706633202 8774
0.434895211095598 0.4923467687268646 8775
0.5568024117531458 0.3348774081984721 8776
-0.07973402547921277 0.09993659251111499 8777
0.2520958510666107 0.4628695523735703 8778
0.2354805155071963 0.4224189056209826 8779
0.5315998248238079 0.3918192179851333 8780
0.02721271090261904 0.1439457644237284 8781
0.06853030667792528 0.335603321620912 8782
0.6726523137745936 0.3280561031924125 8783
0.3879629013728277 0.3001033170423078 8784
0.3940549944751131 0.5172841716524934 8785
0.2905388869004398 0.2232826630343001 8786
0.5255792184042274 0.4917519982438138 8787
0.628542912050517 0.4802269694890536 8788
0.5858737409485906 0.5688394073562459 8789
0.4591880430332841 0.4387460860061453 8790
-0.1710450308843088 0.2907241146355627 8791
0.6369550707653541 0.2483392872774702 8792
-0.08078591762589807 0.01097686251072629 8793
0.4252422901450591 0.2645170081708326 8794
0.3482412324655557 0.1395230242872824 8795
0.1400383131773031 0.2201232886382029 8796
0.2483780089895783 0.3677215576765286 8797
0.7311401378103425 0.6571267723293385 8798
0.5684007999458558 0.3062734104379887 8799
0.1129054439444984 0.3718064469302452 8800
0.6513657261258777 0.5092610408210188 8801
0.3386003390769815 0.4717415876928343 8802
0.4500081178188717 0.3844755373678369 8803
0.7872391284781295 0.3522739305304403 8804
0.04637771470448544 0.2302288498877859 8805
0.7750778827476119 0.4737363788444421 8806
0.3436330750177508 0.348258480005414 8807
-0.1162226545273289 0.2711295208217164 8808
0.6556504617556966 0.3566942926017639 8809
0.6976099749116131 0.5681318847528161 8810
0.03905868894045997 0.03680051610732558 8811
0.1161492745126601 0.2965563423926554 8812
0.6303610652512488 0.6010747212151137 8813
0.1434277251369226 0.239101993393488 8814
0.2734604786193996 0.2065043507025237 8815
0.4186322940683349 0.4340834133749791 8816
0.5723942918733756 0.3352106683761721 8817
0.6472469358099892 0.2768459970501257 8818
0.08623615744311745 0.125927135699905 8819
0.6074054213178058 0.3109899741369811 8820
0.3714742106090979 0.1548294549608663 8821
0.1876984168981813 0.308754573516638 8822
0.3603810609435507 0.5104425473999709 8823
0.3018101129475783 0.2772387516810594 8824
0.2311533398480679 0.1797653399567171 8825
0.6757233038251229 0.5672809011347257 8826
0.5957100110873076 0.2477410265965285 8827
-0.1061279660745421 0.2181517900963463 8828
0.7646184377728895 0.4699576038270922 8829
0.7268342560226226 0.6477082051193167 8830
-0.1265117898299036 0.2562306349923373 8831
0.2541375491899176 0.2540043505016048 8832
0.713515071489489 0.5202650062725196 8833
0.7024172515032184 0.5280411769541384 8834
-0.03759770290457393 0.259667380565385 8835
0.1555525744796878 0.2311897676348813 8836
0.6875017173809352 0.5063483881938717 8837
0.03650066582404005 0.1486612785088502 8838
0.39545115131731 0.5332613390806633 8839
0.6523248951502125 0.2430707685100104 8840
0.2005925738163817 0.09465660000600894 8841
0.4315204261447725 0.1624427274850832 8842
0.001437518427558434 0.05637632984789338 8843
-0.1432829944800552 0.2480025482718901 8844
0.7120983795402511 0.2963443256038111 8845
-0.03174119997936101 0.3046825117151564 8846
0.06237617876213915 0.339297285228288 8847
0.05421419205771583 0.3212240175508027 8848
0.08845801926820489 0.1708459743713004 8849
0.6714598956039651 0.3751937470989206 8850
0.628457061945964 0.290366655172012 8851
0.768967578057236 0.6764885016224422 8852
0.3778343105457378 0.3544996095402762 8853
-0.07338671718317891 0.3057017653389257 8854
0.2963512905985169 0.2530086570787452 8855
0.6896013094341822 0.4021872500148447 8856
0.2886939676747874 0.2753490080992336 8857
0.03913605168123221 0.09443749710706277 8858
0.6345122231054799 0.4731054723315031 8859
0.3093804584332846 0.146172342021001 8860
0.4004285054323352 0.1935027951118959 8861
0.2568915213622597 0.3815596052421559 8862
0.2525159151471251 0.3853965405100465 8863
0.01763750248979577 0.3724089230842408 8864
0.7903675615777497 0.3796946264833256 8865
0.2394405774521211 0.3295092272002187 8866
0.0406875566803362 0.06492751913747848 8867
-0.05293787619045641 0.03099481816206238 8868
0.07373819816711345 0.08852191096852542 8869
0.6026515203081226 0.4832426734577068 8870
0.1113203039292515 0.13314513270607 8871
-0.1306269744714146 0.151362168611221 8872
0.5346726534504599 0.5485564499008068 8873
0.5045728623111495 0.5364282682829242 8874
0.3967669900366373 0.2017008284137509 8875
0.7272412038160572 0.469452186735496 8876
0.6158130183962449 0.3904708257526978 8877
-0.01009611452977168 0.1494718349692784 8878
0.3314011063026208 0.36149037537045 8879
0.4774536759635709 0.5046960886339037 8880
0.1847454565594284 0.3746990797548145 8881
0.4920877096886975 0.3447075829387339 8882
-0.008036616611606234 0.03709440707546547 8883
-0.01424225294190281 0.3620891480428435 8884
0.4787992522740879 0.2694411950674095 8885
-0.12272615009109 0.07783930687820714 8886
0.5014285213035345 0.4994937439834124 8887
-0.04960583056760491 0.1818320467856563 8888
0.5863972421321477 0.5531293816101124 8889
-0.004906273200505388 0.03260101410697425 8890
-0.1775024255181966 0.1964948298866377 8891
0.09074516560844231 0.07629902099222792 8892
0.6638653103594951 0.3883120546334505 8893
0.362175250248355 0.1545618869403199 8894
0.6883298823542416 0.4112206539180487 8895
0.1214914615114158 0.2759713088605045 8896
0.5649807438375356 0.4954569823504122 8897
-0.1745756263664047 0.07376498919433792 8898
-0.06954712775704036 0.09921516894602229 8899
0.1064396978101647 0.1495276137225112 8900
-0.06618574679635784 0.1684926170677326 8901
0.249881717565739 0.4253810571311568 8902
0.1508736290121799 0.2331942956802185 8903
0.4647672462659562 0.212513830074563 8904
0.4297636259198698 0.5011972680351593 8905
0.2075533495347651 0.2016501893168286 8906
0.6476255849425427 0.381854466254905 8907
0.6263691440963113 0.6053729268804364 8908
0.08155880556402413 0.3591845674301481 8909
0.06380960312885785 0.08487731614171545 8910
0.424931410155791 0.4424076510330308 8911
0.4185902272203254 0.1894729160680101 8912
0.7863294379264693 0.5665234812911637 8913
0.7856405800515393 0.5599235371793384 8914
0.4091418614575546 0.3946351022744637 8915
0.4376020973696596 0.5317812296459653 8916
-0.1704289279197493 0.2426113578825147 8917
0.3502724993027228 0.1699584430246137 8918
0.5887290680363761 0.4736303456861629 8919
0.06272913282181042 0.1736809915100564 8920
0.1111131625003617 0.2429260296548148 8921
-0.07059885644138661 0.1817949464998146 8922
0.7250509987074649 0.6576639731361068 8923
0.1401001613466127 0.2031688469303652 8924
0.3254713628652189 0.3256547994204914 8925
0.3758756147763622 0.383440074341602 8926
0.09038214185777958 0.1490322217662423 8927
0.6304016145904964 0.5567763766302039 8928
0.04103278306015982 0.3922097090183614 8929
0.08140849038332958 0.2290020939290504 8930
-0.1960878808681713 0.1837500000002953 8931
0.008469059559085418 0.09670941894294062 8932
0.7052932335846304 0.2828061653455781 8933
0.6583747975781425 0.5466547922386705 8934
0.7463216859466548 0.4885057385007147 8935
0.70553995355132 0.5328848958035529 8936
0.6298006771502364 0.350901858178111 8937
-0.0307179431402202 0.1500969264346521 8938
-0.1441280369533743 0.1213266273475873 8939
0.5246394366721818 0.4808363772441971 8940
0.7588129985182496 0.6779553000381353 8941
0.3823551571997731 0.428518708654664 8942
0.4467138829038048 0.4504773972086651 8943
0.4949956746061491 0.4733420382730718 8944
-0.07222764770850279 0.04672947802230706 8945
0.1162715896167613 0.3849895040862791 8946
0.09683101859316545 0.1191843793387562 8947
0.7203900617696638 0.5353373137204847 8948
0.4252326380536446 0.3869850246545165 8949
0.7427439197929911 0.2965434869164355 8950
0.3428837744440295 0.4971497338628594 8951
0.1653260795341083 0.3058586813556855 8952
0.249267819002421 0.4006706563860601 8953
0.08377197583500751 0.0360218465406989 8954
0.5073328967134113 0.4010037821834468 8955
0.4322208965405138 0.2021569072227724 8956
-0.1762039540172534 0.2158835558122855 8957
-0.1587591310294967 0.1267459949566169 8958
0.5832732561981482 0.2347541601717664 8959
0.1469368269645038 0.3369080447192779 8960
-0.005972532220275263 0.1140033355258147 8961
0.2405259350329678 0.09265234083240489 8962
0.7961331754663954 0.5624864727269354 8963
0.10849484722436 0.3544171445493306 8964
-0.1721461877961093 0.1406203701930988 8965
0.704010930766074 0.5060092135465023 8966
0.38897828798945 0.3506617394389018 8967
-0.1168373243705628 0.04433683229655754 8968
0.3592054144493746 0.3533612916766726 8969
0.7654896092294194 0.5840287104786054 8970
0.3459373603217363 0.4869471478118763 8971
-0.1027665919946153 0.03754783368076203 8972
0.1912804997085454 0.4428316094520197 8973
0.465653988204266 0.5459362900738707 8974
0.7737263974404982 0.5468578020321833 8975
0.1957196568560169 0.3478487606860365 8976
0.03938102840024828 0.08221934429779351 8977
0.5219950752184476 0.3446477366365521 8978
0.7243283793368489 0.5188141574905616 8979
0.2942495644751297 0.232871214793378 8980
0.02769607421976383 0.277108524660874 8981
-0.03499832069806224 0.2505146706957795 8982
0.3173939279040903 0.129632772776157 8983
0.1811668798677715 0.1898347801853783 8984
-0.02463158767983497 0.02803192535045895 8985
0.2138718898398176 0.4511077171739021 8986
0.4685682104112292 0.4896802510749428 8987
0.4165259731614445 0.4046860171751678 8988
0.2667953673714999 0.1715272047384442 8989
-0.1491005872815721 0.1127959280655285 8990
0.5830807147041341 0.2861623220003427 8991
0.4112518133578968 0.4978811202145698 8992
0.5722578292331459 0.3526489964323692 8993
0.4407042769866995 0.2172149372256139 8994
0.4817756059871646 0.2157378861689251 8995
-0.01162261276096305 0.157657744309154 8996
0.1755934697409668 0.1064934490879039 8997
-0.02015723476966858 0.2404008262175085 8998
0.786956248162309 0.6755288801018604 8999
-0.1841011985739208 0.2180112618767379 9000
-0.1868823594922302 0.213550692855055 9001
0.5209865051400794 0.4316045621286075 9002
-0.06404997441732159 0.3082899847580227 9003
0.1231700888680229 0.1529508761138549 9004
0.1892967042895405 0.2688759739643958 9005
0.7437748117516164 0.6634810549024734 9006
-0.08012958721370494 0.2184217527171801 9007
0.7620417421114002 0.3233831033352352 9008
0.7040614124761618 0.5587679997482139 9009
0.7341577336019076 0.6102442521884645 9010
0.5503383177573982 0.2692390253633969 9011
0.7120403185107232 0.2643734811357132 9012
0.4575860753993325 0.4721428364827494 9013
0.6612105549720149 0.3488117428610633 9014
0.08962997185274532 0.4116889592595369 9015
0.404120188339114 0.3446908812707962 9016
0.1024258023187437 0.4154414063565584 9017
0.2169129604958276 0.2342213901590921 9018
0.5440241216294732 0.2194477940235543 9019
0.4849983239642788 0.5573912653132188 9020
0.452806127816487 0.5384767260280452 9021
0.433595467693159 0.5413421965585419 9022
0.1862053909095873 0.4049687517025523 9023
0.03605469331996615 0.3626996040261662 9024
0.4940352389016575 0.5253550014597443 9025
0.4182992623138055 0.5002078663459323 9026
0.7312917071810869 0.4551003995707375 9027
0.5657435410053271 0.436385213804332 9028
0.5138009269187982 0.4869135228924338 9029
-0.04768732394335526 0.03847429110358647 9030
0.7533584121407597 0.6327936878852291 9031
0.2302784752000166 0.3131811512100786 9032
0.5016644182715934 0.2756603074224556 9033
-0.02677567545067646 0.01787728922661774 9034
0.04572530078449913 0.02785701837174443 9035
0.1182319058529898 0.2217252644548126 9036
0.510709243248393 0.4680132234174527 9037
0.002796432899824832 0.1697548158942316 9038
0.6288504270722503 0.6178461242479105 9039
0.6959447654971692 0.5332871143162616 9040
0.3570713821267 0.3334545098875198 9041
0.02673742258582428 0.3463395516950429 9042
0.08112881164631983 0.2936788309446509 9043
0.3092139731711639 0.4180489302148506 9044
0.2309940178138362 0.1624720782520763 9045
0.7879994527840929 0.3257360730076159 9046
-0.09180725051625552 0.1129502330370593 9047
-0.05141737619771439 0.1260950694918867 9048
0.5090501023634253 0.3179628347714696 9049
0.6409381000291777 0.5717914119273838 9050
0.3408637963008292 0.4450949846573586 9051
0.4513171534990882 0.1683556723498262 9052
0.3655201048206274 0.2421092238926246 9053
0.1001320932285528 0.1771564739562758 9054
0.4307434141780062 0.2641468097680312 9055
0.008669059030015532 0.01871768597423368 9056
0.7458311296970088 0.2756373187042855 9057
-0.1338347945790394 0.0490439371012589 9058
0.1805575684548912 0.255113652505124 9059
0.460153025143251 0.2997972629753496 9060
0.1841510779918897 0.2578170868793514 9061
0.5918847909722802 0.4833154326554408 9062
0.0450075873889844 0.2155484392231196 9063
-0.07111233688849715 0.2181005895374769 9064
0.03622174687535025 0.2909368515521406 9065
-0.04469885391278919 0.1615567952029199 9066
0.3598145734256918 0.4506752871051061 9067
0.3116137849328073 0.1922149906577938 9068
0.6011652554040896 0.3023405701018466 9069
0.2922431439870428 0.1517561100966017 9070
0.5255575714822605 0.3893182315228626 9071
0.7422879538321299 0.3375969532665946 9072
0.01205763155870014 0.3249584817615985 9073
-0.1182551841674511 0.09941171553943279 9074
0.6726730504881416 0.6247282348120464 9075
0.250820257615592 0.3280577168911043 9076
0.7484304899762879 0.3106286613487821 9077
0.3476948614832046 0.4068030348108744 9078
-0.1524010814798901 0.1517287051737872 9079
0.3604518884046411 0.5200508345478715 9080
0.4802604609017561 0.3812546827650398 9081
0.7361850378397069 0.4918068306933675 9082
-0.1542594309076167 0.2833101230975273 9083
0.6061641848800533 0.4111456826289618 9084
0.3611387273129922 0.2783363349166577 9085
0.6431369424159885 0.6233843926144127 9086
0.7197384894720242 0.3928776826054028 9087
0.7074474261879437 0.4342922020381085 9088
0.3087477152478315 0.4928552001297914 9089
0.05479937602273887 0.3972413506228898 9090
-0.08828850921018051 0.1610591733745665 9091
-0.002874283141171934 0.2124945726271047 9092
-0.1557595034726146 0.2321618745372064 9093
-0.08633226176364071 0.3152208942659305 9094
0.6270724821115541 0.4686558086805963 9095
0.305944284063908 0.2958579510231802 9096
0.1307238627619492 0.4274185643946907 9097
0.7792009024217194 0.3602043208339684 9098
0.4145764876850396 0.3674246824637913 9099
0.6677988670495265 0.5436727931012522 9100
-0.09156883335668517 0.2727532968700845 9101
0.6523494455701422 0.4094923424567448 9102
-0.1303890772824509 0.1896315826672129 9103
-0.03301720588238633 0.1011629944120626 9104
0.1718509641227502 0.3788596388645408 9105
0.3039767844781759 0.3088733260158262 9106
0.3212960562262907 0.2361632492676034 9107
0.5422343502066831 0.5561142360487721 9108
0.4879445117706443 0.2347091473995683 9109
0.7729528735776188 0.315902634249319 9110
0.05649339867140171 0.2772625579844919 9111
0.3627440824761079 0.2040557935188222 9112
0.4975277783018858 0.4120906832204375 9113
0.5431408629751444 0.2240192282236779 9114
-0.1007854294463842 0.04665326831722097 9115
0.5260742762352301 0.4217042623023846 9116
0.1630553854696613 0.2964526273737136 9117
0.7641540653119706 0.4114147262487227 9118
0.3739892120362694 0.3733106962324436 9119
0.5062939414994714 0.2554066076434406 9120
-0.1595636742030295 0.04925097647869515 9121
0.000234978027736885 0.04272495723685298 9122
0.2072291714266035 0.3139682968672537 9123
0.3012512987283824 0.4770724409377871 9124
0.1903517680746966 0.1087204439976947 9125
-0.01916675203574266 0.09924165033486328 9126
0.1379368338075314 0.1768403494163492 9127
0.2898836142683524 0.1696297859468893 9128
-0.1578551916422103 0.2543296363668133 9129
0.5608160521020742 0.3441658443959651 9130
0.1812571023096022 0.1997483924717703 9131
0.6349209267158973 0.3470335179517914 9132
0.08984070545370341 0.05840412144275847 9133
0.2800250157385851 0.4373741679138555 9134
0.7053838470121263 0.4582147566507049 9135
0.558281098802488 0.3250678848943395 9136
0.7459968649912465 0.4662044584931419 9137
-0.04215555587390468 0.1984181208234503 9138
0.2955242911827486 0.332136062359041 9139
0.5843626208325571 0.4157145946270204 9140
0.7156433367193957 0.5000492930632641 9141
0.02191316783971206 0.3240217869263686 9142
0.7232370381831418 0.4899937297720535 9143
0.4006886207353505 0.4470487924965613 9144
0.4347155124396568 0.3047617021363103 9145
0.1997655674832546 0.3872030383665344 9146
0.09464864154508741 0.3376477316910531 9147
0.7455785703752499 0.5665134539397109 9148
0.6905853387320288 0.3768234051409634 9149
0.1905015998252431 0.4086815855367458 9150
0.608308861112471 0.5349708883765664 9151
0.3917146822456438 0.3771635821021144 9152
0.6179825575341535 0.2964015452090307 9153
0.02551993655511726 0.1540149322479889 9154
0.5006254643959115 0.1864551415425983 9155
0.07940156228909295 0.03294526826978426 9156
-0.168399774010816 0.3013732223623503 9157
0.6342223109371417 0.4636517828830553 9158
0.3575615433811201 0.2701545385142223 9159
-0.005023833397681322 0.2776950926458247 9160
0.629835679375811 0.520078585428334 9161
0.2967792672535325 0.1273334524762339 9162
0.519964318128516 0.5414694528557108 9163
0.7803955472418251 0.6038490415701997 9164
0.632309592468593 0.4176836019417124 9165
0.1173416947478 0.3323652703232918 9166
0.2736614218602861 0.1050781807114777 9167
0.5274466863342426 0.5558238555716526 9168
0.6152316010413997 0.6105997072912335 9169
0.3179996432117643 0.1197828655271285 9170
0.5549968388281206 0.2506672800336496 9171
0.65737747505768 0.6379407130150643 9172
0.135383835087357 0.3262856531941775 9173
0.2149267674971808 0.09047096299438524 9174
0.5941104510006676 0.2707856521449347 9175
0.7035376557005164 0.4183750254183045 9176
0.004225728659879957 0.1598447063635002 9177
0.4284468928194307 0.4921708197261234 9178
0.2847202917451003 0.1572393081524487 9179
0.2805989345645787 0.4461917340039284 9180
0.3678025938122345 0.3750668385481885 9181
0.1711468952984539 0.1448555501159436 9182
0.6446886434085035 0.5042890064227071 9183
0.5994859561885015 0.3630604215183493 9184
0.2992876958974637 0.2616059052633262 9185
0.2669987793793295 0.3565468691359061 9186
0.06732764381046596 0.07050584246388183 9187
0.4299870329943903 0.2544029217036826 9188
0.5876251200460543 0.6094896878892825 9189
0.5063728957569765 0.336019996082254 9190
0.3863002753148724 0.175334088188106 9191
-0.1640978985788338 0.1341677758783808 9192
0.1649117533505998 0.1708604468270702 9193
0.1094065435745 0.4185396935832597 9194
0.4389913803842968 0.1652264310503711 9195
-0.1163584513497245 0.3027638623291269 9196
0.7285013882745048 0.5317317017676914 9197
0.5647627997222379 0.5722208029431209 9198
0.05029979604889574 0.301547219932803 9199
0.1697338029382102 0.4050845719835936 9200
0.172968211880505 0.3501829882400912 9201
0.2050337881591072 0.182195599115009 9202
0.5475292937472122 0.3563166509871155 9203
0.6836565701521042 0.4533209215012788 9204
0.6734460933253317 0.6143157190786417 9205
-0.1478164702799665 0.1590419718435703 9206
0.6024473287676951 0.4565981790748264 9207
0.1611315221328449 0.4010282708745776 9208
0.1559265310112972 0.3996155212524765 9209
0.4404359678839085 0.3805368420450605 9210
0.7128147918488188 0.543102584477658 9211
0.7203990636448926 0.5971406136317983 9212
-0.02200136609079725 0.36621558040649 9213
0.4002419434182348 0.3725171451683301 9214
-0.05537076456436707 0.2207476230553423 9215
0.09530945676623655 0.3824150330222108 9216
-0.03960609057991021 0.243662207201707 9217
0.7555740587139365 0.4865159603907776 9218
0.4548606087750657 0.1848339998719256 9219
0.3999492138888379 0.3055453398419993 9220
0.1506568212212656 0.07912349518125758 9221
0.3898524796922601 0.3719001311133094 9222
-0.05519162060320447 0.2013340064780868 9223
0.4303915251207946 0.4363011670321172 9224
-0.1060706799313401 0.3188357212718699 9225
0.4619477462198979 0.3884432526603439 9226
0.1568810414143516 0.2612943095243246 9227
0.3979333592374703 0.4377466373764972 9228
0.5497003124544121 0.394403906042113 9229
0.1410309906604355 0.3521655212505841 9230
0.1739686929304222 0.4300858840525361 9231
0.3351148791669182 0.3428412056251832 9232
0.309845381801531 0.3860905829542304 9233
0.6786093907537608 0.5172386695597389 9234
0.1471204758881317 0.3992642928119369 9235
-0.1643092917758064 0.2799617208132138 9236
0.03064470649059125 0.06750117358250533 9237
0.2542289356104762 0.1609073209016861 9238
0.61543486982827 0.3754647292510369 9239
0.7715573324730386 0.4513701745780294 9240
0.6197626041143559 0.2295888499251145 9241
0.1824688375576207 0.2332084898879238 9242
0.1000471226605371 0.1509124470724039 9243
0.1769654742146209 0.4199858193888534 9244
-0.04413613759538925 0.1019268728083451 9245
0.02910086378083273 0.1053650101891816 9246
0.4708434306883942 0.2892629713212254 9247
0.01165404313564837 0.09084693179853608 9248
0.5169545294718538 0.297201110657241 9249
0.5954174519451219 0.4395033428716876 9250
0.1924560473571474 0.1728822329337728 9251
0.7944947955343182 0.3965916860447021 9252
0.1859158987936364 0.1267636682688532 9253
0.2546206527600799 0.3759165465537506 9254
0.6057088554824566 0.2247324041424038 9255
0.5922500632697495 0.5908694708468394 9256
0.7429684282738547 0.6037569641753227 9257
0.6808885608109062 0.6003876754975994 9258
0.2895526111558267 0.2590295335598963 9259
0.3140168806053789 0.3230116047585829 9260
0.08478978597229679 0.1888011813433839 9261
0.4578419559987597 0.5299856737659219 9262
0.3160216136124946 0.1441767608896269 9263
-0.1436726270145758 0.2128576571879183 9264
-0.1052348924136411 0.1058897820332712 9265
-0.09363849529063945 0.1843765067948619 9266
0.2828372684473353 0.1490231666553816 9267
0.06074017824088823 0.30336808686966 9268
0.1188154724292832 0.09120655596848633 9269
0.2967121686600191 0.1957312959931561 9270
-0.1244413490321674 0.1526399092783256 9271
-0.06145337965629746 0.2617180430708038 9272
0.5199513848441467 0.1942664931197014 9273
-0.1752291556860797 0.1789922178145541 9274
0.3460830385818728 0.1299632457945765 9275
-0.1383912944409824 0.31053129669098 9276
0.5604054833440141 0.4840418045904497 9277
0.2478233612400299 0.186806936755555 9278
0.03819661470604781 0.3339943234505451 9279
0.2047648748567401 0.1321660227499525 9280
-0.1774936540505211 0.1221673233286154 9281
0.4957288613700731 0.451710956509816 9282
-0.1567782230576383 0.1421060654984212 9283
0.1448502132775572 0.4235246824673509 9284
-0.1804595097499877 0.1430065174233797 9285
0.5101260746191454 0.2785923910305232 9286
0.4796688071534272 0.3218522836928758 9287
0.3290475676153953 0.372958701611802 9288
0.3218628758397213 0.2786645246816951 9289
0.4580738043546772 0.2365522428801055 9290
0.3243254180558024 0.5047823312392671 9291
0.03266371700208039 0.05985743503170688 9292
0.6690021549267267 0.2673597164450504 9293
0.08158500964436025 0.4077807047147963 9294
0.2680865775792028 0.4655385270299385 9295
0.664270948560307 0.482595118271859 9296
0.4203403803440887 0.3699664161462747 9297
0.5857333171448579 0.5021397259899963 9298
0.4390902285211425 0.1885435140608192 9299
-0.009979815039194897 0.06902840624917483 9300
0.4354309356905174 0.2206561935270966 9301
0.6660737535915292 0.5926305595801874 9302
0.212141611602744 0.2430268059375181 9303
0.3565631745716333 0.4082074071303257 9304
0.5789325823072023 0.4188381470602912 9305
0.4733157391730294 0.4478784388980238 9306
0.2764300895610107 0.3181181743228714 9307
0.4750508180419274 0.5562347448431181 9308
-0.05283435547693433 0.2643846731388351 9309
0.6566544059332955 0.2879250766260056 9310
-0.05608668101078348 0.3447452380847127 9311
0.6758556598494637 0.441093372107754 9312
0.1691149179703698 0.1502047300086149 9313
0.3372881075727214 0.3778584998948967 9314
0.7152803207147123 0.4700632007278046 9315
0.640372339272212 0.4886116357451479 9316
0.4919821219077338 0.5039926543278979 9317
0.06376259802104933 0.1807767414607992 9318
0.5442981683037923 0.4731385721985808 9319
0.2113457517074709 0.2723544565389822 9320
0.1383562974079168 0.4099299643432356 9321
-0.1290031623140593 0.127278352984283 9322
-0.08095672906060691 0.06177424577749627 9323
0.3326915079201084 0.4127420103844766 9324
0.08814896677699736 0.2014489647257174 9325
0.2320155560314288 0.1684300304595566 9326
0.2782290993212859 0.3733303022834365 9327
0.4114522935074472 0.3385080486984617 9328
0.5248043625469204 0.3548135934304668 9329
0.6402326353377643 0.3047160563644258 9330
0.6592946088587328 0.5563400143534278 9331
NMARK= 4
MARKER_TAG= wall
MARKER_ELEMS= 141
3 0 5 
3 5 6 
3 6 7 
3 7 8 
3 8 9 
3 9 10 
3 10 11 
3 11 12 
3 12 13 
3 13 14 
3 14 15 
3 15 16 
3 16 17 
3 17 18 
3 18 19 
3 19 20 
3 20 21 
3 21 22 
3 22 23 
3 23 24 
3 24 25 
3 25 26 
3 26 27 
3 27 28 
3 28 29 
3 29 30 
3 30 1 
3 1 31 
3 31 32 
3 32 33 
3 33 34 
3 34 35 
3 35 36 
3 36 37 
3 37 38 
3 38 39 
3 39 40 
3 40 41 
3 41 42 
3 42 43 
3 43 44 
3 44 45 
3 45 46 
3 46 47 
3 47 48 
3 48 49 
3 49 50 
3 50 51 
3 51 52 
3 52 53 
3 53 54 
3 54 55 
3 55 56 
3 56 57 
3 57 58 
3 58 59 
3 59 60 
3 60 61 
3 61 62 
3 62 63 
3 63 64 
3 64 65 
3 65 66 
3 66 67 
3 67 68 
3 68 69 
3 69 70 
3 70 71 
3 71 72 
3 72 73 
3 73 74 
3 74 75 
3 75 76 
3 76 77 
3 77 78 
3 78 79 
3 79 80 
3 80 81 
3 81 82 
3 82 83 
3 83 84 
3 84 85 
3 85 86 
3 86 87 
3 87 88 
3 88 89 
3 89 90 
3 90 91 
3 91 92 
3 92 93 
3 93 94 
3 94 95 
3 95 96 
3 96 97 
3 97 98 
3 98 99 
3 99 100 
3 100 101 
3 101 102 
3 102 103 
3 103 104 
3 104 105 
3 105 106 
3 106 107 
3 107 108 
3 108 109 
3 109 110 
3 110 111 
3 111 112 
3 112 113 
3 113 114 
3 114 115 
3 115 116 
3 116 117 
3 117 118 
3 118 119 
3 119 120 
3 120 121 
3 121 122 
3 122 123 
3 123 124 
3 124 125 
3 125 126 
3 126 127 
3 127 128 
3 128 129 
3 129 130 
3 130 131 
3 131 132 
3 132 133 
3 133 134 
3 134 135 
3 135 136 
3 136 137 
3 137 138 
3 138 139 
3 139 140 
3 140 141 
3 141 142 
3 142 143 
3 143 2 
MARKER_TAG= out
MARKER_ELEMS= 55
3 2 144 
3 144 145 
3 145 146 
3 146 147 
3 147 148 
3 148 149 
3 149 150 
3 150 151 
3 151 152 
3 152 153 
3 153 154 
3 154 155 
3 155 156 
3 156 157 
3 157 158 
3 158 159 
3 159 160 
3 160 161 
3 161 162 
3 162 163 
3 163 164 
3 164 165 
3 165 166 
3 166 167 
3 167 168 
3 168 169 
3 169 170 
3 170 171 
3 171 172 
3 172 173 
3 173 174 
3 174 175 
3 175 176 
3 176 177 
3 177 178 
3 178 179 
3 179 180 
3 180 181 
3 181 182 
3 182 183 
3 183 184 
3 184 185 
3 185 186 
3 186 187 
3 187 188 
3 188 189 
3 189 190 
3 190 191 
3 191 192 
3 192 193 
3 193 194 
3 194 195 
3 195 196 
3 196 197 
3 197 3 
MARKER_TAG= in1
MARKER_ELEMS= 144
3 3 198 
3 198 199 
3 199 200 
3 200 201 
3 201 202 
3 202 203 
3 203 204 
3 204 205 
3 205 206 
3 206 207 
3 207 208 
3 208 209 
3 209 210 
3 210 211 
3 211 212 
3 212 213 
3 213 214 
3 214 215 
3 215 216 
3 216 217 
3 217 218 
3 218 219 
3 219 220 
3 220 221 
3 221 222 
3 222 223 
3 223 224 
3 224 225 
3 225 226 
3 226 227 
3 227 228 
3 228 229 
3 229 230 
3 230 231 
3 231 232 
3 232 233 
3 233 234 
3 234 235 
3 235 236 
3 236 237 
3 237 238 
3 238 239 
3 239 240 
3 240 241 
3 241 242 
3 242 243 
3 243 244 
3 244 245 
3 245 246 
3 246 247 
3 247 248 
3 248 249 
3 249 250 
3 250 251 
3 251 252 
3 252 253 
3 253 254 
3 254 255 
3 255 256 
3 256 257 
3 257 258 
3 258 259 
3 259 260 
3 260 261 
3 261 262 
3 262 263 
3 263 264 
3 264 265 
3 265 266 
3 266 267 
3 267 268 
3 268 269 
3 269 270 
3 270 271 
3 271 272 
3 272 273 
3 273 274 
3 274 275 
3 275 276 
3 276 277 
3 277 278 
3 278 279 
3 279 280 
3 280 281 
3 281 282 
3 282 283 
3 283 284 
3 284 285 
3 285 286 
3 286 287 
3 287 288 
3 288 289 
3 289 290 
3 290 291 
3 291 292 
3 292 293 
3 293 294 
3 294 295 
3 295 296 
3 296 297 
3 297 298 
3 298 299 
3 299 300 
3 300 301 
3 301 302 
3 302 303 
3 303 304 
3 304 305 
3 305 306 
3 306 307 
3 307 308 
3 308 309 
3 309 310 
3 310 311 
3 311 312 
3 312 313 
3 313 314 
3 314 315 
3 315 316 
3 316 317 
3 317 318 
3 318 319 
3 319 320 
3 320 321 
3 321 322 
3 322 323 
3 323 324 
3 324 325 
3 325 326 
3 326 327 
3 327 328 
3 328 329 
3 329 330 
3 330 331 
3 331 332 
3 332 333 
3 333 334 
3 334 335 
3 335 336 
3 336 337 
3 337 338 
3 338 339 
3 339 340 
3 340 4 
MARKER_TAG= in2
MARKER_ELEMS= 40
3 4 341 
3 341 342 
3 342 343 
3 343 344 
3 344 345 
3 345 346 
3 346 347 
3 347 348 
3 348 349 
3 349 350 
3 350 351 
3 351 352 
3 352 353 
3 353 354 
3 354 355 
3 355 356 
3 356 357 
3 357 358 
3 358 359 
3 359 360 
3 360 361 
3 361 362 
3 362 363 
3 363 364 
3 364 365 
3 365 366 
3 366 367 
3 367 368 
3 368 369 
3 369 370 
3 370 371 
3 371 372 
3 372 373 
3 373 374 
3 374 375 
3 375 376 
3 376 377 
3 377 378 
3 378 379 
3 379 0 
